{
  "authorDailyContributionsMap": {
    "xuche123": [
      {
        "date": "2020-10-02",
        "commitResults": [
          {
            "hash": "a2537e5db06459f1bb0408a23aeeec0a044d8a0d",
            "messageTitle": "Edit About Us",
            "messageBody": "",
            "fileTypesAndContributionMap": {
              "docs": {
                "insertions": 1,
                "deletions": 1
              }
            }
          }
        ]
      }
    ],
    "madbeez": [
      {
        "date": "2020-10-02",
        "commitResults": [
          {
            "hash": "4561acb083620e9c64dd86613db6d8d150b1b78d",
            "messageTitle": "Updated AboutUs.md",
            "messageBody": "",
            "fileTypesAndContributionMap": {
              "docs": {
                "insertions": 1,
                "deletions": 1
              }
            }
          }
        ]
      }
    ],
    "max-wunan": [],
    "Lee-Juntong": [
      {
        "date": "2020-10-02",
        "commitResults": [
          {
            "hash": "bad40d2ae2cd26d38038cdee81bc492f9a5f4126",
            "messageTitle": "Update AboutUs.md",
            "messageBody": "",
            "fileTypesAndContributionMap": {
              "docs": {
                "insertions": 1,
                "deletions": 1
              }
            }
          }
        ]
      },
      {
        "date": "2020-10-08",
        "commitResults": [
          {
            "hash": "2b914e7e8ae40f4e27369fdd3e4be641101325bf",
            "messageTitle": "change the product name",
            "messageBody": "",
            "fileTypesAndContributionMap": {
              "docs": {
                "insertions": 1,
                "deletions": 1
              }
            }
          }
        ]
      },
      {
        "date": "2020-10-11",
        "commitResults": [
          {
            "hash": "c7f59546d076e7ff26aab7fed5a0d8d9fb0803c1",
            "messageTitle": "Testing",
            "messageBody": "",
            "fileTypesAndContributionMap": {
              "functional-code": {
                "insertions": 918,
                "deletions": 21
              },
              "other": {
                "insertions": 1,
                "deletions": 1
              },
              "docs": {
                "insertions": 2,
                "deletions": 2
              }
            }
          },
          {
            "hash": "4bafcad3cbfb4337beb1b4dc79f37f89faf7dea1",
            "messageTitle": "Implements the logo, and build the framework, namely, the 4 major packages to be worked on.",
            "messageBody": "",
            "fileTypesAndContributionMap": {
              "functional-code": {
                "insertions": 468,
                "deletions": 450
              },
              "other": {
                "insertions": 1,
                "deletions": 1
              },
              "docs": {
                "insertions": 4,
                "deletions": 4
              },
              "test-code": {
                "insertions": 1,
                "deletions": 1
              }
            }
          },
          {
            "hash": "82fcdfc1c2f8e1e45426494caaaf291b69390c04",
            "messageTitle": "adds the location class",
            "messageBody": "",
            "fileTypesAndContributionMap": {
              "functional-code": {
                "insertions": 13,
                "deletions": 3
              }
            }
          }
        ]
      },
      {
        "date": "2020-10-13",
        "commitResults": [
          {
            "hash": "d8f0ffbda9ac85ab952287310256a2161d07ed34",
            "messageTitle": "Rename eventList.java to EventList.java",
            "messageBody": "",
            "fileTypesAndContributionMap": {
              "other": {
                "insertions": 0,
                "deletions": 0
              }
            }
          },
          {
            "hash": "cf4c3f7965532ff1d8abdde73cb90812f601b181",
            "messageTitle": "remove NUSchedule package to fulfill the coding standard",
            "messageBody": "",
            "fileTypesAndContributionMap": {
              "functional-code": {
                "insertions": 118,
                "deletions": 0
              },
              "other": {
                "insertions": 65,
                "deletions": 66
              }
            }
          },
          {
            "hash": "38d0f889c7f4c2cc18898fccc28baf1877182309",
            "messageTitle": "Update comments",
            "messageBody": "",
            "fileTypesAndContributionMap": {
              "functional-code": {
                "insertions": 1,
                "deletions": 2
              }
            }
          },
          {
            "hash": "60ff3296babfb1925b681755c3ed77c9b163908d",
            "messageTitle": "delete NUSchedule package",
            "messageBody": "",
            "fileTypesAndContributionMap": {
              "functional-code": {
                "insertions": 0,
                "deletions": 118
              }
            }
          },
          {
            "hash": "2276e27af32f93b9e22423bf9ad525af570b4a36",
            "messageTitle": "Edit the files, change the names, move the indentation of comments to fulfill the coding standard. Note that some comments are not really \"comments\", they are code that not in use for now.",
            "messageBody": "",
            "fileTypesAndContributionMap": {
              "functional-code": {
                "insertions": 192,
                "deletions": 184
              },
              "other": {
                "insertions": 31,
                "deletions": 29
              },
              "docs": {
                "insertions": 3,
                "deletions": 3
              }
            }
          },
          {
            "hash": "b303a313244653cc50d889645f155a0fccbdafac",
            "messageTitle": "rename the packge of the test",
            "messageBody": "",
            "fileTypesAndContributionMap": {
              "other": {
                "insertions": 3,
                "deletions": 3
              }
            }
          },
          {
            "hash": "20bc0abf06dc3743b4187ee33ae658c52aab73be",
            "messageTitle": "Rename the test package",
            "messageBody": "",
            "fileTypesAndContributionMap": {
              "other": {
                "insertions": 1,
                "deletions": 1
              },
              "docs": {
                "insertions": 3,
                "deletions": 3
              }
            }
          },
          {
            "hash": "be4bf6c6d9577da662a3a903f0d30d2a2f42ee18",
            "messageTitle": "edit text-ui-test as expected",
            "messageBody": "",
            "fileTypesAndContributionMap": {
              "functional-code": {
                "insertions": 1,
                "deletions": 1
              },
              "other": {
                "insertions": 1,
                "deletions": 1
              }
            }
          }
        ]
      },
      {
        "date": "2020-10-14",
        "commitResults": [
          {
            "hash": "63c637c11b4f86e53597739d4ce5af0594c16ce8",
            "messageTitle": "edit build.gradle to suit the project",
            "messageBody": "",
            "fileTypesAndContributionMap": {
              "other": {
                "insertions": 2,
                "deletions": 2
              }
            }
          },
          {
            "hash": "654d565449ae5e194a7bbc14bf12fccabbc9029a",
            "messageTitle": "Change the EXPECTED output to suit the actual behavior",
            "messageBody": "",
            "fileTypesAndContributionMap": {
              "functional-code": {
                "insertions": 1,
                "deletions": 1
              }
            }
          }
        ]
      }
    ],
    "jiaaaqi": [
      {
        "date": "2020-10-02",
        "commitResults": [
          {
            "hash": "0425d1706949844f9a9817737b86b6fd6b2885b8",
            "messageTitle": "update AboutUs",
            "messageBody": "",
            "fileTypesAndContributionMap": {
              "docs": {
                "insertions": 1,
                "deletions": 1
              }
            }
          }
        ]
      }
    ]
  },
  "authorFileTypeContributionMap": {
    "xuche123": {
      "docs": 1,
      "functional-code": 0,
      "test-code": 0
    },
    "madbeez": {
      "docs": 1,
      "functional-code": 0,
      "test-code": 0
    },
    "max-wunan": {
      "docs": 0,
      "functional-code": 0,
      "test-code": 0
    },
    "Lee-Juntong": {
      "docs": 9,
      "functional-code": 954,
      "test-code": 4,
      "other": 3
    },
    "jiaaaqi": {
      "docs": 1,
      "functional-code": 0,
      "test-code": 0
    }
  },
  "authorContributionVariance": {
    "xuche123": 0.2098766,
    "madbeez": 0.2098766,
    "max-wunan": 0.0,
    "Lee-Juntong": 213915.11,
    "jiaaaqi": 0.2098766
  },
  "authorDisplayNameMap": {
    "xuche123": "CS2113T-F14-4 XU C.. CHE",
    "madbeez": "CS2113T-F14-4 WAN ..NDAN",
    "max-wunan": "CS2113T-F14-4 WU N.. NAN",
    "Lee-Juntong": "CS2113T-F14-4 ZHUA..GJIN",
    "jiaaaqi": "CS2113T-F14-4 YANG..IAQI"
  }
}
