{
  "authorDailyContributionsMap": {
    "xuche123": [
      {
        "date": "2020-10-02",
        "commitResults": [
          {
            "hash": "a2537e5db06459f1bb0408a23aeeec0a044d8a0d",
            "messageTitle": "Edit About Us",
            "messageBody": "",
            "fileTypesAndContributionMap": {
              "docs": {
                "insertions": 1,
                "deletions": 1
              }
            }
          }
        ]
      }
    ],
    "madbeez": [
      {
        "date": "2020-10-02",
        "commitResults": [
          {
            "hash": "4561acb083620e9c64dd86613db6d8d150b1b78d",
            "messageTitle": "Updated AboutUs.md",
            "messageBody": "",
            "fileTypesAndContributionMap": {
              "docs": {
                "insertions": 1,
                "deletions": 1
              }
            }
          }
        ]
      }
    ],
    "max-wunan": [],
    "Lee-Juntong": [
      {
        "date": "2020-10-02",
        "commitResults": [
          {
            "hash": "bad40d2ae2cd26d38038cdee81bc492f9a5f4126",
            "messageTitle": "Update AboutUs.md",
            "messageBody": "",
            "fileTypesAndContributionMap": {
              "docs": {
                "insertions": 1,
                "deletions": 1
              }
            }
          }
        ]
      },
      {
        "date": "2020-10-08",
        "commitResults": [
          {
            "hash": "2b914e7e8ae40f4e27369fdd3e4be641101325bf",
            "messageTitle": "change the product name",
            "messageBody": "",
            "fileTypesAndContributionMap": {
              "docs": {
                "insertions": 1,
                "deletions": 1
              }
            }
          }
        ]
      },
      {
        "date": "2020-10-11",
        "commitResults": [
          {
            "hash": "c7f59546d076e7ff26aab7fed5a0d8d9fb0803c1",
            "messageTitle": "Testing",
            "messageBody": "",
            "fileTypesAndContributionMap": {
              "functional-code": {
                "insertions": 918,
                "deletions": 21
              },
              "other": {
                "insertions": 1,
                "deletions": 1
              },
              "docs": {
                "insertions": 2,
                "deletions": 2
              }
            }
          },
          {
            "hash": "4bafcad3cbfb4337beb1b4dc79f37f89faf7dea1",
            "messageTitle": "Implements the logo, and build the framework, namely, the 4 major packages to be worked on.",
            "messageBody": "",
            "fileTypesAndContributionMap": {
              "functional-code": {
                "insertions": 468,
                "deletions": 450
              },
              "other": {
                "insertions": 1,
                "deletions": 1
              },
              "docs": {
                "insertions": 4,
                "deletions": 4
              },
              "test-code": {
                "insertions": 1,
                "deletions": 1
              }
            }
          },
          {
            "hash": "82fcdfc1c2f8e1e45426494caaaf291b69390c04",
            "messageTitle": "adds the location class",
            "messageBody": "",
            "fileTypesAndContributionMap": {
              "functional-code": {
                "insertions": 13,
                "deletions": 3
              }
            }
          }
        ]
      }
    ],
    "jiaaaqi": [
      {
        "date": "2020-10-02",
        "commitResults": [
          {
            "hash": "0425d1706949844f9a9817737b86b6fd6b2885b8",
            "messageTitle": "update AboutUs",
            "messageBody": "",
            "fileTypesAndContributionMap": {
              "docs": {
                "insertions": 1,
                "deletions": 1
              }
            }
          }
        ]
      }
    ]
  },
  "authorFileTypeContributionMap": {
    "xuche123": {
      "docs": 1,
      "functional-code": 0,
      "test-code": 0
    },
    "madbeez": {
      "docs": 1,
      "functional-code": 0,
      "test-code": 0
    },
    "max-wunan": {
      "docs": 0,
      "functional-code": 0,
      "test-code": 0
    },
    "Lee-Juntong": {
      "docs": 9,
      "functional-code": 946,
      "test-code": 2,
      "other": 1
    },
    "jiaaaqi": {
      "docs": 1,
      "functional-code": 0,
      "test-code": 0
    }
  },
  "authorContributionVariance": {
    "xuche123": 0.24888882,
    "madbeez": 0.24888882,
    "max-wunan": 0.0,
    "Lee-Juntong": 222432.48,
    "jiaaaqi": 0.24888882
  },
  "authorDisplayNameMap": {
    "xuche123": "CS2113T-F14-4 XU C.. CHE",
    "madbeez": "CS2113T-F14-4 WAN ..NDAN",
    "max-wunan": "CS2113T-F14-4 WU N.. NAN",
    "Lee-Juntong": "CS2113T-F14-4 ZHUA..GJIN",
    "jiaaaqi": "CS2113T-F14-4 YANG..IAQI"
  }
}
