{
  "authorDailyContributionsMap": {
    "f0fz": [
      {
        "date": "2020-10-01",
        "commitResults": [
          {
            "hash": "ad500db46dd51aae412f4ba9bb94eec827add61a",
            "messageTitle": "Updated AboutUs",
            "messageBody": "",
            "fileTypesAndContributionMap": {
              "docs": {
                "insertions": 1,
                "deletions": 1
              }
            }
          },
          {
            "hash": "5ac784f9c232975905f8571e0fc589dcbe1d1d72",
            "messageTitle": "Workflow description in README.md",
            "messageBody": "",
            "fileTypesAndContributionMap": {
              "docs": {
                "insertions": 25,
                "deletions": 22
              }
            }
          },
          {
            "hash": "10b1b15692b041fe0fa50435e229ed8d20b49240",
            "messageTitle": "Fixed README.md",
            "messageBody": "",
            "fileTypesAndContributionMap": {
              "docs": {
                "insertions": 1,
                "deletions": 1
              }
            }
          },
          {
            "hash": "d82c1e9b2e6f2e7b50d6c954bc18ae0de0fae0c5",
            "messageTitle": "Added base Task and Module classes",
            "messageBody": "",
            "fileTypesAndContributionMap": {
              "functional-code": {
                "insertions": 81,
                "deletions": 27
              }
            }
          }
        ]
      },
      {
        "date": "2020-10-05",
        "commitResults": [
          {
            "hash": "23a37293d3dacac48fbe1a41d04db440ccac875f",
            "messageTitle": "Did up TaskManager and ModuleManager",
            "messageBody": "",
            "fileTypesAndContributionMap": {
              "functional-code": {
                "insertions": 93,
                "deletions": 7
              }
            }
          },
          {
            "hash": "e5b6e7f10f796c329abdaa0e99e8e610f890c4e8",
            "messageTitle": "Fixed edit func in ModuleManager",
            "messageBody": "",
            "fileTypesAndContributionMap": {
              "functional-code": {
                "insertions": 15,
                "deletions": 13
              }
            }
          }
        ]
      },
      {
        "date": "2020-10-08",
        "commitResults": [
          {
            "hash": "6ba4b01194df6265550ae5e353c25415e968a39b",
            "messageTitle": "Added NUSMods module HashMap and fixed formatting",
            "messageBody": "",
            "fileTypesAndContributionMap": {
              "functional-code": {
                "insertions": 40,
                "deletions": 4
              }
            }
          }
        ]
      },
      {
        "date": "2020-10-13",
        "commitResults": [
          {
            "hash": "fff9a7b241c23ecd34a651797d98bdbca419dc68",
            "messageTitle": "Added IO functionality and extra features to ModuleManager and TaskManager",
            "messageBody": "",
            "fileTypesAndContributionMap": {
              "functional-code": {
                "insertions": 278,
                "deletions": 34
              }
            }
          },
          {
            "hash": "4d11789b4f1378c29844275e9617ed5de1d6c951",
            "messageTitle": "Added unit tests for ModuleManager and TaskManager",
            "messageBody": "",
            "fileTypesAndContributionMap": {
              "test-code": {
                "insertions": 125,
                "deletions": 0
              }
            }
          },
          {
            "hash": "828ee609083057339519799b03271580dbdc892b",
            "messageTitle": "Added one period to pass checkstyle :)",
            "messageBody": "",
            "fileTypesAndContributionMap": {
              "functional-code": {
                "insertions": 1,
                "deletions": 1
              }
            }
          },
          {
            "hash": "f54f4e6e46d130f3a96b0b7b5c11ee460d58e17c",
            "messageTitle": "Fixed style issues in tests",
            "messageBody": "",
            "fileTypesAndContributionMap": {
              "test-code": {
                "insertions": 6,
                "deletions": 5
              }
            }
          },
          {
            "hash": "ca1b4846df8b7390731e0ba0dcd8a3ac0aeb60b0",
            "messageTitle": "Fixed another small style issue",
            "messageBody": "",
            "fileTypesAndContributionMap": {
              "test-code": {
                "insertions": 2,
                "deletions": 1
              }
            }
          },
          {
            "hash": "7a37447b17fb1a7e1cbf80c730f2ef2a45ba3ea4",
            "messageTitle": "Added toString functions for Task and Module",
            "messageBody": "",
            "fileTypesAndContributionMap": {
              "functional-code": {
                "insertions": 13,
                "deletions": 1
              }
            }
          }
        ]
      },
      {
        "date": "2020-10-14",
        "commitResults": [
          {
            "hash": "834641741de807b63bf60f9366b2e2aff4202ffc",
            "messageTitle": "Fixed save/load functionality, updated list function to mesh with CommandResult",
            "messageBody": "",
            "fileTypesAndContributionMap": {
              "functional-code": {
                "insertions": 61,
                "deletions": 21
              }
            }
          },
          {
            "hash": "cec59e31ab085153580f0a813ed169303c67e1d6",
            "messageTitle": "Fixed edit module and parser checkstyle",
            "messageBody": "",
            "fileTypesAndContributionMap": {
              "functional-code": {
                "insertions": 5,
                "deletions": 3
              }
            }
          }
        ]
      }
    ],
    "tobiasceg": [
      {
        "date": "2020-10-01",
        "commitResults": [
          {
            "hash": "23502567fbadefce83613d74ec33edfbb18a2ba9",
            "messageTitle": "Edit aboutus",
            "messageBody": "",
            "fileTypesAndContributionMap": {
              "docs": {
                "insertions": 1,
                "deletions": 1
              }
            }
          },
          {
            "hash": "5b61e3dcb22e783aad11d213ba2cecced2aa5d8a",
            "messageTitle": "Update README.md",
            "messageBody": "",
            "fileTypesAndContributionMap": {
              "docs": {
                "insertions": 37,
                "deletions": 0
              }
            }
          }
        ]
      },
      {
        "date": "2020-10-05",
        "commitResults": [
          {
            "hash": "6b63cddf77657b74c22f4e8840d549d3c9407203",
            "messageTitle": "Solving all merge conflicts from pulling",
            "messageBody": "",
            "fileTypesAndContributionMap": {
              "functional-code": {
                "insertions": 73,
                "deletions": 1
              }
            }
          }
        ]
      },
      {
        "date": "2020-10-06",
        "commitResults": [
          {
            "hash": "fc48df7f51c1f3d5bfa2907c6a67b35523e4f592",
            "messageTitle": "Update parser, add prepareaddcommand",
            "messageBody": "",
            "fileTypesAndContributionMap": {
              "functional-code": {
                "insertions": 78,
                "deletions": 27
              }
            }
          }
        ]
      },
      {
        "date": "2020-10-07",
        "commitResults": [
          {
            "hash": "eea4895c4d433237a03f5eca4cb9fae5d352784b",
            "messageTitle": "Update parser",
            "messageBody": "",
            "fileTypesAndContributionMap": {
              "functional-code": {
                "insertions": 28,
                "deletions": 16
              }
            }
          },
          {
            "hash": "3dce19047d69287f389ab791455f7b85bb1bdf81",
            "messageTitle": "Update import statements",
            "messageBody": "",
            "fileTypesAndContributionMap": {
              "functional-code": {
                "insertions": 14,
                "deletions": 9
              }
            }
          },
          {
            "hash": "6581673a9f6fe2063ae7566d708a9c0736ac09bd",
            "messageTitle": "Fix errors",
            "messageBody": "",
            "fileTypesAndContributionMap": {
              "functional-code": {
                "insertions": 72,
                "deletions": 33
              },
              "other": {
                "insertions": 4,
                "deletions": 4
              }
            }
          }
        ]
      },
      {
        "date": "2020-10-11",
        "commitResults": [
          {
            "hash": "8decbf2ef356a917246efe3a8ae23b064e54d45f",
            "messageTitle": "Update Textui",
            "messageBody": "",
            "fileTypesAndContributionMap": {
              "functional-code": {
                "insertions": 56,
                "deletions": 2
              }
            }
          },
          {
            "hash": "f1409e4a60873f43e18c131474b1d7fa840dbf22",
            "messageTitle": "Update parser,textui and combine codes",
            "messageBody": "",
            "fileTypesAndContributionMap": {
              "functional-code": {
                "insertions": 41,
                "deletions": 38
              },
              "other": {
                "insertions": 0,
                "deletions": 4
              }
            }
          }
        ]
      },
      {
        "date": "2020-10-12",
        "commitResults": [
          {
            "hash": "e567604dced85257061ef07ea0ede452bcbfd0fd",
            "messageTitle": "Update parser",
            "messageBody": "",
            "fileTypesAndContributionMap": {
              "functional-code": {
                "insertions": 5,
                "deletions": 3
              }
            }
          },
          {
            "hash": "6e7e036288f51e3bbc6b112b7d638aa63f3a7fa4",
            "messageTitle": "Update parser for new changes",
            "messageBody": "",
            "fileTypesAndContributionMap": {
              "functional-code": {
                "insertions": 18,
                "deletions": 4
              },
              "test-code": {
                "insertions": 0,
                "deletions": 5
              }
            }
          },
          {
            "hash": "a50194f691c94057c9a95d842af4fdd447092659",
            "messageTitle": "Update parser to include helpcommand and fix checks",
            "messageBody": "",
            "fileTypesAndContributionMap": {
              "functional-code": {
                "insertions": 4,
                "deletions": 2
              }
            }
          }
        ]
      },
      {
        "date": "2020-10-13",
        "commitResults": [
          {
            "hash": "05c245acfc67cedeba88011ac2cf02780fdea371",
            "messageTitle": "Fixed bugs in Parser",
            "messageBody": "",
            "fileTypesAndContributionMap": {
              "functional-code": {
                "insertions": 30,
                "deletions": 31
              }
            }
          },
          {
            "hash": "4b223f612c9155bc83fa3d153d3988d547000552",
            "messageTitle": "Update parser to allow checks",
            "messageBody": "",
            "fileTypesAndContributionMap": {
              "functional-code": {
                "insertions": 2,
                "deletions": 2
              }
            }
          },
          {
            "hash": "0f7734f41a693d79e67aad87b666c46ed4d49c6e",
            "messageTitle": "Added JUnit test",
            "messageBody": "",
            "fileTypesAndContributionMap": {
              "functional-code": {
                "insertions": 7,
                "deletions": 4
              },
              "test-code": {
                "insertions": 38,
                "deletions": 1
              }
            }
          },
          {
            "hash": "ee07d286b080476739bf0ec6dee394e37439a72b",
            "messageTitle": "Update parser and add JUnit test",
            "messageBody": "",
            "fileTypesAndContributionMap": {
              "functional-code": {
                "insertions": 8,
                "deletions": 1
              }
            }
          }
        ]
      },
      {
        "date": "2020-10-14",
        "commitResults": [
          {
            "hash": "043e38b6afed3c546609568ec1cdb42d9c9886ec",
            "messageTitle": "Updated textui",
            "messageBody": "",
            "fileTypesAndContributionMap": {
              "functional-code": {
                "insertions": 5,
                "deletions": 4
              }
            }
          },
          {
            "hash": "e7368886ec0c97bb8520138cfbb5356d5e9cd928",
            "messageTitle": "Updated parser for Edit and Textui",
            "messageBody": "",
            "fileTypesAndContributionMap": {
              "functional-code": {
                "insertions": 19,
                "deletions": 39
              }
            }
          },
          {
            "hash": "432ab67e1febbf648bb702a30ea64126a3579f45",
            "messageTitle": "Update parser",
            "messageBody": "",
            "fileTypesAndContributionMap": {
              "functional-code": {
                "insertions": 2,
                "deletions": 2
              },
              "test-code": {
                "insertions": 1,
                "deletions": 1
              }
            }
          },
          {
            "hash": "8a296adbce7075e2ba32c78fe88abfa81f3895f8",
            "messageTitle": "fix parser bug",
            "messageBody": "",
            "fileTypesAndContributionMap": {
              "functional-code": {
                "insertions": 4,
                "deletions": 1
              }
            }
          },
          {
            "hash": "c7442ce9ac3bbc6f218d18a8e9b268d72eccd313",
            "messageTitle": "Fix checkstyle",
            "messageBody": "",
            "fileTypesAndContributionMap": {
              "functional-code": {
                "insertions": 1,
                "deletions": 1
              }
            }
          },
          {
            "hash": "6bf6eb32cbeb3f0bfee2b8a694b148aa45997356",
            "messageTitle": "Fix parser, DoneCommand bug",
            "messageBody": "",
            "fileTypesAndContributionMap": {
              "functional-code": {
                "insertions": 3,
                "deletions": 2
              }
            }
          },
          {
            "hash": "395d36c99718a697f156cedcb4f6485c81338b59",
            "messageTitle": "Fix parser bugs, EditTaskCommand and switch",
            "messageBody": "",
            "fileTypesAndContributionMap": {
              "functional-code": {
                "insertions": 22,
                "deletions": 20
              }
            }
          }
        ]
      }
    ],
    "wangqinNick": [
      {
        "date": "2020-09-28",
        "commitResults": [
          {
            "hash": "576382865b0e91e316cc733d755378aa6acb0ae5",
            "messageTitle": "Set up basic project structure",
            "messageBody": "",
            "fileTypesAndContributionMap": {
              "functional-code": {
                "insertions": 24,
                "deletions": 0
              }
            }
          },
          {
            "hash": "49637dc9df5b146b98a936ba743f1f1f236f3f82",
            "messageTitle": "Set up basic project structure",
            "messageBody": "",
            "fileTypesAndContributionMap": {
              "functional-code": {
                "insertions": 93,
                "deletions": 0
              }
            }
          },
          {
            "hash": "c4576da5b42329852d4c538b680101f1a3be43e1",
            "messageTitle": "Set up basic project structure",
            "messageBody": "",
            "fileTypesAndContributionMap": {
              "functional-code": {
                "insertions": 19,
                "deletions": 8
              }
            }
          },
          {
            "hash": "62ff64eeae44f26413267b46b14494467550ef8e",
            "messageTitle": "Set up project structure",
            "messageBody": "",
            "fileTypesAndContributionMap": {
              "functional-code": {
                "insertions": 168,
                "deletions": 22
              },
              "other": {
                "insertions": 2,
                "deletions": 2
              }
            }
          },
          {
            "hash": "cc3bc8050393f1ca13da842852f5d5aadcf47946",
            "messageTitle": "Add Logger class",
            "messageBody": "",
            "fileTypesAndContributionMap": {
              "functional-code": {
                "insertions": 17,
                "deletions": 0
              },
              "other": {
                "insertions": 4,
                "deletions": 4
              }
            }
          },
          {
            "hash": "d000902ff8287f0e934cabbe76692edfd5ac0ba0",
            "messageTitle": "Add abstract List / Filter / Edit Command class",
            "messageBody": "",
            "fileTypesAndContributionMap": {
              "functional-code": {
                "insertions": 25,
                "deletions": 3
              },
              "other": {
                "insertions": 3,
                "deletions": 3
              }
            }
          },
          {
            "hash": "cc68159aaada855284a703ae0418593c0706d0e1",
            "messageTitle": "Implement Root class",
            "messageBody": "",
            "fileTypesAndContributionMap": {
              "functional-code": {
                "insertions": 5,
                "deletions": 1
              }
            }
          }
        ]
      },
      {
        "date": "2020-10-01",
        "commitResults": [
          {
            "hash": "8dcadeaf933360557d952da49a32b3a3927ceede",
            "messageTitle": "Update aboutUs",
            "messageBody": "",
            "fileTypesAndContributionMap": {
              "docs": {
                "insertions": 1,
                "deletions": 1
              }
            }
          }
        ]
      },
      {
        "date": "2020-10-04",
        "commitResults": [
          {
            "hash": "f6e116319e304c7f0d41baea6a24cd7f1fd6bfab",
            "messageTitle": "Add EditCommand (abstract)",
            "messageBody": "",
            "fileTypesAndContributionMap": {
              "functional-code": {
                "insertions": 11,
                "deletions": 0
              }
            }
          },
          {
            "hash": "65fd00715fb0b8cd5b8be824873307e0c98ad11e",
            "messageTitle": "Add EditModuleCommand related exceptions",
            "messageBody": "",
            "fileTypesAndContributionMap": {
              "functional-code": {
                "insertions": 14,
                "deletions": 0
              }
            }
          },
          {
            "hash": "4375ae4f52ce972cbbdceddd9adf6d9af1d4e157",
            "messageTitle": "Add EditModuleCommand",
            "messageBody": "",
            "fileTypesAndContributionMap": {
              "functional-code": {
                "insertions": 204,
                "deletions": 22
              }
            }
          },
          {
            "hash": "9f78b3128be25bb5f1bdb7306d01aced75b20add",
            "messageTitle": "Implement Parser for EditModuleCommand (untested yet)",
            "messageBody": "",
            "fileTypesAndContributionMap": {
              "functional-code": {
                "insertions": 161,
                "deletions": 0
              }
            }
          },
          {
            "hash": "8ad6d914a198b87d1f0e693f751779166c77679c",
            "messageTitle": "Revert \"Add EditModuleCommand with parser implementation (untested)\"",
            "messageBody": "",
            "fileTypesAndContributionMap": {
              "functional-code": {
                "insertions": 22,
                "deletions": 390
              }
            }
          },
          {
            "hash": "12b82871513add37df98138870b20cc4750c5db2",
            "messageTitle": "Add EditModuleCommand related exceptions",
            "messageBody": "",
            "fileTypesAndContributionMap": {
              "functional-code": {
                "insertions": 38,
                "deletions": 0
              }
            }
          },
          {
            "hash": "bb7c03db9cfaf138d3a53ca1e9e5d71a8de09d95",
            "messageTitle": "Add EditModuleCommand related data structure",
            "messageBody": "",
            "fileTypesAndContributionMap": {
              "functional-code": {
                "insertions": 102,
                "deletions": 1
              }
            }
          },
          {
            "hash": "7e125f8ee7dbc450a91e23340db90240698390ac",
            "messageTitle": "Add EditModuleCommand",
            "messageBody": "",
            "fileTypesAndContributionMap": {
              "functional-code": {
                "insertions": 98,
                "deletions": 0
              }
            }
          },
          {
            "hash": "a2964338b0214f7f00abe6a5e8d2379d00f76ad9",
            "messageTitle": "Implement Parser support for EditModuleCommand",
            "messageBody": "",
            "fileTypesAndContributionMap": {
              "functional-code": {
                "insertions": 128,
                "deletions": 0
              }
            }
          }
        ]
      },
      {
        "date": "2020-10-05",
        "commitResults": [
          {
            "hash": "3821e98c6c5e43f980a92b73f224c449900f0f1c",
            "messageTitle": "Add JUnit tests for Parser",
            "messageBody": "",
            "fileTypesAndContributionMap": {
              "functional-code": {
                "insertions": 1,
                "deletions": 1
              },
              "test-code": {
                "insertions": 19,
                "deletions": 0
              }
            }
          },
          {
            "hash": "1438ffaca6f48ba0cfcb53c12b15b68af022b0ed",
            "messageTitle": "Add JUnit tests for Parser",
            "messageBody": "",
            "fileTypesAndContributionMap": {
              "test-code": {
                "insertions": 7,
                "deletions": 0
              }
            }
          },
          {
            "hash": "d83f9fadbb40d939fd7b9901b4d961528193306a",
            "messageTitle": "Add more JUnit tests for EditModuleCommand",
            "messageBody": "",
            "fileTypesAndContributionMap": {
              "functional-code": {
                "insertions": 30,
                "deletions": 2
              },
              "test-code": {
                "insertions": 17,
                "deletions": 1
              }
            }
          }
        ]
      },
      {
        "date": "2020-10-06",
        "commitResults": [
          {
            "hash": "6a6ea41fc648c5e06301574df15b51d03521dd5d",
            "messageTitle": "Add DummyModule",
            "messageBody": "",
            "fileTypesAndContributionMap": {
              "functional-code": {
                "insertions": 22,
                "deletions": 0
              },
              "other": {
                "insertions": 1,
                "deletions": 0
              }
            }
          },
          {
            "hash": "fddf8126d7702f2ec8bbaf5c0fbd368b75b4d23f",
            "messageTitle": "Add IOManager Module Loader",
            "messageBody": "",
            "fileTypesAndContributionMap": {
              "functional-code": {
                "insertions": 97,
                "deletions": 1
              }
            }
          },
          {
            "hash": "2769e409b13fe25441023b79e6a32c4dfeb0249c",
            "messageTitle": "Fix Perform IO redirection test failed issue",
            "messageBody": "",
            "fileTypesAndContributionMap": {
              "functional-code": {
                "insertions": 0,
                "deletions": 2
              }
            }
          },
          {
            "hash": "d1362e48b48814cf5b9e19d7feecac66d6677d91",
            "messageTitle": "Add EditTaskCommand (without parser and task manager support)",
            "messageBody": "",
            "fileTypesAndContributionMap": {
              "functional-code": {
                "insertions": 67,
                "deletions": 2
              }
            }
          },
          {
            "hash": "495f4b5ecf9c014a092de0c7d2e56df5e6cf65f5",
            "messageTitle": "Fix bugs",
            "messageBody": "",
            "fileTypesAndContributionMap": {
              "functional-code": {
                "insertions": 6,
                "deletions": 6
              }
            }
          }
        ]
      },
      {
        "date": "2020-10-13",
        "commitResults": [
          {
            "hash": "1277001463e1b52cbe0001e5c2190079db762a26",
            "messageTitle": "Add editTaskCommand",
            "messageBody": "",
            "fileTypesAndContributionMap": {
              "functional-code": {
                "insertions": 8,
                "deletions": 5
              }
            }
          },
          {
            "hash": "c7befff1ed56623453095d89317cd6b9896cebeb",
            "messageTitle": "Update editModuleCommand",
            "messageBody": "",
            "fileTypesAndContributionMap": {
              "functional-code": {
                "insertions": 2,
                "deletions": 3
              }
            }
          },
          {
            "hash": "9cb4315768085476c9227061960e7f4dcee241b5",
            "messageTitle": "Add CheckStyleMain task for gradle",
            "messageBody": "",
            "fileTypesAndContributionMap": {
              "other": {
                "insertions": 5,
                "deletions": 0
              }
            }
          },
          {
            "hash": "37a9b0894de29622413cf487b45ff6d096d33a81",
            "messageTitle": "Fix CheckSytyle issues",
            "messageBody": "",
            "fileTypesAndContributionMap": {
              "functional-code": {
                "insertions": 1,
                "deletions": 1
              }
            }
          }
        ]
      },
      {
        "date": "2020-10-14",
        "commitResults": [
          {
            "hash": "0a913bfc7b742fd40283a26f77ff0cbbeebe4122",
            "messageTitle": "Fix FileNotFound exception issue",
            "messageBody": "",
            "fileTypesAndContributionMap": {
              "functional-code": {
                "insertions": 4,
                "deletions": 3
              }
            }
          },
          {
            "hash": "10292374fa6d18d60bf303b081a298614336ec7b",
            "messageTitle": "Fix EditModule EditTask PR issues",
            "messageBody": "",
            "fileTypesAndContributionMap": {
              "functional-code": {
                "insertions": 10,
                "deletions": 10
              }
            }
          },
          {
            "hash": "05c4c95b283ddfbe2c763d5ca6859558661f986c",
            "messageTitle": "Fix TaskManager PR issue",
            "messageBody": "",
            "fileTypesAndContributionMap": {
              "functional-code": {
                "insertions": 4,
                "deletions": 4
              }
            }
          },
          {
            "hash": "21a2753be23e7c40e9300fa4e64d6e52b5353fde",
            "messageTitle": "Add Junit Test for EditTask EditModule command",
            "messageBody": "",
            "fileTypesAndContributionMap": {
              "test-code": {
                "insertions": 70,
                "deletions": 1
              }
            }
          },
          {
            "hash": "f182bc175e67f391c0c3af20ef9ed1821f565106",
            "messageTitle": "Fix CheckStyle issue",
            "messageBody": "",
            "fileTypesAndContributionMap": {
              "test-code": {
                "insertions": 0,
                "deletions": 2
              }
            }
          },
          {
            "hash": "a71b4d276b4b13b5ab96d9fc2d727288e1eae129",
            "messageTitle": "Fix checkstyle issue",
            "messageBody": "",
            "fileTypesAndContributionMap": {
              "functional-code": {
                "insertions": 3,
                "deletions": 3
              },
              "test-code": {
                "insertions": 7,
                "deletions": 2
              }
            }
          },
          {
            "hash": "2f021b253022b64423deffb85d24d71f8a759151",
            "messageTitle": "clean up",
            "messageBody": "",
            "fileTypesAndContributionMap": {
              "test-code": {
                "insertions": 1,
                "deletions": 1
              }
            }
          },
          {
            "hash": "4e3d2fbe1f0ba70432792bda3cfcaf8b42e49906",
            "messageTitle": "Fix assertion issue",
            "messageBody": "",
            "fileTypesAndContributionMap": {
              "test-code": {
                "insertions": 1,
                "deletions": 0
              }
            }
          },
          {
            "hash": "0695194247b23be92547a15a9879c993c8486f36",
            "messageTitle": "Change editing module code to editing module description",
            "messageBody": "",
            "fileTypesAndContributionMap": {
              "functional-code": {
                "insertions": 24,
                "deletions": 23
              }
            }
          }
        ]
      }
    ],
    "amalinasani": [
      {
        "date": "2020-10-01",
        "commitResults": [
          {
            "hash": "bb73392ccd22be2948d5e7046c8dbc02a409be4d",
            "messageTitle": "Edit aboutUs.md",
            "messageBody": "",
            "fileTypesAndContributionMap": {
              "docs": {
                "insertions": 1,
                "deletions": 1
              }
            }
          }
        ]
      },
      {
        "date": "2020-10-10",
        "commitResults": [
          {
            "hash": "22e5bc4105aad7c0cc0c060f3f73bfbcef5c0ae2",
            "messageTitle": "Add DoneCommand",
            "messageBody": "",
            "fileTypesAndContributionMap": {
              "functional-code": {
                "insertions": 64,
                "deletions": 1
              }
            }
          },
          {
            "hash": "c8f1e7fb659f788972e7374381007dca2105116d",
            "messageTitle": "Add ListCommand",
            "messageBody": "",
            "fileTypesAndContributionMap": {
              "functional-code": {
                "insertions": 91,
                "deletions": 1
              }
            }
          },
          {
            "hash": "892b6684bcd798f7d5772781e0a696c3cd8a2f18",
            "messageTitle": "Change task\u0027s status to isDone attribute",
            "messageBody": "",
            "fileTypesAndContributionMap": {
              "functional-code": {
                "insertions": 18,
                "deletions": 5
              }
            }
          }
        ]
      },
      {
        "date": "2020-10-11",
        "commitResults": [
          {
            "hash": "36f43a10b6743d6a855770801fa2a278f1db2505",
            "messageTitle": "Add ListCommand",
            "messageBody": "",
            "fileTypesAndContributionMap": {
              "functional-code": {
                "insertions": 51,
                "deletions": 27
              }
            }
          },
          {
            "hash": "17d52c1d59c45564d674a51d17433387a5316e6e",
            "messageTitle": "Fix comment",
            "messageBody": "",
            "fileTypesAndContributionMap": {
              "functional-code": {
                "insertions": 1,
                "deletions": 1
              }
            }
          },
          {
            "hash": "bbaa2f8f5adfa78ee30650191a992db2aae9e83a",
            "messageTitle": "Add HelpCommand",
            "messageBody": "",
            "fileTypesAndContributionMap": {
              "functional-code": {
                "insertions": 39,
                "deletions": 0
              }
            }
          },
          {
            "hash": "7f65a3d39a1944d9ec27e6a7060ccd23908225ff",
            "messageTitle": "Move help message to Message class",
            "messageBody": "",
            "fileTypesAndContributionMap": {
              "functional-code": {
                "insertions": 16,
                "deletions": 15
              }
            }
          }
        ]
      },
      {
        "date": "2020-10-12",
        "commitResults": [
          {
            "hash": "a3208fac87761200bfe24b0e224290c203843301",
            "messageTitle": "Minor checkstyle bug fix",
            "messageBody": "",
            "fileTypesAndContributionMap": {
              "functional-code": {
                "insertions": 6,
                "deletions": 1
              }
            }
          },
          {
            "hash": "fd0a7cb089969468870c4bcc0c56670ce9d049d7",
            "messageTitle": "Fix javadoc",
            "messageBody": "",
            "fileTypesAndContributionMap": {
              "functional-code": {
                "insertions": 2,
                "deletions": 2
              }
            }
          }
        ]
      },
      {
        "date": "2020-10-14",
        "commitResults": [
          {
            "hash": "d06cda4403a390a6d400a5e00ae76049e8aefffb",
            "messageTitle": "Fix ListCommand",
            "messageBody": "",
            "fileTypesAndContributionMap": {
              "functional-code": {
                "insertions": 21,
                "deletions": 59
              }
            }
          },
          {
            "hash": "298e3b94450be67ed4084950f37e183d399a10b5",
            "messageTitle": "Fix CommandResult in ListCommand",
            "messageBody": "",
            "fileTypesAndContributionMap": {
              "functional-code": {
                "insertions": 3,
                "deletions": 3
              }
            }
          },
          {
            "hash": "d7398c60072dc4bbc7ddba1515037da0d249ec91",
            "messageTitle": "Fix checkstyle error",
            "messageBody": "",
            "fileTypesAndContributionMap": {
              "functional-code": {
                "insertions": 1,
                "deletions": 1
              }
            }
          },
          {
            "hash": "9db7687e4fb436504a1e06282c26f91180862a7d",
            "messageTitle": "Update MESSAGE_HELP",
            "messageBody": "",
            "fileTypesAndContributionMap": {
              "functional-code": {
                "insertions": 3,
                "deletions": 3
              }
            }
          },
          {
            "hash": "18c8fa9583994d1d9a0c7219ceea994bb9f615ce",
            "messageTitle": "Update MESSAGE_HELP",
            "messageBody": "",
            "fileTypesAndContributionMap": {
              "functional-code": {
                "insertions": 13,
                "deletions": 13
              }
            }
          },
          {
            "hash": "653a2b952282b05f6035ac58831a25c77f3038cf",
            "messageTitle": "Update MESSAGE_HELP done command",
            "messageBody": "",
            "fileTypesAndContributionMap": {
              "functional-code": {
                "insertions": 12,
                "deletions": 12
              }
            }
          }
        ]
      }
    ],
    "Aseanseen": [
      {
        "date": "2020-10-01",
        "commitResults": [
          {
            "hash": "c3b2821dcfe77f31c90d00f2df674ad7c660f91d",
            "messageTitle": "Add my name to AboutUs.md",
            "messageBody": "",
            "fileTypesAndContributionMap": {
              "docs": {
                "insertions": 1,
                "deletions": 1
              }
            }
          }
        ]
      },
      {
        "date": "2020-10-04",
        "commitResults": [
          {
            "hash": "4ab9ab96adcea8f470144ec5d2ab30dee8d817af",
            "messageTitle": "Add AddCommand, DeleteCommand, CommandResult, enum in Task",
            "messageBody": "",
            "fileTypesAndContributionMap": {
              "functional-code": {
                "insertions": 105,
                "deletions": 34
              }
            }
          }
        ]
      },
      {
        "date": "2020-10-06",
        "commitResults": [
          {
            "hash": "d84755e7af6720c3086450e7d4b8d8f83ff4e59e",
            "messageTitle": "Add AddCommand, DeleteCommand functions, additional messages, enum in Parser",
            "messageBody": "",
            "fileTypesAndContributionMap": {
              "functional-code": {
                "insertions": 126,
                "deletions": 56
              }
            }
          },
          {
            "hash": "4fea7dc7c34a0c37ce7063f6fee01ecabf7d0216",
            "messageTitle": "Fix minor bug with DeleteCommand",
            "messageBody": "",
            "fileTypesAndContributionMap": {
              "functional-code": {
                "insertions": 1,
                "deletions": 0
              }
            }
          },
          {
            "hash": "56c95bf5b10518f9eac14cf3641dbcc0cad0a7b1",
            "messageTitle": "Add .FORMAT for AddCommand and DeleteCommand",
            "messageBody": "",
            "fileTypesAndContributionMap": {
              "functional-code": {
                "insertions": 4,
                "deletions": 0
              }
            }
          },
          {
            "hash": "fc4ba8d0202546b90742a73550726e4162f9e440",
            "messageTitle": "Change Task from String to LocalDateTime",
            "messageBody": "",
            "fileTypesAndContributionMap": {
              "functional-code": {
                "insertions": 7,
                "deletions": 5
              }
            }
          },
          {
            "hash": "dcb8aa9964a182a0f39d929c23ae8c565b7a6b53",
            "messageTitle": "Add option for user to add a deadline to their task",
            "messageBody": "",
            "fileTypesAndContributionMap": {
              "functional-code": {
                "insertions": 8,
                "deletions": 2
              }
            }
          }
        ]
      },
      {
        "date": "2020-10-07",
        "commitResults": [
          {
            "hash": "f246d78ed28cb250825924cf6df44bfca1d602e1",
            "messageTitle": "Fix DeleteCommand bug",
            "messageBody": "",
            "fileTypesAndContributionMap": {
              "functional-code": {
                "insertions": 5,
                "deletions": 1
              }
            }
          }
        ]
      },
      {
        "date": "2020-10-08",
        "commitResults": [
          {
            "hash": "ee1b0724174404a5712316925008af37bd9de74d",
            "messageTitle": "Fix constructor for Delete, Add JavaDoc for Add, Delete",
            "messageBody": "",
            "fileTypesAndContributionMap": {
              "functional-code": {
                "insertions": 28,
                "deletions": 18
              },
              "other": {
                "insertions": 4,
                "deletions": 4
              }
            }
          },
          {
            "hash": "86bd3848559d7d727d7ab7daccf7d21eaa42af0d",
            "messageTitle": "Add JavaDoc for DeleteCommand constructors",
            "messageBody": "",
            "fileTypesAndContributionMap": {
              "functional-code": {
                "insertions": 12,
                "deletions": 0
              }
            }
          },
          {
            "hash": "3260760e6c4186f09459b1fbda971337aec2cad4",
            "messageTitle": "Fix some of the checkstyle violations for Duke, PromptType, ExceptionMessage",
            "messageBody": "",
            "fileTypesAndContributionMap": {
              "functional-code": {
                "insertions": 12,
                "deletions": 10
              }
            }
          },
          {
            "hash": "d63880765226e6e92a2ba9aee83319dea4cdefd4",
            "messageTitle": "Fix minor checkstyle for Duke",
            "messageBody": "",
            "fileTypesAndContributionMap": {
              "functional-code": {
                "insertions": 1,
                "deletions": 1
              }
            }
          }
        ]
      },
      {
        "date": "2020-10-11",
        "commitResults": [
          {
            "hash": "0f98683abd04e58bdf91351b3cdb3a70e1aac934",
            "messageTitle": "Fix CheckStyle for Parser, IOManager, ParserTest",
            "messageBody": "",
            "fileTypesAndContributionMap": {
              "functional-code": {
                "insertions": 12,
                "deletions": 12
              },
              "other": {
                "insertions": 1,
                "deletions": 3
              },
              "test-code": {
                "insertions": 6,
                "deletions": 10
              }
            }
          },
          {
            "hash": "f7e92402d5e3352d5a2dd0d1b4f8b2ce1a3b4607",
            "messageTitle": "Fix all checkstyle violations",
            "messageBody": "",
            "fileTypesAndContributionMap": {
              "functional-code": {
                "insertions": 29,
                "deletions": 29
              }
            }
          }
        ]
      },
      {
        "date": "2020-10-12",
        "commitResults": [
          {
            "hash": "d5505d1fac354c66a4e8fad3748f0c0564116e92",
            "messageTitle": "Add duplicate module JUnit test",
            "messageBody": "",
            "fileTypesAndContributionMap": {
              "test-code": {
                "insertions": 25,
                "deletions": 0
              }
            }
          },
          {
            "hash": "69e8dd2b3127a5b761bf3e6e8aee449d0cb5b816",
            "messageTitle": "Add rough main class",
            "messageBody": "",
            "fileTypesAndContributionMap": {
              "functional-code": {
                "insertions": 75,
                "deletions": 18
              }
            }
          },
          {
            "hash": "1f96bf214bef1d901c4cadc9b3b95094be4cd482",
            "messageTitle": "Add Encoder, Decoder classes",
            "messageBody": "",
            "fileTypesAndContributionMap": {
              "functional-code": {
                "insertions": 119,
                "deletions": 90
              }
            }
          },
          {
            "hash": "3eb04003fc0189518f02c4e3ad48c5405a8a3321",
            "messageTitle": "Fix bye message",
            "messageBody": "",
            "fileTypesAndContributionMap": {
              "functional-code": {
                "insertions": 3,
                "deletions": 4
              }
            }
          },
          {
            "hash": "54059ed3b337d7c997e70022fed24cd601ca9846",
            "messageTitle": "Fix merge to team repo",
            "messageBody": "",
            "fileTypesAndContributionMap": {
              "functional-code": {
                "insertions": 1,
                "deletions": 1
              }
            }
          }
        ]
      },
      {
        "date": "2020-10-13",
        "commitResults": [
          {
            "hash": "93b71414d445c4daa4c3b8f20a3036b4ba87f15b",
            "messageTitle": "Fix looping error bug",
            "messageBody": "",
            "fileTypesAndContributionMap": {
              "functional-code": {
                "insertions": 8,
                "deletions": 7
              }
            }
          },
          {
            "hash": "cbd5f3814bec822ede9d24f45732ead4cca0243a",
            "messageTitle": "Add JUnit tests for Add and Delete",
            "messageBody": "",
            "fileTypesAndContributionMap": {
              "test-code": {
                "insertions": 79,
                "deletions": 25
              }
            }
          },
          {
            "hash": "fec34cf97f7bd2d0ed622f3449cd50dccaa49e52",
            "messageTitle": "Fix bugs relating to storage",
            "messageBody": "",
            "fileTypesAndContributionMap": {
              "functional-code": {
                "insertions": 6,
                "deletions": 0
              }
            }
          },
          {
            "hash": "ac72c7504a03c651bcf772207fbc13b01f31c65e",
            "messageTitle": "Fix automated testing",
            "messageBody": "",
            "fileTypesAndContributionMap": {
              "functional-code": {
                "insertions": 24,
                "deletions": 18
              },
              "other": {
                "insertions": 1,
                "deletions": 1
              }
            }
          },
          {
            "hash": "18e3077476889d2432d801f0ff09eb5777613148",
            "messageTitle": "Fix JUnit tests for Delete",
            "messageBody": "",
            "fileTypesAndContributionMap": {
              "test-code": {
                "insertions": 26,
                "deletions": 4
              }
            }
          },
          {
            "hash": "267283b2e676cc0f0234157673b1d97ecc9197e6",
            "messageTitle": "Fix checkstyle for Add, Delete JUnit tests",
            "messageBody": "",
            "fileTypesAndContributionMap": {
              "test-code": {
                "insertions": 12,
                "deletions": 12
              }
            }
          },
          {
            "hash": "f4e9afbb1fda2e7df3d68139a1403de90d48f70d",
            "messageTitle": "Add save to main",
            "messageBody": "",
            "fileTypesAndContributionMap": {
              "functional-code": {
                "insertions": 1,
                "deletions": 0
              }
            }
          }
        ]
      }
    ]
  },
  "authorFileTypeContributionMap": {
    "f0fz": {
      "docs": 26,
      "functional-code": 490,
      "test-code": 127
    },
    "tobiasceg": {
      "docs": 16,
      "functional-code": 300,
      "test-code": 39
    },
    "wangqinNick": {
      "docs": 1,
      "functional-code": 658,
      "test-code": 90,
      "other": 6
    },
    "amalinasani": {
      "docs": 1,
      "functional-code": 189,
      "test-code": 0
    },
    "Aseanseen": {
      "docs": 1,
      "functional-code": 410,
      "test-code": 102,
      "other": 1
    }
  },
  "authorContributionVariance": {
    "f0fz": 12554.555,
    "tobiasceg": 3618.0273,
    "wangqinNick": 78873.09,
    "amalinasani": 3476.9414,
    "Aseanseen": 9800.804
  },
  "authorDisplayNameMap": {
    "f0fz": "CS2113T-T09-2 SIM .. YOU",
    "tobiasceg": "CS2113T-T09-2 TAN ..BIAS",
    "wangqinNick": "CS2113T-T09-2 WANG.. QIN",
    "amalinasani": "CS2113T-T09-2 NUR ..SANI",
    "Aseanseen": "CS2113T-T09-2 SEAN..IANG"
  }
}
