{
  "authorDailyContributionsMap": {
    "thatseant": [
      {
        "date": "2020-10-01",
        "commitResults": [
          {
            "hash": "ec2484146ef2ab98f1ea26131da7bc64aa5798fc",
            "messageTitle": "Modifed Sean’s Name in AboutUs.md",
            "messageBody": "",
            "fileTypesAndContributionMap": {
              "docs": {
                "insertions": 2,
                "deletions": 1
              }
            }
          }
        ]
      },
      {
        "date": "2020-10-07",
        "commitResults": [
          {
            "hash": "eaaec65f4a4f62ab168bbf97a8a52bf4bf3a0ca2",
            "messageTitle": "Moves selectProject from SelectCommand into ProjectList.",
            "messageBody": "",
            "fileTypesAndContributionMap": {
              "functional-code": {
                "insertions": 6,
                "deletions": 6
              }
            }
          },
          {
            "hash": "477258a51eb03f7156413423a5a4316f812514c6",
            "messageTitle": "createProject made non-static.",
            "messageBody": "Removed errorCheckingProject.\n",
            "fileTypesAndContributionMap": {
              "functional-code": {
                "insertions": 7,
                "deletions": 12
              }
            }
          },
          {
            "hash": "3b466099ebdeae36614ce11629fc3177125cc797",
            "messageTitle": "Moved currentInput parsing from ProjectList.createProject to Parser.java.",
            "messageBody": "",
            "fileTypesAndContributionMap": {
              "functional-code": {
                "insertions": 11,
                "deletions": 17
              }
            }
          },
          {
            "hash": "3fac8ca8fad0a2cb7dfb9ae2402c42429185c0ab",
            "messageTitle": "Create Task Class and TaskList Class.",
            "messageBody": "Added TaskList instance as a Project property.\n",
            "fileTypesAndContributionMap": {
              "functional-code": {
                "insertions": 71,
                "deletions": 8
              }
            }
          },
          {
            "hash": "380ee9d6b34be92558ed88665c1fbe8a3a29cf9d",
            "messageTitle": "Added TaskListCommand.",
            "messageBody": "",
            "fileTypesAndContributionMap": {
              "functional-code": {
                "insertions": 49,
                "deletions": 5
              }
            }
          },
          {
            "hash": "e9a9e9d716672acdd99149d738682d1f84314f20",
            "messageTitle": "Added TaskCommand to create tasks in project.",
            "messageBody": "Parser keeps track of currently selected project in order to create tasks within it. projectIndex of -1 suggests program view is project list view.\n",
            "fileTypesAndContributionMap": {
              "functional-code": {
                "insertions": 41,
                "deletions": 11
              },
              "other": {
                "insertions": 1,
                "deletions": 0
              }
            }
          },
          {
            "hash": "5c428f4a4f00a5d0121eb4d4834d75648defd961",
            "messageTitle": "Renamed ListCommand and SelectCommands.",
            "messageBody": "Renamed ListCommand and SelectCommands to ProjectListCommand and ProjectSelectCommand.\n",
            "fileTypesAndContributionMap": {
              "functional-code": {
                "insertions": 2,
                "deletions": 2
              },
              "other": {
                "insertions": 5,
                "deletions": 6
              }
            }
          }
        ]
      },
      {
        "date": "2020-10-12",
        "commitResults": [
          {
            "hash": "d538c1de4ab91ed884d1d41603a954c034874f9a",
            "messageTitle": "Implemented tests for TaskCommand",
            "messageBody": "Includes tests for Task and TaskList classes.\n\nTODO:\n1) Abstract out System.out.println so print commands are easily testable.\n2) Testing of error cases not done as errors not handled yet.\n",
            "fileTypesAndContributionMap": {
              "functional-code": {
                "insertions": 34,
                "deletions": 0
              },
              "test-code": {
                "insertions": 113,
                "deletions": 0
              }
            }
          },
          {
            "hash": "32d868d55506d5f7ed75ded341276521003bb537",
            "messageTitle": "Modified tests to remove deadline check for tasks",
            "messageBody": "",
            "fileTypesAndContributionMap": {
              "functional-code": {
                "insertions": 6,
                "deletions": 7
              },
              "test-code": {
                "insertions": 17,
                "deletions": 22
              }
            }
          }
        ]
      },
      {
        "date": "2020-10-13",
        "commitResults": [
          {
            "hash": "3413d51c86b53e720db844aa6177d1c458a70b4a",
            "messageTitle": "Fixed Coding Style",
            "messageBody": "",
            "fileTypesAndContributionMap": {
              "functional-code": {
                "insertions": 0,
                "deletions": 4
              },
              "test-code": {
                "insertions": 19,
                "deletions": 7
              }
            }
          },
          {
            "hash": "63e51a3ca30d8019df87d72f0d60288844afd288",
            "messageTitle": "Commented out failing test case",
            "messageBody": "",
            "fileTypesAndContributionMap": {
              "test-code": {
                "insertions": 2,
                "deletions": 0
              }
            }
          },
          {
            "hash": "0fbfa86a6be2dea04d8785640b720c5875370d43",
            "messageTitle": "Commented out failing test case",
            "messageBody": "",
            "fileTypesAndContributionMap": {
              "test-code": {
                "insertions": 1,
                "deletions": 1
              }
            }
          },
          {
            "hash": "49a0a0aa821f639d7b55b789c325e45d3d9ef9b2",
            "messageTitle": "ExecuteCommand function returns string",
            "messageBody": "String printed only in Duke.Java. This allows for better testing of ExecuteCommand and inner classes and methods.\n",
            "fileTypesAndContributionMap": {
              "functional-code": {
                "insertions": 59,
                "deletions": 52
              }
            }
          },
          {
            "hash": "df34dc165e6f6156a7d00d406266fb362408b2f1",
            "messageTitle": "Extract all System.out.println to Ui methods",
            "messageBody": "New class Ui handles all output.\n",
            "fileTypesAndContributionMap": {
              "functional-code": {
                "insertions": 30,
                "deletions": 14
              }
            }
          },
          {
            "hash": "64fd36da0f6085591dec3b269f0ea0a44e9d56f7",
            "messageTitle": "Fix Code Standards",
            "messageBody": "",
            "fileTypesAndContributionMap": {
              "functional-code": {
                "insertions": 3,
                "deletions": 3
              }
            }
          },
          {
            "hash": "5cad44bfc8f8438859d14f1a5acddddd058cdeec",
            "messageTitle": "Output Tests for Task-related classes",
            "messageBody": "",
            "fileTypesAndContributionMap": {
              "test-code": {
                "insertions": 50,
                "deletions": 0
              }
            }
          },
          {
            "hash": "66a74c63feadd8c6279349b98af9fa50e298efa1",
            "messageTitle": "Fixed coding violations",
            "messageBody": "",
            "fileTypesAndContributionMap": {
              "test-code": {
                "insertions": 4,
                "deletions": 4
              }
            }
          }
        ]
      },
      {
        "date": "2020-10-14",
        "commitResults": [
          {
            "hash": "59855d60a78ffa58265f5c2fece85dc773a62882",
            "messageTitle": "Implemented recognised deadline for tasks",
            "messageBody": "Format: /tYYYY-MM-DD\n",
            "fileTypesAndContributionMap": {
              "functional-code": {
                "insertions": 50,
                "deletions": 13
              },
              "test-code": {
                "insertions": 32,
                "deletions": 19
              }
            }
          },
          {
            "hash": "79611429a26e8432ebe5d37d32ecf53fa2df3e49",
            "messageTitle": "Correct inputs and expected results for IO test",
            "messageBody": "",
            "fileTypesAndContributionMap": {
              "other": {
                "insertions": 1,
                "deletions": 1
              }
            }
          },
          {
            "hash": "70560256ad5eb5ed8346a16a0dcb5cd3587e6086",
            "messageTitle": "Corrected naming and coding conventions",
            "messageBody": "",
            "fileTypesAndContributionMap": {
              "test-code": {
                "insertions": 7,
                "deletions": 12
              }
            }
          }
        ]
      },
      {
        "date": "2020-10-15",
        "commitResults": [
          {
            "hash": "b0df1a281908fcaa57ed1e20339ade22393c428a",
            "messageTitle": "Added Deadline Command",
            "messageBody": "Deadline no longer required for tasks. Deadline can be added after task creation.\n",
            "fileTypesAndContributionMap": {
              "functional-code": {
                "insertions": 61,
                "deletions": 19
              },
              "other": {
                "insertions": 1,
                "deletions": 1
              },
              "test-code": {
                "insertions": 8,
                "deletions": 1
              }
            }
          },
          {
            "hash": "fe06ea32cb93bc00fc99adfc67dd0ebb90c0c80d",
            "messageTitle": "Removed TaskList",
            "messageBody": "Project Class now contain only methods to change project-level attributes and mainpulation of tasks ArrayList.\n\nIndividual task manipulation (eg. set deadline) are done via calling Task Object methods in Command classes.\n\nTerminal Output also set in Command classes.\n",
            "fileTypesAndContributionMap": {
              "functional-code": {
                "insertions": 37,
                "deletions": 93
              }
            }
          },
          {
            "hash": "770f2037436e62787b57067d3159d29604e6ca40",
            "messageTitle": "Removal of TaskList dependencies",
            "messageBody": "",
            "fileTypesAndContributionMap": {
              "functional-code": {
                "insertions": 0,
                "deletions": 5
              },
              "test-code": {
                "insertions": 0,
                "deletions": 7
              }
            }
          },
          {
            "hash": "d21db58067c3462864b97527735e10ef8c6f3a78",
            "messageTitle": "Change retrieval of projects to getProject",
            "messageBody": "Change retrieval of projects from getProjectList().get to getProject.\n\ngetNumberOfProjects() returns number of projects in project list.\n",
            "fileTypesAndContributionMap": {
              "functional-code": {
                "insertions": 18,
                "deletions": 24
              }
            }
          },
          {
            "hash": "c16590fa898f1391c4e85e12c06621b6f6a0f83f",
            "messageTitle": "Description includes spacing between words",
            "messageBody": "",
            "fileTypesAndContributionMap": {
              "functional-code": {
                "insertions": 5,
                "deletions": 1
              }
            }
          },
          {
            "hash": "81903abbb3b1a1250864a15f01e5c4e454a31515",
            "messageTitle": "Fixed checkstyleMain",
            "messageBody": "",
            "fileTypesAndContributionMap": {
              "functional-code": {
                "insertions": 2,
                "deletions": 2
              }
            }
          }
        ]
      },
      {
        "date": "2020-10-18",
        "commitResults": [
          {
            "hash": "adf773d17a4512ceb3b85aebb81115b7aa6863ac",
            "messageTitle": "Implemented Parameters to Hashmap Parser",
            "messageBody": "Before the switch statements, we use a regex to detect slashes. It will break phrases up based on slashes into key-value pairs in a hashmap. So example \"task n/play guitar d/2020\": n is the key and play guitar the value. d is the key and 2020 the value.\n",
            "fileTypesAndContributionMap": {
              "functional-code": {
                "insertions": 94,
                "deletions": 83
              },
              "other": {
                "insertions": 1,
                "deletions": 1
              }
            }
          }
        ]
      },
      {
        "date": "2020-10-20",
        "commitResults": [
          {
            "hash": "e4a852d93587d27c8e90cbfebae9421ac8f34c9f",
            "messageTitle": "Estimated Time and Actual Time for Tasks",
            "messageBody": "Task must be marked as done before adding actual time taken to complete.\n",
            "fileTypesAndContributionMap": {
              "functional-code": {
                "insertions": 157,
                "deletions": 4
              }
            }
          }
        ]
      },
      {
        "date": "2020-10-22",
        "commitResults": [
          {
            "hash": "fd2d822e4e65bd14e6f2b03ed6bc8bd039cf8512",
            "messageTitle": "Include ArrayList\u003cTeamMember\u003e in executeCommand",
            "messageBody": "",
            "fileTypesAndContributionMap": {
              "functional-code": {
                "insertions": 4,
                "deletions": 2
              }
            }
          },
          {
            "hash": "364d8b7515a36e041ce64581de493668ec977669",
            "messageTitle": "Added Tests",
            "messageBody": "EstimatedTimeCommand and ActualTimeCommand\n",
            "fileTypesAndContributionMap": {
              "functional-code": {
                "insertions": 12,
                "deletions": 4
              },
              "test-code": {
                "insertions": 133,
                "deletions": 0
              }
            }
          }
        ]
      },
      {
        "date": "2020-10-31",
        "commitResults": [
          {
            "hash": "0eb67648cb97cf6e27f87e431dbf3ac9c7eb0831",
            "messageTitle": "Update UserGuide.md",
            "messageBody": "",
            "fileTypesAndContributionMap": {
              "docs": {
                "insertions": 46,
                "deletions": 72
              }
            }
          },
          {
            "hash": "9db8c585859af30627853caf6a36a92daa1cc52f",
            "messageTitle": "Update UserGuide.md",
            "messageBody": "",
            "fileTypesAndContributionMap": {
              "docs": {
                "insertions": 15,
                "deletions": 8
              }
            }
          },
          {
            "hash": "4afd21b1b1b50af0bcf1356ccec038a93b4268de",
            "messageTitle": "Update UserGuide.md",
            "messageBody": "",
            "fileTypesAndContributionMap": {
              "docs": {
                "insertions": 2,
                "deletions": 0
              }
            }
          },
          {
            "hash": "7e23fae34bc27f223f0ae963c5c33bacece86b46",
            "messageTitle": "Update UserGuide.md",
            "messageBody": "",
            "fileTypesAndContributionMap": {
              "docs": {
                "insertions": 10,
                "deletions": 11
              }
            }
          },
          {
            "hash": "7797881263561798d783fbbd5db35bcd29cdf15c",
            "messageTitle": "Update UserGuide.md",
            "messageBody": "",
            "fileTypesAndContributionMap": {
              "docs": {
                "insertions": 22,
                "deletions": 23
              }
            }
          },
          {
            "hash": "735987a627308be2ba3c2fe04bebc8dc2bac5112",
            "messageTitle": "Update UserGuide.md",
            "messageBody": "",
            "fileTypesAndContributionMap": {
              "docs": {
                "insertions": 7,
                "deletions": 10
              }
            }
          }
        ]
      }
    ],
    "samuelchristopher": [
      {
        "date": "2020-10-01",
        "commitResults": [
          {
            "hash": "a889f926f05be8c6d449b874238f21d272bc3856",
            "messageTitle": "Add samuel to about us page",
            "messageBody": "",
            "fileTypesAndContributionMap": {
              "docs": {
                "insertions": 1,
                "deletions": 1
              }
            }
          }
        ]
      },
      {
        "date": "2020-10-07",
        "commitResults": [
          {
            "hash": "a20e34d58011ad407ad8b62ae9712a2898dc2e85",
            "messageTitle": "Create team member functionality",
            "messageBody": "",
            "fileTypesAndContributionMap": {
              "functional-code": {
                "insertions": 51,
                "deletions": 1
              }
            }
          },
          {
            "hash": "3ca39b3ca586df0d470f2484b3e0a0ffc95a5bd4",
            "messageTitle": "removed comments causing error in checkstyleMain",
            "messageBody": "",
            "fileTypesAndContributionMap": {
              "functional-code": {
                "insertions": 0,
                "deletions": 2
              }
            }
          },
          {
            "hash": "8e12c17a21b683b11154a2de2a8d8414c16e5bcf",
            "messageTitle": "Added the Hello code to allow tests to pass",
            "messageBody": "",
            "fileTypesAndContributionMap": {
              "functional-code": {
                "insertions": 1,
                "deletions": 1
              }
            }
          },
          {
            "hash": "f4fe0ea86175b44ac254ca39a4de3efb8db7d191",
            "messageTitle": "Add member and list team members",
            "messageBody": "",
            "fileTypesAndContributionMap": {
              "functional-code": {
                "insertions": 42,
                "deletions": 1
              }
            }
          }
        ]
      },
      {
        "date": "2020-10-14",
        "commitResults": [
          {
            "hash": "8b81b424035aad20e2ad987a11ef5cc251c26102",
            "messageTitle": "Delete project not working",
            "messageBody": "",
            "fileTypesAndContributionMap": {
              "functional-code": {
                "insertions": 30,
                "deletions": 1
              }
            }
          },
          {
            "hash": "404b98f4ad8c51ac29edb3f975c08e237afd8874",
            "messageTitle": "Pass index to the delete project",
            "messageBody": "",
            "fileTypesAndContributionMap": {
              "functional-code": {
                "insertions": 1,
                "deletions": 2
              }
            }
          },
          {
            "hash": "6369906f0f5e4ed35ce35581341a19877b1ce0d6",
            "messageTitle": "Fixed add team member",
            "messageBody": "",
            "fileTypesAndContributionMap": {
              "functional-code": {
                "insertions": 9,
                "deletions": 2
              }
            }
          }
        ]
      },
      {
        "date": "2020-10-16",
        "commitResults": [
          {
            "hash": "0a57284d2f4a38c462d9b8dd2354ae0f0d188853",
            "messageTitle": "Convert ProjectList and TeamMembersList into ArrayList",
            "messageBody": "",
            "fileTypesAndContributionMap": {
              "functional-code": {
                "insertions": 116,
                "deletions": 47
              },
              "other": {
                "insertions": 1,
                "deletions": 1
              }
            }
          },
          {
            "hash": "d3bd81bed4615bc745bfc87e9737caa13a1d25e8",
            "messageTitle": "refactor tests",
            "messageBody": "",
            "fileTypesAndContributionMap": {
              "test-code": {
                "insertions": 13,
                "deletions": 7
              }
            }
          },
          {
            "hash": "26a28dd7a5e07c0084f54298b0df1a94e04aec4c",
            "messageTitle": "made changes",
            "messageBody": "",
            "fileTypesAndContributionMap": {
              "functional-code": {
                "insertions": 12,
                "deletions": 8
              }
            }
          }
        ]
      },
      {
        "date": "2020-10-17",
        "commitResults": [
          {
            "hash": "d68d22922232eb70ccb66afdb69f414f6be976c4",
            "messageTitle": "Added getter for the team member name",
            "messageBody": "",
            "fileTypesAndContributionMap": {
              "functional-code": {
                "insertions": 7,
                "deletions": 3
              }
            }
          },
          {
            "hash": "4238d53f62225dc56e5a247b42b64d1ea831058d",
            "messageTitle": "Refactor",
            "messageBody": "",
            "fileTypesAndContributionMap": {
              "functional-code": {
                "insertions": 24,
                "deletions": 13
              }
            }
          },
          {
            "hash": "2def184f95f5c1922ef32220a7d6335300331a86",
            "messageTitle": "if statement indentation",
            "messageBody": "",
            "fileTypesAndContributionMap": {
              "functional-code": {
                "insertions": 1,
                "deletions": 1
              }
            }
          },
          {
            "hash": "9146c00c600da0c685bb677cd493143aebef273f",
            "messageTitle": "resolve conflict version 2",
            "messageBody": "",
            "fileTypesAndContributionMap": {
              "functional-code": {
                "insertions": 5,
                "deletions": 3
              }
            }
          },
          {
            "hash": "e9c7db66005c54c30bcbb1844e75b5545859598a",
            "messageTitle": "resolve conflict part 3: indentation",
            "messageBody": "",
            "fileTypesAndContributionMap": {
              "functional-code": {
                "insertions": 1,
                "deletions": 1
              }
            }
          }
        ]
      },
      {
        "date": "2020-10-19",
        "commitResults": [
          {
            "hash": "17f859379fbe6c9e6b20d6d2e954c75e3fc39aac",
            "messageTitle": "initial version of the project view (need task functionality to go further)",
            "messageBody": "",
            "fileTypesAndContributionMap": {
              "functional-code": {
                "insertions": 41,
                "deletions": 2
              }
            }
          },
          {
            "hash": "99e134b2b2daf8128f64555b2d5738ccc5092a2a",
            "messageTitle": "mark task as done",
            "messageBody": "",
            "fileTypesAndContributionMap": {
              "functional-code": {
                "insertions": 75,
                "deletions": 5
              }
            }
          },
          {
            "hash": "ab134398ccfe62248a0526d7ddcf51e1a2b632d1",
            "messageTitle": "updated imports and removed try-catch from parse()",
            "messageBody": "",
            "fileTypesAndContributionMap": {
              "functional-code": {
                "insertions": 7,
                "deletions": 6
              }
            }
          }
        ]
      },
      {
        "date": "2020-10-20",
        "commitResults": [
          {
            "hash": "cddbdfd76f868fb6ef2a5bcaaab9a157b2994352",
            "messageTitle": "catch error when user inputs non-numbers",
            "messageBody": "",
            "fileTypesAndContributionMap": {
              "functional-code": {
                "insertions": 6,
                "deletions": 1
              }
            }
          }
        ]
      },
      {
        "date": "2020-10-21",
        "commitResults": [
          {
            "hash": "a0380b8083eadf658bf23d6014f92a898c7d309d",
            "messageTitle": "mark project as completed",
            "messageBody": "",
            "fileTypesAndContributionMap": {
              "functional-code": {
                "insertions": 85,
                "deletions": 6
              }
            }
          },
          {
            "hash": "2fc76ff00c2667f8c4ce8ba7da2e7c7cd9a3e1b8",
            "messageTitle": "fixed code style",
            "messageBody": "",
            "fileTypesAndContributionMap": {
              "functional-code": {
                "insertions": 1,
                "deletions": 1
              }
            }
          }
        ]
      },
      {
        "date": "2020-10-27",
        "commitResults": [
          {
            "hash": "0023804c3403255e3081298b7fd5df9e51cbf387",
            "messageTitle": "Include members and friendly messages when there are no tasks or members",
            "messageBody": "",
            "fileTypesAndContributionMap": {
              "functional-code": {
                "insertions": 69,
                "deletions": 53
              }
            }
          },
          {
            "hash": "cd7d57ac4d5d236b8469be09be4334dab7ed1708",
            "messageTitle": "fix CI and project index",
            "messageBody": "",
            "fileTypesAndContributionMap": {
              "functional-code": {
                "insertions": 33,
                "deletions": 26
              }
            }
          },
          {
            "hash": "1f98fc11e3bf8627e727e9b2c9717639e6aa39b6",
            "messageTitle": "resolve junit output",
            "messageBody": "",
            "fileTypesAndContributionMap": {
              "functional-code": {
                "insertions": 0,
                "deletions": 1
              },
              "test-code": {
                "insertions": 14,
                "deletions": 2
              }
            }
          },
          {
            "hash": "b12a946e62baad468a26001964d8df40ed29ef54",
            "messageTitle": "fix check style",
            "messageBody": "",
            "fileTypesAndContributionMap": {
              "test-code": {
                "insertions": 14,
                "deletions": 14
              }
            }
          },
          {
            "hash": "7b100fafb218ac60615deea1491d66778ae6de84",
            "messageTitle": "removed trailing new line",
            "messageBody": "",
            "fileTypesAndContributionMap": {
              "test-code": {
                "insertions": 1,
                "deletions": 2
              }
            }
          }
        ]
      },
      {
        "date": "2020-10-29",
        "commitResults": [
          {
            "hash": "e7e2daaa409507f86af9f866b2564e23afcb1d79",
            "messageTitle": "fix projectdonecommand",
            "messageBody": "",
            "fileTypesAndContributionMap": {
              "functional-code": {
                "insertions": 2,
                "deletions": 1
              }
            }
          }
        ]
      }
    ],
    "samuellleow": [
      {
        "date": "2020-10-05",
        "commitResults": [
          {
            "hash": "fb843390c725c65e8d6cd0b2b09b371782b69730",
            "messageTitle": "Add personal details to the docs/AboutUs.md page",
            "messageBody": "",
            "fileTypesAndContributionMap": {
              "docs": {
                "insertions": 1,
                "deletions": 1
              }
            }
          }
        ]
      },
      {
        "date": "2020-10-07",
        "commitResults": [
          {
            "hash": "54b2505f074e210e2159db3115888a79bd2d30bb",
            "messageTitle": "Draft \"select\" function",
            "messageBody": "",
            "fileTypesAndContributionMap": {
              "functional-code": {
                "insertions": 282,
                "deletions": 3
              }
            }
          },
          {
            "hash": "fe5ab4e2c99427d7d8deac5f5808a006a86314ba",
            "messageTitle": "Fixed checks for Gradle",
            "messageBody": "",
            "fileTypesAndContributionMap": {
              "functional-code": {
                "insertions": 7,
                "deletions": 12
              }
            }
          },
          {
            "hash": "a8037fc87c7f8e6769d710f359ed02f4f0b85c71",
            "messageTitle": "Fixed Gradle test",
            "messageBody": "",
            "fileTypesAndContributionMap": {
              "functional-code": {
                "insertions": 3,
                "deletions": 17
              },
              "other": {
                "insertions": 4,
                "deletions": 1
              }
            }
          }
        ]
      },
      {
        "date": "2020-10-12",
        "commitResults": [
          {
            "hash": "c66abf77fa4cc9c4eb1a68d9943939cb4f26d2f4",
            "messageTitle": "Add project description to existing projects",
            "messageBody": "",
            "fileTypesAndContributionMap": {
              "functional-code": {
                "insertions": 53,
                "deletions": 9
              }
            }
          },
          {
            "hash": "46e08256e934c22c620977d05d935f9c05e7d85f",
            "messageTitle": "Add project description to existing projects",
            "messageBody": "",
            "fileTypesAndContributionMap": {
              "functional-code": {
                "insertions": 7,
                "deletions": 3
              }
            }
          }
        ]
      },
      {
        "date": "2020-10-13",
        "commitResults": [
          {
            "hash": "f1c515ba6176f9374f8bd5bf3618df41a40c0588",
            "messageTitle": "Add project description for specified projects",
            "messageBody": "",
            "fileTypesAndContributionMap": {
              "functional-code": {
                "insertions": 16,
                "deletions": 4
              }
            }
          },
          {
            "hash": "3fe7dc59dcfec3f7e1f81669609fe1e5c671c485",
            "messageTitle": "Added test case.",
            "messageBody": "",
            "fileTypesAndContributionMap": {
              "functional-code": {
                "insertions": 5,
                "deletions": 2
              },
              "other": {
                "insertions": 5,
                "deletions": 1
              },
              "test-code": {
                "insertions": 36,
                "deletions": 0
              }
            }
          },
          {
            "hash": "6cfa54941939e965e2e7bc44452feecf6c5d8ea6",
            "messageTitle": "Fixed Java CI / build (ubuntu-latest) (pull_request)",
            "messageBody": "",
            "fileTypesAndContributionMap": {
              "functional-code": {
                "insertions": 7,
                "deletions": 7
              }
            }
          }
        ]
      },
      {
        "date": "2020-10-15",
        "commitResults": [
          {
            "hash": "7f6a1a487d7f424c734805ea5ffab52b0994b0e6",
            "messageTitle": "Extracted printing elements to Ui class",
            "messageBody": "",
            "fileTypesAndContributionMap": {
              "functional-code": {
                "insertions": 96,
                "deletions": 35
              }
            }
          },
          {
            "hash": "60307b7d294242b03735d433de5cb80d5fa94d34",
            "messageTitle": "Fixed Java CI / build (ubuntu-latest) (pull_request)",
            "messageBody": "",
            "fileTypesAndContributionMap": {
              "functional-code": {
                "insertions": 2,
                "deletions": 2
              }
            }
          }
        ]
      },
      {
        "date": "2020-10-17",
        "commitResults": [
          {
            "hash": "012d5382930fbbaa7bd52fbaef86c0afe48963f4",
            "messageTitle": "no message",
            "messageBody": "",
            "fileTypesAndContributionMap": {
              "functional-code": {
                "insertions": 1,
                "deletions": 61
              }
            }
          },
          {
            "hash": "d1a61b793c3bb4065c36989c756175c0b0391c9d",
            "messageTitle": "Fixed merge conflict",
            "messageBody": "",
            "fileTypesAndContributionMap": {
              "functional-code": {
                "insertions": 23,
                "deletions": 13
              }
            }
          },
          {
            "hash": "5e1e1ad7de08364d03d3cd32d94117def54b525d",
            "messageTitle": "HomeView draft code",
            "messageBody": "",
            "fileTypesAndContributionMap": {
              "functional-code": {
                "insertions": 44,
                "deletions": 0
              }
            }
          },
          {
            "hash": "eefd38209c07b23d4a97245bb5d9eec0ac7f3594",
            "messageTitle": "HomeView Draft",
            "messageBody": "",
            "fileTypesAndContributionMap": {
              "functional-code": {
                "insertions": 24,
                "deletions": 15
              }
            }
          }
        ]
      },
      {
        "date": "2020-10-18",
        "commitResults": [
          {
            "hash": "2f55e9cafe934c973448b2f108e20d7de999f9ee",
            "messageTitle": "Added JUnit test for Project Description command and Select Project command.",
            "messageBody": "",
            "fileTypesAndContributionMap": {
              "functional-code": {
                "insertions": 30,
                "deletions": 18
              },
              "test-code": {
                "insertions": 57,
                "deletions": 10
              }
            }
          },
          {
            "hash": "fce3346d91442c33fb197e5d08c2e64864df45c7",
            "messageTitle": "Fixed Java CI / build (ubuntu-latest) (pull_request)",
            "messageBody": "",
            "fileTypesAndContributionMap": {
              "test-code": {
                "insertions": 2,
                "deletions": 2
              }
            }
          },
          {
            "hash": "fbeeebe1da68e6eafcbeaf3fc917bae522a732cf",
            "messageTitle": "Cleaned up draft Home View",
            "messageBody": "",
            "fileTypesAndContributionMap": {
              "functional-code": {
                "insertions": 3,
                "deletions": 5
              }
            }
          },
          {
            "hash": "54ef1b3c7007822f8c9987d5ed2fe0358c8f34de",
            "messageTitle": "Cleaned up draft Home View",
            "messageBody": "",
            "fileTypesAndContributionMap": {
              "functional-code": {
                "insertions": 8,
                "deletions": 19
              }
            }
          },
          {
            "hash": "4d3692e0d3691f85ff4d0026f6f5bab8a1cee95e",
            "messageTitle": "Add deadline to Project and jUnit test for this feature",
            "messageBody": "",
            "fileTypesAndContributionMap": {
              "functional-code": {
                "insertions": 60,
                "deletions": 13
              },
              "test-code": {
                "insertions": 69,
                "deletions": 0
              }
            }
          }
        ]
      },
      {
        "date": "2020-10-19",
        "commitResults": [
          {
            "hash": "3ac30849f4a8751345a28d904f29fb5e486b99c5",
            "messageTitle": "Updated JUnit testing",
            "messageBody": "",
            "fileTypesAndContributionMap": {
              "functional-code": {
                "insertions": 9,
                "deletions": 22
              },
              "test-code": {
                "insertions": 39,
                "deletions": 30
              }
            }
          }
        ]
      },
      {
        "date": "2020-10-20",
        "commitResults": [
          {
            "hash": "1e7afc2f9f769a7fcba446c9e3e17951e45d4ee6",
            "messageTitle": "Changed the catching of exceptions for IndexOutOfBounds inside the executeCommand()",
            "messageBody": "",
            "fileTypesAndContributionMap": {
              "functional-code": {
                "insertions": 10,
                "deletions": 5
              },
              "test-code": {
                "insertions": 13,
                "deletions": 10
              }
            }
          },
          {
            "hash": "9f4db2e54065222556a669e1f4f3b71e8cb0d964",
            "messageTitle": "Fixed Java CI / build (ubuntu-latest) (pull_request)",
            "messageBody": "",
            "fileTypesAndContributionMap": {
              "test-code": {
                "insertions": 4,
                "deletions": 2
              }
            }
          },
          {
            "hash": "57ae410c621b29a742e6b4e1fb47c5c787e5d47f",
            "messageTitle": "Fixed gradle test",
            "messageBody": "",
            "fileTypesAndContributionMap": {
              "functional-code": {
                "insertions": 2,
                "deletions": 2
              },
              "test-code": {
                "insertions": 2,
                "deletions": 2
              }
            }
          },
          {
            "hash": "add2209a621044cf0d6ef77538291dd0edf0ffc6",
            "messageTitle": "Fixed Grade Check",
            "messageBody": "",
            "fileTypesAndContributionMap": {
              "test-code": {
                "insertions": 5,
                "deletions": 2
              }
            }
          },
          {
            "hash": "5ee0d04bfdd8e184f1b92c62c568404aa8ed9544",
            "messageTitle": "Resolved comments made in PR",
            "messageBody": "",
            "fileTypesAndContributionMap": {
              "functional-code": {
                "insertions": 8,
                "deletions": 15
              }
            }
          },
          {
            "hash": "f2f8dd3e87c48e6428607bdcba06037721e5e248",
            "messageTitle": "Fixed and added exceptions to select and delete command to both project and task",
            "messageBody": "",
            "fileTypesAndContributionMap": {
              "functional-code": {
                "insertions": 32,
                "deletions": 16
              }
            }
          },
          {
            "hash": "1cc06d0a80d015099180a52e1e7906c90c9c7a8d",
            "messageTitle": "\"list\" feature for projects will now be sorted by deadline, starting with earliest dates at the top of the list",
            "messageBody": "",
            "fileTypesAndContributionMap": {
              "functional-code": {
                "insertions": 39,
                "deletions": 9
              },
              "test-code": {
                "insertions": 44,
                "deletions": 1
              }
            }
          },
          {
            "hash": "18dbd8cadb32dca51f06fff5755804e22ff49898",
            "messageTitle": "Fixed Gradle check",
            "messageBody": "",
            "fileTypesAndContributionMap": {
              "test-code": {
                "insertions": 6,
                "deletions": 9
              }
            }
          }
        ]
      },
      {
        "date": "2020-10-25",
        "commitResults": [
          {
            "hash": "f49477f774f438f22991fda9124bf9965d6ef9e1",
            "messageTitle": "Fixed Gradle test",
            "messageBody": "",
            "fileTypesAndContributionMap": {
              "test-code": {
                "insertions": 3,
                "deletions": 1
              }
            }
          },
          {
            "hash": "4c4ee4c9a54f8fe1ad9aa45c354a72f56219c8fd",
            "messageTitle": "Fixed Gradle check",
            "messageBody": "",
            "fileTypesAndContributionMap": {
              "test-code": {
                "insertions": 1,
                "deletions": 1
              }
            }
          },
          {
            "hash": "eb2c7f3d3a579538f2b26d14e271824477dfb89f",
            "messageTitle": "Added try-catch statement to catch index out of bounds exception",
            "messageBody": "",
            "fileTypesAndContributionMap": {
              "functional-code": {
                "insertions": 16,
                "deletions": 12
              }
            }
          }
        ]
      },
      {
        "date": "2020-10-26",
        "commitResults": [
          {
            "hash": "ab5e9ae3ea66abdd603d8d6d5e619b10d2a6ff9a",
            "messageTitle": "Fixed members features related to printing list of members and assigning members to project",
            "messageBody": "",
            "fileTypesAndContributionMap": {
              "functional-code": {
                "insertions": 39,
                "deletions": 13
              }
            }
          },
          {
            "hash": "8e1add787b01be6969c6f64f031aa542d6d5b53a",
            "messageTitle": "Fixed checkStyle errors",
            "messageBody": "",
            "fileTypesAndContributionMap": {
              "functional-code": {
                "insertions": 3,
                "deletions": 6
              }
            }
          },
          {
            "hash": "5577d0308ae5171085b6d29da5661b07eef5cf06",
            "messageTitle": "Fixed Gradle test",
            "messageBody": "",
            "fileTypesAndContributionMap": {
              "test-code": {
                "insertions": 1,
                "deletions": 1
              }
            }
          }
        ]
      },
      {
        "date": "2020-10-27",
        "commitResults": [
          {
            "hash": "f9e03511f913a270a330cd5f1f0ea505aa9ab431",
            "messageTitle": "Added additional information to be displayed in the HomeView. Missing contents include status of project, role of member and assigned projects of members",
            "messageBody": "",
            "fileTypesAndContributionMap": {
              "functional-code": {
                "insertions": 77,
                "deletions": 12
              }
            }
          },
          {
            "hash": "f1905c68b2c90d18a4af9afcf90410965dd544d6",
            "messageTitle": "Updated HomeView (missing features \"done\" project and \"role\" members)",
            "messageBody": "",
            "fileTypesAndContributionMap": {
              "functional-code": {
                "insertions": 29,
                "deletions": 19
              }
            }
          }
        ]
      }
    ],
    "shreytheshreyas": [
      {
        "date": "2020-10-01",
        "commitResults": [
          {
            "hash": "39a981eb812b0cf2d3ace90c6f2849949d354481",
            "messageTitle": "Updated about us",
            "messageBody": "",
            "fileTypesAndContributionMap": {
              "docs": {
                "insertions": 2,
                "deletions": 5
              }
            }
          }
        ]
      },
      {
        "date": "2020-10-07",
        "commitResults": [
          {
            "hash": "1309c478c503870e0b4602695a9c3f437ea4f2be",
            "messageTitle": "Update Parser.java",
            "messageBody": "resolved problems in this file",
            "fileTypesAndContributionMap": {
              "functional-code": {
                "insertions": 2,
                "deletions": 5
              }
            }
          },
          {
            "hash": "df9b52fac7bf72cddb85041096d1047a71e246aa",
            "messageTitle": "Update Project.java",
            "messageBody": "Resolved code style in this file and made symbols into constants",
            "fileTypesAndContributionMap": {
              "functional-code": {
                "insertions": 12,
                "deletions": 2
              }
            }
          },
          {
            "hash": "1184c21f73508bd150255358464d4a2c55e6fe53",
            "messageTitle": "Update ProjectList.java",
            "messageBody": "resolved code style in this file",
            "fileTypesAndContributionMap": {
              "functional-code": {
                "insertions": 3,
                "deletions": 1
              }
            }
          },
          {
            "hash": "d1245ca42d0bf3b18da5ea96b7d4ed25d779934d",
            "messageTitle": "Update Project.java",
            "messageBody": "removed unicode characters",
            "fileTypesAndContributionMap": {
              "functional-code": {
                "insertions": 3,
                "deletions": 3
              }
            }
          }
        ]
      },
      {
        "date": "2020-10-13",
        "commitResults": [
          {
            "hash": "6882c6a7d0b0970d9b9bc674d4bf55bbd1bb8a99",
            "messageTitle": "Implemented the remove memeber functionality",
            "messageBody": "",
            "fileTypesAndContributionMap": {
              "functional-code": {
                "insertions": 28,
                "deletions": 6
              }
            }
          },
          {
            "hash": "a0a34b61970f06c37ebbea19095e762f9b13250e",
            "messageTitle": "Update DeleteTeamMemberCommand.java",
            "messageBody": "",
            "fileTypesAndContributionMap": {
              "functional-code": {
                "insertions": 3,
                "deletions": 2
              }
            }
          }
        ]
      },
      {
        "date": "2020-10-14",
        "commitResults": [
          {
            "hash": "60bada8a133951612c797ca806f464e3e3a51963",
            "messageTitle": "deleteMethod returns a string and include a function in memberlist class to check if a member is present in the list",
            "messageBody": "",
            "fileTypesAndContributionMap": {
              "functional-code": {
                "insertions": 8,
                "deletions": 1
              }
            }
          },
          {
            "hash": "b4181081099aeaedbc5d2cac429ce26bb7baedd5",
            "messageTitle": "replaced memberName with  with inputCommand array",
            "messageBody": "",
            "fileTypesAndContributionMap": {
              "functional-code": {
                "insertions": 2,
                "deletions": 4
              }
            }
          },
          {
            "hash": "0365c129aed38576e56147f9ecc66dbd577523c6",
            "messageTitle": "Made program lines concise",
            "messageBody": "",
            "fileTypesAndContributionMap": {
              "functional-code": {
                "insertions": 1,
                "deletions": 1
              }
            }
          },
          {
            "hash": "d1712e3648a8b213425a844ed0a474adcd1180e6",
            "messageTitle": "Implemented Exceptions Class",
            "messageBody": "",
            "fileTypesAndContributionMap": {
              "functional-code": {
                "insertions": 37,
                "deletions": 1
              }
            }
          },
          {
            "hash": "38bde76de0aec3ff2a03e127997663e3fb5fe2a6",
            "messageTitle": "Resolved problem with DukeException Objects",
            "messageBody": "",
            "fileTypesAndContributionMap": {
              "functional-code": {
                "insertions": 23,
                "deletions": 35
              }
            }
          },
          {
            "hash": "5dc00bbbc98de2205b1a3c3e0f22f6308b05f828",
            "messageTitle": "made line break for catch\u0027s arguments",
            "messageBody": "",
            "fileTypesAndContributionMap": {
              "functional-code": {
                "insertions": 2,
                "deletions": 1
              }
            }
          },
          {
            "hash": "538253dea61bf6566cbce6c4426bafe7ad79b2b9",
            "messageTitle": "resolved code style",
            "messageBody": "",
            "fileTypesAndContributionMap": {
              "functional-code": {
                "insertions": 1,
                "deletions": 0
              }
            }
          },
          {
            "hash": "dbcd40281d730dda52b0e0c50446f06d7651a309",
            "messageTitle": "style changes",
            "messageBody": "",
            "fileTypesAndContributionMap": {
              "functional-code": {
                "insertions": 2,
                "deletions": 1
              }
            }
          },
          {
            "hash": "7405139c0552c8533da5667c48cbc579cfcab97e",
            "messageTitle": "Remove by Index",
            "messageBody": "",
            "fileTypesAndContributionMap": {
              "functional-code": {
                "insertions": 12,
                "deletions": 11
              }
            }
          },
          {
            "hash": "bc11fb6eaec0b6ad731bfe2564a0483ae798a19c",
            "messageTitle": "changed to input array in parser class",
            "messageBody": "",
            "fileTypesAndContributionMap": {
              "functional-code": {
                "insertions": 1,
                "deletions": 1
              }
            }
          },
          {
            "hash": "260676d36ec2dd78d71ffa1a31b57b11f2cde3c9",
            "messageTitle": "resolve exceptions",
            "messageBody": "",
            "fileTypesAndContributionMap": {
              "functional-code": {
                "insertions": 7,
                "deletions": 4
              }
            }
          }
        ]
      },
      {
        "date": "2020-10-15",
        "commitResults": [
          {
            "hash": "3f24ead12e6e824b31a710f3d5c382bd2d45b39d",
            "messageTitle": "Style changes",
            "messageBody": "",
            "fileTypesAndContributionMap": {
              "functional-code": {
                "insertions": 3,
                "deletions": 2
              }
            }
          }
        ]
      },
      {
        "date": "2020-10-16",
        "commitResults": [
          {
            "hash": "09c61d5cef16ca0ee7f70868e03148ec0e869842",
            "messageTitle": "code style changes",
            "messageBody": "",
            "fileTypesAndContributionMap": {
              "functional-code": {
                "insertions": 1,
                "deletions": 1
              }
            }
          },
          {
            "hash": "07560fb6433637a98119cd22ad02d52d467ee459",
            "messageTitle": "refactored redundant methods",
            "messageBody": "",
            "fileTypesAndContributionMap": {
              "functional-code": {
                "insertions": 32,
                "deletions": 41
              }
            }
          },
          {
            "hash": "22e85d2afbc5c8f91f713bc1d07cf8a0fda007d9",
            "messageTitle": "refactored redundant methods",
            "messageBody": "",
            "fileTypesAndContributionMap": {
              "functional-code": {
                "insertions": 1,
                "deletions": 1
              }
            }
          }
        ]
      },
      {
        "date": "2020-10-17",
        "commitResults": [
          {
            "hash": "bb1b648f2c81428abcacd0bd2451dc9ba203b733",
            "messageTitle": "SLAPped paser class and made sure commands adhere to user guide",
            "messageBody": "",
            "fileTypesAndContributionMap": {
              "functional-code": {
                "insertions": 154,
                "deletions": 66
              }
            }
          },
          {
            "hash": "1124e778c3b8936a6d66816d2c1f26eab0dcfd9a",
            "messageTitle": "style changes",
            "messageBody": "",
            "fileTypesAndContributionMap": {
              "functional-code": {
                "insertions": 9,
                "deletions": 9
              }
            }
          },
          {
            "hash": "8090b08bfaabeeb24a0945ab0d34b58207f9db1d",
            "messageTitle": "style changes",
            "messageBody": "",
            "fileTypesAndContributionMap": {
              "other": {
                "insertions": 0,
                "deletions": 1
              }
            }
          },
          {
            "hash": "a315472f8bb95443e6d52f26875a320dd04f7f50",
            "messageTitle": "style changes",
            "messageBody": "",
            "fileTypesAndContributionMap": {
              "other": {
                "insertions": 1,
                "deletions": 0
              }
            }
          },
          {
            "hash": "7a5b3c24c796282093efeef876ffb01f59981a86",
            "messageTitle": "tried to fix io error",
            "messageBody": "",
            "fileTypesAndContributionMap": {
              "functional-code": {
                "insertions": 1,
                "deletions": 1
              }
            }
          },
          {
            "hash": "45b91a1094ae015f8e7ce9cac097518e5bb6f983",
            "messageTitle": "tried to fix io error",
            "messageBody": "",
            "fileTypesAndContributionMap": {
              "other": {
                "insertions": 0,
                "deletions": 1
              }
            }
          },
          {
            "hash": "5d9ecba729357461d8146e7ea94b8b095028320f",
            "messageTitle": "tried to fix io error",
            "messageBody": "",
            "fileTypesAndContributionMap": {
              "other": {
                "insertions": 1,
                "deletions": 0
              }
            }
          }
        ]
      },
      {
        "date": "2020-10-21",
        "commitResults": [
          {
            "hash": "5ae1775f5ebe13b1ad9f14e578aecd1267d8674c",
            "messageTitle": "implemented assign member to a project",
            "messageBody": "",
            "fileTypesAndContributionMap": {
              "functional-code": {
                "insertions": 66,
                "deletions": 1
              }
            }
          },
          {
            "hash": "2cbc32732ce4dd1dd1eec311f2d6ce8810a9aaca",
            "messageTitle": "Implemented assign Member to a project",
            "messageBody": "",
            "fileTypesAndContributionMap": {
              "functional-code": {
                "insertions": 10,
                "deletions": 5
              }
            }
          },
          {
            "hash": "552911bd4903d0093499d43398c31297d6f78769",
            "messageTitle": "style changes",
            "messageBody": "",
            "fileTypesAndContributionMap": {
              "functional-code": {
                "insertions": 6,
                "deletions": 5
              }
            }
          },
          {
            "hash": "7302e1a1116603cb8bb4e8133797845bb7908803",
            "messageTitle": "updated expected.txt.and output.txt",
            "messageBody": "",
            "fileTypesAndContributionMap": {
              "other": {
                "insertions": 1,
                "deletions": 1
              }
            }
          }
        ]
      },
      {
        "date": "2020-10-25",
        "commitResults": [
          {
            "hash": "b2d758cf8a3517cf5b14f122e476c05e2aef58e6",
            "messageTitle": "Implemented Junit Tests",
            "messageBody": "",
            "fileTypesAndContributionMap": {
              "functional-code": {
                "insertions": 8,
                "deletions": 4
              },
              "test-code": {
                "insertions": 77,
                "deletions": 0
              }
            }
          },
          {
            "hash": "20b62e07afd1af14993976b7aa0b7bc03d83d444",
            "messageTitle": "made test for feature and fixed styling errors",
            "messageBody": "",
            "fileTypesAndContributionMap": {
              "test-code": {
                "insertions": 21,
                "deletions": 15
              }
            }
          }
        ]
      }
    ],
    "riazaham": [
      {
        "date": "2020-10-01",
        "commitResults": [
          {
            "hash": "36b399a5083b778884461146ba70dc66466eb193",
            "messageTitle": "About us updated",
            "messageBody": "",
            "fileTypesAndContributionMap": {
              "docs": {
                "insertions": 1,
                "deletions": 1
              }
            }
          }
        ]
      },
      {
        "date": "2020-10-07",
        "commitResults": [
          {
            "hash": "3cb0955101ab4f0f97007420316eefcd70836be2",
            "messageTitle": "Added select task and switch command",
            "messageBody": "",
            "fileTypesAndContributionMap": {
              "functional-code": {
                "insertions": 28,
                "deletions": 0
              }
            }
          }
        ]
      },
      {
        "date": "2020-10-08",
        "commitResults": [
          {
            "hash": "0c607f8d9cf7653931c796660ee8447e2d9c2406",
            "messageTitle": "Added selectTask and switch commands",
            "messageBody": "",
            "fileTypesAndContributionMap": {
              "functional-code": {
                "insertions": 85,
                "deletions": 48
              }
            }
          },
          {
            "hash": "191dcf54a4d82fae7142b9e6ae56b9cdf8927f6a",
            "messageTitle": "Modified Automated UITesting",
            "messageBody": "",
            "fileTypesAndContributionMap": {
              "functional-code": {
                "insertions": 2,
                "deletions": 0
              },
              "other": {
                "insertions": 0,
                "deletions": 3
              }
            }
          },
          {
            "hash": "6f9d747b56f73c5ae0df366fc5a247722f09c178",
            "messageTitle": "Fixed Testing",
            "messageBody": "",
            "fileTypesAndContributionMap": {
              "functional-code": {
                "insertions": 4,
                "deletions": 4
              },
              "other": {
                "insertions": 1,
                "deletions": 2
              }
            }
          }
        ]
      },
      {
        "date": "2020-10-12",
        "commitResults": [
          {
            "hash": "72c533269e97bba22078fe620938e84937c2d608",
            "messageTitle": "Added delete task function",
            "messageBody": "",
            "fileTypesAndContributionMap": {
              "functional-code": {
                "insertions": 125,
                "deletions": 43
              },
              "other": {
                "insertions": 64,
                "deletions": 17
              }
            }
          },
          {
            "hash": "8a10e73aa904e86092754baee39e61688b89cc67",
            "messageTitle": "Fixed package names",
            "messageBody": "",
            "fileTypesAndContributionMap": {
              "functional-code": {
                "insertions": 13,
                "deletions": 13
              },
              "other": {
                "insertions": 43,
                "deletions": 43
              }
            }
          },
          {
            "hash": "bcedbabdf06622e619b6724bc7ab8e44cf18aa70",
            "messageTitle": "checkstyle main fixed",
            "messageBody": "",
            "fileTypesAndContributionMap": {
              "functional-code": {
                "insertions": 16,
                "deletions": 14
              },
              "other": {
                "insertions": 30,
                "deletions": 30
              }
            }
          }
        ]
      },
      {
        "date": "2020-10-13",
        "commitResults": [
          {
            "hash": "87af8400088dcb39c3c9cd1e60ba856d80d9287c",
            "messageTitle": "Added base exception class",
            "messageBody": "",
            "fileTypesAndContributionMap": {
              "functional-code": {
                "insertions": 22,
                "deletions": 26
              },
              "other": {
                "insertions": 1,
                "deletions": 1
              }
            }
          },
          {
            "hash": "9def0b7c5508ceb742674c01fa1aa88c020f6500",
            "messageTitle": "Fixed checkstyle main",
            "messageBody": "",
            "fileTypesAndContributionMap": {
              "functional-code": {
                "insertions": 2,
                "deletions": 1
              }
            }
          }
        ]
      },
      {
        "date": "2020-10-17",
        "commitResults": [
          {
            "hash": "b7058af8e1482c3152a4710d844bb644d853e8a4",
            "messageTitle": "Added home command",
            "messageBody": "",
            "fileTypesAndContributionMap": {
              "functional-code": {
                "insertions": 43,
                "deletions": 12
              }
            }
          },
          {
            "hash": "cbdf48705d7cb61980379281ae6e178fe5747f99",
            "messageTitle": "Fixed checkstyle main",
            "messageBody": "",
            "fileTypesAndContributionMap": {
              "functional-code": {
                "insertions": 2,
                "deletions": 2
              }
            }
          },
          {
            "hash": "1b19f4eb2e7c0b9a5d48f75b31b0f99c2fe372f4",
            "messageTitle": "Added JUnit tests for Select-Task",
            "messageBody": "",
            "fileTypesAndContributionMap": {
              "functional-code": {
                "insertions": 4,
                "deletions": 9
              },
              "test-code": {
                "insertions": 71,
                "deletions": 0
              }
            }
          },
          {
            "hash": "d19c5aa009dd6cf0db151267a91d3f40a95355b9",
            "messageTitle": "Fixed checkstyletest",
            "messageBody": "",
            "fileTypesAndContributionMap": {
              "test-code": {
                "insertions": 5,
                "deletions": 5
              }
            }
          },
          {
            "hash": "2908fdda5f140d7537e0642c3129fb351948c97c",
            "messageTitle": "Added JUnit tests for Delete-Task",
            "messageBody": "",
            "fileTypesAndContributionMap": {
              "functional-code": {
                "insertions": 15,
                "deletions": 8
              },
              "test-code": {
                "insertions": 76,
                "deletions": 0
              }
            }
          },
          {
            "hash": "118d0c844f0638cb5de06e3bb1810355156541fa",
            "messageTitle": "Abstracted Home Command messages to Ui",
            "messageBody": "",
            "fileTypesAndContributionMap": {
              "functional-code": {
                "insertions": 11,
                "deletions": 2
              }
            }
          }
        ]
      },
      {
        "date": "2020-10-18",
        "commitResults": [
          {
            "hash": "f1e3eea9d7edcdd58cdd0953671cfa6f02738654",
            "messageTitle": "Initial Commit",
            "messageBody": "",
            "fileTypesAndContributionMap": {
              "functional-code": {
                "insertions": 19,
                "deletions": 0
              }
            }
          },
          {
            "hash": "3691c333b63c31beea4c73a4e9fa4ac29a9a9eb5",
            "messageTitle": "Asbtracted Logic to Command classes",
            "messageBody": "",
            "fileTypesAndContributionMap": {
              "functional-code": {
                "insertions": 199,
                "deletions": 169
              },
              "test-code": {
                "insertions": 18,
                "deletions": 10
              }
            }
          },
          {
            "hash": "e0eccc3d0063461f32eb039917ac83ddaf59e7ea",
            "messageTitle": "Assign person to task",
            "messageBody": "",
            "fileTypesAndContributionMap": {
              "functional-code": {
                "insertions": 46,
                "deletions": 4
              }
            }
          },
          {
            "hash": "e0a314f286c613791a31400e99c97dc91d9f9ec1",
            "messageTitle": "Creates a new member and adds them to task",
            "messageBody": "",
            "fileTypesAndContributionMap": {
              "functional-code": {
                "insertions": 10,
                "deletions": 1
              }
            }
          },
          {
            "hash": "a1f2d22e950d9ea7cc954bc6e2d09b58d4342791",
            "messageTitle": "Command initialised",
            "messageBody": "",
            "fileTypesAndContributionMap": {
              "functional-code": {
                "insertions": 66,
                "deletions": 9
              },
              "other": {
                "insertions": 3,
                "deletions": 4
              }
            }
          },
          {
            "hash": "01b3a9cacc93d7475412147e3ebd479b723d94f1",
            "messageTitle": "Fixed checkstylemain",
            "messageBody": "",
            "fileTypesAndContributionMap": {
              "functional-code": {
                "insertions": 8,
                "deletions": 2
              }
            }
          },
          {
            "hash": "3024808c33b64fd65c42b346e9d6dc080d6820f0",
            "messageTitle": "Fixed checkstyle main",
            "messageBody": "",
            "fileTypesAndContributionMap": {
              "functional-code": {
                "insertions": 1,
                "deletions": 0
              }
            }
          }
        ]
      },
      {
        "date": "2020-10-19",
        "commitResults": [
          {
            "hash": "960f0809bcf2a10f32ae68f619c927d33ff09556",
            "messageTitle": "Have modified DukeExceptions",
            "messageBody": "",
            "fileTypesAndContributionMap": {
              "functional-code": {
                "insertions": 38,
                "deletions": 38
              }
            }
          }
        ]
      },
      {
        "date": "2020-10-20",
        "commitResults": [
          {
            "hash": "d13ef045a6c11e4f11fab2e1f12602031a3f7714",
            "messageTitle": "Assigned member to task command implemented",
            "messageBody": "",
            "fileTypesAndContributionMap": {
              "functional-code": {
                "insertions": 81,
                "deletions": 97
              },
              "other": {
                "insertions": 16,
                "deletions": 20
              }
            }
          },
          {
            "hash": "7480797062163cdacf83e94279865342861542e2",
            "messageTitle": "Initial",
            "messageBody": "",
            "fileTypesAndContributionMap": {
              "other": {
                "insertions": 0,
                "deletions": 0
              },
              "test-code": {
                "insertions": 4,
                "deletions": 0
              }
            }
          },
          {
            "hash": "d87afffc39126dd06cf0610bf5d5252e6404f488",
            "messageTitle": "Initial Commit",
            "messageBody": "",
            "fileTypesAndContributionMap": {
              "functional-code": {
                "insertions": 37,
                "deletions": 19
              },
              "test-code": {
                "insertions": 150,
                "deletions": 54
              }
            }
          },
          {
            "hash": "ff56ae5cf2811502798e759eb4ce9fff448b964a",
            "messageTitle": "Fixed checkstyletest",
            "messageBody": "",
            "fileTypesAndContributionMap": {
              "functional-code": {
                "insertions": 1,
                "deletions": 0
              },
              "test-code": {
                "insertions": 22,
                "deletions": 15
              }
            }
          },
          {
            "hash": "4b24e558ed4a937b64ccaa946b6aaa89094ef9e0",
            "messageTitle": "Fixed JUnit test for ProjectSelectCommand",
            "messageBody": "",
            "fileTypesAndContributionMap": {
              "other": {
                "insertions": 3,
                "deletions": 2
              }
            }
          },
          {
            "hash": "fcb11592a5b2cc258a409a9ec7054bd46a29b645",
            "messageTitle": "Fixed checkstyletest v2",
            "messageBody": "",
            "fileTypesAndContributionMap": {
              "test-code": {
                "insertions": 3,
                "deletions": 1
              }
            }
          },
          {
            "hash": "172fe987a2b713a4752c1067fb97fab5df26cdaa",
            "messageTitle": "Fixed checkstyletest v3",
            "messageBody": "",
            "fileTypesAndContributionMap": {
              "test-code": {
                "insertions": 3,
                "deletions": 3
              }
            }
          },
          {
            "hash": "24903f4194a4e9006e0ebc3199b7ecc36a6c7a86",
            "messageTitle": "Fixed merge conflicts v2",
            "messageBody": "",
            "fileTypesAndContributionMap": {
              "functional-code": {
                "insertions": 7,
                "deletions": 9
              }
            }
          },
          {
            "hash": "b571a0e1c3c1c4f31cdd40800ba2e1e7d8ccca4f",
            "messageTitle": "Added JUnit test for priority",
            "messageBody": "",
            "fileTypesAndContributionMap": {
              "functional-code": {
                "insertions": 10,
                "deletions": 10
              },
              "test-code": {
                "insertions": 73,
                "deletions": 1
              }
            }
          },
          {
            "hash": "1001b927ff8f9af5797b9e4e24ea4d2829d72189",
            "messageTitle": "Fixed checkstyletest",
            "messageBody": "",
            "fileTypesAndContributionMap": {
              "test-code": {
                "insertions": 2,
                "deletions": 1
              }
            }
          }
        ]
      },
      {
        "date": "2020-10-21",
        "commitResults": [
          {
            "hash": "e488283ba8d19b5714727f00a7490af3ae7a6a18",
            "messageTitle": "Fixed checkstylemain",
            "messageBody": "",
            "fileTypesAndContributionMap": {
              "functional-code": {
                "insertions": 6,
                "deletions": 2
              }
            }
          },
          {
            "hash": "73630da96e6471a6023de24eb536ca63dfa273d2",
            "messageTitle": "Fixed checkstyletest",
            "messageBody": "",
            "fileTypesAndContributionMap": {
              "test-code": {
                "insertions": 11,
                "deletions": 5
              }
            }
          }
        ]
      },
      {
        "date": "2020-10-22",
        "commitResults": [
          {
            "hash": "0990c5d578664baafece5636958eab56f5e151db",
            "messageTitle": "Fixed JUnit tests",
            "messageBody": "",
            "fileTypesAndContributionMap": {
              "functional-code": {
                "insertions": 2,
                "deletions": 2
              },
              "test-code": {
                "insertions": 1,
                "deletions": 1
              }
            }
          },
          {
            "hash": "67aa262577932bbafa3a81887fd4cf8bdeb28a95",
            "messageTitle": "Fixed compile java errors",
            "messageBody": "",
            "fileTypesAndContributionMap": {
              "functional-code": {
                "insertions": 8,
                "deletions": 2
              }
            }
          }
        ]
      },
      {
        "date": "2020-10-25",
        "commitResults": [
          {
            "hash": "83f9456fe5d707ae3b336e99fc6637c9a6be9fb2",
            "messageTitle": "Initial Commit",
            "messageBody": "",
            "fileTypesAndContributionMap": {
              "docs": {
                "insertions": 192,
                "deletions": 16
              }
            }
          },
          {
            "hash": "fbe1fcb9f529707eb106b033a7eca15e4a370fc2",
            "messageTitle": "Fixed typos",
            "messageBody": "",
            "fileTypesAndContributionMap": {
              "docs": {
                "insertions": 11,
                "deletions": 7
              }
            }
          },
          {
            "hash": "6b8c065320f32be349cab7bba6cfd3cc5faea40f",
            "messageTitle": "Added member commands",
            "messageBody": "",
            "fileTypesAndContributionMap": {
              "docs": {
                "insertions": 71,
                "deletions": 1
              }
            }
          },
          {
            "hash": "9177e3f9a312dd02c507276002660cc597ccdb0b",
            "messageTitle": "UG Draft 1",
            "messageBody": "",
            "fileTypesAndContributionMap": {
              "docs": {
                "insertions": 77,
                "deletions": 21
              }
            }
          },
          {
            "hash": "be5b61d3911361c88d0bdbc81fe778b77d9c3bf8",
            "messageTitle": "Testing toc",
            "messageBody": "",
            "fileTypesAndContributionMap": {
              "docs": {
                "insertions": 4,
                "deletions": 0
              }
            }
          },
          {
            "hash": "3132f13da8a34a697bd72297713a06e8d49045f5",
            "messageTitle": "Table of contents",
            "messageBody": "",
            "fileTypesAndContributionMap": {
              "docs": {
                "insertions": 31,
                "deletions": 1
              }
            }
          },
          {
            "hash": "49ccf9c3151e8dd8d036e36a8bd6b3b6c4b57c63",
            "messageTitle": "Fixed typos",
            "messageBody": "",
            "fileTypesAndContributionMap": {
              "docs": {
                "insertions": 4,
                "deletions": 4
              }
            }
          },
          {
            "hash": "7e1f97ef8b7e91c1b1967762ea4a0585f3af7d56",
            "messageTitle": "Fixed checkstyletest",
            "messageBody": "",
            "fileTypesAndContributionMap": {
              "test-code": {
                "insertions": 0,
                "deletions": 7
              }
            }
          }
        ]
      },
      {
        "date": "2020-10-26",
        "commitResults": [
          {
            "hash": "6aeb2473d0ca2b18ae5b91d3afb32f01ec7da4a7",
            "messageTitle": "Abstracted all classes",
            "messageBody": "",
            "fileTypesAndContributionMap": {
              "functional-code": {
                "insertions": 142,
                "deletions": 125
              },
              "test-code": {
                "insertions": 16,
                "deletions": 8
              }
            }
          },
          {
            "hash": "c251f503a846677fd6e9498e2cd2c8833164c615",
            "messageTitle": "Fixed JUnit tests",
            "messageBody": "",
            "fileTypesAndContributionMap": {
              "test-code": {
                "insertions": 4,
                "deletions": 2
              }
            }
          },
          {
            "hash": "1c1ac7a61c358b6a027dafd0c8d6e9d7367d944a",
            "messageTitle": "Added JUnit tests",
            "messageBody": "",
            "fileTypesAndContributionMap": {
              "functional-code": {
                "insertions": 7,
                "deletions": 4
              },
              "other": {
                "insertions": 4,
                "deletions": 2
              },
              "test-code": {
                "insertions": 146,
                "deletions": 0
              }
            }
          },
          {
            "hash": "4472881d60d28816f663b3b103a4543b53e25c29",
            "messageTitle": "Fixed checkstyletest",
            "messageBody": "",
            "fileTypesAndContributionMap": {
              "test-code": {
                "insertions": 4,
                "deletions": 3
              }
            }
          },
          {
            "hash": "d7f7e5ab32127b7c36a1d371d05aac881c318e3e",
            "messageTitle": "Fixed testing",
            "messageBody": "",
            "fileTypesAndContributionMap": {
              "functional-code": {
                "insertions": 5,
                "deletions": 4
              },
              "test-code": {
                "insertions": 5,
                "deletions": 6
              }
            }
          }
        ]
      }
    ]
  },
  "authorFileTypeContributionMap": {
    "thatseant": {
      "docs": 82,
      "functional-code": 358,
      "test-code": 310
    },
    "samuelchristopher": {
      "docs": 1,
      "functional-code": 405,
      "test-code": 21
    },
    "samuellleow": {
      "docs": 2,
      "functional-code": 538,
      "test-code": 190
    },
    "shreytheshreyas": {
      "docs": 2,
      "functional-code": 101,
      "test-code": 77,
      "other": 1
    },
    "riazaham": {
      "docs": 247,
      "functional-code": 719,
      "test-code": 524
    }
  },
  "authorContributionVariance": {
    "thatseant": 8723.172,
    "samuelchristopher": 3284.4224,
    "samuellleow": 7707.8623,
    "shreytheshreyas": 2847.6777,
    "riazaham": 33912.02
  },
  "authorDisplayNameMap": {
    "thatseant": "CS2113T-T09-1 SEAN..I AN",
    "samuelchristopher": "CS2113T-T09-1 SAMU..PHER",
    "samuellleow": "CS2113T-T09-1 SAMU.. HAN",
    "shreytheshreyas": "CS2113T-T09-1 SHRE..UMAR",
    "riazaham": "CS2113T-T09-1 RIAZ..AMED"
  }
}
