{
  "authorDailyContributionsMap": {
    "Johnson-Yee": [
      {
        "date": "2020-10-02",
        "commitResults": [
          {
            "hash": "f6643d47b25d29d268876e6af7a8659dc0b94ca3",
            "messageTitle": "Addition of about us - Johnson",
            "messageBody": "",
            "fileTypesAndContributionMap": {
              "docs": {
                "insertions": 1,
                "deletions": 1
              }
            }
          }
        ]
      },
      {
        "date": "2020-10-09",
        "commitResults": [
          {
            "hash": "dd61516e8c42ac983a647c0759ba8e5cabf38910",
            "messageTitle": "Addition of RouteMapCommands class",
            "messageBody": "",
            "fileTypesAndContributionMap": {
              "functional-code": {
                "insertions": 71,
                "deletions": 9
              },
              "test-code": {
                "insertions": 38,
                "deletions": 0
              }
            }
          }
        ]
      },
      {
        "date": "2020-10-12",
        "commitResults": [
          {
            "hash": "097443c4eb0e8f7c4e08b1e2fed2c8b9600480a4",
            "messageTitle": "Edit RouteMapCommandTest",
            "messageBody": "",
            "fileTypesAndContributionMap": {
              "test-code": {
                "insertions": 0,
                "deletions": 29
              }
            }
          },
          {
            "hash": "364ddea841f90da3021c569c7b9a03e7b62bfbef",
            "messageTitle": "Addition of RouteMapCommand Class",
            "messageBody": "",
            "fileTypesAndContributionMap": {
              "functional-code": {
                "insertions": 3,
                "deletions": 11
              },
              "test-code": {
                "insertions": 0,
                "deletions": 9
              }
            }
          },
          {
            "hash": "2a17c4ff578470066b1b5fbe48985dc0773f212d",
            "messageTitle": "Addition of UiTest class",
            "messageBody": "",
            "fileTypesAndContributionMap": {
              "functional-code": {
                "insertions": 13,
                "deletions": 2
              },
              "test-code": {
                "insertions": 20,
                "deletions": 0
              }
            }
          },
          {
            "hash": "e6216501764ff4ab9ed32fe6f9f1874776b50480",
            "messageTitle": "Removal of UiTest file to be committed in UiTest branch",
            "messageBody": "",
            "fileTypesAndContributionMap": {
              "test-code": {
                "insertions": 0,
                "deletions": 20
              }
            }
          },
          {
            "hash": "c363315bfc730acbafb7ace7c03d6a06e4aa3e4d",
            "messageTitle": "Fix style checks for pull requests",
            "messageBody": "",
            "fileTypesAndContributionMap": {
              "functional-code": {
                "insertions": 20,
                "deletions": 19
              }
            }
          },
          {
            "hash": "5e536af5b1297cdbc5966b680bc37c17db26f311",
            "messageTitle": "Addition of initial RouteMapCommand",
            "messageBody": "",
            "fileTypesAndContributionMap": {
              "functional-code": {
                "insertions": 42,
                "deletions": 6
              }
            }
          }
        ]
      },
      {
        "date": "2020-10-13",
        "commitResults": [
          {
            "hash": "2bf20268042c2784d4bd20a07cbd2ee9ed114f61",
            "messageTitle": "Addition of route map class command",
            "messageBody": "",
            "fileTypesAndContributionMap": {
              "functional-code": {
                "insertions": 35,
                "deletions": 34
              }
            }
          },
          {
            "hash": "d40b0ca832eb01a00548802fb469cd18f37b09e8",
            "messageTitle": "Resolved merge conflicts from local repo and Shu Yi\u0027s addition of allbus command",
            "messageBody": "",
            "fileTypesAndContributionMap": {
              "functional-code": {
                "insertions": 6,
                "deletions": 54
              }
            }
          },
          {
            "hash": "63dbbcbbc948520bfb990349606d2bdbb6536ae6",
            "messageTitle": "Addition of route map command test",
            "messageBody": "",
            "fileTypesAndContributionMap": {
              "test-code": {
                "insertions": 36,
                "deletions": 0
              }
            }
          },
          {
            "hash": "59f97ab9b7c468c7b1e5230ef77344ea170f347d",
            "messageTitle": "Removal of BusRoute class as per skeleton code",
            "messageBody": "",
            "fileTypesAndContributionMap": {
              "functional-code": {
                "insertions": 0,
                "deletions": 66
              }
            }
          }
        ]
      },
      {
        "date": "2020-10-14",
        "commitResults": [
          {
            "hash": "fa1127ac0054a18f5899ac0bdab442c47c6be006",
            "messageTitle": "Remove BusRoute class",
            "messageBody": "",
            "fileTypesAndContributionMap": {
              "functional-code": {
                "insertions": 0,
                "deletions": 66
              }
            }
          }
        ]
      },
      {
        "date": "2020-10-15",
        "commitResults": [
          {
            "hash": "2d186e7c32ba86754b8fef1c27dd7ad87ab0e1cc",
            "messageTitle": "Addition of user guide. Ammended description of data in bus stops",
            "messageBody": "",
            "fileTypesAndContributionMap": {
              "functional-code": {
                "insertions": 10,
                "deletions": 10
              },
              "docs": {
                "insertions": 143,
                "deletions": 33
              }
            }
          },
          {
            "hash": "a37481024c923e273748255f4620c2a2482cea0b",
            "messageTitle": "Small amendments to readme",
            "messageBody": "",
            "fileTypesAndContributionMap": {
              "docs": {
                "insertions": 1,
                "deletions": 1
              }
            }
          },
          {
            "hash": "b2ceb9b25b92d5e3e29a7dcc5cb80bc495d0ed04",
            "messageTitle": "Resolved indentation in user guide",
            "messageBody": "",
            "fileTypesAndContributionMap": {
              "docs": {
                "insertions": 3,
                "deletions": 3
              }
            }
          },
          {
            "hash": "ece4328db9d9802fe1e5492d580a08e723152931",
            "messageTitle": "Update docs/UserGuide.md",
            "messageBody": "Co-authored-by: Wamzzz \u003c60306071+wamikamalik@users.noreply.github.com\u003e",
            "fileTypesAndContributionMap": {
              "docs": {
                "insertions": 1,
                "deletions": 2
              }
            }
          },
          {
            "hash": "8d9db6007af95aca882e1e8bd39beda344003091",
            "messageTitle": "Addition exception invalid bus to display invalid bus code",
            "messageBody": "",
            "fileTypesAndContributionMap": {
              "functional-code": {
                "insertions": 1,
                "deletions": 0
              }
            }
          },
          {
            "hash": "a50405f609d3ba6086d404ce8d6985b8ca22edd2",
            "messageTitle": "Exception handling and minor amendments to printFullRoute function in Ui",
            "messageBody": "",
            "fileTypesAndContributionMap": {
              "functional-code": {
                "insertions": 9,
                "deletions": 7
              }
            }
          },
          {
            "hash": "c55fd26cc5bbd2915add695402e7437bcf61ee4a",
            "messageTitle": "Addition of Junit test in RouteMapCommand class to check for printing of route",
            "messageBody": "",
            "fileTypesAndContributionMap": {
              "functional-code": {
                "insertions": 10,
                "deletions": 6
              },
              "test-code": {
                "insertions": 17,
                "deletions": 1
              }
            }
          },
          {
            "hash": "8f955620fe053a09b4db2349389b32015df697cc",
            "messageTitle": "Refactoring in RouteMapCommand",
            "messageBody": "",
            "fileTypesAndContributionMap": {
              "functional-code": {
                "insertions": 4,
                "deletions": 0
              }
            }
          }
        ]
      },
      {
        "date": "2020-10-19",
        "commitResults": [
          {
            "hash": "fd6a5dcda3968a0a6e66cd29e1770ceabbace036",
            "messageTitle": "Removal of nested user inputs in RouteMapCommand class",
            "messageBody": "",
            "fileTypesAndContributionMap": {
              "functional-code": {
                "insertions": 10,
                "deletions": 2
              }
            }
          },
          {
            "hash": "035cc9e8773b8541bf3e9f70d96a271cf7d52121",
            "messageTitle": "Addition of one more exception MISSING_BUS_CODE: to remind user to key in bus code",
            "messageBody": "",
            "fileTypesAndContributionMap": {
              "functional-code": {
                "insertions": 1,
                "deletions": 0
              }
            }
          },
          {
            "hash": "f491797c1a2bc90277f6f93ffe67228499edc693",
            "messageTitle": "Minor changes to accomodate change in routemapcommand class",
            "messageBody": "",
            "fileTypesAndContributionMap": {
              "functional-code": {
                "insertions": 3,
                "deletions": 1
              }
            }
          },
          {
            "hash": "3241effc245c5b0b4b89867e324f3672a22f3e73",
            "messageTitle": "Removal of printRouteSelectionMessage previously used in RouteMapCommand class",
            "messageBody": "",
            "fileTypesAndContributionMap": {
              "functional-code": {
                "insertions": 0,
                "deletions": 7
              }
            }
          },
          {
            "hash": "ca78f36393f64d44a9fdf8669b3cdbdf5395279e",
            "messageTitle": "Addition of JUnit test to check for missing inputs and invalid bus code",
            "messageBody": "",
            "fileTypesAndContributionMap": {
              "test-code": {
                "insertions": 14,
                "deletions": 0
              }
            }
          },
          {
            "hash": "6099cd70b81c9b96c3561ae458c3fdf0a9c82228",
            "messageTitle": "Addition of 1 JUnit test to check for parsing routeMapCommand correctly",
            "messageBody": "",
            "fileTypesAndContributionMap": {
              "test-code": {
                "insertions": 8,
                "deletions": 0
              }
            }
          }
        ]
      },
      {
        "date": "2020-10-21",
        "commitResults": [
          {
            "hash": "9cd5bd103c498e8bb3c6c19571c5ef7251fe40ec",
            "messageTitle": "Minor output mistake in assertion",
            "messageBody": "",
            "fileTypesAndContributionMap": {
              "other": {
                "insertions": 0,
                "deletions": 0
              }
            }
          },
          {
            "hash": "9944332498a2f7c582efa4d1c32f15af6e7302a9",
            "messageTitle": "Minor changes in output of assertion",
            "messageBody": "",
            "fileTypesAndContributionMap": {
              "functional-code": {
                "insertions": 1,
                "deletions": 1
              }
            }
          },
          {
            "hash": "a7066bc735dab15f278ba3bb4d965908701de1cf",
            "messageTitle": "Addition of getAllSearchCount to get searches of each bus stop in the enum class",
            "messageBody": "",
            "fileTypesAndContributionMap": {
              "functional-code": {
                "insertions": 9,
                "deletions": 0
              }
            }
          },
          {
            "hash": "c1e9f0f4c503cffabde3aa27f376360d05221b9e",
            "messageTitle": "Removal of white space",
            "messageBody": "",
            "fileTypesAndContributionMap": {
              "functional-code": {
                "insertions": 1,
                "deletions": 0
              }
            }
          },
          {
            "hash": "173105348cf492f52e322e8bb7cafdafc62fd8b3",
            "messageTitle": "Renaming of variable",
            "messageBody": "",
            "fileTypesAndContributionMap": {
              "functional-code": {
                "insertions": 8,
                "deletions": 7
              }
            }
          },
          {
            "hash": "4b2e751a884277a184bda06e56f0eae1115301a4",
            "messageTitle": "Testing of FreqList in main function",
            "messageBody": "",
            "fileTypesAndContributionMap": {
              "functional-code": {
                "insertions": 3,
                "deletions": 0
              }
            }
          },
          {
            "hash": "baeb9c044c23f70b0ac6a1fd9fbd694efe0f277d",
            "messageTitle": "Edits to storage main class",
            "messageBody": "",
            "fileTypesAndContributionMap": {
              "functional-code": {
                "insertions": 6,
                "deletions": 2
              }
            }
          },
          {
            "hash": "1df031a873e845352c87d6275cd572618be78fee",
            "messageTitle": "Addition of FreqStorage class",
            "messageBody": "",
            "fileTypesAndContributionMap": {
              "functional-code": {
                "insertions": 60,
                "deletions": 0
              }
            }
          },
          {
            "hash": "32a6f75b79327094db1a9757cf0070c676cc7170",
            "messageTitle": "Implement search frequency increment to record search frequency",
            "messageBody": "",
            "fileTypesAndContributionMap": {
              "functional-code": {
                "insertions": 11,
                "deletions": 5
              }
            }
          },
          {
            "hash": "e4382d5fcbb9c5803f72596b9866d14fa64493d0",
            "messageTitle": "Addition of findBusstop, isValidBusStop, resetSearchFrequency and mostSearchedBusStop methods",
            "messageBody": "",
            "fileTypesAndContributionMap": {
              "functional-code": {
                "insertions": 56,
                "deletions": 18
              }
            }
          },
          {
            "hash": "33bc66288afc07e65e350b18d81ab953b8455d5e",
            "messageTitle": "Implementation of read and update file in main duke function",
            "messageBody": "",
            "fileTypesAndContributionMap": {
              "functional-code": {
                "insertions": 6,
                "deletions": 1
              }
            }
          },
          {
            "hash": "8d91be2e6d7e0a8adb68d1165bdbd45483187975",
            "messageTitle": "Addition of 2 new exception types for reading and updating errors",
            "messageBody": "",
            "fileTypesAndContributionMap": {
              "functional-code": {
                "insertions": 3,
                "deletions": 1
              }
            }
          },
          {
            "hash": "a846bd7da0a64863195f4fe7674e6caddd517732",
            "messageTitle": "Implement search count increment in bus function",
            "messageBody": "",
            "fileTypesAndContributionMap": {
              "functional-code": {
                "insertions": 1,
                "deletions": 0
              }
            }
          },
          {
            "hash": "e2e943162226e5c8b529c644f7a74f68a217d0b7",
            "messageTitle": "Addition of reset function to reset search frequency",
            "messageBody": "",
            "fileTypesAndContributionMap": {
              "functional-code": {
                "insertions": 6,
                "deletions": 4
              }
            }
          },
          {
            "hash": "e7b08b8f2615d66b57d6f8da92469e50dfd8788d",
            "messageTitle": "Amendment of FreqStorage class to store and read date accurately",
            "messageBody": "",
            "fileTypesAndContributionMap": {
              "functional-code": {
                "insertions": 13,
                "deletions": 7
              }
            }
          },
          {
            "hash": "d03d8d0d011f864d0174c15a28be08f66bfee8a7",
            "messageTitle": "Error handling for read and update file in abstract class Storage",
            "messageBody": "",
            "fileTypesAndContributionMap": {
              "functional-code": {
                "insertions": 7,
                "deletions": 3
              }
            }
          },
          {
            "hash": "2a220c3dad4a07c3d7e7cc50bdace60accf0961d",
            "messageTitle": "Addition of methods relevant to most searched bus stop",
            "messageBody": "",
            "fileTypesAndContributionMap": {
              "functional-code": {
                "insertions": 14,
                "deletions": 2
              }
            }
          },
          {
            "hash": "07d9aee058743c2137f8324cb3f48cb366da9835",
            "messageTitle": "Addition of reset search frequency command",
            "messageBody": "",
            "fileTypesAndContributionMap": {
              "functional-code": {
                "insertions": 12,
                "deletions": 0
              }
            }
          },
          {
            "hash": "c2e8582f9856ef4890857234f09fa79b1943e783",
            "messageTitle": "Fixing Expected input for IO redirection test",
            "messageBody": "",
            "fileTypesAndContributionMap": {
              "other": {
                "insertions": 32,
                "deletions": 0
              }
            }
          },
          {
            "hash": "552f8fe3111464f5d6d3afb11b0d971569327405",
            "messageTitle": "Change in expected.txt",
            "messageBody": "",
            "fileTypesAndContributionMap": {
              "other": {
                "insertions": 32,
                "deletions": 0
              }
            }
          },
          {
            "hash": "d4fc73e51640fbe51231baf4e6c491a829ca60a4",
            "messageTitle": "Removal of files",
            "messageBody": "",
            "fileTypesAndContributionMap": {
              "other": {
                "insertions": 0,
                "deletions": 32
              }
            }
          },
          {
            "hash": "e2027b4aa32b4eea6af6e2eebac56226c694cf0f",
            "messageTitle": "Temporary removal of createfile in loadfile",
            "messageBody": "",
            "fileTypesAndContributionMap": {
              "functional-code": {
                "insertions": 0,
                "deletions": 4
              }
            }
          },
          {
            "hash": "c3282c2f5dd782ed0e688b9f3d9cd2cce7f9d971",
            "messageTitle": "Addition of expected bat file",
            "messageBody": "",
            "fileTypesAndContributionMap": {
              "other": {
                "insertions": 1,
                "deletions": 1
              }
            }
          },
          {
            "hash": "661d7cfba8e5e930e683613dd4a1865c63eb6429",
            "messageTitle": "Removal of expected_bat.txt",
            "messageBody": "",
            "fileTypesAndContributionMap": {
              "other": {
                "insertions": 1,
                "deletions": 33
              }
            }
          },
          {
            "hash": "1323f57636eb3bb9276c06032b7b0916dc2c7f9a",
            "messageTitle": "Changes to introduction",
            "messageBody": "",
            "fileTypesAndContributionMap": {
              "docs": {
                "insertions": 13,
                "deletions": 6
              }
            }
          },
          {
            "hash": "aa10dfdd723b03695ba81eeda2ba0de498aa6196",
            "messageTitle": "Update src/main/java/seedu/duke/BusData.java",
            "messageBody": "Co-authored-by: Yuxin \u003c60455558+Lezn0@users.noreply.github.com\u003e",
            "fileTypesAndContributionMap": {
              "functional-code": {
                "insertions": 1,
                "deletions": 1
              }
            }
          }
        ]
      },
      {
        "date": "2020-10-22",
        "commitResults": [
          {
            "hash": "f297df625ba3f8e1285b394e5e3b851854707583",
            "messageTitle": "Addition of routemap feature in user guide",
            "messageBody": "",
            "fileTypesAndContributionMap": {
              "docs": {
                "insertions": 24,
                "deletions": 16
              }
            }
          },
          {
            "hash": "73fe5289592bb6ab83b4663001d203788e57bea3",
            "messageTitle": "Addition of pictures into ug routemap",
            "messageBody": "",
            "fileTypesAndContributionMap": {
              "docs": {
                "insertions": 7,
                "deletions": 2
              }
            }
          },
          {
            "hash": "d9d292b3c2abe83c115d130854b760e385139985",
            "messageTitle": "Resize images",
            "messageBody": "",
            "fileTypesAndContributionMap": {
              "docs": {
                "insertions": 10,
                "deletions": 10
              }
            }
          },
          {
            "hash": "fcbc3e165bdca2af1d5d23e169ec78361bfaf98b",
            "messageTitle": "Reformatting certain parts",
            "messageBody": "",
            "fileTypesAndContributionMap": {
              "docs": {
                "insertions": 8,
                "deletions": 4
              }
            }
          },
          {
            "hash": "734b4b59c914b5109cc38fceead063da39a7ad45",
            "messageTitle": "Addition of reset function into user guide",
            "messageBody": "",
            "fileTypesAndContributionMap": {
              "functional-code": {
                "insertions": 3,
                "deletions": 1
              },
              "docs": {
                "insertions": 21,
                "deletions": 9
              }
            }
          },
          {
            "hash": "a08e526e40407ef4ccbdc89c44fdd84d9e154627",
            "messageTitle": "Slight amendments to UG file",
            "messageBody": "",
            "fileTypesAndContributionMap": {
              "docs": {
                "insertions": 5,
                "deletions": 4
              }
            }
          },
          {
            "hash": "bc7ad35b6baa3d6c2e2f2e99148472c61c88751e",
            "messageTitle": "Addition of target user profile and value proposition to developers\u0027 guide",
            "messageBody": "",
            "fileTypesAndContributionMap": {
              "docs": {
                "insertions": 10,
                "deletions": 5
              }
            }
          }
        ]
      }
    ],
    "Lezn0": [
      {
        "date": "2020-10-02",
        "commitResults": [
          {
            "hash": "e25125d6c478ca44531c87b6a1321d72ed0661bd",
            "messageTitle": "Modify AboutUs.md",
            "messageBody": "",
            "fileTypesAndContributionMap": {
              "docs": {
                "insertions": 1,
                "deletions": 1
              }
            }
          }
        ]
      },
      {
        "date": "2020-10-12",
        "commitResults": [
          {
            "hash": "0d9f7fc569f658d160a5f9241859075f96c0911f",
            "messageTitle": "Add enum BusStops and ListStops function.",
            "messageBody": "Add basic descriptions for different bus stops.\nModify route for bus routes from string to BusStops type.\nModify BusData to take in BusStops type instead of String type for stops.\n",
            "fileTypesAndContributionMap": {
              "functional-code": {
                "insertions": 71,
                "deletions": 30
              }
            }
          },
          {
            "hash": "27e54cb85683e728fc6c36bdf08f193e8da32eaa",
            "messageTitle": "Update src/main/java/seedu/duke/BusStops.java",
            "messageBody": "",
            "fileTypesAndContributionMap": {
              "functional-code": {
                "insertions": 9,
                "deletions": 9
              }
            }
          }
        ]
      },
      {
        "date": "2020-10-15",
        "commitResults": [
          {
            "hash": "526f2e95f209bafa782c1a369c947ad7fea12385",
            "messageTitle": "Add JUnit test in parser and ListStopsCommand",
            "messageBody": "",
            "fileTypesAndContributionMap": {
              "functional-code": {
                "insertions": 15,
                "deletions": 10
              },
              "test-code": {
                "insertions": 27,
                "deletions": 3
              }
            }
          },
          {
            "hash": "0cb0bfd26d5f2d39df144cf15c3875eb22b1ddfb",
            "messageTitle": "Update src/main/java/seedu/duke/logic/parser/Parser.java",
            "messageBody": "Co-authored-by: Wamzzz \u003c60306071+wamikamalik@users.noreply.github.com\u003e",
            "fileTypesAndContributionMap": {
              "functional-code": {
                "insertions": 8,
                "deletions": 1
              }
            }
          },
          {
            "hash": "1bb88428f59069d2c7ead7d8387871277dc62203",
            "messageTitle": "Update src/main/java/seedu/duke/logic/commands/ListStopsCommand.java",
            "messageBody": "Co-authored-by: Wamzzz \u003c60306071+wamikamalik@users.noreply.github.com\u003e",
            "fileTypesAndContributionMap": {
              "functional-code": {
                "insertions": 1,
                "deletions": 1
              }
            }
          },
          {
            "hash": "aeae05c17e607e9d80e712f3d8dafda2be5dcdd9",
            "messageTitle": "Update src/test/java/seedu/duke/logic/parser/ParserTest.java",
            "messageBody": "Co-authored-by: Wamzzz \u003c60306071+wamikamalik@users.noreply.github.com\u003e",
            "fileTypesAndContributionMap": {
              "test-code": {
                "insertions": 4,
                "deletions": 2
              }
            }
          },
          {
            "hash": "55d1274a0e1c1d5c32e6c3d20bea98c6a06b8bd8",
            "messageTitle": "Add better UI",
            "messageBody": "",
            "fileTypesAndContributionMap": {
              "functional-code": {
                "insertions": 56,
                "deletions": 15
              },
              "test-code": {
                "insertions": 3,
                "deletions": 1
              }
            }
          },
          {
            "hash": "be90a22faacb33e6d2a46c3b25e476120c11d30f",
            "messageTitle": "Fix checkstyle",
            "messageBody": "",
            "fileTypesAndContributionMap": {
              "functional-code": {
                "insertions": 2,
                "deletions": 1
              }
            }
          },
          {
            "hash": "c44c48cd4a97bb3945081f7c0340d3be182a4065",
            "messageTitle": "FIx JUnit tests",
            "messageBody": "",
            "fileTypesAndContributionMap": {
              "test-code": {
                "insertions": 4,
                "deletions": 4
              }
            }
          }
        ]
      },
      {
        "date": "2020-10-18",
        "commitResults": [
          {
            "hash": "84c2db204116870599e8f2c2636119ae4d14565d",
            "messageTitle": "Modify toString function in bus.java",
            "messageBody": "",
            "fileTypesAndContributionMap": {
              "functional-code": {
                "insertions": 7,
                "deletions": 1
              }
            }
          },
          {
            "hash": "5e4b0cff8077e26c864d4bcf9cb0dae8b628af4e",
            "messageTitle": "Modify JUnit tests.",
            "messageBody": "",
            "fileTypesAndContributionMap": {
              "test-code": {
                "insertions": 2,
                "deletions": 2
              }
            }
          },
          {
            "hash": "fcd5179883021a9f71e774f79a571477ff3322ea",
            "messageTitle": "Add all bus data in NUS",
            "messageBody": "",
            "fileTypesAndContributionMap": {
              "functional-code": {
                "insertions": 81,
                "deletions": 5
              }
            }
          },
          {
            "hash": "f22a47d1d755012fdfabcb6f0df7361237a11163",
            "messageTitle": "Refactor bus data to BusInfo.java",
            "messageBody": "",
            "fileTypesAndContributionMap": {
              "functional-code": {
                "insertions": 101,
                "deletions": 93
              }
            }
          },
          {
            "hash": "99f2494e62545d1178f7e40e94f525e7f58cec65",
            "messageTitle": "Fix style",
            "messageBody": "",
            "fileTypesAndContributionMap": {
              "functional-code": {
                "insertions": 64,
                "deletions": 62
              }
            }
          }
        ]
      },
      {
        "date": "2020-10-19",
        "commitResults": [
          {
            "hash": "00d513095731ea02a92de32b39ba44a012c547aa",
            "messageTitle": "Update busStops.java",
            "messageBody": "Add closeNames array and search count for bus stops\n",
            "fileTypesAndContributionMap": {
              "functional-code": {
                "insertions": 40,
                "deletions": 13
              }
            }
          }
        ]
      },
      {
        "date": "2020-10-22",
        "commitResults": [
          {
            "hash": "b897e6960af27726bc6c44f0be5da8aeaf989578",
            "messageTitle": "Add updates to UG",
            "messageBody": "",
            "fileTypesAndContributionMap": {
              "docs": {
                "insertions": 8,
                "deletions": 38
              }
            }
          },
          {
            "hash": "83f13db1bacd79e3875477aed71e09cd5ed11af4",
            "messageTitle": "Modify size",
            "messageBody": "",
            "fileTypesAndContributionMap": {
              "docs": {
                "insertions": 3,
                "deletions": 3
              }
            }
          },
          {
            "hash": "f522164b148082ddfd0a257844111deeab360122",
            "messageTitle": "Modify size to 600",
            "messageBody": "",
            "fileTypesAndContributionMap": {
              "docs": {
                "insertions": 3,
                "deletions": 3
              }
            }
          },
          {
            "hash": "b9815ce883c8c1ed5e306540479817385d05753c",
            "messageTitle": "Update UserGuide.md",
            "messageBody": "",
            "fileTypesAndContributionMap": {
              "docs": {
                "insertions": 1,
                "deletions": 1
              }
            }
          },
          {
            "hash": "48c196e29a9ee91c3951dee7c74e50658ff57fd7",
            "messageTitle": "Update UserGuide.md",
            "messageBody": "",
            "fileTypesAndContributionMap": {
              "docs": {
                "insertions": 1,
                "deletions": 1
              }
            }
          }
        ]
      }
    ],
    "EthanWong2212": [
      {
        "date": "2020-10-02",
        "commitResults": [
          {
            "hash": "41ae61cfe1233e85efaff4047b9de0a46c53a0c9",
            "messageTitle": "tut random edit",
            "messageBody": "",
            "fileTypesAndContributionMap": {
              "docs": {
                "insertions": 2,
                "deletions": 0
              }
            }
          }
        ]
      },
      {
        "date": "2020-10-15",
        "commitResults": [
          {
            "hash": "f3f238a24e288be2ce3553906a1831b394b91d15",
            "messageTitle": "Add BusCommand class, extends Command class",
            "messageBody": "",
            "fileTypesAndContributionMap": {
              "functional-code": {
                "insertions": 27,
                "deletions": 0
              }
            }
          },
          {
            "hash": "c196d23bc5c5a67905c7552bb4f982e8804f7ce7",
            "messageTitle": "Add busAtStop method to BusData class",
            "messageBody": "",
            "fileTypesAndContributionMap": {
              "functional-code": {
                "insertions": 14,
                "deletions": 0
              }
            }
          },
          {
            "hash": "fbee708e1e53ddf248c8764735ad84bb6ba44fe1",
            "messageTitle": "Add switch case for /bus in Parser class",
            "messageBody": "",
            "fileTypesAndContributionMap": {
              "functional-code": {
                "insertions": 4,
                "deletions": 8
              }
            }
          },
          {
            "hash": "aa04449161fafbce9a5e243436e6d957304e3f6a",
            "messageTitle": "Add formatName method to BusStop class to format user bus stop input to standardised format",
            "messageBody": "",
            "fileTypesAndContributionMap": {
              "functional-code": {
                "insertions": 12,
                "deletions": 0
              }
            }
          },
          {
            "hash": "73dd0dcd629acf268b3339212033bc5fa170dbbf",
            "messageTitle": "Update BusCommand class constructor",
            "messageBody": "",
            "fileTypesAndContributionMap": {
              "functional-code": {
                "insertions": 6,
                "deletions": 4
              }
            }
          },
          {
            "hash": "3270b1777b5b30d09b388b0a6246df671a2e292c",
            "messageTitle": "Add exception type for invalid bus stop",
            "messageBody": "",
            "fileTypesAndContributionMap": {
              "functional-code": {
                "insertions": 2,
                "deletions": 1
              }
            }
          },
          {
            "hash": "075761f6ebe38f26c2e45947a54399487db825bc",
            "messageTitle": "update styling",
            "messageBody": "",
            "fileTypesAndContributionMap": {
              "functional-code": {
                "insertions": 12,
                "deletions": 6
              }
            }
          },
          {
            "hash": "4cfcbba4bba12a97ad4303d6d3d5afb59e91efd7",
            "messageTitle": "Add JUnit tests for busAtStop method in BusData",
            "messageBody": "",
            "fileTypesAndContributionMap": {
              "test-code": {
                "insertions": 50,
                "deletions": 0
              }
            }
          },
          {
            "hash": "a6664ed61e202f9658728b615d523995542a4537",
            "messageTitle": "Update formatName in BusStops",
            "messageBody": "",
            "fileTypesAndContributionMap": {
              "functional-code": {
                "insertions": 2,
                "deletions": 2
              }
            }
          },
          {
            "hash": "3ceed86769c2f357ef3f8a80bf1f26e66757018d",
            "messageTitle": "Remove BusCommandTest",
            "messageBody": "",
            "fileTypesAndContributionMap": {
              "test-code": {
                "insertions": 0,
                "deletions": 22
              }
            }
          },
          {
            "hash": "797f8224c105060acf3eee3302dc1063fcf1daf6",
            "messageTitle": "Add brief introduction for sections",
            "messageBody": "",
            "fileTypesAndContributionMap": {
              "docs": {
                "insertions": 8,
                "deletions": 0
              }
            }
          },
          {
            "hash": "b0b3943367e9bf72464f6f3fa04754f22377e64c",
            "messageTitle": "Assertion added to execute command in BusCommand class",
            "messageBody": "",
            "fileTypesAndContributionMap": {
              "functional-code": {
                "insertions": 1,
                "deletions": 2
              }
            }
          },
          {
            "hash": "625ac9aae705d75fc2bc9204c5cf7805341a7ab1",
            "messageTitle": "Update User Guide",
            "messageBody": "",
            "fileTypesAndContributionMap": {
              "docs": {
                "insertions": 2,
                "deletions": 2
              }
            }
          }
        ]
      },
      {
        "date": "2020-10-18",
        "commitResults": [
          {
            "hash": "2186ee209752662bb706e52005f9590f26b6349b",
            "messageTitle": "Creation of Storage abstract class with createFile function",
            "messageBody": "",
            "fileTypesAndContributionMap": {
              "functional-code": {
                "insertions": 32,
                "deletions": 1
              }
            }
          },
          {
            "hash": "e268acaab09a048f657eb27dbe9744aef6767c89",
            "messageTitle": "Creation of FavStorage class with constructor function",
            "messageBody": "",
            "fileTypesAndContributionMap": {
              "functional-code": {
                "insertions": 22,
                "deletions": 0
              }
            }
          },
          {
            "hash": "03f2f6e3978e71d1f785e9c1a2180a6b00d3c9ef",
            "messageTitle": "Creation of FavStorage object in Duke",
            "messageBody": "",
            "fileTypesAndContributionMap": {
              "functional-code": {
                "insertions": 2,
                "deletions": 1
              }
            }
          }
        ]
      },
      {
        "date": "2020-10-22",
        "commitResults": [
          {
            "hash": "2edb6d652866dcfc968edf3cd5934e49f95d87c9",
            "messageTitle": "Create Fav Class with getters",
            "messageBody": "",
            "fileTypesAndContributionMap": {
              "functional-code": {
                "insertions": 18,
                "deletions": 0
              }
            }
          },
          {
            "hash": "df67b43f3537e258ccc7c0ebfa73405493c47f11",
            "messageTitle": "Update main to read and update FavList.txt",
            "messageBody": "",
            "fileTypesAndContributionMap": {
              "functional-code": {
                "insertions": 8,
                "deletions": 2
              }
            }
          },
          {
            "hash": "d194f660ce6da81eef194c73132293708a15169c",
            "messageTitle": "Create FavList class with framework for modifying list",
            "messageBody": "",
            "fileTypesAndContributionMap": {
              "functional-code": {
                "insertions": 25,
                "deletions": 0
              }
            }
          },
          {
            "hash": "174cae4c232e5c45acdf3db8c353374900265f69",
            "messageTitle": "Create AddFavCommand class",
            "messageBody": "",
            "fileTypesAndContributionMap": {
              "functional-code": {
                "insertions": 14,
                "deletions": 0
              }
            }
          },
          {
            "hash": "e745093a0181ca211716f3ed37db4cbfa70c04e3",
            "messageTitle": "Create DeleteFavCommand class",
            "messageBody": "",
            "fileTypesAndContributionMap": {
              "functional-code": {
                "insertions": 11,
                "deletions": 0
              }
            }
          },
          {
            "hash": "0697c9b898b858968915d5fc989457370ab359d3",
            "messageTitle": "Create DescFavCommand class",
            "messageBody": "",
            "fileTypesAndContributionMap": {
              "functional-code": {
                "insertions": 12,
                "deletions": 0
              }
            }
          },
          {
            "hash": "87a80e7d61df01a6f533d1e16526c1e0d27d3f78",
            "messageTitle": "Create ExecFavCommand class",
            "messageBody": "",
            "fileTypesAndContributionMap": {
              "functional-code": {
                "insertions": 11,
                "deletions": 0
              }
            }
          },
          {
            "hash": "a989783f82c24c8e41cd30bb975c08fe42049a56",
            "messageTitle": "Create ListFavCommand class",
            "messageBody": "",
            "fileTypesAndContributionMap": {
              "functional-code": {
                "insertions": 12,
                "deletions": 0
              }
            }
          },
          {
            "hash": "3526c9d11d49e1038578395fc29797c4e9c7e20d",
            "messageTitle": "Update Parser to include Fav commands",
            "messageBody": "",
            "fileTypesAndContributionMap": {
              "functional-code": {
                "insertions": 17,
                "deletions": 8
              }
            }
          },
          {
            "hash": "553cf701545c9e655a3049865c935840af93d5c4",
            "messageTitle": "Add readFile and updateFile methods to FavStorage",
            "messageBody": "",
            "fileTypesAndContributionMap": {
              "functional-code": {
                "insertions": 24,
                "deletions": 3
              }
            }
          },
          {
            "hash": "f8486aea7fed4761e0312fd3c1df7cab406421a8",
            "messageTitle": "Update Storage class",
            "messageBody": "",
            "fileTypesAndContributionMap": {
              "functional-code": {
                "insertions": 3,
                "deletions": 2
              }
            }
          },
          {
            "hash": "9c22a27d2d89b981326b8ff85c44f945b5756620",
            "messageTitle": "Update Style",
            "messageBody": "",
            "fileTypesAndContributionMap": {
              "functional-code": {
                "insertions": 24,
                "deletions": 14
              }
            }
          },
          {
            "hash": "b767edca2feaa14d70b3348fa4a7a38c08716dae",
            "messageTitle": "update /bus feature for UG",
            "messageBody": "",
            "fileTypesAndContributionMap": {
              "docs": {
                "insertions": 39,
                "deletions": 11
              }
            }
          },
          {
            "hash": "f19073c84dc386d5a59f751ac0759d66ef29bab1",
            "messageTitle": "update /bus feature portion for ug",
            "messageBody": "",
            "fileTypesAndContributionMap": {
              "docs": {
                "insertions": 4,
                "deletions": 0
              }
            }
          },
          {
            "hash": "a80fbabe78b89cebd304ca57814d4bbf354ba6b3",
            "messageTitle": "update ug",
            "messageBody": "",
            "fileTypesAndContributionMap": {
              "docs": {
                "insertions": 7,
                "deletions": 10
              }
            }
          },
          {
            "hash": "b33d1d183dd3acb682f14d2733ab6ee16beb2b1e",
            "messageTitle": "Update docs/UserGuide.md",
            "messageBody": "Co-authored-by: Wamzzz \u003c60306071+wamikamalik@users.noreply.github.com\u003e",
            "fileTypesAndContributionMap": {
              "docs": {
                "insertions": 1,
                "deletions": 1
              }
            }
          }
        ]
      },
      {
        "date": "2020-10-24",
        "commitResults": [
          {
            "hash": "199b028f5803794484dea7e6979e17b6dd5c76b7",
            "messageTitle": "Update style",
            "messageBody": "",
            "fileTypesAndContributionMap": {
              "functional-code": {
                "insertions": 1,
                "deletions": 1
              }
            }
          },
          {
            "hash": "d2746a4781d5d935ebd145b4f0cffa48f1cd206d",
            "messageTitle": "Update style",
            "messageBody": "",
            "fileTypesAndContributionMap": {
              "functional-code": {
                "insertions": 5,
                "deletions": 5
              },
              "other": {
                "insertions": 5,
                "deletions": 5
              }
            }
          }
        ]
      }
    ],
    "mrwsy1": [
      {
        "date": "2020-10-02",
        "commitResults": [
          {
            "hash": "dbf969958be5c90fd4c22b24004b9b6efa4a5621",
            "messageTitle": "Test forking workflow",
            "messageBody": "",
            "fileTypesAndContributionMap": {
              "docs": {
                "insertions": 1,
                "deletions": 1
              }
            }
          }
        ]
      },
      {
        "date": "2020-10-12",
        "commitResults": [
          {
            "hash": "29fd846cd9e810ffaa5d0d93a0344539bcc78624",
            "messageTitle": "Add command class for /allbus",
            "messageBody": "",
            "fileTypesAndContributionMap": {
              "functional-code": {
                "insertions": 17,
                "deletions": 0
              }
            }
          },
          {
            "hash": "4d654959d7eb2835e96c47dc4cb5f2b51fc1c109",
            "messageTitle": "Add method to return bus list",
            "messageBody": "",
            "fileTypesAndContributionMap": {
              "functional-code": {
                "insertions": 4,
                "deletions": 0
              }
            }
          },
          {
            "hash": "48e4ff7b45f13d2432702f79e2bf02513c12fc53",
            "messageTitle": "Add switch case for /allbus",
            "messageBody": "",
            "fileTypesAndContributionMap": {
              "functional-code": {
                "insertions": 4,
                "deletions": 3
              }
            }
          },
          {
            "hash": "2d7726fb9d040e02e9e698163be42a977e58538e",
            "messageTitle": "Add method for printing all buses",
            "messageBody": "",
            "fileTypesAndContributionMap": {
              "functional-code": {
                "insertions": 7,
                "deletions": 0
              }
            }
          },
          {
            "hash": "95f52113120a63f253c709447b2c4ed85e5f76bc",
            "messageTitle": "Fix indentation",
            "messageBody": "",
            "fileTypesAndContributionMap": {
              "functional-code": {
                "insertions": 22,
                "deletions": 19
              }
            }
          }
        ]
      },
      {
        "date": "2020-10-15",
        "commitResults": [
          {
            "hash": "3fe085b6cb6c394df035389294b009badb23f702",
            "messageTitle": "Add junit test to parsertest",
            "messageBody": "",
            "fileTypesAndContributionMap": {
              "test-code": {
                "insertions": 17,
                "deletions": 1
              }
            }
          },
          {
            "hash": "7506eb5d87d4d3f40e541379bd6879cba42b2187",
            "messageTitle": "Fix format",
            "messageBody": "",
            "fileTypesAndContributionMap": {
              "functional-code": {
                "insertions": 1,
                "deletions": 0
              }
            }
          }
        ]
      },
      {
        "date": "2020-10-20",
        "commitResults": [
          {
            "hash": "fcbc1e7d331418ff2d5b0cb6f466b3fc7ff63491",
            "messageTitle": "Add /dine feature",
            "messageBody": "",
            "fileTypesAndContributionMap": {
              "functional-code": {
                "insertions": 47,
                "deletions": 0
              }
            }
          },
          {
            "hash": "f32fa29bfbd3aa605d14f1f001c9e073c4eb7131",
            "messageTitle": "Add getter",
            "messageBody": "",
            "fileTypesAndContributionMap": {
              "functional-code": {
                "insertions": 4,
                "deletions": 0
              }
            }
          },
          {
            "hash": "f6dfdbef64157d6a6353442a889e85abb9c4aeaf",
            "messageTitle": "Add getters",
            "messageBody": "",
            "fileTypesAndContributionMap": {
              "functional-code": {
                "insertions": 7,
                "deletions": 0
              }
            }
          },
          {
            "hash": "b1b793458bb959de87fad5cac3f9c474204dc30d",
            "messageTitle": "Add invalid faculty exception",
            "messageBody": "",
            "fileTypesAndContributionMap": {
              "functional-code": {
                "insertions": 2,
                "deletions": 1
              }
            }
          },
          {
            "hash": "1896bdb3d867cdf77df6be58aa3275c002aa01c9",
            "messageTitle": "Add /dine command",
            "messageBody": "",
            "fileTypesAndContributionMap": {
              "functional-code": {
                "insertions": 4,
                "deletions": 0
              }
            }
          },
          {
            "hash": "9fb7844bac5608b96b623dad7901c32586781e05",
            "messageTitle": "Update /dine feature",
            "messageBody": "",
            "fileTypesAndContributionMap": {
              "functional-code": {
                "insertions": 11,
                "deletions": 5
              }
            }
          },
          {
            "hash": "b67efc89813dc47a11accbc8b9150bb3d096dcd9",
            "messageTitle": "Add /dineinfo feature",
            "messageBody": "",
            "fileTypesAndContributionMap": {
              "functional-code": {
                "insertions": 49,
                "deletions": 0
              }
            }
          },
          {
            "hash": "6e4796366e9365d477da9fdd58fbe01d33c30ca7",
            "messageTitle": "Fix format for checkstyle",
            "messageBody": "",
            "fileTypesAndContributionMap": {
              "functional-code": {
                "insertions": 7,
                "deletions": 7
              }
            }
          },
          {
            "hash": "f241ec2b39db4fea8b03da7f49dd0a1464ca757f",
            "messageTitle": "Add getter",
            "messageBody": "",
            "fileTypesAndContributionMap": {
              "functional-code": {
                "insertions": 4,
                "deletions": 0
              }
            }
          },
          {
            "hash": "e6cec8731b322d85ed24e2e0ba04ee78067f3e31",
            "messageTitle": "Add invalid foodplace exception",
            "messageBody": "",
            "fileTypesAndContributionMap": {
              "functional-code": {
                "insertions": 2,
                "deletions": 1
              }
            }
          },
          {
            "hash": "aa2c14691a648043d347f6af67b6350bc27c0f2b",
            "messageTitle": "update /dine feature",
            "messageBody": "",
            "fileTypesAndContributionMap": {
              "functional-code": {
                "insertions": 7,
                "deletions": 8
              }
            }
          },
          {
            "hash": "f56cd0c4391d04a7f9ae6fd6f597f055f26a67b9",
            "messageTitle": "Add /dineinfo to parser",
            "messageBody": "",
            "fileTypesAndContributionMap": {
              "functional-code": {
                "insertions": 8,
                "deletions": 4
              }
            }
          },
          {
            "hash": "d11095f4160a955e1d1ab32e5d05638ca153d510",
            "messageTitle": "Refactor method",
            "messageBody": "",
            "fileTypesAndContributionMap": {
              "functional-code": {
                "insertions": 16,
                "deletions": 7
              }
            }
          },
          {
            "hash": "7d9649838aeaf745bb64b0306b490bcf1d2fec91",
            "messageTitle": "Refactor method",
            "messageBody": "",
            "fileTypesAndContributionMap": {
              "functional-code": {
                "insertions": 9,
                "deletions": 1
              }
            }
          },
          {
            "hash": "9e251635468dad6c07245742255205a27b22864d",
            "messageTitle": "Fix indentation",
            "messageBody": "",
            "fileTypesAndContributionMap": {
              "functional-code": {
                "insertions": 2,
                "deletions": 0
              }
            }
          },
          {
            "hash": "6c4bdd386de3dbd9c04f994206803f1398168196",
            "messageTitle": "Update help text",
            "messageBody": "",
            "fileTypesAndContributionMap": {
              "functional-code": {
                "insertions": 4,
                "deletions": 2
              }
            }
          },
          {
            "hash": "6c0e9bac0b2f370300588e0e0c3dd3f4330c5c71",
            "messageTitle": "Refactor methods to UI",
            "messageBody": "",
            "fileTypesAndContributionMap": {
              "functional-code": {
                "insertions": 22,
                "deletions": 19
              }
            }
          }
        ]
      },
      {
        "date": "2020-10-22",
        "commitResults": [
          {
            "hash": "257b6907e47e08207c1ca72b127ceefa44a6aba6",
            "messageTitle": "Update UG",
            "messageBody": "",
            "fileTypesAndContributionMap": {
              "docs": {
                "insertions": 57,
                "deletions": 13
              }
            }
          },
          {
            "hash": "143c89fd14ff5cca51dbc0421af31de72862b5e8",
            "messageTitle": "Update UG",
            "messageBody": "",
            "fileTypesAndContributionMap": {
              "docs": {
                "insertions": 6,
                "deletions": 30
              }
            }
          },
          {
            "hash": "07a176de24f1e839f756e8fadc6e6e20f473f2ed",
            "messageTitle": "Update UG with images",
            "messageBody": "",
            "fileTypesAndContributionMap": {
              "docs": {
                "insertions": 21,
                "deletions": 11
              }
            }
          },
          {
            "hash": "5e838eb975fa2822987c39a94210b9acf9d6abdf",
            "messageTitle": "Update UG",
            "messageBody": "",
            "fileTypesAndContributionMap": {
              "docs": {
                "insertions": 2,
                "deletions": 0
              }
            }
          },
          {
            "hash": "852a7303ec3bf54220550f3f5671d4554ededb52",
            "messageTitle": "Update UG",
            "messageBody": "",
            "fileTypesAndContributionMap": {
              "docs": {
                "insertions": 2,
                "deletions": 4
              }
            }
          },
          {
            "hash": "90c4283a014af8c32608ef43793de42684384bd5",
            "messageTitle": "Update UG",
            "messageBody": "",
            "fileTypesAndContributionMap": {
              "docs": {
                "insertions": 0,
                "deletions": 2
              }
            }
          },
          {
            "hash": "561adffe51794c96c44f9c4861874889aaf84fa8",
            "messageTitle": "Update UG",
            "messageBody": "",
            "fileTypesAndContributionMap": {
              "docs": {
                "insertions": 8,
                "deletions": 2
              }
            }
          },
          {
            "hash": "215788380a91499ccdb78c632c9b55537e1057d8",
            "messageTitle": "Update UG",
            "messageBody": "",
            "fileTypesAndContributionMap": {
              "docs": {
                "insertions": 4,
                "deletions": 2
              }
            }
          }
        ]
      }
    ],
    "wamikamalik": [
      {
        "date": "2020-10-02",
        "commitResults": [
          {
            "hash": "0ee5c1149f912add14d02d51434ef31f6ef6c138",
            "messageTitle": "Update About us",
            "messageBody": "",
            "fileTypesAndContributionMap": {
              "docs": {
                "insertions": 7,
                "deletions": 1
              }
            }
          }
        ]
      },
      {
        "date": "2020-10-07",
        "commitResults": [
          {
            "hash": "87f27e1a7eddd4e47d0032517fe85b9abdf22eb6",
            "messageTitle": "Add command parser",
            "messageBody": "",
            "fileTypesAndContributionMap": {
              "functional-code": {
                "insertions": 68,
                "deletions": 0
              }
            }
          },
          {
            "hash": "a103533206f909a10b51750210204fd8b59b0712",
            "messageTitle": "Add command classes",
            "messageBody": "",
            "fileTypesAndContributionMap": {
              "functional-code": {
                "insertions": 35,
                "deletions": 0
              }
            }
          },
          {
            "hash": "9a1d38c56fc95b4642f099a7dd7933ddfee25726",
            "messageTitle": "Add bus routes for zone A",
            "messageBody": "",
            "fileTypesAndContributionMap": {
              "functional-code": {
                "insertions": 34,
                "deletions": 0
              }
            }
          },
          {
            "hash": "fe40c2e5c863d4366eca2ca845554a1634637c74",
            "messageTitle": "Add storage class",
            "messageBody": "",
            "fileTypesAndContributionMap": {
              "functional-code": {
                "insertions": 4,
                "deletions": 0
              }
            }
          },
          {
            "hash": "e7995d0151962ef635c652fce1b260fb7b448d08",
            "messageTitle": "Add user interface",
            "messageBody": "",
            "fileTypesAndContributionMap": {
              "functional-code": {
                "insertions": 25,
                "deletions": 0
              }
            }
          },
          {
            "hash": "4aed90dec2d9a6587c670d31f4464d037768332e",
            "messageTitle": "Add exceptions handling",
            "messageBody": "",
            "fileTypesAndContributionMap": {
              "functional-code": {
                "insertions": 31,
                "deletions": 0
              }
            }
          },
          {
            "hash": "9ca1fab35720c5abd2dafdf8af48d1bab9e91b75",
            "messageTitle": "Update main class",
            "messageBody": "",
            "fileTypesAndContributionMap": {
              "functional-code": {
                "insertions": 26,
                "deletions": 12
              }
            }
          },
          {
            "hash": "fc9799a7f19ffa15521e589da6d1bf300cf56785",
            "messageTitle": "Update coding standard",
            "messageBody": "",
            "fileTypesAndContributionMap": {
              "functional-code": {
                "insertions": 51,
                "deletions": 51
              }
            }
          },
          {
            "hash": "6b135099fa1d8d79011859577671a7d2e264e395",
            "messageTitle": "Update I/O redirection testing",
            "messageBody": "",
            "fileTypesAndContributionMap": {
              "functional-code": {
                "insertions": 1,
                "deletions": 0
              },
              "other": {
                "insertions": 2,
                "deletions": 1
              }
            }
          }
        ]
      },
      {
        "date": "2020-10-08",
        "commitResults": [
          {
            "hash": "0b145f7d1b8288645ff83148daafa0c0265d2618",
            "messageTitle": "Update Ui to input user command",
            "messageBody": "",
            "fileTypesAndContributionMap": {
              "functional-code": {
                "insertions": 15,
                "deletions": 9
              }
            }
          },
          {
            "hash": "b59594f977bf6e3874b49963815e5cabb3f0666e",
            "messageTitle": "Add some JUnit tests for parser",
            "messageBody": "",
            "fileTypesAndContributionMap": {
              "test-code": {
                "insertions": 26,
                "deletions": 0
              }
            }
          },
          {
            "hash": "73644f8650e018631691f2132b80f1e294ab96dc",
            "messageTitle": "Update splitCommand in parser",
            "messageBody": "make it available to all child classes by making the split number a variable\n",
            "fileTypesAndContributionMap": {
              "functional-code": {
                "insertions": 4,
                "deletions": 9
              }
            }
          }
        ]
      },
      {
        "date": "2020-10-10",
        "commitResults": [
          {
            "hash": "54b7ecd4f49df1ee5ba9b53b09cb8c13e3264d9f",
            "messageTitle": "Add files bus and bus data to store data",
            "messageBody": "Co-authored-by: Yuxin \u003cyuxinwu1234@gmail.com\u003e\nCo-authored-by: Wong Heng Chin \u003chc-wong@live.com\u003e\nCo-authored-by: Shuyi \u003cchivalrysky@gmail.com\u003e\n",
            "fileTypesAndContributionMap": {
              "functional-code": {
                "insertions": 4,
                "deletions": 0
              }
            }
          },
          {
            "hash": "2291ebcab65f059b83e5c6f5adaa289624b23dd1",
            "messageTitle": "Update bus and bus data classes",
            "messageBody": "Co-authored-by: Yuxin \u003cyuxinwu1234@gmail.com\u003e\nCo-authored-by: Wong Heng Chin \u003chc-wong@live.com\u003e\nCo-authored-by: Shuyi \u003cchivalrysky@gmail.com\u003e\nco-authored-by: Johnson Yee \u003ce0494363@u.nus.edu\u003e\n",
            "fileTypesAndContributionMap": {
              "functional-code": {
                "insertions": 29,
                "deletions": 2
              }
            }
          },
          {
            "hash": "f4c1dce915aff94b34c4c5a287047ce7e1ad8723",
            "messageTitle": "Delete bus route class",
            "messageBody": "Co-authored-by: Yuxin \u003cyuxinwu1234@gmail.com\u003e\nCo-authored-by: Wong Heng Chin \u003chc-wong@live.com\u003e\nCo-authored-by: Shuyi \u003cchivalrysky@gmail.com\u003e\nco-authored-by: Johnson Yee \u003ce0494363@u.nus.edu\u003e\n",
            "fileTypesAndContributionMap": {
              "functional-code": {
                "insertions": 0,
                "deletions": 34
              }
            }
          },
          {
            "hash": "a5f44ee5760997ec19bc24e8a26ae169263ee77c",
            "messageTitle": "Update main with new structure",
            "messageBody": "Co-authored-by: Yuxin \u003cyuxinwu1234@gmail.com\u003e\nCo-authored-by: Wong Heng Chin \u003chc-wong@live.com\u003e\nCo-authored-by: Shuyi \u003cchivalrysky@gmail.com\u003e\nco-authored-by: Johnson Yee \u003ce0494363@u.nus.edu\u003e\n",
            "fileTypesAndContributionMap": {
              "functional-code": {
                "insertions": 37,
                "deletions": 0
              }
            }
          },
          {
            "hash": "6b4e7659d407492786b2b446b199f4bd8e4cab44",
            "messageTitle": "Update src/main/java/seedu/duke/Duke.java",
            "messageBody": "Co-authored-by: EthanWong2212 \u003c68017484+EthanWong2212@users.noreply.github.com\u003e",
            "fileTypesAndContributionMap": {
              "functional-code": {
                "insertions": 23,
                "deletions": 23
              }
            }
          },
          {
            "hash": "a14e0cfdc3f275f2a5d3f21d70aed843f646fe76",
            "messageTitle": "Update src/main/java/seedu/duke/Duke.java",
            "messageBody": "Co-authored-by: SHUYI \u003cchivalrysky@gmail.com\u003e",
            "fileTypesAndContributionMap": {
              "functional-code": {
                "insertions": 1,
                "deletions": 1
              }
            }
          },
          {
            "hash": "358e92731602dabc1c7854ccd7cccdd678b82780",
            "messageTitle": "Update src/main/java/seedu/duke/BusData.java",
            "messageBody": "Co-authored-by: Yuxin \u003c60455558+Lezn0@users.noreply.github.com\u003e",
            "fileTypesAndContributionMap": {
              "functional-code": {
                "insertions": 1,
                "deletions": 1
              }
            }
          },
          {
            "hash": "1d5b85e3f57fca6ba7efeb0a9c24a27fdaf7da9c",
            "messageTitle": "Update src/main/java/seedu/duke/Duke.java",
            "messageBody": "Co-authored-by: Johnson Yee \u003c60440731+Johnson-Yee@users.noreply.github.com\u003e",
            "fileTypesAndContributionMap": {
              "functional-code": {
                "insertions": 2,
                "deletions": 2
              }
            }
          },
          {
            "hash": "55caa8bcf2b115384891276d1fa4bac1f3c29153",
            "messageTitle": "Update src/main/java/seedu/duke/Duke.java",
            "messageBody": "",
            "fileTypesAndContributionMap": {
              "functional-code": {
                "insertions": 1,
                "deletions": 1
              }
            }
          },
          {
            "hash": "0df7d144d6aa6ae2d5561148495b7d4d3550141a",
            "messageTitle": "Update src/main/java/seedu/duke/Duke.java",
            "messageBody": "Co-authored-by: Johnson Yee \u003c60440731+Johnson-Yee@users.noreply.github.com\u003e",
            "fileTypesAndContributionMap": {
              "functional-code": {
                "insertions": 2,
                "deletions": 2
              }
            }
          }
        ]
      },
      {
        "date": "2020-10-12",
        "commitResults": [
          {
            "hash": "8df5549691f6ec3b682d53d34271e9e82dc07ccd",
            "messageTitle": "Update parser class",
            "messageBody": "Add a parameter to split command to split according to a given delimiter.\n",
            "fileTypesAndContributionMap": {
              "functional-code": {
                "insertions": 8,
                "deletions": 6
              }
            }
          },
          {
            "hash": "478771bb3865a95f54cb36d28143afee4defbbc6",
            "messageTitle": "Add route parser as a child class of parser",
            "messageBody": "",
            "fileTypesAndContributionMap": {
              "functional-code": {
                "insertions": 15,
                "deletions": 0
              }
            }
          },
          {
            "hash": "4204a38853a77c5bf1841b4fea99265a8bcf5106",
            "messageTitle": "Add route command as a child class of command",
            "messageBody": "",
            "fileTypesAndContributionMap": {
              "functional-code": {
                "insertions": 28,
                "deletions": 0
              }
            }
          },
          {
            "hash": "d8c815b7fb25d5520c839b13f551c74ba0e89386",
            "messageTitle": "Update bus and bus data to generate route",
            "messageBody": "",
            "fileTypesAndContributionMap": {
              "functional-code": {
                "insertions": 36,
                "deletions": 0
              }
            }
          },
          {
            "hash": "d477d1f782e42adb8d23767502a5bb706651652e",
            "messageTitle": "Update Ui to print route",
            "messageBody": "",
            "fileTypesAndContributionMap": {
              "functional-code": {
                "insertions": 12,
                "deletions": 0
              }
            }
          },
          {
            "hash": "b6b749258e2b352785891057af80b10f1089a309",
            "messageTitle": "Update route parser",
            "messageBody": "",
            "fileTypesAndContributionMap": {
              "functional-code": {
                "insertions": 0,
                "deletions": 2
              }
            }
          },
          {
            "hash": "c57574a3f4e145bf21cefabb05df312ec85b7cf0",
            "messageTitle": "Update printing of routes",
            "messageBody": "Print buses only when there is a possibel route and print a message when there are no direct bus routes\n",
            "fileTypesAndContributionMap": {
              "functional-code": {
                "insertions": 12,
                "deletions": 4
              }
            }
          },
          {
            "hash": "807ee2150a4d28c09f243d5df74aad551bf42e19",
            "messageTitle": "Update src/main/java/seedu/duke/Duke.java",
            "messageBody": "",
            "fileTypesAndContributionMap": {
              "functional-code": {
                "insertions": 0,
                "deletions": 1
              }
            }
          },
          {
            "hash": "8dd9a0d44be7f79b3f72d942f31d121cdcdfba5e",
            "messageTitle": "Update bus stop descriptions",
            "messageBody": "",
            "fileTypesAndContributionMap": {
              "functional-code": {
                "insertions": 2,
                "deletions": 2
              }
            }
          },
          {
            "hash": "e6c98769aa99d82bc7e714ad7f72533e071ed376",
            "messageTitle": "Update coding standard",
            "messageBody": "",
            "fileTypesAndContributionMap": {
              "functional-code": {
                "insertions": 6,
                "deletions": 4
              }
            }
          }
        ]
      },
      {
        "date": "2020-10-14",
        "commitResults": [
          {
            "hash": "a3e244f4f62a188c2f910c9124e491145cef5d18",
            "messageTitle": "Update bus class",
            "messageBody": "...to account for case of input\n",
            "fileTypesAndContributionMap": {
              "functional-code": {
                "insertions": 6,
                "deletions": 5
              }
            }
          },
          {
            "hash": "e5e324202be34592922ff67cfe40666ffbc035f9",
            "messageTitle": "Add no location and no delimiter exception handlers",
            "messageBody": "",
            "fileTypesAndContributionMap": {
              "functional-code": {
                "insertions": 21,
                "deletions": 4
              }
            }
          },
          {
            "hash": "fabf604c8895aad1cd5238b906a9d0f36475a702",
            "messageTitle": "Add same location exception handler",
            "messageBody": "",
            "fileTypesAndContributionMap": {
              "functional-code": {
                "insertions": 12,
                "deletions": 1
              }
            }
          },
          {
            "hash": "20868dc871a6d51d2777884bb304e64af393c34f",
            "messageTitle": "Update ui output display for route command",
            "messageBody": "",
            "fileTypesAndContributionMap": {
              "functional-code": {
                "insertions": 1,
                "deletions": 1
              }
            }
          },
          {
            "hash": "b29ed068dd5e367d986c4665c03eccfe0f230bcb",
            "messageTitle": "Fix checkstyle errors",
            "messageBody": "",
            "fileTypesAndContributionMap": {
              "functional-code": {
                "insertions": 4,
                "deletions": 4
              }
            }
          },
          {
            "hash": "17a44629441fb77e233f092ac97e0a16ad568913",
            "messageTitle": "Add JUnit for Bus clas",
            "messageBody": "",
            "fileTypesAndContributionMap": {
              "test-code": {
                "insertions": 65,
                "deletions": 0
              }
            }
          },
          {
            "hash": "cb1ceb8e70c4178c6a5251a8fae00464ebeeaa84",
            "messageTitle": "Add JUnit testing for Route parser",
            "messageBody": "",
            "fileTypesAndContributionMap": {
              "test-code": {
                "insertions": 51,
                "deletions": 0
              }
            }
          },
          {
            "hash": "3b9dc8711f1d19e3c869dffbfe78eb21b2175ee1",
            "messageTitle": "Update JUnit test for parser",
            "messageBody": "",
            "fileTypesAndContributionMap": {
              "test-code": {
                "insertions": 1,
                "deletions": 1
              }
            }
          },
          {
            "hash": "870d41144a4d20c9642f9228d6b3d10628e42aa3",
            "messageTitle": "Add JUnit testing for BusData",
            "messageBody": "",
            "fileTypesAndContributionMap": {
              "test-code": {
                "insertions": 86,
                "deletions": 0
              }
            }
          },
          {
            "hash": "176274a88c588bb3fc9f94480948d308d1e7344e",
            "messageTitle": "Add JUnit testing for route command",
            "messageBody": "",
            "fileTypesAndContributionMap": {
              "test-code": {
                "insertions": 31,
                "deletions": 0
              }
            }
          },
          {
            "hash": "cf63fe28cee96ebbd229eace26a5402039ebbe01",
            "messageTitle": "Fix checkstyle errors",
            "messageBody": "",
            "fileTypesAndContributionMap": {
              "test-code": {
                "insertions": 33,
                "deletions": 33
              }
            }
          },
          {
            "hash": "47b353d705cc325fb300c3054862ffc69fde957b",
            "messageTitle": "Fix more checkstyle errors",
            "messageBody": "",
            "fileTypesAndContributionMap": {
              "test-code": {
                "insertions": 7,
                "deletions": 8
              }
            }
          },
          {
            "hash": "e0e2e352d604c1627289637974b49fe5df9152b7",
            "messageTitle": "Enable assertions",
            "messageBody": "",
            "fileTypesAndContributionMap": {
              "other": {
                "insertions": 1,
                "deletions": 0
              }
            }
          },
          {
            "hash": "2d8aa423620c5ec88c386a6499bfa19c84935d06",
            "messageTitle": "Add help command class",
            "messageBody": "",
            "fileTypesAndContributionMap": {
              "functional-code": {
                "insertions": 16,
                "deletions": 8
              }
            }
          },
          {
            "hash": "8d7ad5df9186ebb5477e97d4fc493c8f5b5d8ce9",
            "messageTitle": "Add assertions",
            "messageBody": "",
            "fileTypesAndContributionMap": {
              "functional-code": {
                "insertions": 15,
                "deletions": 2
              }
            }
          },
          {
            "hash": "23f078497d12f7afc685bb06f45713021239f620",
            "messageTitle": "Initialize logger",
            "messageBody": "",
            "fileTypesAndContributionMap": {
              "functional-code": {
                "insertions": 2,
                "deletions": 1
              }
            }
          },
          {
            "hash": "a1171154a02475667d9a908273491f29096cbc88",
            "messageTitle": "Add logging",
            "messageBody": "",
            "fileTypesAndContributionMap": {
              "functional-code": {
                "insertions": 27,
                "deletions": 0
              }
            }
          }
        ]
      },
      {
        "date": "2020-10-15",
        "commitResults": [
          {
            "hash": "8b0959dd96209894f0e849fd3ce55ad4a054db06",
            "messageTitle": "Update assertions in route command",
            "messageBody": "",
            "fileTypesAndContributionMap": {
              "functional-code": {
                "insertions": 4,
                "deletions": 4
              }
            }
          }
        ]
      },
      {
        "date": "2020-10-18",
        "commitResults": [
          {
            "hash": "3de004ec88376ccbd88e6dbe2fd17855c087693f",
            "messageTitle": "Remove unused imports",
            "messageBody": "",
            "fileTypesAndContributionMap": {
              "functional-code": {
                "insertions": 0,
                "deletions": 3
              }
            }
          },
          {
            "hash": "a0e07c1bbf3ff746ab8aaee4f4ae5bd3e5519e1f",
            "messageTitle": "Add dining options info class",
            "messageBody": "",
            "fileTypesAndContributionMap": {
              "functional-code": {
                "insertions": 14,
                "deletions": 0
              }
            }
          },
          {
            "hash": "4c224cefa07b6a05e8697e50d473735ccf5f0d7e",
            "messageTitle": "Add food place class",
            "messageBody": "",
            "fileTypesAndContributionMap": {
              "functional-code": {
                "insertions": 18,
                "deletions": 0
              }
            }
          },
          {
            "hash": "e260850dac271dea8724c8d25d33e9b962a17a98",
            "messageTitle": "Add data class to access food places data",
            "messageBody": "",
            "fileTypesAndContributionMap": {
              "functional-code": {
                "insertions": 116,
                "deletions": 0
              }
            }
          },
          {
            "hash": "09dd6ae8e0c3aaed05ac37ac50ceb77564e1e61a",
            "messageTitle": "Revert \"Remove unused imports\"",
            "messageBody": "This reverts commit 3de004ec88376ccbd88e6dbe2fd17855c087693f.\n",
            "fileTypesAndContributionMap": {
              "functional-code": {
                "insertions": 3,
                "deletions": 0
              }
            }
          },
          {
            "hash": "0969911545d39f9712973fb3d744bbb2d1a074ee",
            "messageTitle": "Remove unused imports",
            "messageBody": "",
            "fileTypesAndContributionMap": {
              "functional-code": {
                "insertions": 0,
                "deletions": 3
              }
            }
          }
        ]
      },
      {
        "date": "2020-10-19",
        "commitResults": [
          {
            "hash": "5831aac4dc35cb7f73da3220f923df26fb5e58b8",
            "messageTitle": "Add architecture diagram",
            "messageBody": "",
            "fileTypesAndContributionMap": {
              "docs": {
                "insertions": 26,
                "deletions": 1
              }
            }
          },
          {
            "hash": "a68048c8b8fd9ed0b4b52953f22e4b2528335916",
            "messageTitle": "Udate developer guide",
            "messageBody": "",
            "fileTypesAndContributionMap": {
              "docs": {
                "insertions": 44,
                "deletions": 7
              }
            }
          },
          {
            "hash": "1a6a697837edf97f74a82f23a2f293d609abe2b4",
            "messageTitle": "Update formatting",
            "messageBody": "",
            "fileTypesAndContributionMap": {
              "docs": {
                "insertions": 6,
                "deletions": 6
              }
            }
          },
          {
            "hash": "6548e29e4c4c2fdc79ebded7af8b604566b0874b",
            "messageTitle": "Fix table of contents link",
            "messageBody": "",
            "fileTypesAndContributionMap": {
              "docs": {
                "insertions": 1,
                "deletions": 1
              }
            }
          },
          {
            "hash": "ba7ff02681c6ee9b2751469bce59479702ea7a6f",
            "messageTitle": "Update DeveloperGuide.md",
            "messageBody": "Fix typo",
            "fileTypesAndContributionMap": {
              "docs": {
                "insertions": 1,
                "deletions": 1
              }
            }
          }
        ]
      },
      {
        "date": "2020-10-20",
        "commitResults": [
          {
            "hash": "a075162915de83f2623b6db5b257ae96a157b288",
            "messageTitle": "Add similarity check class",
            "messageBody": "note: the edit distance algo is from an open source\n",
            "fileTypesAndContributionMap": {
              "functional-code": {
                "insertions": 51,
                "deletions": 0
              }
            }
          },
          {
            "hash": "2baac3424005a80930fb9ed1123c3af8cd3099c6",
            "messageTitle": "Apply similarity check to route command",
            "messageBody": "",
            "fileTypesAndContributionMap": {
              "functional-code": {
                "insertions": 34,
                "deletions": 2
              }
            }
          },
          {
            "hash": "18ffc98bda987b6ac25a83d3633b485c9fa37307",
            "messageTitle": "Apply similarity check to bus command",
            "messageBody": "",
            "fileTypesAndContributionMap": {
              "functional-code": {
                "insertions": 31,
                "deletions": 9
              }
            }
          },
          {
            "hash": "da4e54b9ab65f7066bd5c95c2f1993cd9a340c86",
            "messageTitle": "Fix checkstyle errors",
            "messageBody": "",
            "fileTypesAndContributionMap": {
              "functional-code": {
                "insertions": 13,
                "deletions": 11
              }
            }
          },
          {
            "hash": "c10c600d5f1e16d3727f0851e4ec51817339b8d9",
            "messageTitle": "Add JUnit testing for similarity check",
            "messageBody": "",
            "fileTypesAndContributionMap": {
              "test-code": {
                "insertions": 29,
                "deletions": 0
              }
            }
          },
          {
            "hash": "87c905e6a5e7e653ea46ef6223e2d4afa01b093e",
            "messageTitle": "Update route command",
            "messageBody": "",
            "fileTypesAndContributionMap": {
              "docs": {
                "insertions": 78,
                "deletions": 35
              }
            }
          }
        ]
      },
      {
        "date": "2020-10-21",
        "commitResults": [
          {
            "hash": "fcd028a358e8da75620dcf5e9c15f9ee2f9ecfad",
            "messageTitle": "Fix minor errors",
            "messageBody": "",
            "fileTypesAndContributionMap": {
              "functional-code": {
                "insertions": 4,
                "deletions": 2
              }
            }
          },
          {
            "hash": "98a0c163a85be95f998e3555451bd69530610d82",
            "messageTitle": "Resize images",
            "messageBody": "",
            "fileTypesAndContributionMap": {
              "docs": {
                "insertions": 5,
                "deletions": 5
              }
            }
          },
          {
            "hash": "8e0f891a002a0ada530c9d76b284ca0caf41e958",
            "messageTitle": "Add similarity check info",
            "messageBody": "",
            "fileTypesAndContributionMap": {
              "docs": {
                "insertions": 23,
                "deletions": 0
              }
            }
          },
          {
            "hash": "bf42f2efec63c3907ab3e74d7ba679730c266f03",
            "messageTitle": "Fix minor errors",
            "messageBody": "",
            "fileTypesAndContributionMap": {
              "docs": {
                "insertions": 20,
                "deletions": 14
              }
            }
          },
          {
            "hash": "a596c7c7a6d1654c49bc93b65fa5f1b913528fdb",
            "messageTitle": "resize image",
            "messageBody": "",
            "fileTypesAndContributionMap": {
              "docs": {
                "insertions": 1,
                "deletions": 1
              }
            }
          }
        ]
      },
      {
        "date": "2020-10-22",
        "commitResults": [
          {
            "hash": "8ac0319a3de04fbe1ddd70064887878ef74256ee",
            "messageTitle": "basic skeleton for DG draft",
            "messageBody": "",
            "fileTypesAndContributionMap": {
              "docs": {
                "insertions": 33,
                "deletions": 5
              }
            }
          },
          {
            "hash": "4f5fd91e7339a670beef6f6ce5698a443ece6900",
            "messageTitle": "Add user stories",
            "messageBody": "Taken from Github issues\n",
            "fileTypesAndContributionMap": {
              "docs": {
                "insertions": 8,
                "deletions": 2
              }
            }
          },
          {
            "hash": "57d07deb15ad4e2173bcec0057a0ca89a3758253",
            "messageTitle": "Fix formatting",
            "messageBody": "",
            "fileTypesAndContributionMap": {
              "docs": {
                "insertions": 93,
                "deletions": 71
              }
            }
          },
          {
            "hash": "f317cc8d7b104fb5aa6e535aeb3a5212e2091e61",
            "messageTitle": "Fix more formatting",
            "messageBody": "",
            "fileTypesAndContributionMap": {
              "docs": {
                "insertions": 38,
                "deletions": 30
              }
            }
          },
          {
            "hash": "3159e4b2e0a75026e16e5b7184a9eab4389b11c3",
            "messageTitle": "Add ui component",
            "messageBody": "",
            "fileTypesAndContributionMap": {
              "docs": {
                "insertions": 8,
                "deletions": 4
              }
            }
          },
          {
            "hash": "1147016a4777af651c2f42596996cf9f3b15b8f1",
            "messageTitle": "Add logic component",
            "messageBody": "",
            "fileTypesAndContributionMap": {
              "docs": {
                "insertions": 12,
                "deletions": 2
              }
            }
          }
        ]
      }
    ]
  },
  "authorFileTypeContributionMap": {
    "Johnson-Yee": {
      "docs": 76,
      "functional-code": 255,
      "test-code": 72
    },
    "Lezn0": {
      "docs": 5,
      "functional-code": 242,
      "test-code": 35
    },
    "EthanWong2212": {
      "docs": 31,
      "functional-code": 271,
      "test-code": 49
    },
    "mrwsy1": {
      "docs": 25,
      "functional-code": 184,
      "test-code": 16
    },
    "wamikamalik": {
      "docs": 311,
      "functional-code": 628,
      "test-code": 269,
      "other": 2
    }
  },
  "authorContributionVariance": {
    "Johnson-Yee": 10765.749,
    "Lezn0": 7034.2144,
    "EthanWong2212": 3820.6584,
    "mrwsy1": 3247.9526,
    "wamikamalik": 15302.907
  },
  "authorDisplayNameMap": {
    "Johnson-Yee": "CS2113T-F14-3 YEE ..NSON",
    "Lezn0": "CS2113T-F14-3 WU Y..UXIN",
    "EthanWong2212": "CS2113T-F14-3 WONG..CHIN",
    "mrwsy1": "CS2113T-F14-3 WANG..HUYI",
    "wamikamalik": "CS2113T-F14-3 WAMI..ALIK"
  }
}
