{
  "authorDailyContributionsMap": {
    "Johnson-Yee": [
      {
        "date": "2020-10-02",
        "commitResults": [
          {
            "hash": "f6643d47b25d29d268876e6af7a8659dc0b94ca3",
            "messageTitle": "Addition of about us - Johnson",
            "messageBody": "",
            "fileTypesAndContributionMap": {
              "docs": {
                "insertions": 1,
                "deletions": 1
              }
            }
          }
        ]
      }
    ],
    "Lezn0": [
      {
        "date": "2020-10-02",
        "commitResults": [
          {
            "hash": "e25125d6c478ca44531c87b6a1321d72ed0661bd",
            "messageTitle": "Modify AboutUs.md",
            "messageBody": "",
            "fileTypesAndContributionMap": {
              "docs": {
                "insertions": 1,
                "deletions": 1
              }
            }
          }
        ]
      }
    ],
    "EthanWong2212": [
      {
        "date": "2020-10-02",
        "commitResults": [
          {
            "hash": "41ae61cfe1233e85efaff4047b9de0a46c53a0c9",
            "messageTitle": "tut random edit",
            "messageBody": "",
            "fileTypesAndContributionMap": {
              "docs": {
                "insertions": 2,
                "deletions": 0
              }
            }
          }
        ]
      }
    ],
    "mrwsy1": [
      {
        "date": "2020-10-02",
        "commitResults": [
          {
            "hash": "dbf969958be5c90fd4c22b24004b9b6efa4a5621",
            "messageTitle": "Test forking workflow",
            "messageBody": "",
            "fileTypesAndContributionMap": {
              "docs": {
                "insertions": 1,
                "deletions": 1
              }
            }
          }
        ]
      }
    ],
    "wamikamalik": [
      {
        "date": "2020-10-02",
        "commitResults": [
          {
            "hash": "0ee5c1149f912add14d02d51434ef31f6ef6c138",
            "messageTitle": "Update About us",
            "messageBody": "",
            "fileTypesAndContributionMap": {
              "docs": {
                "insertions": 7,
                "deletions": 1
              }
            }
          }
        ]
      },
      {
        "date": "2020-10-07",
        "commitResults": [
          {
            "hash": "87f27e1a7eddd4e47d0032517fe85b9abdf22eb6",
            "messageTitle": "Add command parser",
            "messageBody": "",
            "fileTypesAndContributionMap": {
              "functional-code": {
                "insertions": 68,
                "deletions": 0
              }
            }
          },
          {
            "hash": "a103533206f909a10b51750210204fd8b59b0712",
            "messageTitle": "Add command classes",
            "messageBody": "",
            "fileTypesAndContributionMap": {
              "functional-code": {
                "insertions": 35,
                "deletions": 0
              }
            }
          },
          {
            "hash": "9a1d38c56fc95b4642f099a7dd7933ddfee25726",
            "messageTitle": "Add bus routes for zone A",
            "messageBody": "",
            "fileTypesAndContributionMap": {
              "functional-code": {
                "insertions": 34,
                "deletions": 0
              }
            }
          },
          {
            "hash": "fe40c2e5c863d4366eca2ca845554a1634637c74",
            "messageTitle": "Add storage class",
            "messageBody": "",
            "fileTypesAndContributionMap": {
              "functional-code": {
                "insertions": 4,
                "deletions": 0
              }
            }
          },
          {
            "hash": "e7995d0151962ef635c652fce1b260fb7b448d08",
            "messageTitle": "Add user interface",
            "messageBody": "",
            "fileTypesAndContributionMap": {
              "functional-code": {
                "insertions": 25,
                "deletions": 0
              }
            }
          },
          {
            "hash": "4aed90dec2d9a6587c670d31f4464d037768332e",
            "messageTitle": "Add exceptions handling",
            "messageBody": "",
            "fileTypesAndContributionMap": {
              "functional-code": {
                "insertions": 31,
                "deletions": 0
              }
            }
          },
          {
            "hash": "9ca1fab35720c5abd2dafdf8af48d1bab9e91b75",
            "messageTitle": "Update main class",
            "messageBody": "",
            "fileTypesAndContributionMap": {
              "functional-code": {
                "insertions": 26,
                "deletions": 12
              }
            }
          },
          {
            "hash": "fc9799a7f19ffa15521e589da6d1bf300cf56785",
            "messageTitle": "Update coding standard",
            "messageBody": "",
            "fileTypesAndContributionMap": {
              "functional-code": {
                "insertions": 51,
                "deletions": 51
              }
            }
          },
          {
            "hash": "6b135099fa1d8d79011859577671a7d2e264e395",
            "messageTitle": "Update I/O redirection testing",
            "messageBody": "",
            "fileTypesAndContributionMap": {
              "functional-code": {
                "insertions": 1,
                "deletions": 0
              },
              "other": {
                "insertions": 2,
                "deletions": 1
              }
            }
          }
        ]
      },
      {
        "date": "2020-10-08",
        "commitResults": [
          {
            "hash": "0b145f7d1b8288645ff83148daafa0c0265d2618",
            "messageTitle": "Update Ui to input user command",
            "messageBody": "",
            "fileTypesAndContributionMap": {
              "functional-code": {
                "insertions": 15,
                "deletions": 9
              }
            }
          },
          {
            "hash": "b59594f977bf6e3874b49963815e5cabb3f0666e",
            "messageTitle": "Add some JUnit tests for parser",
            "messageBody": "",
            "fileTypesAndContributionMap": {
              "test-code": {
                "insertions": 26,
                "deletions": 0
              }
            }
          },
          {
            "hash": "73644f8650e018631691f2132b80f1e294ab96dc",
            "messageTitle": "Update splitCommand in parser",
            "messageBody": "make it available to all child classes by making the split number a variable\n",
            "fileTypesAndContributionMap": {
              "functional-code": {
                "insertions": 4,
                "deletions": 9
              }
            }
          }
        ]
      },
      {
        "date": "2020-10-10",
        "commitResults": [
          {
            "hash": "54b7ecd4f49df1ee5ba9b53b09cb8c13e3264d9f",
            "messageTitle": "Add files bus and bus data to store data",
            "messageBody": "Co-authored-by: Yuxin \u003cyuxinwu1234@gmail.com\u003e\nCo-authored-by: Wong Heng Chin \u003chc-wong@live.com\u003e\nCo-authored-by: Shuyi \u003cchivalrysky@gmail.com\u003e\n",
            "fileTypesAndContributionMap": {
              "functional-code": {
                "insertions": 4,
                "deletions": 0
              }
            }
          },
          {
            "hash": "2291ebcab65f059b83e5c6f5adaa289624b23dd1",
            "messageTitle": "Update bus and bus data classes",
            "messageBody": "Co-authored-by: Yuxin \u003cyuxinwu1234@gmail.com\u003e\nCo-authored-by: Wong Heng Chin \u003chc-wong@live.com\u003e\nCo-authored-by: Shuyi \u003cchivalrysky@gmail.com\u003e\nco-authored-by: Johnson Yee \u003ce0494363@u.nus.edu\u003e\n",
            "fileTypesAndContributionMap": {
              "functional-code": {
                "insertions": 29,
                "deletions": 2
              }
            }
          },
          {
            "hash": "f4c1dce915aff94b34c4c5a287047ce7e1ad8723",
            "messageTitle": "Delete bus route class",
            "messageBody": "Co-authored-by: Yuxin \u003cyuxinwu1234@gmail.com\u003e\nCo-authored-by: Wong Heng Chin \u003chc-wong@live.com\u003e\nCo-authored-by: Shuyi \u003cchivalrysky@gmail.com\u003e\nco-authored-by: Johnson Yee \u003ce0494363@u.nus.edu\u003e\n",
            "fileTypesAndContributionMap": {
              "functional-code": {
                "insertions": 0,
                "deletions": 34
              }
            }
          },
          {
            "hash": "a5f44ee5760997ec19bc24e8a26ae169263ee77c",
            "messageTitle": "Update main with new structure",
            "messageBody": "Co-authored-by: Yuxin \u003cyuxinwu1234@gmail.com\u003e\nCo-authored-by: Wong Heng Chin \u003chc-wong@live.com\u003e\nCo-authored-by: Shuyi \u003cchivalrysky@gmail.com\u003e\nco-authored-by: Johnson Yee \u003ce0494363@u.nus.edu\u003e\n",
            "fileTypesAndContributionMap": {
              "functional-code": {
                "insertions": 37,
                "deletions": 0
              }
            }
          },
          {
            "hash": "6b4e7659d407492786b2b446b199f4bd8e4cab44",
            "messageTitle": "Update src/main/java/seedu/duke/Duke.java",
            "messageBody": "Co-authored-by: EthanWong2212 \u003c68017484+EthanWong2212@users.noreply.github.com\u003e",
            "fileTypesAndContributionMap": {
              "functional-code": {
                "insertions": 23,
                "deletions": 23
              }
            }
          },
          {
            "hash": "a14e0cfdc3f275f2a5d3f21d70aed843f646fe76",
            "messageTitle": "Update src/main/java/seedu/duke/Duke.java",
            "messageBody": "Co-authored-by: SHUYI \u003cchivalrysky@gmail.com\u003e",
            "fileTypesAndContributionMap": {
              "functional-code": {
                "insertions": 1,
                "deletions": 1
              }
            }
          },
          {
            "hash": "358e92731602dabc1c7854ccd7cccdd678b82780",
            "messageTitle": "Update src/main/java/seedu/duke/BusData.java",
            "messageBody": "Co-authored-by: Yuxin \u003c60455558+Lezn0@users.noreply.github.com\u003e",
            "fileTypesAndContributionMap": {
              "functional-code": {
                "insertions": 1,
                "deletions": 1
              }
            }
          },
          {
            "hash": "1d5b85e3f57fca6ba7efeb0a9c24a27fdaf7da9c",
            "messageTitle": "Update src/main/java/seedu/duke/Duke.java",
            "messageBody": "Co-authored-by: Johnson Yee \u003c60440731+Johnson-Yee@users.noreply.github.com\u003e",
            "fileTypesAndContributionMap": {
              "functional-code": {
                "insertions": 2,
                "deletions": 2
              }
            }
          },
          {
            "hash": "55caa8bcf2b115384891276d1fa4bac1f3c29153",
            "messageTitle": "Update src/main/java/seedu/duke/Duke.java",
            "messageBody": "",
            "fileTypesAndContributionMap": {
              "functional-code": {
                "insertions": 1,
                "deletions": 1
              }
            }
          },
          {
            "hash": "0df7d144d6aa6ae2d5561148495b7d4d3550141a",
            "messageTitle": "Update src/main/java/seedu/duke/Duke.java",
            "messageBody": "Co-authored-by: Johnson Yee \u003c60440731+Johnson-Yee@users.noreply.github.com\u003e",
            "fileTypesAndContributionMap": {
              "functional-code": {
                "insertions": 2,
                "deletions": 2
              }
            }
          }
        ]
      }
    ]
  },
  "authorFileTypeContributionMap": {
    "Johnson-Yee": {
      "docs": 1,
      "functional-code": 0,
      "test-code": 0
    },
    "Lezn0": {
      "docs": 1,
      "functional-code": 0,
      "test-code": 0
    },
    "EthanWong2212": {
      "docs": 1,
      "functional-code": 0,
      "test-code": 0
    },
    "mrwsy1": {
      "docs": 1,
      "functional-code": 0,
      "test-code": 0
    },
    "wamikamalik": {
      "docs": 7,
      "functional-code": 256,
      "test-code": 26,
      "other": 1
    }
  },
  "authorContributionVariance": {
    "Johnson-Yee": 0.2653061,
    "Lezn0": 0.2653061,
    "EthanWong2212": 0.2653061,
    "mrwsy1": 0.2653061,
    "wamikamalik": 8857.633
  },
  "authorDisplayNameMap": {
    "Johnson-Yee": "CS2113T-F14-3 YEE ..NSON",
    "Lezn0": "CS2113T-F14-3 WU Y..UXIN",
    "EthanWong2212": "CS2113T-F14-3 WONG..CHIN",
    "mrwsy1": "CS2113T-F14-3 WANG..HUYI",
    "wamikamalik": "CS2113T-F14-3 WAMI..ALIK"
  }
}
