{
  "authorDailyContributionsMap": {
    "Johnson-Yee": [
      {
        "date": "2020-10-02",
        "commitResults": [
          {
            "hash": "f6643d47b25d29d268876e6af7a8659dc0b94ca3",
            "messageTitle": "Addition of about us - Johnson",
            "messageBody": "",
            "fileTypesAndContributionMap": {
              "docs": {
                "insertions": 1,
                "deletions": 1
              }
            }
          }
        ]
      }
    ],
    "Lezn0": [
      {
        "date": "2020-10-02",
        "commitResults": [
          {
            "hash": "e25125d6c478ca44531c87b6a1321d72ed0661bd",
            "messageTitle": "Modify AboutUs.md",
            "messageBody": "",
            "fileTypesAndContributionMap": {
              "docs": {
                "insertions": 1,
                "deletions": 1
              }
            }
          }
        ]
      }
    ],
    "EthanWong2212": [
      {
        "date": "2020-10-02",
        "commitResults": [
          {
            "hash": "41ae61cfe1233e85efaff4047b9de0a46c53a0c9",
            "messageTitle": "tut random edit",
            "messageBody": "",
            "fileTypesAndContributionMap": {
              "docs": {
                "insertions": 2,
                "deletions": 0
              }
            }
          }
        ]
      }
    ],
    "mrwsy1": [
      {
        "date": "2020-10-02",
        "commitResults": [
          {
            "hash": "dbf969958be5c90fd4c22b24004b9b6efa4a5621",
            "messageTitle": "Test forking workflow",
            "messageBody": "",
            "fileTypesAndContributionMap": {
              "docs": {
                "insertions": 1,
                "deletions": 1
              }
            }
          }
        ]
      }
    ],
    "wamikamalik": [
      {
        "date": "2020-10-02",
        "commitResults": [
          {
            "hash": "0ee5c1149f912add14d02d51434ef31f6ef6c138",
            "messageTitle": "Update About us",
            "messageBody": "",
            "fileTypesAndContributionMap": {
              "docs": {
                "insertions": 7,
                "deletions": 1
              }
            }
          }
        ]
      },
      {
        "date": "2020-10-07",
        "commitResults": [
          {
            "hash": "87f27e1a7eddd4e47d0032517fe85b9abdf22eb6",
            "messageTitle": "Add command parser",
            "messageBody": "",
            "fileTypesAndContributionMap": {
              "functional-code": {
                "insertions": 68,
                "deletions": 0
              }
            }
          },
          {
            "hash": "a103533206f909a10b51750210204fd8b59b0712",
            "messageTitle": "Add command classes",
            "messageBody": "",
            "fileTypesAndContributionMap": {
              "functional-code": {
                "insertions": 35,
                "deletions": 0
              }
            }
          },
          {
            "hash": "9a1d38c56fc95b4642f099a7dd7933ddfee25726",
            "messageTitle": "Add bus routes for zone A",
            "messageBody": "",
            "fileTypesAndContributionMap": {
              "functional-code": {
                "insertions": 34,
                "deletions": 0
              }
            }
          },
          {
            "hash": "fe40c2e5c863d4366eca2ca845554a1634637c74",
            "messageTitle": "Add storage class",
            "messageBody": "",
            "fileTypesAndContributionMap": {
              "functional-code": {
                "insertions": 4,
                "deletions": 0
              }
            }
          },
          {
            "hash": "e7995d0151962ef635c652fce1b260fb7b448d08",
            "messageTitle": "Add user interface",
            "messageBody": "",
            "fileTypesAndContributionMap": {
              "functional-code": {
                "insertions": 25,
                "deletions": 0
              }
            }
          },
          {
            "hash": "4aed90dec2d9a6587c670d31f4464d037768332e",
            "messageTitle": "Add exceptions handling",
            "messageBody": "",
            "fileTypesAndContributionMap": {
              "functional-code": {
                "insertions": 31,
                "deletions": 0
              }
            }
          },
          {
            "hash": "9ca1fab35720c5abd2dafdf8af48d1bab9e91b75",
            "messageTitle": "Update main class",
            "messageBody": "",
            "fileTypesAndContributionMap": {
              "functional-code": {
                "insertions": 26,
                "deletions": 12
              }
            }
          },
          {
            "hash": "fc9799a7f19ffa15521e589da6d1bf300cf56785",
            "messageTitle": "Update coding standard",
            "messageBody": "",
            "fileTypesAndContributionMap": {
              "functional-code": {
                "insertions": 51,
                "deletions": 51
              }
            }
          },
          {
            "hash": "6b135099fa1d8d79011859577671a7d2e264e395",
            "messageTitle": "Update I/O redirection testing",
            "messageBody": "",
            "fileTypesAndContributionMap": {
              "functional-code": {
                "insertions": 1,
                "deletions": 0
              },
              "other": {
                "insertions": 2,
                "deletions": 1
              }
            }
          }
        ]
      }
    ]
  },
  "authorFileTypeContributionMap": {
    "Johnson-Yee": {
      "docs": 1,
      "functional-code": 0,
      "test-code": 0
    },
    "Lezn0": {
      "docs": 1,
      "functional-code": 0,
      "test-code": 0
    },
    "EthanWong2212": {
      "docs": 1,
      "functional-code": 0,
      "test-code": 0
    },
    "mrwsy1": {
      "docs": 1,
      "functional-code": 0,
      "test-code": 0
    },
    "wamikamalik": {
      "docs": 7,
      "functional-code": 223,
      "test-code": 0,
      "other": 1
    }
  },
  "authorContributionVariance": {
    "Johnson-Yee": 0.33057854,
    "Lezn0": 0.33057854,
    "EthanWong2212": 0.33057854,
    "mrwsy1": 0.33057854,
    "wamikamalik": 9570.199
  },
  "authorDisplayNameMap": {
    "Johnson-Yee": "CS2113T-F14-3 YEE ..NSON",
    "Lezn0": "CS2113T-F14-3 WU Y..UXIN",
    "EthanWong2212": "CS2113T-F14-3 WONG..CHIN",
    "mrwsy1": "CS2113T-F14-3 WANG..HUYI",
    "wamikamalik": "CS2113T-F14-3 WAMI..ALIK"
  }
}
