{
  "authorDailyContributionsMap": {
    "BenardoTang": [
      {
        "date": "2020-09-30",
        "commitResults": [
          {
            "hash": "45217308b079d74fc0431ff709dacf69e27868c3",
            "messageTitle": "Add name to about us section",
            "messageBody": "",
            "fileTypesAndContributionMap": {
              "docs": {
                "insertions": 1,
                "deletions": 3
              }
            }
          }
        ]
      },
      {
        "date": "2020-10-05",
        "commitResults": [
          {
            "hash": "89ffd41861538081ad11193c017ac4b7805c0a11",
            "messageTitle": "Do template for userguide",
            "messageBody": "",
            "fileTypesAndContributionMap": {
              "docs": {
                "insertions": 83,
                "deletions": 1
              }
            }
          }
        ]
      },
      {
        "date": "2020-10-08",
        "commitResults": [
          {
            "hash": "0e43fff3b7af31192fdfd1047cd2b72062c13070",
            "messageTitle": "Update Duke.java",
            "messageBody": "",
            "fileTypesAndContributionMap": {
              "functional-code": {
                "insertions": 1,
                "deletions": 1
              }
            }
          },
          {
            "hash": "f1186d503b43edef387a6d3a08c40e66b1752fca",
            "messageTitle": "Add basic ui and parse",
            "messageBody": "",
            "fileTypesAndContributionMap": {
              "functional-code": {
                "insertions": 178,
                "deletions": 0
              },
              "test-code": {
                "insertions": 18,
                "deletions": 1
              }
            }
          },
          {
            "hash": "a0278976e623b0af31c8c1f179792e70be28cd44",
            "messageTitle": "added newline to end of file",
            "messageBody": "",
            "fileTypesAndContributionMap": {
              "test-code": {
                "insertions": 2,
                "deletions": 2
              }
            }
          },
          {
            "hash": "75bce71120be57c0976fa2b5ab271dd17f220fb5",
            "messageTitle": "Fixing nextline error",
            "messageBody": "",
            "fileTypesAndContributionMap": {
              "functional-code": {
                "insertions": 27,
                "deletions": 3
              }
            }
          },
          {
            "hash": "7b785dab30fdf5470a761d7508b8d36fc758658d",
            "messageTitle": "Fixing scanner error",
            "messageBody": "",
            "fileTypesAndContributionMap": {
              "functional-code": {
                "insertions": 5,
                "deletions": 28
              }
            }
          },
          {
            "hash": "50a486d8a793f1fcb45e8b397f59011434a33933",
            "messageTitle": "Fix scanner error last try",
            "messageBody": "",
            "fileTypesAndContributionMap": {
              "functional-code": {
                "insertions": 5,
                "deletions": 5
              }
            }
          },
          {
            "hash": "6c38f4458c71be08180a24ea51e073cc68d6617e",
            "messageTitle": "Hide scanner for until other commands are added",
            "messageBody": "",
            "fileTypesAndContributionMap": {
              "functional-code": {
                "insertions": 2,
                "deletions": 2
              }
            }
          },
          {
            "hash": "5db4f13c42e6cdd21e3a12863feba8cb5127ada5",
            "messageTitle": "fixed io error",
            "messageBody": "",
            "fileTypesAndContributionMap": {
              "functional-code": {
                "insertions": 2,
                "deletions": 2
              }
            }
          }
        ]
      },
      {
        "date": "2020-10-09",
        "commitResults": [
          {
            "hash": "050db46798c0c5145b17880d10f45f4231c01458",
            "messageTitle": "add parse commands for InputParser",
            "messageBody": "",
            "fileTypesAndContributionMap": {
              "functional-code": {
                "insertions": 76,
                "deletions": 17
              }
            }
          }
        ]
      },
      {
        "date": "2020-10-10",
        "commitResults": [
          {
            "hash": "56d1aed5eadf11c634d1192564498fa726eedb3d",
            "messageTitle": "Update Ui and Parser",
            "messageBody": "",
            "fileTypesAndContributionMap": {
              "functional-code": {
                "insertions": 128,
                "deletions": 23
              }
            }
          }
        ]
      },
      {
        "date": "2020-10-11",
        "commitResults": [
          {
            "hash": "52b4797eaf9b80197574140cfb151816cdc630eb",
            "messageTitle": "Enable functionality between UI and Storage",
            "messageBody": "",
            "fileTypesAndContributionMap": {
              "functional-code": {
                "insertions": 54,
                "deletions": 32
              },
              "test-code": {
                "insertions": 1,
                "deletions": 1
              }
            }
          },
          {
            "hash": "11471927e5307092abbbc7f4b9d873b51b19c86f",
            "messageTitle": "Modified workflow files and fixed Parsing/command functionality",
            "messageBody": "",
            "fileTypesAndContributionMap": {
              "functional-code": {
                "insertions": 91,
                "deletions": 85
              }
            }
          },
          {
            "hash": "b38523f0d4e3186239c3109be56b281031b00bc7",
            "messageTitle": "Fix minor errors from merge conflict",
            "messageBody": "",
            "fileTypesAndContributionMap": {
              "functional-code": {
                "insertions": 14,
                "deletions": 15
              }
            }
          }
        ]
      },
      {
        "date": "2020-10-12",
        "commitResults": [
          {
            "hash": "5182b33d3e2dd1ef93215c86f173e0b128d98288",
            "messageTitle": "Add some todos and fix some parse commands",
            "messageBody": "",
            "fileTypesAndContributionMap": {
              "functional-code": {
                "insertions": 17,
                "deletions": 7
              }
            }
          },
          {
            "hash": "740281cf79763438590b8fba622f468a035a8095",
            "messageTitle": "Fix previous merge conflict",
            "messageBody": "",
            "fileTypesAndContributionMap": {
              "functional-code": {
                "insertions": 1,
                "deletions": 15
              }
            }
          },
          {
            "hash": "c8a9401d01d4549d6e068ba675f0ff8d3f040546",
            "messageTitle": "verified actual code",
            "messageBody": "",
            "fileTypesAndContributionMap": {
              "functional-code": {
                "insertions": 17,
                "deletions": 19
              }
            }
          },
          {
            "hash": "ef5ee4dc183c93359c38a43c878ff71fd1dd3e03",
            "messageTitle": "Update Javadocs and expected output in UI",
            "messageBody": "",
            "fileTypesAndContributionMap": {
              "functional-code": {
                "insertions": 17,
                "deletions": 13
              },
              "docs": {
                "insertions": 181,
                "deletions": 58
              }
            }
          },
          {
            "hash": "bc0b0300feae832c807b937ef8214c69d2dc5348",
            "messageTitle": "Update Readme.md",
            "messageBody": "",
            "fileTypesAndContributionMap": {
              "docs": {
                "insertions": 3,
                "deletions": 2
              }
            }
          },
          {
            "hash": "924717785da4abcdf497f55f00e5651d87c1f3e4",
            "messageTitle": "Finish docs for delete and deleterating command",
            "messageBody": "",
            "fileTypesAndContributionMap": {
              "functional-code": {
                "insertions": 17,
                "deletions": 8
              },
              "docs": {
                "insertions": 13,
                "deletions": 11
              }
            }
          },
          {
            "hash": "46f378c3fa9ab1ce36ec7174913a38bf0aa3711a",
            "messageTitle": "Fix checkstylemain error",
            "messageBody": "",
            "fileTypesAndContributionMap": {
              "functional-code": {
                "insertions": 1,
                "deletions": 19
              }
            }
          },
          {
            "hash": "399c1f172ac31235a41926f2eecc54e1bdfb3aaf",
            "messageTitle": "Update userguide for \u0027edit\u0027 command. Also enabled saving for current season and episodes in local file",
            "messageBody": "",
            "fileTypesAndContributionMap": {
              "functional-code": {
                "insertions": 19,
                "deletions": 2
              },
              "docs": {
                "insertions": 7,
                "deletions": 5
              }
            }
          },
          {
            "hash": "11f43acff5ae2afcad265766c0a38e307ca3fc7b",
            "messageTitle": "improve UserGuide formatting",
            "messageBody": "",
            "fileTypesAndContributionMap": {
              "docs": {
                "insertions": 5,
                "deletions": 0
              }
            }
          }
        ]
      },
      {
        "date": "2020-10-13",
        "commitResults": [
          {
            "hash": "d10b6efeebe96c87c7c88d21c3bde44b17054675",
            "messageTitle": "Added some tests for InputParser",
            "messageBody": "",
            "fileTypesAndContributionMap": {
              "functional-code": {
                "insertions": 17,
                "deletions": 48
              },
              "test-code": {
                "insertions": 56,
                "deletions": 1
              }
            }
          },
          {
            "hash": "8ba8b911d87c27acd4f4c55a049de1b499d14d93",
            "messageTitle": "Changed conditional for add command to get correct output",
            "messageBody": "",
            "fileTypesAndContributionMap": {
              "functional-code": {
                "insertions": 2,
                "deletions": 3
              }
            }
          },
          {
            "hash": "0374a107fb06c16635db283b0372e6e44da509b0",
            "messageTitle": "Removed ANSI colors from Ui as it may need third party library support",
            "messageBody": "",
            "fileTypesAndContributionMap": {
              "functional-code": {
                "insertions": 22,
                "deletions": 34
              }
            }
          },
          {
            "hash": "b466406f77995d15fe7f989482567b6e4628f006",
            "messageTitle": "Include more exception handling",
            "messageBody": "",
            "fileTypesAndContributionMap": {
              "functional-code": {
                "insertions": 22,
                "deletions": 11
              }
            }
          }
        ]
      },
      {
        "date": "2020-10-17",
        "commitResults": [
          {
            "hash": "ece7a6b510a6f7ba6d470d1277e06c041155b855",
            "messageTitle": "Added Ui for watch time tracking. Also updated UserGuide which hopefully can help our product pitch/demo",
            "messageBody": "",
            "fileTypesAndContributionMap": {
              "functional-code": {
                "insertions": 20,
                "deletions": 1
              },
              "docs": {
                "insertions": 30,
                "deletions": 10
              }
            }
          },
          {
            "hash": "99a79614c10c833c97ab0e9d38c43ef4a5d64b59",
            "messageTitle": "Update parser for updatetimelimit command",
            "messageBody": "",
            "fileTypesAndContributionMap": {
              "functional-code": {
                "insertions": 19,
                "deletions": 2
              }
            }
          }
        ]
      },
      {
        "date": "2020-10-18",
        "commitResults": [
          {
            "hash": "670c1ea51747a7994760b9720b412352a567a7a8",
            "messageTitle": "Updated user guide and developer guide",
            "messageBody": "",
            "fileTypesAndContributionMap": {
              "docs": {
                "insertions": 102,
                "deletions": 3
              }
            }
          }
        ]
      },
      {
        "date": "2020-10-19",
        "commitResults": [
          {
            "hash": "53786d2eef79e7d2c6aaf53fe6c2084b12b89ef3",
            "messageTitle": "Added tentative Watch command to increment episode and track user watchtime",
            "messageBody": "",
            "fileTypesAndContributionMap": {
              "functional-code": {
                "insertions": 119,
                "deletions": 15
              }
            }
          },
          {
            "hash": "4cc7e2b0c4a20feeddc0d35395dd7e3289db400a",
            "messageTitle": "Update ui and javadocs for InputParser",
            "messageBody": "",
            "fileTypesAndContributionMap": {
              "functional-code": {
                "insertions": 84,
                "deletions": 20
              }
            }
          }
        ]
      },
      {
        "date": "2020-10-20",
        "commitResults": [
          {
            "hash": "5fd076d64a7c35fba090c59d846d9b35354e5bbb",
            "messageTitle": "FInished updatetimit command, added catch for edit command and other minor cahnges to get the correct output",
            "messageBody": "",
            "fileTypesAndContributionMap": {
              "functional-code": {
                "insertions": 109,
                "deletions": 28
              },
              "test-code": {
                "insertions": 2,
                "deletions": 3
              }
            }
          },
          {
            "hash": "7dc209633ce5c639edf2e280f01fe3be58f42eb8",
            "messageTitle": "Add tests for WatchCommand and UpdateTimeLimitCommand",
            "messageBody": "",
            "fileTypesAndContributionMap": {
              "test-code": {
                "insertions": 68,
                "deletions": 0
              }
            }
          }
        ]
      },
      {
        "date": "2020-10-21",
        "commitResults": [
          {
            "hash": "c08d1f8fb5f0d9338e5b5707eb5b5c0386d58f9e",
            "messageTitle": "Updated UI output",
            "messageBody": "",
            "fileTypesAndContributionMap": {
              "functional-code": {
                "insertions": 29,
                "deletions": 21
              },
              "test-code": {
                "insertions": 3,
                "deletions": 3
              }
            }
          },
          {
            "hash": "1174c121540d1b4163390d67bd17c43a548724c7",
            "messageTitle": "checkstyle",
            "messageBody": "",
            "fileTypesAndContributionMap": {
              "functional-code": {
                "insertions": 1,
                "deletions": 1
              },
              "test-code": {
                "insertions": 1,
                "deletions": 1
              }
            }
          },
          {
            "hash": "9375224fd87992450ceb4367848c448abfbc1ee4",
            "messageTitle": "Fixed episode bound check for Watch Command",
            "messageBody": "",
            "fileTypesAndContributionMap": {
              "functional-code": {
                "insertions": 21,
                "deletions": 8
              }
            }
          }
        ]
      },
      {
        "date": "2020-10-22",
        "commitResults": [
          {
            "hash": "481cf3d8e1f71f37e6985090ce72491d803babbb",
            "messageTitle": "Updated Dev guide and User guide",
            "messageBody": "",
            "fileTypesAndContributionMap": {
              "docs": {
                "insertions": 74,
                "deletions": 25
              }
            }
          },
          {
            "hash": "b2eeac18df0f27ea1b7a257b6e9ced828d509855",
            "messageTitle": "more changes to dev guide",
            "messageBody": "",
            "fileTypesAndContributionMap": {
              "docs": {
                "insertions": 15,
                "deletions": 15
              }
            }
          },
          {
            "hash": "dc7a3c2115dbac3fde5860cd60be4a8cde7754ca",
            "messageTitle": "Dev guide update",
            "messageBody": "",
            "fileTypesAndContributionMap": {
              "docs": {
                "insertions": 57,
                "deletions": 0
              }
            }
          },
          {
            "hash": "6c4ea156362a4b1277591c53cb9d76e2d79f0283",
            "messageTitle": "no message",
            "messageBody": "",
            "fileTypesAndContributionMap": {
              "docs": {
                "insertions": 2,
                "deletions": 0
              }
            }
          },
          {
            "hash": "69d81390029abcf6249c816d7654b1f15536ea15",
            "messageTitle": "format fix",
            "messageBody": "",
            "fileTypesAndContributionMap": {
              "docs": {
                "insertions": 23,
                "deletions": 17
              }
            }
          },
          {
            "hash": "8796dfcf679a2727ce2a5d90580df5fd9ea79c16",
            "messageTitle": "updated UG. Also fixed recorded date bug",
            "messageBody": "",
            "fileTypesAndContributionMap": {
              "functional-code": {
                "insertions": 16,
                "deletions": 0
              },
              "other": {
                "insertions": 1,
                "deletions": 1
              },
              "docs": {
                "insertions": 58,
                "deletions": 55
              }
            }
          },
          {
            "hash": "6de4806c5d67086c7e53bc2ac4e534ef6e04a51c",
            "messageTitle": "remove userData in tracking",
            "messageBody": "",
            "fileTypesAndContributionMap": {
              "other": {
                "insertions": 0,
                "deletions": 3
              }
            }
          }
        ]
      },
      {
        "date": "2020-10-23",
        "commitResults": [
          {
            "hash": "138059d3cbd9a3422814b2b48483f631e7d8dada",
            "messageTitle": "Add programflow and changes to language for UG",
            "messageBody": "",
            "fileTypesAndContributionMap": {
              "docs": {
                "insertions": 13,
                "deletions": 4
              }
            }
          },
          {
            "hash": "77763cf0ecc9f34ed40586df813dd9da3baac97d",
            "messageTitle": "Formatting",
            "messageBody": "",
            "fileTypesAndContributionMap": {
              "docs": {
                "insertions": 9,
                "deletions": 8
              }
            }
          }
        ]
      },
      {
        "date": "2020-10-24",
        "commitResults": [
          {
            "hash": "4ef81cbbbe552792d9bc6e516666fd731c583fc8",
            "messageTitle": "More changes to UG and add UI for addreview",
            "messageBody": "",
            "fileTypesAndContributionMap": {
              "functional-code": {
                "insertions": 13,
                "deletions": 3
              },
              "docs": {
                "insertions": 92,
                "deletions": 26
              }
            }
          },
          {
            "hash": "a9a3562e822de0ca548ce693e09f431c0ed13118",
            "messageTitle": "Image size formatting",
            "messageBody": "",
            "fileTypesAndContributionMap": {
              "functional-code": {
                "insertions": 1,
                "deletions": 0
              },
              "docs": {
                "insertions": 10,
                "deletions": 11
              }
            }
          },
          {
            "hash": "2573336db4e00f935ef4f1635fe7b43e0ece0041",
            "messageTitle": "Fixed table of contents and image sizes plus few language fixes",
            "messageBody": "",
            "fileTypesAndContributionMap": {
              "docs": {
                "insertions": 23,
                "deletions": 20
              }
            }
          },
          {
            "hash": "3dc161dabe16f0204a933c5c21069f0e3662b534",
            "messageTitle": "fix small oopsie",
            "messageBody": "",
            "fileTypesAndContributionMap": {
              "docs": {
                "insertions": 1,
                "deletions": 1
              }
            }
          },
          {
            "hash": "69d038edf587db5b16abe44c55150175c425cd5c",
            "messageTitle": "Fix formatting and table of content links",
            "messageBody": "",
            "fileTypesAndContributionMap": {
              "docs": {
                "insertions": 35,
                "deletions": 35
              }
            }
          },
          {
            "hash": "13aa26a8cec46e9bf3073ef858abef03635e569a",
            "messageTitle": "Hyperlink fixed for FAQ",
            "messageBody": "",
            "fileTypesAndContributionMap": {
              "docs": {
                "insertions": 3,
                "deletions": 2
              }
            }
          }
        ]
      },
      {
        "date": "2020-10-26",
        "commitResults": [
          {
            "hash": "c60ee5ef5b0b8416a3b4e259fb27083575012c3d",
            "messageTitle": "Added pictures to new command and content hyperlink fixes",
            "messageBody": "",
            "fileTypesAndContributionMap": {
              "docs": {
                "insertions": 28,
                "deletions": 18
              }
            }
          },
          {
            "hash": "a05a2d1afa6a9ad3c870c634a7304134d637579a",
            "messageTitle": "Update Help UI",
            "messageBody": "",
            "fileTypesAndContributionMap": {
              "functional-code": {
                "insertions": 28,
                "deletions": 13
              }
            }
          },
          {
            "hash": "f159f658dbb2410d30fc909142619e5505f30aaa",
            "messageTitle": "Add ErrorHandling feature to DG, added sequence diagram for WatchCOmmand",
            "messageBody": "",
            "fileTypesAndContributionMap": {
              "functional-code": {
                "insertions": 4,
                "deletions": 0
              },
              "docs": {
                "insertions": 27,
                "deletions": 0
              }
            }
          },
          {
            "hash": "6d8bb303f63903ddac085bba6a308f2ee752b322",
            "messageTitle": "minor adjustments",
            "messageBody": "",
            "fileTypesAndContributionMap": {
              "docs": {
                "insertions": 5,
                "deletions": 4
              }
            }
          },
          {
            "hash": "70b45a47aaeb86e177baf9b113a0a25f6a6bf809",
            "messageTitle": "caption fix",
            "messageBody": "",
            "fileTypesAndContributionMap": {
              "docs": {
                "insertions": 3,
                "deletions": 2
              }
            }
          },
          {
            "hash": "f976b6dc5c190720a9e6073a4c600a7fd2e97305",
            "messageTitle": "more adjustments",
            "messageBody": "",
            "fileTypesAndContributionMap": {
              "docs": {
                "insertions": 5,
                "deletions": 2
              }
            }
          },
          {
            "hash": "e35c45ad3c059cb0c1b1db484fa77801b6fc3883",
            "messageTitle": "Add template for manual test cases in DG. Also added new help command",
            "messageBody": "",
            "fileTypesAndContributionMap": {
              "functional-code": {
                "insertions": 58,
                "deletions": 16
              },
              "docs": {
                "insertions": 206,
                "deletions": 12
              }
            }
          }
        ]
      }
    ],
    "jazhten": [
      {
        "date": "2020-09-30",
        "commitResults": [
          {
            "hash": "481e923b6c660b4477409cf371c1f1233e089e24",
            "messageTitle": "Add myself",
            "messageBody": "",
            "fileTypesAndContributionMap": {
              "docs": {
                "insertions": 1,
                "deletions": 1
              }
            }
          }
        ]
      },
      {
        "date": "2020-10-06",
        "commitResults": [
          {
            "hash": "0da3c78db1c6964164331e9b45b1d444e14253a5",
            "messageTitle": "Add basic skeleton Add Show class Add test for show class",
            "messageBody": "",
            "fileTypesAndContributionMap": {
              "functional-code": {
                "insertions": 97,
                "deletions": 0
              },
              "test-code": {
                "insertions": 41,
                "deletions": 0
              }
            }
          },
          {
            "hash": "bd66ae53ced9b84cca0ac373f9866dde4715d867",
            "messageTitle": "Fixed the coding standards errors",
            "messageBody": "",
            "fileTypesAndContributionMap": {
              "functional-code": {
                "insertions": 4,
                "deletions": 4
              },
              "other": {
                "insertions": 8,
                "deletions": 7
              },
              "test-code": {
                "insertions": 42,
                "deletions": 41
              }
            }
          }
        ]
      },
      {
        "date": "2020-10-08",
        "commitResults": [
          {
            "hash": "587c68755953773e59567da3490b1e42942f242a",
            "messageTitle": "Update structure of Duke",
            "messageBody": "",
            "fileTypesAndContributionMap": {
              "functional-code": {
                "insertions": 39,
                "deletions": 0
              },
              "test-code": {
                "insertions": 22,
                "deletions": 0
              }
            }
          },
          {
            "hash": "31a2771bf0a34ae2d8bf9f81c7abe2669680369a",
            "messageTitle": "Add showlist",
            "messageBody": "",
            "fileTypesAndContributionMap": {
              "functional-code": {
                "insertions": 22,
                "deletions": 4
              }
            }
          },
          {
            "hash": "d6ff5f654f7cf1090a1348885fc4918ae92dd4dc",
            "messageTitle": "Fix Duke format",
            "messageBody": "",
            "fileTypesAndContributionMap": {
              "functional-code": {
                "insertions": 48,
                "deletions": 13
              },
              "other": {
                "insertions": 2,
                "deletions": 3
              },
              "test-code": {
                "insertions": 0,
                "deletions": 4
              }
            }
          },
          {
            "hash": "c3bad818ecfb76d8ea50e01822ef6884feb05eb1",
            "messageTitle": "Add Movie class",
            "messageBody": "",
            "fileTypesAndContributionMap": {
              "functional-code": {
                "insertions": 15,
                "deletions": 0
              }
            }
          },
          {
            "hash": "981ed5ab3e4ae78cbcf3becbd260c210243e2665",
            "messageTitle": "Add Exception Template",
            "messageBody": "",
            "fileTypesAndContributionMap": {
              "functional-code": {
                "insertions": 41,
                "deletions": 2
              },
              "test-code": {
                "insertions": 2,
                "deletions": 0
              }
            }
          },
          {
            "hash": "a3254c7f645b4da26975e56b1d8051d90ed0f9a2",
            "messageTitle": "Update Ui.java",
            "messageBody": "",
            "fileTypesAndContributionMap": {
              "functional-code": {
                "insertions": 1,
                "deletions": 1
              }
            }
          },
          {
            "hash": "094f8b3cd047b40e78d81716fd9724be1a74311c",
            "messageTitle": "Edit name",
            "messageBody": "",
            "fileTypesAndContributionMap": {
              "functional-code": {
                "insertions": 1,
                "deletions": 1
              }
            }
          }
        ]
      },
      {
        "date": "2020-10-11",
        "commitResults": [
          {
            "hash": "8248cf326551dc95dfa3496cb2441c9c587e9016",
            "messageTitle": "Add example for command call in Parser. Add Watch Tracker capabilities",
            "messageBody": "",
            "fileTypesAndContributionMap": {
              "functional-code": {
                "insertions": 598,
                "deletions": 9
              },
              "docs": {
                "insertions": 87,
                "deletions": 5
              },
              "test-code": {
                "insertions": 43,
                "deletions": 3
              }
            }
          },
          {
            "hash": "e94b3ed789cfa2e41333c2108cc1aef340317ccf",
            "messageTitle": "Add error handling",
            "messageBody": "",
            "fileTypesAndContributionMap": {
              "functional-code": {
                "insertions": 30,
                "deletions": 14
              }
            }
          },
          {
            "hash": "e4d1d8dd0e98a2cc894584a45132539233dac862",
            "messageTitle": "Fix format error",
            "messageBody": "",
            "fileTypesAndContributionMap": {
              "functional-code": {
                "insertions": 1,
                "deletions": 1
              }
            }
          }
        ]
      },
      {
        "date": "2020-10-12",
        "commitResults": [
          {
            "hash": "1904940ebc07e4f126e977cdc312b3cf684aae45",
            "messageTitle": "Add List function logic with toString for Show",
            "messageBody": "",
            "fileTypesAndContributionMap": {
              "functional-code": {
                "insertions": 30,
                "deletions": 10
              }
            }
          },
          {
            "hash": "1104b7989dc7b961e8d2e5650ce3de5333c09b26",
            "messageTitle": "Add showList function",
            "messageBody": "",
            "fileTypesAndContributionMap": {
              "functional-code": {
                "insertions": 30,
                "deletions": 9
              }
            }
          },
          {
            "hash": "807f42098a099f32dc605b23516a0b01a57f2345",
            "messageTitle": "Add tests Fixe some bugs related to adding shows",
            "messageBody": "",
            "fileTypesAndContributionMap": {
              "functional-code": {
                "insertions": 18,
                "deletions": 20
              },
              "test-code": {
                "insertions": 60,
                "deletions": 8
              }
            }
          },
          {
            "hash": "da20664ee103d17d457faa95d6f6011326f2ee61",
            "messageTitle": "Add Ui for episode and Season commands Minor change to SaveState()",
            "messageBody": "",
            "fileTypesAndContributionMap": {
              "functional-code": {
                "insertions": 51,
                "deletions": 25
              }
            }
          },
          {
            "hash": "61fa75b4ecd0ec8f4e1139b47f46c5b973820cd8",
            "messageTitle": "Move overwritten toString() in Show",
            "messageBody": "",
            "fileTypesAndContributionMap": {
              "functional-code": {
                "insertions": 15,
                "deletions": 16
              }
            }
          },
          {
            "hash": "0991674e88ee0208c6af3a047eca95967beaf3a7",
            "messageTitle": "Fix checkstyle error",
            "messageBody": "",
            "fileTypesAndContributionMap": {
              "functional-code": {
                "insertions": 1,
                "deletions": 0
              }
            }
          },
          {
            "hash": "ef05db28ab53c9fb330c11a3c6b84281ebdb220f",
            "messageTitle": "Add exception catching for edit command Edit toString for Show Abstract edit command in input parser",
            "messageBody": "",
            "fileTypesAndContributionMap": {
              "functional-code": {
                "insertions": 106,
                "deletions": 54
              }
            }
          }
        ]
      },
      {
        "date": "2020-10-13",
        "commitResults": [
          {
            "hash": "a0c059a4caa1692d11934e3f9515d5f774d1a988",
            "messageTitle": "Fix episode[space] bug",
            "messageBody": "",
            "fileTypesAndContributionMap": {
              "functional-code": {
                "insertions": 5,
                "deletions": 1
              }
            }
          },
          {
            "hash": "5ab65ce223815cf11ce57a62bad99df99f5f0ec5",
            "messageTitle": "Fix boundaries bug when changing number of seasons Reformat toString method for Show class Set boundary for Storage class",
            "messageBody": "",
            "fileTypesAndContributionMap": {
              "functional-code": {
                "insertions": 16,
                "deletions": 9
              }
            }
          },
          {
            "hash": "5e1c61f6854101f87f29df3a267d8ab29cc09ba8",
            "messageTitle": "Fix add bug Add some input sanitisation",
            "messageBody": "",
            "fileTypesAndContributionMap": {
              "functional-code": {
                "insertions": 33,
                "deletions": 9
              }
            }
          },
          {
            "hash": "08958a1d921bc32d958cc3e6fb4bad28bb63ce65",
            "messageTitle": "Included list in single-word-commands",
            "messageBody": "",
            "fileTypesAndContributionMap": {
              "functional-code": {
                "insertions": 6,
                "deletions": 3
              }
            }
          },
          {
            "hash": "da09bbce0f37e3f627e3811aeb7019144dcde5fc",
            "messageTitle": "Clarified checking for single word commands",
            "messageBody": "",
            "fileTypesAndContributionMap": {
              "functional-code": {
                "insertions": 3,
                "deletions": 1
              }
            }
          },
          {
            "hash": "7fceba63a9301f2738c68c1258c7eb586f99edee",
            "messageTitle": "Update InputParser.java",
            "messageBody": "",
            "fileTypesAndContributionMap": {
              "functional-code": {
                "insertions": 0,
                "deletions": 1
              }
            }
          }
        ]
      },
      {
        "date": "2020-10-16",
        "commitResults": [
          {
            "hash": "7c52450f3a97066e4b26fa1dc2c17581d8fe8744",
            "messageTitle": "Remove movie class Add WatchTime class Add attributes to show Change loadParser Add TODO comments",
            "messageBody": "",
            "fileTypesAndContributionMap": {
              "functional-code": {
                "insertions": 76,
                "deletions": 19
              },
              "test-code": {
                "insertions": 7,
                "deletions": 6
              }
            }
          },
          {
            "hash": "17cee564ef8f16b0287b1eebccc7729b88f81e0a",
            "messageTitle": "Fix add command",
            "messageBody": "",
            "fileTypesAndContributionMap": {
              "functional-code": {
                "insertions": 3,
                "deletions": 2
              },
              "test-code": {
                "insertions": 1,
                "deletions": 1
              }
            }
          }
        ]
      },
      {
        "date": "2020-10-17",
        "commitResults": [
          {
            "hash": "77d3fdb198b64b811fe6f50e80a096290edf9753",
            "messageTitle": "Remove showDuration, will be handled in command",
            "messageBody": "",
            "fileTypesAndContributionMap": {
              "functional-code": {
                "insertions": 17,
                "deletions": 24
              },
              "test-code": {
                "insertions": 6,
                "deletions": 6
              }
            }
          }
        ]
      },
      {
        "date": "2020-10-20",
        "commitResults": [
          {
            "hash": "662037e662e28e784508d71b98c3f1dba9ee5ebe",
            "messageTitle": "Edit storage class Edit watchTime funcitonality",
            "messageBody": "",
            "fileTypesAndContributionMap": {
              "functional-code": {
                "insertions": 102,
                "deletions": 78
              },
              "test-code": {
                "insertions": 10,
                "deletions": 10
              }
            }
          },
          {
            "hash": "672837b0099a008482e470dac08fae83b504f4a3",
            "messageTitle": "Fix add command test",
            "messageBody": "",
            "fileTypesAndContributionMap": {
              "test-code": {
                "insertions": 1,
                "deletions": 1
              }
            }
          }
        ]
      },
      {
        "date": "2020-10-22",
        "commitResults": [
          {
            "hash": "726d8bb027239e521c67a2e377b569e1cc2bb5fb",
            "messageTitle": "Add first draft of design portion",
            "messageBody": "",
            "fileTypesAndContributionMap": {
              "docs": {
                "insertions": 9,
                "deletions": 0
              }
            }
          },
          {
            "hash": "a79839585b6d3abf26d8a32caa41496dbe71abe3",
            "messageTitle": "Add value proposition Add user profile",
            "messageBody": "",
            "fileTypesAndContributionMap": {
              "docs": {
                "insertions": 15,
                "deletions": 3
              }
            }
          },
          {
            "hash": "fd21fdb276b3ffb175554b113d9646dbb7d87d32",
            "messageTitle": "Clean up formatting",
            "messageBody": "",
            "fileTypesAndContributionMap": {
              "docs": {
                "insertions": 7,
                "deletions": 7
              }
            }
          },
          {
            "hash": "8c600b87da61f6f1589c44ecba3737e85382e1c0",
            "messageTitle": "Add testing",
            "messageBody": "",
            "fileTypesAndContributionMap": {
              "docs": {
                "insertions": 11,
                "deletions": 1
              }
            }
          }
        ]
      },
      {
        "date": "2020-10-23",
        "commitResults": [
          {
            "hash": "ca617265518258fd3dae926e3cef5e9c37c1a32b",
            "messageTitle": "Delete showList.txt",
            "messageBody": "",
            "fileTypesAndContributionMap": {
              "other": {
                "insertions": 0,
                "deletions": 10
              }
            }
          },
          {
            "hash": "a0c96687f4bf41d0cd4dcc5107246811f4ef6452",
            "messageTitle": "Update UG",
            "messageBody": "",
            "fileTypesAndContributionMap": {
              "docs": {
                "insertions": 20,
                "deletions": 13
              }
            }
          },
          {
            "hash": "a87ce8f9155990b7775c06a1d8ad382d3c6ed3d5",
            "messageTitle": "Update UserGuide.md",
            "messageBody": "",
            "fileTypesAndContributionMap": {
              "docs": {
                "insertions": 1,
                "deletions": 1
              }
            }
          }
        ]
      },
      {
        "date": "2020-10-24",
        "commitResults": [
          {
            "hash": "b3df2730ad056a4c329bd2b970fb4ea0869ca04f",
            "messageTitle": "Change introduction Add more whitespace between sections",
            "messageBody": "",
            "fileTypesAndContributionMap": {
              "docs": {
                "insertions": 18,
                "deletions": 22
              }
            }
          },
          {
            "hash": "d2fce0e03a84458dd515831971ad0a7cf9809864",
            "messageTitle": "Reduce white space",
            "messageBody": "",
            "fileTypesAndContributionMap": {
              "docs": {
                "insertions": 6,
                "deletions": 7
              }
            }
          },
          {
            "hash": "fc8d4d68de41db979547a6dc5b801a484d5b128c",
            "messageTitle": "Remove some whitespace",
            "messageBody": "",
            "fileTypesAndContributionMap": {
              "docs": {
                "insertions": 4,
                "deletions": 4
              }
            }
          }
        ]
      },
      {
        "date": "2020-10-26",
        "commitResults": [
          {
            "hash": "774b38bdb9b1c4e422df73f70d0739b47b30388d",
            "messageTitle": "Add design architecture diagram Change attributes to private in Show class",
            "messageBody": "",
            "fileTypesAndContributionMap": {
              "functional-code": {
                "insertions": 11,
                "deletions": 11
              }
            }
          }
        ]
      }
    ],
    "judowha": [
      {
        "date": "2020-09-30",
        "commitResults": [
          {
            "hash": "354358f37689a108c8a93067c767b685c02d191b",
            "messageTitle": "add AboutUs",
            "messageBody": "",
            "fileTypesAndContributionMap": {
              "docs": {
                "insertions": 1,
                "deletions": 1
              }
            }
          }
        ]
      },
      {
        "date": "2020-10-11",
        "commitResults": [
          {
            "hash": "f49326d37ef6879f23a0884587ff5f4fd7b74cec",
            "messageTitle": "Implement storage and load function",
            "messageBody": "",
            "fileTypesAndContributionMap": {
              "functional-code": {
                "insertions": 77,
                "deletions": 5
              }
            }
          }
        ]
      },
      {
        "date": "2020-10-12",
        "commitResults": [
          {
            "hash": "b12d8a0e40dbb84f9b6f6ee3ecdad29ea0ebb3b6",
            "messageTitle": "Update Storage and create a test for Storage",
            "messageBody": "",
            "fileTypesAndContributionMap": {
              "functional-code": {
                "insertions": 11,
                "deletions": 9
              },
              "test-code": {
                "insertions": 41,
                "deletions": 0
              }
            }
          }
        ]
      },
      {
        "date": "2020-10-19",
        "commitResults": [
          {
            "hash": "3196dbdac05676280ffa361f904c69bfcbfb7db6",
            "messageTitle": "update watchTime class update Junite test",
            "messageBody": "",
            "fileTypesAndContributionMap": {
              "functional-code": {
                "insertions": 7,
                "deletions": 2
              },
              "test-code": {
                "insertions": 16,
                "deletions": 0
              }
            }
          }
        ]
      },
      {
        "date": "2020-10-20",
        "commitResults": [
          {
            "hash": "0dca788f4731bd702dd181359590aca8f8226443",
            "messageTitle": "update saveState part",
            "messageBody": "",
            "fileTypesAndContributionMap": {
              "functional-code": {
                "insertions": 23,
                "deletions": 36
              }
            }
          },
          {
            "hash": "ebc3c968c353156aa09f7b3083da403ed1c6fbee",
            "messageTitle": "correct format",
            "messageBody": "",
            "fileTypesAndContributionMap": {
              "functional-code": {
                "insertions": 3,
                "deletions": 6
              }
            }
          },
          {
            "hash": "dd05265881ca9c989f14fd6fc11dcfbf0dbc7ff0",
            "messageTitle": "correct format",
            "messageBody": "",
            "fileTypesAndContributionMap": {
              "functional-code": {
                "insertions": 1,
                "deletions": 1
              }
            }
          },
          {
            "hash": "85770cffe5adca079cc5e8c4ac55723112a24b2d",
            "messageTitle": "correct format",
            "messageBody": "",
            "fileTypesAndContributionMap": {
              "functional-code": {
                "insertions": 2,
                "deletions": 2
              }
            }
          }
        ]
      },
      {
        "date": "2020-10-22",
        "commitResults": [
          {
            "hash": "ecfdd6dffaf94043de59c010411e0c782ce96c8d",
            "messageTitle": "Change save file name",
            "messageBody": "",
            "fileTypesAndContributionMap": {
              "functional-code": {
                "insertions": 1,
                "deletions": 1
              }
            }
          },
          {
            "hash": "76a9a60b0efdfef494841e052cc4fc4df3893c94",
            "messageTitle": "update DG implementation",
            "messageBody": "",
            "fileTypesAndContributionMap": {
              "docs": {
                "insertions": 5,
                "deletions": 0
              }
            }
          }
        ]
      },
      {
        "date": "2020-10-23",
        "commitResults": [
          {
            "hash": "d9d6ae5af3c24c89e2c592f76bb90e9c8626d0ef",
            "messageTitle": "add three Q\u0026A",
            "messageBody": "",
            "fileTypesAndContributionMap": {
              "docs": {
                "insertions": 20,
                "deletions": 3
              }
            }
          },
          {
            "hash": "e04c91b6f99b3072f724a55eea8df96ce01f4590",
            "messageTitle": "implement search function",
            "messageBody": "",
            "fileTypesAndContributionMap": {
              "functional-code": {
                "insertions": 57,
                "deletions": 0
              }
            }
          },
          {
            "hash": "ece4898bd017f31e8d8d0e40445d47bf0ec3ba1c",
            "messageTitle": "correct format",
            "messageBody": "",
            "fileTypesAndContributionMap": {
              "functional-code": {
                "insertions": 7,
                "deletions": 7
              }
            }
          },
          {
            "hash": "935ff6ac7b6ac8190eb4958eee43d699c4eb2fc1",
            "messageTitle": "correct style",
            "messageBody": "",
            "fileTypesAndContributionMap": {
              "functional-code": {
                "insertions": 1,
                "deletions": 2
              }
            }
          }
        ]
      },
      {
        "date": "2020-10-24",
        "commitResults": [
          {
            "hash": "7196310c6a8826534f14e927c0890b1eccf2373c",
            "messageTitle": "update UG",
            "messageBody": "",
            "fileTypesAndContributionMap": {
              "functional-code": {
                "insertions": 2,
                "deletions": 0
              },
              "docs": {
                "insertions": 18,
                "deletions": 1
              }
            }
          },
          {
            "hash": "734d1b57568655ccd61751ba97f757db7f64bd90",
            "messageTitle": "update storage for addreview function",
            "messageBody": "",
            "fileTypesAndContributionMap": {
              "functional-code": {
                "insertions": 10,
                "deletions": 2
              }
            }
          },
          {
            "hash": "a5795e56187436d0878be73b75076e7b153eea56",
            "messageTitle": "corret style",
            "messageBody": "",
            "fileTypesAndContributionMap": {
              "functional-code": {
                "insertions": 2,
                "deletions": 1
              }
            }
          }
        ]
      },
      {
        "date": "2020-10-26",
        "commitResults": [
          {
            "hash": "0f5be45a6597fa5273d65ca7efb4fdb9502cc56c",
            "messageTitle": "fix bug",
            "messageBody": "",
            "fileTypesAndContributionMap": {
              "functional-code": {
                "insertions": 1,
                "deletions": 1
              }
            }
          },
          {
            "hash": "13a02e30c06d4f11a80124d583a82334a516eb6f",
            "messageTitle": "fix bugs",
            "messageBody": "",
            "fileTypesAndContributionMap": {
              "functional-code": {
                "insertions": 2,
                "deletions": 2
              }
            }
          },
          {
            "hash": "eb80314a69d49273f27db06f948d581e9e0f9004",
            "messageTitle": "correct style",
            "messageBody": "",
            "fileTypesAndContributionMap": {
              "functional-code": {
                "insertions": 1,
                "deletions": 1
              }
            }
          }
        ]
      }
    ],
    "shikai-zhou": [
      {
        "date": "2020-09-30",
        "commitResults": [
          {
            "hash": "dc6323e5df16e9b5058c8808c6d76fd0bd640563",
            "messageTitle": "add my name",
            "messageBody": "",
            "fileTypesAndContributionMap": {
              "docs": {
                "insertions": 1,
                "deletions": 1
              }
            }
          }
        ]
      },
      {
        "date": "2020-10-08",
        "commitResults": [
          {
            "hash": "7894e6870278a8eb56e374560db5bde3070a0d94",
            "messageTitle": "add my name",
            "messageBody": "",
            "fileTypesAndContributionMap": {
              "docs": {
                "insertions": 1,
                "deletions": 1
              }
            }
          },
          {
            "hash": "c705c6f2b68f43a5ecc7e1160a5944670e9ebcde",
            "messageTitle": "hello",
            "messageBody": "",
            "fileTypesAndContributionMap": {
              "docs": {
                "insertions": 0,
                "deletions": 5
              }
            }
          }
        ]
      },
      {
        "date": "2020-10-11",
        "commitResults": [
          {
            "hash": "c01e6a39e42b568226df67d30d63090d5ef74d56",
            "messageTitle": "added the \"add\" command",
            "messageBody": "",
            "fileTypesAndContributionMap": {
              "functional-code": {
                "insertions": 39,
                "deletions": 11
              }
            }
          }
        ]
      },
      {
        "date": "2020-10-12",
        "commitResults": [
          {
            "hash": "6befe50122bcab99e083f2aecb6f76a76947935d",
            "messageTitle": "added \"edit\" command",
            "messageBody": "",
            "fileTypesAndContributionMap": {
              "functional-code": {
                "insertions": 57,
                "deletions": 4
              }
            }
          },
          {
            "hash": "0c0219781202742ac3f7bd2dd4356b72cf4fa080",
            "messageTitle": "update UG",
            "messageBody": "",
            "fileTypesAndContributionMap": {
              "docs": {
                "insertions": 10,
                "deletions": 1
              }
            }
          },
          {
            "hash": "3ae1dd58d7cdf190c82ee7b355984fe3e9f9c679",
            "messageTitle": "style check",
            "messageBody": "",
            "fileTypesAndContributionMap": {
              "functional-code": {
                "insertions": 11,
                "deletions": 12
              }
            }
          }
        ]
      },
      {
        "date": "2020-10-13",
        "commitResults": [
          {
            "hash": "13584e24ff9b746b32467c3511c1eaa38f50b095",
            "messageTitle": "Added test for add command",
            "messageBody": "",
            "fileTypesAndContributionMap": {
              "functional-code": {
                "insertions": 9,
                "deletions": 0
              },
              "test-code": {
                "insertions": 29,
                "deletions": 0
              }
            }
          },
          {
            "hash": "655f21f57c194cc271a2724965db36d45e65fd23",
            "messageTitle": "enable assertions in build.gradle",
            "messageBody": "",
            "fileTypesAndContributionMap": {
              "other": {
                "insertions": 1,
                "deletions": 0
              }
            }
          },
          {
            "hash": "a9be774a05e6ed69e25d0058515633cf346a9e97",
            "messageTitle": "change to Ui exception handling",
            "messageBody": "",
            "fileTypesAndContributionMap": {
              "functional-code": {
                "insertions": 3,
                "deletions": 1
              }
            }
          },
          {
            "hash": "0886fce41e06474cfea3460c0085f54df901fdb6",
            "messageTitle": "update EditCommand",
            "messageBody": "",
            "fileTypesAndContributionMap": {
              "functional-code": {
                "insertions": 6,
                "deletions": 2
              }
            }
          }
        ]
      },
      {
        "date": "2020-10-18",
        "commitResults": [
          {
            "hash": "b1b76f231591ed775fbebb2c0fa237275cb46e8e",
            "messageTitle": "added exceptions and watchtime command",
            "messageBody": "",
            "fileTypesAndContributionMap": {
              "functional-code": {
                "insertions": 57,
                "deletions": 24
              }
            }
          }
        ]
      },
      {
        "date": "2020-10-19",
        "commitResults": [
          {
            "hash": "235ee216e274fea88a61a12d0e1ad8e281aa54a6",
            "messageTitle": "Checkstyle",
            "messageBody": "",
            "fileTypesAndContributionMap": {
              "test-code": {
                "insertions": 7,
                "deletions": 3
              }
            }
          },
          {
            "hash": "23d9a6c13d195f7f55b5303b145222ff5c86e025",
            "messageTitle": "Edit can now edit duration of episodes and show can be initialised with episode durations",
            "messageBody": "",
            "fileTypesAndContributionMap": {
              "functional-code": {
                "insertions": 52,
                "deletions": 5
              },
              "docs": {
                "insertions": 2,
                "deletions": 2
              }
            }
          }
        ]
      },
      {
        "date": "2020-10-22",
        "commitResults": [
          {
            "hash": "9f4ebc256e84633f6aea6b9f1b21de37112ed073",
            "messageTitle": "update DG",
            "messageBody": "",
            "fileTypesAndContributionMap": {
              "docs": {
                "insertions": 40,
                "deletions": 14
              }
            }
          },
          {
            "hash": "569e108556bd3657bbd82734321469216c58029a",
            "messageTitle": "add dev ops",
            "messageBody": "",
            "fileTypesAndContributionMap": {
              "docs": {
                "insertions": 3,
                "deletions": 0
              }
            }
          },
          {
            "hash": "71531b3d7344c1bcff9148ef8e8ec5cf69606d33",
            "messageTitle": "lol",
            "messageBody": "",
            "fileTypesAndContributionMap": {
              "other": {
                "insertions": 3,
                "deletions": 0
              }
            }
          },
          {
            "hash": "f80b90e6f748703e3566760b90804bff9da96648",
            "messageTitle": "save changes",
            "messageBody": "",
            "fileTypesAndContributionMap": {
              "functional-code": {
                "insertions": 1,
                "deletions": 1
              },
              "other": {
                "insertions": 3,
                "deletions": 0
              }
            }
          },
          {
            "hash": "70dab70a120dbdb063fa9526791784dc9c381d4e",
            "messageTitle": "include new add review command",
            "messageBody": "",
            "fileTypesAndContributionMap": {
              "functional-code": {
                "insertions": 19,
                "deletions": 2
              },
              "other": {
                "insertions": 10,
                "deletions": 3
              }
            }
          },
          {
            "hash": "3561670da3568902c9ad8544861c65963bb7a498",
            "messageTitle": "parse add review command",
            "messageBody": "",
            "fileTypesAndContributionMap": {
              "functional-code": {
                "insertions": 27,
                "deletions": 12
              }
            }
          },
          {
            "hash": "61bb734539a95fca29eab500c8334a49a5bd1eaf",
            "messageTitle": "update unit test",
            "messageBody": "",
            "fileTypesAndContributionMap": {
              "functional-code": {
                "insertions": 15,
                "deletions": 5
              },
              "other": {
                "insertions": 6,
                "deletions": 6
              },
              "test-code": {
                "insertions": 1,
                "deletions": 1
              }
            }
          }
        ]
      },
      {
        "date": "2020-10-23",
        "commitResults": [
          {
            "hash": "3a79fcc1b607f83129982a70a9bb724192c1c16a",
            "messageTitle": "Delete userData.txt",
            "messageBody": "",
            "fileTypesAndContributionMap": {
              "other": {
                "insertions": 0,
                "deletions": 10
              }
            }
          },
          {
            "hash": "e2e61531ac92c4aca216df50f71f71511590e76e",
            "messageTitle": "Updated UG and help",
            "messageBody": "",
            "fileTypesAndContributionMap": {
              "functional-code": {
                "insertions": 2,
                "deletions": 0
              },
              "other": {
                "insertions": 3,
                "deletions": 3
              },
              "docs": {
                "insertions": 14,
                "deletions": 8
              }
            }
          },
          {
            "hash": "1499d6aef1dd2dd697a75698d956b1cab2823fa0",
            "messageTitle": "Updated DG",
            "messageBody": "",
            "fileTypesAndContributionMap": {
              "docs": {
                "insertions": 25,
                "deletions": 8
              }
            }
          }
        ]
      },
      {
        "date": "2020-10-24",
        "commitResults": [
          {
            "hash": "56a02eb95179784c902fb7e20c4f5a47676dc303",
            "messageTitle": "update UG",
            "messageBody": "",
            "fileTypesAndContributionMap": {
              "docs": {
                "insertions": 51,
                "deletions": 50
              }
            }
          }
        ]
      },
      {
        "date": "2020-10-26",
        "commitResults": [
          {
            "hash": "50754a740198d2074b3ab8a01a8919ea73bf9fc1",
            "messageTitle": "updated DG",
            "messageBody": "",
            "fileTypesAndContributionMap": {
              "docs": {
                "insertions": 40,
                "deletions": 29
              }
            }
          },
          {
            "hash": "87a199f02c32e64ff2ea74930a0b7379c9cde1c8",
            "messageTitle": "updated UG",
            "messageBody": "",
            "fileTypesAndContributionMap": {
              "docs": {
                "insertions": 24,
                "deletions": 11
              }
            }
          },
          {
            "hash": "fe343eeed10eed520fa71049f1ad34f308816c44",
            "messageTitle": "updated UG",
            "messageBody": "",
            "fileTypesAndContributionMap": {
              "docs": {
                "insertions": 4,
                "deletions": 1
              }
            }
          },
          {
            "hash": "b8758ef83f342ff7efef629d31f137efc8f365e1",
            "messageTitle": "updated UG and DG",
            "messageBody": "",
            "fileTypesAndContributionMap": {
              "docs": {
                "insertions": 8,
                "deletions": 4
              }
            }
          }
        ]
      }
    ],
    "Bryanbeh1998": [
      {
        "date": "2020-09-30",
        "commitResults": [
          {
            "hash": "0bb99e1b9fbaf0212cc16e0170574b430f0ef39f",
            "messageTitle": "Added Bryan Beh",
            "messageBody": "",
            "fileTypesAndContributionMap": {
              "docs": {
                "insertions": 1,
                "deletions": 1
              }
            }
          }
        ]
      },
      {
        "date": "2020-10-11",
        "commitResults": [
          {
            "hash": "733b8e6a7369c329a6b71fa50adae33468c88481",
            "messageTitle": "Added Rating,ChangeRating and DeleteRating Commands",
            "messageBody": "",
            "fileTypesAndContributionMap": {
              "functional-code": {
                "insertions": 37,
                "deletions": 2
              }
            }
          },
          {
            "hash": "ad4ac5cfd3eec8aa036e9760809102e417297c4e",
            "messageTitle": "Added Whitespaces for checkstylemain errors",
            "messageBody": "",
            "fileTypesAndContributionMap": {
              "functional-code": {
                "insertions": 19,
                "deletions": 19
              }
            }
          }
        ]
      },
      {
        "date": "2020-10-12",
        "commitResults": [
          {
            "hash": "863440942c913b5da4998e6047c52af857f199c1",
            "messageTitle": "Fixed Deleterating issue",
            "messageBody": "",
            "fileTypesAndContributionMap": {
              "functional-code": {
                "insertions": 4,
                "deletions": 2
              }
            }
          },
          {
            "hash": "14b5a0980c199c490e8b7f77a37e6a00e2d96121",
            "messageTitle": "Added DeleteShow Command and Edited InputParser call for DeleteShowRating",
            "messageBody": "",
            "fileTypesAndContributionMap": {
              "functional-code": {
                "insertions": 17,
                "deletions": 2
              }
            }
          }
        ]
      },
      {
        "date": "2020-10-13",
        "commitResults": [
          {
            "hash": "0a349e250e06c0f76b24665a548728e37259f16e",
            "messageTitle": "Added Exception for Delete Command if show not in list",
            "messageBody": "",
            "fileTypesAndContributionMap": {
              "functional-code": {
                "insertions": 13,
                "deletions": 4
              }
            }
          },
          {
            "hash": "417888355393beb1350fbcdea6b9b6f6cc4daaa9",
            "messageTitle": "Added same exception for DeleteRating Command",
            "messageBody": "",
            "fileTypesAndContributionMap": {
              "functional-code": {
                "insertions": 14,
                "deletions": 7
              }
            }
          },
          {
            "hash": "1155569e6fff4080d1b68b463eea95ef4d8cd4ec",
            "messageTitle": "Added  invalid rating exception for RatingCommand",
            "messageBody": "",
            "fileTypesAndContributionMap": {
              "functional-code": {
                "insertions": 20,
                "deletions": 6
              }
            }
          }
        ]
      },
      {
        "date": "2020-10-14",
        "commitResults": [
          {
            "hash": "dbc8105f4d11dc8e90307c67a76cfc110db39405",
            "messageTitle": "Updated ChangeRating command",
            "messageBody": "",
            "fileTypesAndContributionMap": {
              "functional-code": {
                "insertions": 4,
                "deletions": 4
              }
            }
          }
        ]
      },
      {
        "date": "2020-10-19",
        "commitResults": [
          {
            "hash": "5f5caa1815afb9a74ddcff1ecc1846ee391ac942",
            "messageTitle": "Added Javadoc",
            "messageBody": "",
            "fileTypesAndContributionMap": {
              "functional-code": {
                "insertions": 39,
                "deletions": 13
              }
            }
          },
          {
            "hash": "cb5de34bad9d76043357b29f23f856d4e77b41aa",
            "messageTitle": "Added Junit Tests",
            "messageBody": "",
            "fileTypesAndContributionMap": {
              "functional-code": {
                "insertions": 18,
                "deletions": 14
              },
              "test-code": {
                "insertions": 88,
                "deletions": 0
              }
            }
          },
          {
            "hash": "d317f867dc536e147ae0465ccfe9935a9642a067",
            "messageTitle": "Added Checkstyle Errors",
            "messageBody": "",
            "fileTypesAndContributionMap": {
              "functional-code": {
                "insertions": 4,
                "deletions": 4
              }
            }
          },
          {
            "hash": "979d6c4538f7d9b4029322a60a8f0c5cd4f61ace",
            "messageTitle": "Added Checkstyle Errors",
            "messageBody": "",
            "fileTypesAndContributionMap": {
              "functional-code": {
                "insertions": 1,
                "deletions": 1
              }
            }
          },
          {
            "hash": "d72ad5a7b6c0dad747df1ab11b9dfae6222f2bee",
            "messageTitle": "Final Errors for Checkstyle",
            "messageBody": "",
            "fileTypesAndContributionMap": {
              "test-code": {
                "insertions": 4,
                "deletions": 4
              }
            }
          }
        ]
      },
      {
        "date": "2020-10-22",
        "commitResults": [
          {
            "hash": "6df6ad50875fef32461c94b4e899ee09144e4247",
            "messageTitle": "Update DG implementations",
            "messageBody": "",
            "fileTypesAndContributionMap": {
              "other": {
                "insertions": 3,
                "deletions": 0
              },
              "docs": {
                "insertions": 33,
                "deletions": 0
              }
            }
          },
          {
            "hash": "d7476d4c2fdbaf2314271fe519eb56777147e8ba",
            "messageTitle": "Update DG for implementations",
            "messageBody": "",
            "fileTypesAndContributionMap": {
              "other": {
                "insertions": 10,
                "deletions": 0
              },
              "docs": {
                "insertions": 159,
                "deletions": 14
              }
            }
          }
        ]
      },
      {
        "date": "2020-10-23",
        "commitResults": [
          {
            "hash": "0d5f1b2471a2a56e6061e1b0c11ac8ba6bc6b7ff",
            "messageTitle": "Updates features of UG",
            "messageBody": "",
            "fileTypesAndContributionMap": {
              "docs": {
                "insertions": 18,
                "deletions": 16
              }
            }
          }
        ]
      },
      {
        "date": "2020-10-24",
        "commitResults": [
          {
            "hash": "6fac3e820d8a36de63243e6daae5002f1cbcc0ed",
            "messageTitle": "Updated Addreview command",
            "messageBody": "",
            "fileTypesAndContributionMap": {
              "functional-code": {
                "insertions": 13,
                "deletions": 64
              },
              "docs": {
                "insertions": 16,
                "deletions": 35
              }
            }
          },
          {
            "hash": "bccd2b53a57bcf379eb829ce04e74b6ed33e1219",
            "messageTitle": "Checkstyle",
            "messageBody": "",
            "fileTypesAndContributionMap": {
              "functional-code": {
                "insertions": 3,
                "deletions": 2
              }
            }
          }
        ]
      },
      {
        "date": "2020-10-25",
        "commitResults": [
          {
            "hash": "1f11ce16bb8fd66fdbf4759adf0f41e8e3cc2712",
            "messageTitle": "Added new commands",
            "messageBody": "",
            "fileTypesAndContributionMap": {
              "functional-code": {
                "insertions": 92,
                "deletions": 13
              },
              "docs": {
                "insertions": 8,
                "deletions": 6
              }
            }
          },
          {
            "hash": "60a42af45af4c787f6d380ca486d990864d7f204",
            "messageTitle": "checkstyle",
            "messageBody": "",
            "fileTypesAndContributionMap": {
              "functional-code": {
                "insertions": 16,
                "deletions": 1
              }
            }
          },
          {
            "hash": "fa706a4d6d1be7509c91b78b18adb199d6dc9af5",
            "messageTitle": "Allow rating to take in spaces",
            "messageBody": "",
            "fileTypesAndContributionMap": {
              "functional-code": {
                "insertions": 6,
                "deletions": 3
              },
              "docs": {
                "insertions": 131,
                "deletions": 17
              }
            }
          }
        ]
      },
      {
        "date": "2020-10-27",
        "commitResults": [
          {
            "hash": "be4fb929a3803d076a372c16c228e0a017f9e5b8",
            "messageTitle": "Updated the DG Implementations",
            "messageBody": "",
            "fileTypesAndContributionMap": {
              "docs": {
                "insertions": 104,
                "deletions": 116
              }
            }
          },
          {
            "hash": "ea52c72ff62b4a3ba50189840316d3801b25e18f",
            "messageTitle": "Updated DG",
            "messageBody": "",
            "fileTypesAndContributionMap": {
              "docs": {
                "insertions": 4,
                "deletions": 4
              }
            }
          }
        ]
      }
    ]
  },
  "authorFileTypeContributionMap": {
    "BenardoTang": {
      "docs": 743,
      "functional-code": 914,
      "test-code": 144
    },
    "jazhten": {
      "docs": 62,
      "functional-code": 503,
      "test-code": 148
    },
    "judowha": {
      "docs": 23,
      "functional-code": 164,
      "test-code": 51
    },
    "shikai-zhou": {
      "docs": 115,
      "functional-code": 149,
      "test-code": 32,
      "other": 1
    },
    "Bryanbeh1998": {
      "docs": 328,
      "functional-code": 141,
      "test-code": 84
    }
  },
  "authorContributionVariance": {
    "BenardoTang": 19554.934,
    "jazhten": 26926.568,
    "judowha": 722.9387,
    "shikai-zhou": 2052.6956,
    "Bryanbeh1998": 6425.2217
  },
  "authorDisplayNameMap": {
    "BenardoTang": "CS2113T-W12-3 BENA..XIAN",
    "jazhten": "CS2113T-W12-3 JAZH..SHEN",
    "judowha": "CS2113T-W12-3 CHEN..QING",
    "shikai-zhou": "CS2113T-W12-3 ZHOU..IKAI",
    "Bryanbeh1998": "CS2113T-W12-3 BRYA.. JUN"
  }
}
