[
  {
    "path": "docs/AboutUs.md",
    "fileType": "docs",
    "lines": [
      {
        "lineNumber": 1,
        "author": {
          "gitId": "-"
        },
        "content": "# About us"
      },
      {
        "lineNumber": 2,
        "author": {
          "gitId": "-"
        },
        "content": ""
      },
      {
        "lineNumber": 3,
        "author": {
          "gitId": "-"
        },
        "content": "Display | Name | Github Profile | Portfolio "
      },
      {
        "lineNumber": 4,
        "author": {
          "gitId": "-"
        },
        "content": "--------|:----:|:--------------:|:---------:"
      },
      {
        "lineNumber": 5,
        "author": {
          "gitId": "-"
        },
        "content": "![](https://via.placeholder.com/100.png?text\u003dPhoto) | John Doe | [Github](https://github.com/) | [Portfolio](docs/team/johndoe.md)"
      },
      {
        "lineNumber": 6,
        "author": {
          "gitId": "yokemin"
        },
        "content": "![](https://via.placeholder.com/100.png?text\u003dPhoto) | Yoke Min | [Github](https://github.com/yokemin) | [Portfolio](docs/team/yokemin.md)"
      },
      {
        "lineNumber": 7,
        "author": {
          "gitId": "-"
        },
        "content": "![](https://via.placeholder.com/100.png?text\u003dPhoto) | Ron John | [Github](https://github.com/) | [Portfolio](docs/team/johndoe.md)"
      },
      {
        "lineNumber": 8,
        "author": {
          "gitId": "-"
        },
        "content": "![](https://via.placeholder.com/100.png?text\u003dPhoto) | John Roe | [Github](https://github.com/) | [Portfolio](docs/team/johndoe.md)"
      },
      {
        "lineNumber": 9,
        "author": {
          "gitId": "-"
        },
        "content": "![](https://via.placeholder.com/100.png?text\u003dPhoto) | Don Roe | [Github](https://github.com/) | [Portfolio](docs/team/johndoe.md)"
      }
    ],
    "authorContributionMap": {
      "-": 8,
      "yokemin": 1
    }
  }
]
