{"authorDailyContributionsMap":{"shaojingle":[{"date":"2020-10-14","commitResults":[{"hash":"2c4cf6d82f1020e448b9900954767cf0e02f1b07","messageTitle":"Wallet","messageBody":"","fileTypesAndContributionMap":{"functional-code":{"insertions":62,"deletions":0}}}]},{"date":"2020-10-15","commitResults":[{"hash":"6556990d54303fe58065f8e1ae5912e8164a6f78","messageTitle":"FINALWALLETPLS","messageBody":"","fileTypesAndContributionMap":{"functional-code":{"insertions":12,"deletions":6}}},{"hash":"6faa035d04e782b12c08165e28bfcbd48e84be15","messageTitle":"MERGEPLSPLS","messageBody":"","fileTypesAndContributionMap":{"functional-code":{"insertions":6,"deletions":6}}}]}],"JunxianAng":[{"date":"2020-10-14","commitResults":[{"hash":"9fc7d30feb8f123f0bba151ff8a006db64b572d2","messageTitle":"Update view to include individual stock profit/loss tracking","messageBody":"","fileTypesAndContributionMap":{"functional-code":{"insertions":42,"deletions":2}}},{"hash":"d20c5d0b6b304cd161b96468f598c026b33ceceb","messageTitle":"Edit code to follow coding standard","messageBody":"","fileTypesAndContributionMap":{"functional-code":{"insertions":11,"deletions":11}}}]},{"date":"2020-10-17","commitResults":[{"hash":"b75136e1c8ebacd5b72ec70487e161277ce20cf6","messageTitle":"Update view","messageBody":"","fileTypesAndContributionMap":{"functional-code":{"insertions":13,"deletions":6}}},{"hash":"f5f8739c291fdb575c8ca6c9516824e01464fd10","messageTitle":"Add assertion and logging","messageBody":"","fileTypesAndContributionMap":{"functional-code":{"insertions":6,"deletions":0}}},{"hash":"c584da13c0f35c70c0fd3c433aec2f6952a5b2bd","messageTitle":"Update codestyle","messageBody":"","fileTypesAndContributionMap":{"functional-code":{"insertions":1,"deletions":1}}}]},{"date":"2020-10-21","commitResults":[{"hash":"77fe3e1e83889ed69f50aa1c82c64c8091d516b2","messageTitle":"Update Developerguide","messageBody":"","fileTypesAndContributionMap":{"docs":{"insertions":57,"deletions":0}}}]},{"date":"2020-11-08","commitResults":[{"hash":"2f2f0642d0db8bc42066fb80192cfac6cd349809","messageTitle":"Update PPP","messageBody":"","fileTypesAndContributionMap":{"docs":{"insertions":31,"deletions":0}}},{"hash":"24ce353e2b07ae510a8975b4dc9cf94744bbf51c","messageTitle":"Delete junxian.md","messageBody":"","fileTypesAndContributionMap":{"docs":{"insertions":0,"deletions":6}}}]}],"wly99":[{"date":"2020-10-13","commitResults":[{"hash":"4a8ffd7096be412491f623fc25b2adecf1088660","messageTitle":"Update README.md","messageBody":"","fileTypesAndContributionMap":{"docs":{"insertions":1,"deletions":1}}},{"hash":"2c18fc69cbe894443489fe05112eb74da83527e2","messageTitle":"Update UserGuide.md","messageBody":"","fileTypesAndContributionMap":{"docs":{"insertions":15,"deletions":10}}},{"hash":"323d3c3a35275b2d464c728d18c485ad2cff6a36","messageTitle":"Update UserGuide.md","messageBody":"","fileTypesAndContributionMap":{"docs":{"insertions":12,"deletions":6}}},{"hash":"4c0366a718c620b619d0daa9d7277bdcbb9a8e7e","messageTitle":"Update UserGuide.md","messageBody":"","fileTypesAndContributionMap":{"docs":{"insertions":14,"deletions":0}}},{"hash":"ea38ff56f3ee8e69438f05332fd53203a81bdd0e","messageTitle":"Update UserGuide.md","messageBody":"","fileTypesAndContributionMap":{"docs":{"insertions":2,"deletions":2}}},{"hash":"45769d26815229cf409d0f4644a7f8922f2c5f18","messageTitle":"Update SellCommand class","messageBody":"","fileTypesAndContributionMap":{"functional-code":{"insertions":16,"deletions":0}}}]},{"date":"2020-10-14","commitResults":[{"hash":"680a65442e7317c949895f1c0233335a3d9955f9","messageTitle":"Update UserGuide.md","messageBody":"","fileTypesAndContributionMap":{"docs":{"insertions":36,"deletions":11}}},{"hash":"842d7309b134e9d49c1dffad9fcf5517c5b575f7","messageTitle":"Update UserGuide.md","messageBody":"","fileTypesAndContributionMap":{"docs":{"insertions":3,"deletions":4}}},{"hash":"183bb81188cab36774688c2aa9538596aaefbfd2","messageTitle":"Update UserGuide.md","messageBody":"","fileTypesAndContributionMap":{"docs":{"insertions":9,"deletions":8}}},{"hash":"5e71bb268e2dfb63dc164f93ec26726b58fa3ac0","messageTitle":"Update UserGuide.md","messageBody":"","fileTypesAndContributionMap":{"docs":{"insertions":0,"deletions":2}}},{"hash":"8509d8d942c5bc18dadce89f92843cd1d9508089","messageTitle":"Update UserGuide.md","messageBody":"","fileTypesAndContributionMap":{"docs":{"insertions":10,"deletions":0}}},{"hash":"a7f7a59c9db1cd0d9f51bd33fe8a93f4a600ba91","messageTitle":"Update UserGuide.md","messageBody":"","fileTypesAndContributionMap":{"docs":{"insertions":24,"deletions":12}}},{"hash":"5d6433018020329aeeeca4c40f18019151fdc549","messageTitle":"Update UserGuide.md","messageBody":"","fileTypesAndContributionMap":{"docs":{"insertions":1,"deletions":1}}},{"hash":"701a38bf9956dc91c5a2bca765b6be68fdc1b3d2","messageTitle":"Update DeveloperGuide.md","messageBody":"","fileTypesAndContributionMap":{"docs":{"insertions":1,"deletions":1}}},{"hash":"bc15eca86ddeb273c2e1b309941b06e6c0486d00","messageTitle":"Update AboutUs.md","messageBody":"","fileTypesAndContributionMap":{"docs":{"insertions":1,"deletions":1}}},{"hash":"c9463093bfeea61da9e311a03fdf246f2013d173","messageTitle":"Update AboutUs.md","messageBody":"","fileTypesAndContributionMap":{"docs":{"insertions":1,"deletions":1}}}]},{"date":"2020-10-21","commitResults":[{"hash":"ab2fc1ac269bcec15bf69dab0ab9308f914db924","messageTitle":"Update UserGuide.md","messageBody":"","fileTypesAndContributionMap":{"docs":{"insertions":11,"deletions":1}}},{"hash":"4b31655ba4752b9e819a4231eceda3d62b4635eb","messageTitle":"Update UserGuide.md","messageBody":"","fileTypesAndContributionMap":{"docs":{"insertions":9,"deletions":0}}},{"hash":"c7ef8b954f3cd28da5f019d463da40132d4cc023","messageTitle":"Update UserGuide.md","messageBody":"","fileTypesAndContributionMap":{"docs":{"insertions":1,"deletions":0}}},{"hash":"6d415bd2844df123e284def3d7bb1923d0638f69","messageTitle":"Update DeveloperGuide.md","messageBody":"","fileTypesAndContributionMap":{"docs":{"insertions":2,"deletions":1}}},{"hash":"fe314c19d62872a704da388ce090bf89b01029d4","messageTitle":"Update DeveloperGuide.md","messageBody":"","fileTypesAndContributionMap":{"docs":{"insertions":1,"deletions":0}}},{"hash":"b5a7dcaee1df13d939f609b11578af0d015b3cb1","messageTitle":"Update DeveloperGuide.md","messageBody":"","fileTypesAndContributionMap":{"docs":{"insertions":2,"deletions":1}}},{"hash":"f259d24dbf97b63e6d4fb44f7cf91dec63e5c314","messageTitle":"Update DeveloperGuide.md","messageBody":"","fileTypesAndContributionMap":{"docs":{"insertions":9,"deletions":4}}},{"hash":"c8ef2d4fa29a4e4357a80f2b04961825857598e4","messageTitle":"Update DeveloperGuide.md","messageBody":"","fileTypesAndContributionMap":{"docs":{"insertions":4,"deletions":1}}},{"hash":"b7c2daea50d3bcb6ab491a4c8ef969662c88fac2","messageTitle":"Update README.md","messageBody":"","fileTypesAndContributionMap":{"docs":{"insertions":1,"deletions":1}}},{"hash":"102d4b11158d6e4aded21f0835e91838cc9b65dd","messageTitle":"Update README.md","messageBody":"","fileTypesAndContributionMap":{"docs":{"insertions":1,"deletions":1}}},{"hash":"512c6f39fc600b21eaa9344e8b6e84295aaac2b0","messageTitle":"Update README.md","messageBody":"","fileTypesAndContributionMap":{"docs":{"insertions":1,"deletions":1}}}]},{"date":"2020-10-28","commitResults":[{"hash":"593a8119f9f9a1a7c3d4fb9dee57008aa995c234","messageTitle":"no message","messageBody":"","fileTypesAndContributionMap":{"functional-code":{"insertions":1,"deletions":0}}}]},{"date":"2020-10-29","commitResults":[{"hash":"cde37b883a953990adbeed4c55a21441ff3bc530","messageTitle":"no message","messageBody":"","fileTypesAndContributionMap":{"functional-code":{"insertions":1,"deletions":1}}},{"hash":"35224f2d86a96e24d33c7b3608b6048cf6630919","messageTitle":"Added BuyCommandTest","messageBody":"","fileTypesAndContributionMap":{"test-code":{"insertions":21,"deletions":0}}},{"hash":"52bebfae786896cad026fa7de32d7b34aef13c34","messageTitle":"Added SellCommandTest","messageBody":"","fileTypesAndContributionMap":{"test-code":{"insertions":21,"deletions":0}}},{"hash":"4359747f0d5b32a1b40e8652cf334f011ce65906","messageTitle":"Added SearchCommandTest","messageBody":"","fileTypesAndContributionMap":{"test-code":{"insertions":15,"deletions":0}}},{"hash":"e02a053d986ef4f6f400a36f25d295df0f5effc8","messageTitle":"Added InvalidCommandTest","messageBody":"","fileTypesAndContributionMap":{"test-code":{"insertions":22,"deletions":6}}},{"hash":"0acf9d8295bb8227b01aec778a5d220b442371a0","messageTitle":"Added AddBookmarkCommand","messageBody":"","fileTypesAndContributionMap":{"test-code":{"insertions":2,"deletions":0}}},{"hash":"6747986e63b960fc4d7efb5a7754f057ff68a5a0","messageTitle":"Added AddBookMarkCommand","messageBody":"","fileTypesAndContributionMap":{"test-code":{"insertions":14,"deletions":1}}},{"hash":"57daf323e60634b54c76f548e3b75bb2e7cc5486","messageTitle":"RemoveBookmarkCommandTest","messageBody":"","fileTypesAndContributionMap":{"test-code":{"insertions":15,"deletions":0}}}]},{"date":"2020-11-07","commitResults":[{"hash":"94c85596b790e46cc7210b22eab4f379d6be6b59","messageTitle":"Update liangyi.md","messageBody":"","fileTypesAndContributionMap":{"docs":{"insertions":1,"deletions":1}}},{"hash":"b5cffaa7f594e0a1a16efa2d24675d077247daae","messageTitle":"Update liangyi.md","messageBody":"","fileTypesAndContributionMap":{"docs":{"insertions":1,"deletions":1}}},{"hash":"4fae56c12964a636169257fc17bc13025b81e808","messageTitle":"Update liangyi.md","messageBody":"","fileTypesAndContributionMap":{"docs":{"insertions":1,"deletions":1}}},{"hash":"3f886d7f69326eec163f4f1f3ab4afac8a0ee7d4","messageTitle":"Update junxian.md","messageBody":"","fileTypesAndContributionMap":{"docs":{"insertions":2,"deletions":2}}},{"hash":"05037654c5ff1792db235c7f967f933a127bd36f","messageTitle":"Update shaojing.md","messageBody":"","fileTypesAndContributionMap":{"docs":{"insertions":2,"deletions":2}}}]},{"date":"2020-11-08","commitResults":[{"hash":"c2db328ad6677d41f039e013a70c90eef6eec79e","messageTitle":"Update liangyi.md","messageBody":"","fileTypesAndContributionMap":{"docs":{"insertions":13,"deletions":0}}},{"hash":"e78057fdc08eecdc00d5a94d38bf8df9e4a5d5b1","messageTitle":"Rename liangyi.md to wly99.md","messageBody":"","fileTypesAndContributionMap":{"docs":{"insertions":0,"deletions":0}}},{"hash":"5b7cc95ddf61a5e5242fa94264e440e8ff49456e","messageTitle":"Update AboutUs.md","messageBody":"","fileTypesAndContributionMap":{"docs":{"insertions":1,"deletions":1}}},{"hash":"8f1b9dd53bb8ad2b0e599abc0bbb1b4e2a81d354","messageTitle":"Update AboutUs.md","messageBody":"","fileTypesAndContributionMap":{"docs":{"insertions":1,"deletions":1}}}]}],"trolommonm":[{"date":"2020-10-13","commitResults":[{"hash":"676126897bc64257b63d934d5a69f27956b26849","messageTitle":"Add functionality to search for company based on the ticker symbol","messageBody":"","fileTypesAndContributionMap":{"functional-code":{"insertions":202,"deletions":94},"other":{"insertions":4,"deletions":0}}},{"hash":"35ba8213d6b8621ad0019b7eaa658a0a5650d8eb","messageTitle":"Add portfolio manager class","messageBody":"","fileTypesAndContributionMap":{"functional-code":{"insertions":19,"deletions":3}}},{"hash":"16fd12898d11571c17fd3123db52057b01c0f336","messageTitle":"Add buy function","messageBody":"","fileTypesAndContributionMap":{"functional-code":{"insertions":168,"deletions":31}}}]},{"date":"2020-10-14","commitResults":[{"hash":"3f83c8383ccf8f95a52f1c3afca9b563dd2d6551","messageTitle":"Add JUnit testing for searching stock","messageBody":"","fileTypesAndContributionMap":{"test-code":{"insertions":10,"deletions":0}}},{"hash":"6b4e1eee611c3132031c2c24c2f0dbca8514c3b3","messageTitle":"Change Junit testing for search stock function","messageBody":"","fileTypesAndContributionMap":{"test-code":{"insertions":2,"deletions":2}}}]},{"date":"2020-10-16","commitResults":[{"hash":"1df0bedaa7d9c6c0b69eb503518f825b7ef24beb","messageTitle":"Add logging and assertion","messageBody":"","fileTypesAndContributionMap":{"functional-code":{"insertions":7,"deletions":0}}},{"hash":"7c70163b33796a12b3792c0aef58d799136f3a2e","messageTitle":"Update codestyle to pass checks","messageBody":"","fileTypesAndContributionMap":{"functional-code":{"insertions":1,"deletions":1}}}]},{"date":"2020-10-20","commitResults":[{"hash":"bbdf58d4465f09aa998783a02c987cf7ea40685f","messageTitle":"Update Developer Guide","messageBody":"","fileTypesAndContributionMap":{"functional-code":{"insertions":28,"deletions":27},"other":{"insertions":3,"deletions":3},"docs":{"insertions":40,"deletions":2},"test-code":{"insertions":1,"deletions":2}}},{"hash":"db7bed1e46cff5a817cc7f5350ce8a7da1739d82","messageTitle":"Remove view to pass test","messageBody":"","fileTypesAndContributionMap":{"other":{"insertions":0,"deletions":1}}},{"hash":"086debb5c1ae99d5fddc544cb4a58cf56a11dd04","messageTitle":"Add view back to input.txt","messageBody":"","fileTypesAndContributionMap":{"other":{"insertions":1,"deletions":0}}}]},{"date":"2020-10-27","commitResults":[{"hash":"70cc7adc54585c89a46a0906f90118f3a4c01128","messageTitle":"Fix wallet to prevent purchase if the total purchase amount is more than current amount you have","messageBody":"","fileTypesAndContributionMap":{"functional-code":{"insertions":89,"deletions":31}}},{"hash":"0e45ed28f77f33f1665ba2ea12d8651ccab5c033","messageTitle":"Change exception thrown in junit test","messageBody":"","fileTypesAndContributionMap":{"test-code":{"insertions":2,"deletions":1}}},{"hash":"006dfc87c03d9bfee7f125ca4d2cd91403e34dae","messageTitle":"Add function to store all the stocks and transaction history","messageBody":"","fileTypesAndContributionMap":{"functional-code":{"insertions":51,"deletions":8}}},{"hash":"59fedc8e8e3d2f9d461c22d7e77baaafc3583d06","messageTitle":"Fix codestyle errors","messageBody":"","fileTypesAndContributionMap":{"functional-code":{"insertions":10,"deletions":5}}}]},{"date":"2020-10-28","commitResults":[{"hash":"648043fd7c90f16c964d1d773efdd4b56e6d1939","messageTitle":"Add to UserGuide.md","messageBody":"","fileTypesAndContributionMap":{"functional-code":{"insertions":0,"deletions":1},"docs":{"insertions":66,"deletions":13}}},{"hash":"daa552a311244544909144c2aefd7ff251e39be8","messageTitle":"Fix stock still appearing on view when quantity is 0","messageBody":"","fileTypesAndContributionMap":{"functional-code":{"insertions":4,"deletions":1}}},{"hash":"6f9c6004098f8f48e33dcc061c34fd5c206031dc","messageTitle":"Add more api keys","messageBody":"","fileTypesAndContributionMap":{"functional-code":{"insertions":10,"deletions":3}}},{"hash":"177755c9a7aa4bb6861f8cdb07a34d596b7a2b02","messageTitle":"Update codestyle","messageBody":"","fileTypesAndContributionMap":{"functional-code":{"insertions":1,"deletions":1}}}]},{"date":"2020-11-03","commitResults":[{"hash":"91b05dad9db27fae7081ed604a43e3b06f479652","messageTitle":"Fix selling and buying of negative quantities","messageBody":"","fileTypesAndContributionMap":{"functional-code":{"insertions":26,"deletions":10}}},{"hash":"c8a0ddeeb78bf8c841eef2413b0815f536825462","messageTitle":"Fix checkstyle issues","messageBody":"","fileTypesAndContributionMap":{"functional-code":{"insertions":5,"deletions":1}}}]},{"date":"2020-11-04","commitResults":[{"hash":"92b6d0ae12e4eb5dd214f02fca44d6697e078d6f","messageTitle":"Add Junit testing for selling negative quantity","messageBody":"","fileTypesAndContributionMap":{"test-code":{"insertions":16,"deletions":0}}}]},{"date":"2020-11-07","commitResults":[{"hash":"9fd87b70795ed709960ac31b290e29d2aa054c68","messageTitle":"update ppp","messageBody":"","fileTypesAndContributionMap":{"docs":{"insertions":61,"deletions":3}}}]},{"date":"2020-11-08","commitResults":[{"hash":"4bc8720d266b13b7cf40a1ccec9a427275fd93b4","messageTitle":"rename PPP","messageBody":"","fileTypesAndContributionMap":{"docs":{"insertions":1,"deletions":1}}}]}],"yokemin":[{"date":"2020-10-01","commitResults":[{"hash":"3e38f8465261c456016fcb69f6f36c7bb9d27988","messageTitle":"Update AboutUs.md","messageBody":"","fileTypesAndContributionMap":{"docs":{"insertions":1,"deletions":1}}}]},{"date":"2020-10-12","commitResults":[{"hash":"a8c55bd80e849f4971eb300ea6e23a9b1862513c","messageTitle":"Add barebones code and start on api","messageBody":"","fileTypesAndContributionMap":{"functional-code":{"insertions":411,"deletions":11}}},{"hash":"f15d947bd5d3a4a27fd34cb1992d76757f29bef8","messageTitle":"Set up API to print json upon request","messageBody":"","fileTypesAndContributionMap":{"functional-code":{"insertions":37,"deletions":80}}}]},{"date":"2020-10-13","commitResults":[{"hash":"d73093485c857085397b4b20546bcbd821359111","messageTitle":"Edit code to follow coding standards","messageBody":"","fileTypesAndContributionMap":{"functional-code":{"insertions":20,"deletions":17}}},{"hash":"e7c027109334596d4b862cc9fa966e1b524a3cba","messageTitle":"Edit code to meet coding standards","messageBody":"","fileTypesAndContributionMap":{"functional-code":{"insertions":1,"deletions":10}}},{"hash":"d7df2f315f16d090bcaa059976633870a459d5c1","messageTitle":"Edit Javadoc sentence to meet coding standards","messageBody":"","fileTypesAndContributionMap":{"functional-code":{"insertions":2,"deletions":2}}},{"hash":"2fa7dd0abaf73a9b7d45815a6b320acdd296df2d","messageTitle":"Comment code to print json string","messageBody":"","fileTypesAndContributionMap":{"functional-code":{"insertions":1,"deletions":1}}},{"hash":"b67bae4a842662e7ab92b329972602e48ad0abfa","messageTitle":"Emptied text-ui-test txt files to pass CI test","messageBody":"","fileTypesAndContributionMap":{"other":{"insertions":0,"deletions":1}}},{"hash":"e850225b668f4bb4474527a3ba2e27d373d3fcb1","messageTitle":"Add transaction class","messageBody":"","fileTypesAndContributionMap":{"functional-code":{"insertions":78,"deletions":105}}},{"hash":"11f2b57c94dd4902a2d830fe96ac84cac9e0337b","messageTitle":"Add function to sell stocks","messageBody":"","fileTypesAndContributionMap":{"functional-code":{"insertions":65,"deletions":11}}},{"hash":"124dab7a98f2c4c2f79d9625df1441276630234c","messageTitle":"Edit error messages","messageBody":"","fileTypesAndContributionMap":{"functional-code":{"insertions":6,"deletions":9}}},{"hash":"7dc7e4bd639841eeaabf7ab27aa62bf318bb851e","messageTitle":"Edit text-ui-test files","messageBody":"","fileTypesAndContributionMap":{"functional-code":{"insertions":5,"deletions":5},"other":{"insertions":2,"deletions":0}}},{"hash":"ec549d12f5d96517fd18fa589d48b9cd170b3fdf","messageTitle":"Edit code to fit coding standards","messageBody":"","fileTypesAndContributionMap":{"functional-code":{"insertions":20,"deletions":5}}},{"hash":"4beafe3518025f827f4e4c8e228d1bb5b184c4df","messageTitle":"Edit code to follow coding standards","messageBody":"","fileTypesAndContributionMap":{"functional-code":{"insertions":3,"deletions":3}}},{"hash":"db777a88d17cd4d16b82bde2465621b8928dde6e","messageTitle":"Write Junit tests for sellStock method in Portfolio class","messageBody":"","fileTypesAndContributionMap":{"test-code":{"insertions":41,"deletions":0}}},{"hash":"a5bdd297f822fe6f4403d00cf70e9b38fa8927a9","messageTitle":"Move \"{\" to meet code style requirements","messageBody":"","fileTypesAndContributionMap":{"test-code":{"insertions":2,"deletions":4}}}]},{"date":"2020-10-15","commitResults":[{"hash":"eca29e127f0aeed4fdc4b7da00783b439313de58","messageTitle":"Add link to first release in User Guide","messageBody":"","fileTypesAndContributionMap":{"docs":{"insertions":1,"deletions":1}}}]},{"date":"2020-10-16","commitResults":[{"hash":"30a9ffedf71618f82c90213ffe664fa93b47e210","messageTitle":"Add assertion and logging","messageBody":"","fileTypesAndContributionMap":{"functional-code":{"insertions":8,"deletions":0}}}]},{"date":"2020-10-20","commitResults":[{"hash":"9990af0355fdffea9a4fb33e2773bc3326f08a94","messageTitle":"Fix errors for build.gradle","messageBody":"","fileTypesAndContributionMap":{"other":{"insertions":2,"deletions":2}}},{"hash":"152e96f1ca839859c3f58dddf43dfefd67ae3c52","messageTitle":"Enable assertions in build.gradle","messageBody":"","fileTypesAndContributionMap":{"other":{"insertions":2,"deletions":1}}},{"hash":"0df0a817a1bde4fec7c85d5e907d7a84601e02e9","messageTitle":"Update DG for buy/sell stock function","messageBody":"","fileTypesAndContributionMap":{"docs":{"insertions":80,"deletions":0}}},{"hash":"eac3db9266ee235a3ec7b23a19ddb9ca7db3dc75","messageTitle":"Update AboutUs and create md file for each person","messageBody":"","fileTypesAndContributionMap":{"docs":{"insertions":29,"deletions":5}}}]},{"date":"2020-10-27","commitResults":[{"hash":"0851b8af9270fe82560a392a7bafd8fb21a6609a","messageTitle":"Update DG according to changes in code","messageBody":"","fileTypesAndContributionMap":{"docs":{"insertions":22,"deletions":21}}},{"hash":"6fb022044861ca89c013cb553a95f9320c85a58d","messageTitle":"Remove redundant line in DG","messageBody":"","fileTypesAndContributionMap":{"docs":{"insertions":0,"deletions":1}}},{"hash":"fc34712d03be5320f85808b9179a9e5bd32a7bb0","messageTitle":"Update UG","messageBody":"","fileTypesAndContributionMap":{"docs":{"insertions":12,"deletions":10}}},{"hash":"5e1c6878e794d9898997f471c02a2984a73f377d","messageTitle":"Refactor code","messageBody":"","fileTypesAndContributionMap":{"functional-code":{"insertions":11,"deletions":14},"test-code":{"insertions":2,"deletions":2}}},{"hash":"335b95736e141f77fe1cb40b895107a90746389c","messageTitle":"Remove storage class","messageBody":"","fileTypesAndContributionMap":{"functional-code":{"insertions":1,"deletions":4}}}]},{"date":"2020-10-28","commitResults":[{"hash":"34a41abe439234e2e8f7ca4ed23f75518410831e","messageTitle":"Add mark, unmark and bookmarks function","messageBody":"","fileTypesAndContributionMap":{"functional-code":{"insertions":222,"deletions":0}}},{"hash":"25c8aa066a3876c390f85a4ad3f3ad3eed4b8591","messageTitle":"Update UG for functions related to bookmarking stocks","messageBody":"","fileTypesAndContributionMap":{"docs":{"insertions":22,"deletions":0}}},{"hash":"4695972267e3856ed6a0a61abd569217af699d73","messageTitle":"Update DG","messageBody":"","fileTypesAndContributionMap":{"docs":{"insertions":2,"deletions":2}}},{"hash":"acdaba3f616abd3c3dff27251c1a31be0c1c68c1","messageTitle":"Refactor code","messageBody":"","fileTypesAndContributionMap":{"functional-code":{"insertions":1,"deletions":6}}},{"hash":"e5ee57c5da37b61f816f40ccdd0cb79a775699ea","messageTitle":"Add Junit test for functions in Bookmarks class","messageBody":"","fileTypesAndContributionMap":{"functional-code":{"insertions":4,"deletions":0},"test-code":{"insertions":33,"deletions":0}}}]},{"date":"2020-11-07","commitResults":[{"hash":"a5c63965a8d6cb74ed8b794850e8760ecede6282","messageTitle":"Edit User Guide","messageBody":"","fileTypesAndContributionMap":{"docs":{"insertions":52,"deletions":10}}},{"hash":"7567efdcfda0ce517171110736313857a5473e45","messageTitle":"Fix bugs related to bookmarks function","messageBody":"","fileTypesAndContributionMap":{"functional-code":{"insertions":17,"deletions":3}}},{"hash":"3d107207e2eb775f437ef548e4ceb154795c2b2c","messageTitle":"Update PPP","messageBody":"","fileTypesAndContributionMap":{"docs":{"insertions":53,"deletions":4}}},{"hash":"61f572f756528894eef09e1eb3e3ee15eddf94b0","messageTitle":"Add 10 more API keys to fix bugs","messageBody":"","fileTypesAndContributionMap":{"functional-code":{"insertions":3,"deletions":1}}},{"hash":"9ec3f8649fc90540477451c6f81f93fca4e84cf7","messageTitle":"Limit bookmarks to a maximum of 5","messageBody":"","fileTypesAndContributionMap":{"functional-code":{"insertions":4,"deletions":1},"docs":{"insertions":1,"deletions":0}}},{"hash":"9287fada9e117b41ec94312888e9011533c9e2dd","messageTitle":"Change exception message for fetching latest stock data","messageBody":"","fileTypesAndContributionMap":{"functional-code":{"insertions":1,"deletions":1}}},{"hash":"b152ec05a9061e67c7acfd79acfc29e9a274e854","messageTitle":"Refactor code and changed exception name","messageBody":"","fileTypesAndContributionMap":{"functional-code":{"insertions":62,"deletions":62},"test-code":{"insertions":6,"deletions":7}}},{"hash":"800b510fdff5f1349761c2840a9f3a1d9869e982","messageTitle":"Fix checkstyle errors","messageBody":"","fileTypesAndContributionMap":{"functional-code":{"insertions":5,"deletions":5}}},{"hash":"c8be066bffce495ebbe2f659e68a65d24560398f","messageTitle":"Add line to hide logger","messageBody":"","fileTypesAndContributionMap":{"functional-code":{"insertions":6,"deletions":0}}},{"hash":"c8a4b67ccd1fd165d1b52de6deb69ac79e60abf6","messageTitle":"Change exception message","messageBody":"","fileTypesAndContributionMap":{"functional-code":{"insertions":1,"deletions":1}}},{"hash":"694f1d6f0a201dbdcdfe69fe6dea16e540c97486","messageTitle":"Edit UG","messageBody":"","fileTypesAndContributionMap":{"docs":{"insertions":5,"deletions":0}}},{"hash":"be269d2175dd82077114c6623ced16f578a4acb3","messageTitle":"Fix link to PPP","messageBody":"","fileTypesAndContributionMap":{"docs":{"insertions":5,"deletions":5}}},{"hash":"c0e913a8564e1e568014036b3ace33de32e36ab0","messageTitle":"Edit readme.md","messageBody":"","tags":["v2.1"],"fileTypesAndContributionMap":{"docs":{"insertions":1,"deletions":3}}}]}]},"authorFileTypeContributionMap":{"shaojingle":{"docs":0,"functional-code":46,"test-code":0},"JunxianAng":{"docs":86,"functional-code":52,"test-code":0},"wly99":{"docs":74,"functional-code":1,"test-code":102},"trolommonm":{"docs":164,"functional-code":509,"test-code":27,"other":4},"yokemin":{"docs":227,"functional-code":568,"test-code":74,"other":5}},"authorContributionVariance":{"shaojingle":105.74799,"JunxianAng":206.73888,"wly99":835.2721,"trolommonm":7245.024,"yokemin":14085.206},"authorDisplayNameMap":{"shaojingle":"CS2113-T16-3 CHAN..JING","JunxianAng":"CS2113-T16-3 ANG ..XIAN","wly99":"CS2113-T16-3 WANG..G YI","trolommonm":"CS2113-T16-3 ALVI.. JUN","yokemin":"CS2113-T16-3 WOON.. MIN"}}
