{
  "authorDailyContributionsMap": {
    "hailqueenflo": [
      {
        "date": "2020-10-01",
        "commitResults": [
          {
            "hash": "e5ee2ed5766f91974d3291fd0df3caa32e32ccd8",
            "messageTitle": "Florence about us",
            "messageBody": "",
            "fileTypesAndContributionMap": {
              "docs": {
                "insertions": 1,
                "deletions": 1
              }
            }
          }
        ]
      },
      {
        "date": "2020-10-13",
        "commitResults": [
          {
            "hash": "94dbbd5a24e252071f661e95ccc47b6db0cfaf8a",
            "messageTitle": "Added functions to add and list flashcards",
            "messageBody": "",
            "fileTypesAndContributionMap": {
              "functional-code": {
                "insertions": 76,
                "deletions": 1
              }
            }
          },
          {
            "hash": "5ceb7f183ca448fa54e61f7530e0d05599bbd549",
            "messageTitle": "Added function to store to file",
            "messageBody": "",
            "fileTypesAndContributionMap": {
              "functional-code": {
                "insertions": 98,
                "deletions": 21
              }
            }
          },
          {
            "hash": "180f39499420a2acfe0ebbd9868da26188b6e8e8",
            "messageTitle": "Added function to test flashcards",
            "messageBody": "",
            "fileTypesAndContributionMap": {
              "functional-code": {
                "insertions": 21,
                "deletions": 4
              }
            }
          },
          {
            "hash": "fe50dd81ce58dda122969c99d05dee71b6a7aaf1",
            "messageTitle": "Edited style",
            "messageBody": "",
            "fileTypesAndContributionMap": {
              "functional-code": {
                "insertions": 2,
                "deletions": 9
              },
              "other": {
                "insertions": 20,
                "deletions": 20
              }
            }
          },
          {
            "hash": "bb965cbbbe5517a0cf13b20f2a83b6b5bac9af52",
            "messageTitle": "Added improvements for flashcard feature",
            "messageBody": "",
            "fileTypesAndContributionMap": {
              "functional-code": {
                "insertions": 40,
                "deletions": 28
              }
            }
          }
        ]
      },
      {
        "date": "2020-10-14",
        "commitResults": [
          {
            "hash": "5ddaa5a3683b76ad227a785caf3c3206a8744e38",
            "messageTitle": "Added help messages for flashcard mode",
            "messageBody": "",
            "fileTypesAndContributionMap": {
              "functional-code": {
                "insertions": 10,
                "deletions": 5
              }
            }
          }
        ]
      }
    ],
    "lingsihui": [
      {
        "date": "2020-10-01",
        "commitResults": [
          {
            "hash": "0c8ee9d3c48c85ac7d721f7199eba27166a133f6",
            "messageTitle": "Add about us for Si Hui",
            "messageBody": "",
            "fileTypesAndContributionMap": {
              "docs": {
                "insertions": 1,
                "deletions": 1
              }
            }
          }
        ]
      },
      {
        "date": "2020-10-11",
        "commitResults": [
          {
            "hash": "adf9961d27ebfdedbedf5593baf559eda2bfdd11",
            "messageTitle": "Add Bookmark Class and Bookmark Category Class",
            "messageBody": "",
            "fileTypesAndContributionMap": {
              "functional-code": {
                "insertions": 76,
                "deletions": 0
              },
              "docs": {
                "insertions": 1,
                "deletions": 1
              }
            }
          }
        ]
      },
      {
        "date": "2020-10-12",
        "commitResults": [
          {
            "hash": "df381e9d65b4560a5bbc41d04af85f96e1ba3103",
            "messageTitle": "Add Show bookmark links list for each category",
            "messageBody": "",
            "fileTypesAndContributionMap": {
              "functional-code": {
                "insertions": 107,
                "deletions": 43
              }
            }
          }
        ]
      },
      {
        "date": "2020-10-13",
        "commitResults": [
          {
            "hash": "3f81f7ebb71b7ee80f8bdd3e3d898325b229d422",
            "messageTitle": "Implement add, delete features for zoom category and back feature",
            "messageBody": "",
            "fileTypesAndContributionMap": {
              "functional-code": {
                "insertions": 59,
                "deletions": 39
              },
              "other": {
                "insertions": 18,
                "deletions": 13
              }
            }
          },
          {
            "hash": "f9fef87dd2166b736937c4cc88a62135b0be8840",
            "messageTitle": "Modify to include more OOP",
            "messageBody": "",
            "fileTypesAndContributionMap": {
              "functional-code": {
                "insertions": 253,
                "deletions": 28
              },
              "other": {
                "insertions": 22,
                "deletions": 5
              }
            }
          },
          {
            "hash": "c16ecf4f2df79f9200d6bf6522778aed69042945",
            "messageTitle": "Integrate Main Ui to Bookmark Ui",
            "messageBody": "",
            "fileTypesAndContributionMap": {
              "functional-code": {
                "insertions": 118,
                "deletions": 194
              }
            }
          }
        ]
      },
      {
        "date": "2020-10-14",
        "commitResults": [
          {
            "hash": "f897b1840b44e1ca4160d88fdbf29b8960b5c5e0",
            "messageTitle": "Change coding style to pass gradle test",
            "messageBody": "",
            "fileTypesAndContributionMap": {
              "functional-code": {
                "insertions": 254,
                "deletions": 240
              },
              "other": {
                "insertions": 16,
                "deletions": 16
              }
            }
          },
          {
            "hash": "97780a076c059b25187aa346c93ffff367469247",
            "messageTitle": "Add help message for bookmark feature",
            "messageBody": "",
            "fileTypesAndContributionMap": {
              "functional-code": {
                "insertions": 9,
                "deletions": 2
              }
            }
          },
          {
            "hash": "a02a42de9a6b5c6679adf7a0a373ff36dd289a40",
            "messageTitle": "Fix Duke File",
            "messageBody": "",
            "fileTypesAndContributionMap": {
              "other": {
                "insertions": 3,
                "deletions": 2
              },
              "test-code": {
                "insertions": 22,
                "deletions": 0
              }
            }
          },
          {
            "hash": "b04e5192142928a726304141d811d4efa7fc2de2",
            "messageTitle": "Delete JUnit Test",
            "messageBody": "",
            "fileTypesAndContributionMap": {
              "test-code": {
                "insertions": 0,
                "deletions": 22
              }
            }
          },
          {
            "hash": "269bbe3f9f859f5ec9eafc8ddef8d0ecb1bca9e8",
            "messageTitle": "Add junit test for bookmark parser",
            "messageBody": "",
            "fileTypesAndContributionMap": {
              "functional-code": {
                "insertions": 7,
                "deletions": 4
              },
              "test-code": {
                "insertions": 89,
                "deletions": 0
              }
            }
          },
          {
            "hash": "278755e022a0ca8dbfc8de8509359f099d9a5eb0",
            "messageTitle": " Add junit test for AddLinkCommand, RemoveLinkCommand and BookmarkParser",
            "messageBody": "",
            "fileTypesAndContributionMap": {
              "functional-code": {
                "insertions": 11,
                "deletions": 2
              },
              "test-code": {
                "insertions": 43,
                "deletions": 0
              }
            }
          },
          {
            "hash": "a749459afa1066197f8add5fd92e863aa39f3b95",
            "messageTitle": "Correct checkstyle error",
            "messageBody": "",
            "fileTypesAndContributionMap": {
              "test-code": {
                "insertions": 6,
                "deletions": 4
              }
            }
          },
          {
            "hash": "aeb7dca7783eb62f0ac07220e06855df379101ad",
            "messageTitle": "Fix gradlew build for AddLinkCommand test 2",
            "messageBody": "",
            "fileTypesAndContributionMap": {
              "functional-code": {
                "insertions": 1,
                "deletions": 1
              },
              "test-code": {
                "insertions": 7,
                "deletions": 9
              }
            }
          }
        ]
      },
      {
        "date": "2020-10-16",
        "commitResults": [
          {
            "hash": "294a0f4ac2d0ba433b3f6169ac9985a897208e2c",
            "messageTitle": "Added exceptions for Addcommand and removelinkcommand and assertion for both",
            "messageBody": "",
            "fileTypesAndContributionMap": {
              "functional-code": {
                "insertions": 98,
                "deletions": 26
              },
              "test-code": {
                "insertions": 38,
                "deletions": 14
              }
            }
          }
        ]
      }
    ],
    "slightlyharp": [
      {
        "date": "2020-10-01",
        "commitResults": [
          {
            "hash": "4566c3a36c78b8df569a686849e739e9b96f2457",
            "messageTitle": "about us",
            "messageBody": "",
            "fileTypesAndContributionMap": {
              "docs": {
                "insertions": 1,
                "deletions": 0
              }
            }
          },
          {
            "hash": "f062fc72f1f3f468d0fc4bd82ab184d64875b9d0",
            "messageTitle": "dd github",
            "messageBody": "",
            "fileTypesAndContributionMap": {
              "docs": {
                "insertions": 1,
                "deletions": 1
              }
            }
          }
        ]
      },
      {
        "date": "2020-10-12",
        "commitResults": [
          {
            "hash": "74f42e4f09f5d48885b88967d005ef1a2dcca754",
            "messageTitle": "table and event class complete todo parser and file class",
            "messageBody": "",
            "fileTypesAndContributionMap": {
              "functional-code": {
                "insertions": 204,
                "deletions": 11
              }
            }
          },
          {
            "hash": "ba62285323629ed91d64a35bfdd5f977b28d88f4",
            "messageTitle": "style correction",
            "messageBody": "",
            "fileTypesAndContributionMap": {
              "functional-code": {
                "insertions": 17,
                "deletions": 16
              },
              "other": {
                "insertions": 35,
                "deletions": 35
              }
            }
          }
        ]
      },
      {
        "date": "2020-10-13",
        "commitResults": [
          {
            "hash": "57c37a1b04c822ea71809444e2b1b86827a8bb0b",
            "messageTitle": "file storage done",
            "messageBody": "",
            "fileTypesAndContributionMap": {
              "functional-code": {
                "insertions": 211,
                "deletions": 23
              },
              "other": {
                "insertions": 20,
                "deletions": 9
              }
            }
          },
          {
            "hash": "8e2d2f3ce002ca14e5fbe679da8ab350afc76298",
            "messageTitle": " added run function",
            "messageBody": "",
            "fileTypesAndContributionMap": {
              "functional-code": {
                "insertions": 48,
                "deletions": 0
              },
              "other": {
                "insertions": 6,
                "deletions": 0
              }
            }
          },
          {
            "hash": "6cf2b0ae38564079b9f11bc7e119404790ec04f3",
            "messageTitle": "basic timetable and storage functiin done",
            "messageBody": "",
            "fileTypesAndContributionMap": {
              "functional-code": {
                "insertions": 4,
                "deletions": 2
              },
              "other": {
                "insertions": 1,
                "deletions": 8
              }
            }
          },
          {
            "hash": "54fc70f17f58a8b227c5226d4f364bf637ca9444",
            "messageTitle": "delete txt file",
            "messageBody": "",
            "fileTypesAndContributionMap": {
              "other": {
                "insertions": 0,
                "deletions": 1
              }
            }
          },
          {
            "hash": "deefd0cdbc732fcd0916ebfce78d60a05ac96bc4",
            "messageTitle": "fix style",
            "messageBody": "",
            "fileTypesAndContributionMap": {
              "functional-code": {
                "insertions": 8,
                "deletions": 17
              }
            }
          },
          {
            "hash": "5dcfde5053294acc732f192d81b801c0f74b37d9",
            "messageTitle": "restore main",
            "messageBody": "",
            "fileTypesAndContributionMap": {
              "functional-code": {
                "insertions": 10,
                "deletions": 17
              }
            }
          }
        ]
      },
      {
        "date": "2020-10-14",
        "commitResults": [
          {
            "hash": "31b6cd3a54bb51dee060e19e19052c37746f5971",
            "messageTitle": "removed loop command to be shared",
            "messageBody": "",
            "fileTypesAndContributionMap": {
              "functional-code": {
                "insertions": 42,
                "deletions": 42
              }
            }
          },
          {
            "hash": "aeeb6994f7ad9055fbbf425d1274ff97709531c5",
            "messageTitle": "fix file loading",
            "messageBody": "",
            "fileTypesAndContributionMap": {
              "functional-code": {
                "insertions": 2,
                "deletions": 1
              },
              "other": {
                "insertions": 1,
                "deletions": 0
              }
            }
          },
          {
            "hash": "2fd86601a2a50067f3f465c817ad606fbc5bc35a",
            "messageTitle": "add timetable help message",
            "messageBody": "",
            "fileTypesAndContributionMap": {
              "functional-code": {
                "insertions": 7,
                "deletions": 0
              }
            }
          }
        ]
      },
      {
        "date": "2020-10-16",
        "commitResults": [
          {
            "hash": "b2d09f69a0c2f04ac205d17c01072dfe76c47484",
            "messageTitle": "remove print function used for testing",
            "messageBody": "",
            "fileTypesAndContributionMap": {
              "functional-code": {
                "insertions": 0,
                "deletions": 2
              }
            }
          },
          {
            "hash": "042cfea20e29b48a50641adde77e9a30056d15fa",
            "messageTitle": "added junit for timetable",
            "messageBody": "",
            "fileTypesAndContributionMap": {
              "functional-code": {
                "insertions": 4,
                "deletions": 4
              },
              "other": {
                "insertions": 2,
                "deletions": 2
              },
              "test-code": {
                "insertions": 104,
                "deletions": 0
              }
            }
          },
          {
            "hash": "4c8bbfd42fd10644e307df2c9f0cd4df89166544",
            "messageTitle": "edit for style",
            "messageBody": "",
            "fileTypesAndContributionMap": {
              "test-code": {
                "insertions": 7,
                "deletions": 4
              }
            }
          },
          {
            "hash": "b09ba5aaa5f108e3d68901c7d1060618d2d828e4",
            "messageTitle": "add assert",
            "messageBody": "",
            "fileTypesAndContributionMap": {
              "functional-code": {
                "insertions": 4,
                "deletions": 1
              }
            }
          },
          {
            "hash": "5b5af306a493accb5f1d975c2432dde4307e59a1",
            "messageTitle": "edit for style",
            "messageBody": "",
            "fileTypesAndContributionMap": {
              "functional-code": {
                "insertions": 1,
                "deletions": 1
              }
            }
          }
        ]
      }
    ],
    "luziyi9898": [
      {
        "date": "2020-10-01",
        "commitResults": [
          {
            "hash": "7acede9dd2e3f3667dfa8e6e3c5cc1ea0d610ede",
            "messageTitle": "Added name in aboutus.",
            "messageBody": "",
            "fileTypesAndContributionMap": {
              "docs": {
                "insertions": 1,
                "deletions": 1
              }
            }
          }
        ]
      },
      {
        "date": "2020-10-11",
        "commitResults": [
          {
            "hash": "113c9f2e9b8e0f1feff547a5ba58a977f2e6f0c0",
            "messageTitle": "Implemented basic classes for academic tracker. Updated command console to accept inputs for academic tracker.",
            "messageBody": "",
            "fileTypesAndContributionMap": {
              "functional-code": {
                "insertions": 147,
                "deletions": 6
              }
            }
          }
        ]
      },
      {
        "date": "2020-10-12",
        "commitResults": [
          {
            "hash": "bb38b6e607f9e09739755d0656c730bf99ad5e8e",
            "messageTitle": "Implemented add contact, check contact, add grade, check grade without error handling.",
            "messageBody": "",
            "fileTypesAndContributionMap": {
              "functional-code": {
                "insertions": 92,
                "deletions": 43
              }
            }
          }
        ]
      },
      {
        "date": "2020-10-13",
        "commitResults": [
          {
            "hash": "b908b26092e61b7a377ac9074c79efcc708e7817",
            "messageTitle": "Added help message for academic. Added exceptions to academic section.",
            "messageBody": "",
            "fileTypesAndContributionMap": {
              "functional-code": {
                "insertions": 85,
                "deletions": 17
              }
            }
          },
          {
            "hash": "a17b0b86c592ed6a570b93673cdd64b567c021b2",
            "messageTitle": "Fixed gradlew build errors.",
            "messageBody": "",
            "fileTypesAndContributionMap": {
              "functional-code": {
                "insertions": 3,
                "deletions": 0
              }
            }
          },
          {
            "hash": "bdc45a92465e40c6ab2adbe70bee28efefa3669e",
            "messageTitle": "Added list grade function.",
            "messageBody": "",
            "fileTypesAndContributionMap": {
              "functional-code": {
                "insertions": 33,
                "deletions": 3
              }
            }
          },
          {
            "hash": "1e1b06ee3ff0f598a890caf56bf9ae18c97e41b2",
            "messageTitle": "Fixed missing object reference.",
            "messageBody": "",
            "fileTypesAndContributionMap": {
              "functional-code": {
                "insertions": 2,
                "deletions": 1
              }
            }
          }
        ]
      },
      {
        "date": "2020-10-15",
        "commitResults": [
          {
            "hash": "11a906601c40b69650b1f9a5615829269525877b",
            "messageTitle": "Added Junit tests for academicparser.",
            "messageBody": "",
            "fileTypesAndContributionMap": {
              "functional-code": {
                "insertions": 3,
                "deletions": 0
              },
              "test-code": {
                "insertions": 45,
                "deletions": 0
              }
            }
          }
        ]
      }
    ],
    "farice9": [
      {
        "date": "2020-10-01",
        "commitResults": [
          {
            "hash": "4a859d0aa2a327187b5800cd3e6d23ab75d1e4e6",
            "messageTitle": "Add AboutUs",
            "messageBody": "",
            "fileTypesAndContributionMap": {
              "docs": {
                "insertions": 1,
                "deletions": 1
              }
            }
          }
        ]
      },
      {
        "date": "2020-10-10",
        "commitResults": [
          {
            "hash": "904c45fa905c86b2e18d97213b5dc960f435428f",
            "messageTitle": "Implement Main menu",
            "messageBody": "Introduce several classes for future implementation\n",
            "fileTypesAndContributionMap": {
              "functional-code": {
                "insertions": 78,
                "deletions": 0
              }
            }
          },
          {
            "hash": "de3a6d698b47a6739521d4531f14fd75c7b96ec5",
            "messageTitle": "Implement exit",
            "messageBody": "",
            "fileTypesAndContributionMap": {
              "functional-code": {
                "insertions": 19,
                "deletions": 5
              }
            }
          },
          {
            "hash": "5ba76a9162014a26677fcb8fc652808a2b317d18",
            "messageTitle": "Implement location information",
            "messageBody": "",
            "fileTypesAndContributionMap": {
              "functional-code": {
                "insertions": 26,
                "deletions": 4
              }
            }
          }
        ]
      },
      {
        "date": "2020-10-11",
        "commitResults": [
          {
            "hash": "9b1a8bb9987dd0d7e630598aeaf4092fba544447",
            "messageTitle": "Implement mode switching",
            "messageBody": "",
            "fileTypesAndContributionMap": {
              "functional-code": {
                "insertions": 69,
                "deletions": 4
              }
            }
          },
          {
            "hash": "ea5c210ed9a81753ef1849508d58e1a56ef4f93a",
            "messageTitle": "Add mode names and exception",
            "messageBody": "",
            "fileTypesAndContributionMap": {
              "functional-code": {
                "insertions": 24,
                "deletions": 2
              }
            }
          },
          {
            "hash": "9b03a32ba5e337c5bd68795e1801dfeaed6ca540",
            "messageTitle": "Implement exit mode using command \"exit\"",
            "messageBody": "",
            "fileTypesAndContributionMap": {
              "functional-code": {
                "insertions": 19,
                "deletions": 9
              }
            }
          },
          {
            "hash": "8e729a8da6e6ebe32dd1075734e0c94d8e38bb0e",
            "messageTitle": "Update style to meet coding compliance",
            "messageBody": "",
            "fileTypesAndContributionMap": {
              "functional-code": {
                "insertions": 17,
                "deletions": 16
              }
            }
          },
          {
            "hash": "308b9794a80e94b9b64bbc88de73da93821da3ec",
            "messageTitle": "Implement help message function",
            "messageBody": "",
            "fileTypesAndContributionMap": {
              "functional-code": {
                "insertions": 62,
                "deletions": 6
              }
            }
          },
          {
            "hash": "05deb82b9392d189359a4ba57e7ff5e15307ba7c",
            "messageTitle": "Implement command handling at different modes",
            "messageBody": "",
            "fileTypesAndContributionMap": {
              "functional-code": {
                "insertions": 31,
                "deletions": 1
              }
            }
          },
          {
            "hash": "f888f406d2108262f368e8d5d0a6f04c764c7618",
            "messageTitle": "Update style",
            "messageBody": "",
            "fileTypesAndContributionMap": {
              "functional-code": {
                "insertions": 28,
                "deletions": 13
              }
            }
          }
        ]
      },
      {
        "date": "2020-10-12",
        "commitResults": [
          {
            "hash": "96b2a3f7564df3aad5bc8df07b7b799479b9c628",
            "messageTitle": "Refactor academic functionalities",
            "messageBody": "",
            "fileTypesAndContributionMap": {
              "functional-code": {
                "insertions": 87,
                "deletions": 68
              },
              "other": {
                "insertions": 4,
                "deletions": 0
              }
            }
          },
          {
            "hash": "4b5fe828711f6aef97c33040cba8a009cce4deb5",
            "messageTitle": "Fix print location bug",
            "messageBody": "",
            "fileTypesAndContributionMap": {
              "functional-code": {
                "insertions": 2,
                "deletions": 6
              }
            }
          }
        ]
      },
      {
        "date": "2020-10-14",
        "commitResults": [
          {
            "hash": "056487a9643ae2852535ed1d906f331b3cfc4485",
            "messageTitle": "Fix checkstyle errors from merge PR #45",
            "messageBody": "",
            "fileTypesAndContributionMap": {
              "functional-code": {
                "insertions": 16,
                "deletions": 18
              }
            }
          },
          {
            "hash": "c1f2408d6b90b286509ac411f5fdfcf92636bf2d",
            "messageTitle": "Fix some integration errors for bookmark feature",
            "messageBody": "Need to edit the code structures later on\n",
            "fileTypesAndContributionMap": {
              "functional-code": {
                "insertions": 74,
                "deletions": 62
              }
            }
          },
          {
            "hash": "8dd66fbb1226899f42f87c279e656f0712dfdd04",
            "messageTitle": "Fix checkstyle error",
            "messageBody": "",
            "fileTypesAndContributionMap": {
              "functional-code": {
                "insertions": 2,
                "deletions": 2
              }
            }
          },
          {
            "hash": "2d0348397af15382341f549fc32076c97ea6c263",
            "messageTitle": "Move person list and grade list creation to the start of program",
            "messageBody": "",
            "fileTypesAndContributionMap": {
              "functional-code": {
                "insertions": 32,
                "deletions": 28
              }
            }
          },
          {
            "hash": "733a8c1041cd63ffea19987213a0aba51ea7c65f",
            "messageTitle": "Change filepath of flashcard and timetable storage to data/\u003chere\u003e",
            "messageBody": "",
            "fileTypesAndContributionMap": {
              "functional-code": {
                "insertions": 18,
                "deletions": 2
              }
            }
          },
          {
            "hash": "2031b57a63498e39614cf218d20c8c086bea9ce9",
            "messageTitle": "Fix checkstyle issues",
            "messageBody": "",
            "fileTypesAndContributionMap": {
              "functional-code": {
                "insertions": 4,
                "deletions": 4
              }
            }
          }
        ]
      },
      {
        "date": "2020-10-15",
        "commitResults": [
          {
            "hash": "194513440ea7b9e2ca5bd413f1f9457eaf60e4bf",
            "messageTitle": "Update main class on gradle.build",
            "messageBody": "",
            "fileTypesAndContributionMap": {
              "other": {
                "insertions": 9,
                "deletions": 1
              }
            }
          },
          {
            "hash": "7396d125f6f37875d244dfddd5d2f01c66bb572a",
            "messageTitle": "Update build.gradle for assertion and temporarily remove test checks to avoid failing github checks",
            "messageBody": "",
            "fileTypesAndContributionMap": {
              "functional-code": {
                "insertions": 1,
                "deletions": 0
              },
              "other": {
                "insertions": 2,
                "deletions": 2
              }
            }
          },
          {
            "hash": "d993a38bd828fe0012d97494823647a29032712b",
            "messageTitle": "Disable IO Redirection Test on Github",
            "messageBody": "Remove unneeded printing on intialization\n",
            "fileTypesAndContributionMap": {
              "functional-code": {
                "insertions": 0,
                "deletions": 1
              }
            }
          },
          {
            "hash": "8aae453a3b9a6831a49cc5650d2a54612741c446",
            "messageTitle": "Add Junit test for general command parser",
            "messageBody": "",
            "fileTypesAndContributionMap": {
              "test-code": {
                "insertions": 77,
                "deletions": 0
              }
            }
          },
          {
            "hash": "13e787cdd2b06c1285ea3e800267676d9757015e",
            "messageTitle": "Fix checkstyle error in CommandParserTest",
            "messageBody": "",
            "fileTypesAndContributionMap": {
              "test-code": {
                "insertions": 3,
                "deletions": 2
              }
            }
          }
        ]
      }
    ]
  },
  "authorFileTypeContributionMap": {
    "hailqueenflo": {
      "docs": 1,
      "functional-code": 182,
      "test-code": 0
    },
    "lingsihui": {
      "docs": 3,
      "functional-code": 399,
      "test-code": 156
    },
    "slightlyharp": {
      "docs": 0,
      "functional-code": 439,
      "test-code": 107,
      "other": 1
    },
    "luziyi9898": {
      "docs": 1,
      "functional-code": 239,
      "test-code": 45
    },
    "farice9": {
      "docs": 2,
      "functional-code": 444,
      "test-code": 78,
      "other": 10
    }
  },
  "authorContributionVariance": {
    "hailqueenflo": 5472.8276,
    "lingsihui": 51409.188,
    "slightlyharp": 11649.026,
    "luziyi9898": 2653.0898,
    "farice9": 8394.689
  },
  "authorDisplayNameMap": {
    "hailqueenflo": "CS2113T-T12-1 LIM ..ENCE",
    "lingsihui": "CS2113T-T12-1 LING..HIHO",
    "slightlyharp": "CS2113T-T12-1 LIN ..HENG",
    "luziyi9898": "CS2113T-T12-1 LU Z..ZIYI",
    "farice9": "CS2113T-T12-1 LIM ..BING"
  }
}
