{
  "authorDailyContributionsMap": {
    "hailqueenflo": [
      {
        "date": "2020-10-01",
        "commitResults": [
          {
            "hash": "e5ee2ed5766f91974d3291fd0df3caa32e32ccd8",
            "messageTitle": "Florence about us",
            "messageBody": "",
            "fileTypesAndContributionMap": {
              "docs": {
                "insertions": 1,
                "deletions": 1
              }
            }
          }
        ]
      },
      {
        "date": "2020-10-13",
        "commitResults": [
          {
            "hash": "94dbbd5a24e252071f661e95ccc47b6db0cfaf8a",
            "messageTitle": "Added functions to add and list flashcards",
            "messageBody": "",
            "fileTypesAndContributionMap": {
              "functional-code": {
                "insertions": 76,
                "deletions": 1
              }
            }
          },
          {
            "hash": "5ceb7f183ca448fa54e61f7530e0d05599bbd549",
            "messageTitle": "Added function to store to file",
            "messageBody": "",
            "fileTypesAndContributionMap": {
              "functional-code": {
                "insertions": 98,
                "deletions": 21
              }
            }
          },
          {
            "hash": "180f39499420a2acfe0ebbd9868da26188b6e8e8",
            "messageTitle": "Added function to test flashcards",
            "messageBody": "",
            "fileTypesAndContributionMap": {
              "functional-code": {
                "insertions": 21,
                "deletions": 4
              }
            }
          },
          {
            "hash": "fe50dd81ce58dda122969c99d05dee71b6a7aaf1",
            "messageTitle": "Edited style",
            "messageBody": "",
            "fileTypesAndContributionMap": {
              "functional-code": {
                "insertions": 2,
                "deletions": 9
              },
              "other": {
                "insertions": 20,
                "deletions": 20
              }
            }
          },
          {
            "hash": "bb965cbbbe5517a0cf13b20f2a83b6b5bac9af52",
            "messageTitle": "Added improvements for flashcard feature",
            "messageBody": "",
            "fileTypesAndContributionMap": {
              "functional-code": {
                "insertions": 40,
                "deletions": 28
              }
            }
          }
        ]
      },
      {
        "date": "2020-10-14",
        "commitResults": [
          {
            "hash": "5ddaa5a3683b76ad227a785caf3c3206a8744e38",
            "messageTitle": "Added help messages for flashcard mode",
            "messageBody": "",
            "fileTypesAndContributionMap": {
              "functional-code": {
                "insertions": 10,
                "deletions": 5
              }
            }
          }
        ]
      },
      {
        "date": "2020-10-20",
        "commitResults": [
          {
            "hash": "12be6a8af73f84048eb4d7d4b35fa06fb53b551e",
            "messageTitle": "Added function to delete flashcard",
            "messageBody": "",
            "fileTypesAndContributionMap": {
              "functional-code": {
                "insertions": 25,
                "deletions": 0
              }
            }
          },
          {
            "hash": "1e79c4e9e105f407e0278ddd62250137982de7ae",
            "messageTitle": "Added junit test for flashcard",
            "messageBody": "",
            "fileTypesAndContributionMap": {
              "functional-code": {
                "insertions": 3,
                "deletions": 3
              },
              "test-code": {
                "insertions": 2,
                "deletions": 2
              }
            }
          },
          {
            "hash": "48bd38239d0816a2a80a1f6bd8399a525daead89",
            "messageTitle": "Added assert for flashcard",
            "messageBody": "",
            "fileTypesAndContributionMap": {
              "functional-code": {
                "insertions": 2,
                "deletions": 1
              }
            }
          }
        ]
      },
      {
        "date": "2020-10-21",
        "commitResults": [
          {
            "hash": "c86c2d8dc02222691e68fce90d9aeb25c668f451",
            "messageTitle": "Edit for style",
            "messageBody": "",
            "fileTypesAndContributionMap": {
              "functional-code": {
                "insertions": 2,
                "deletions": 1
              },
              "test-code": {
                "insertions": 3,
                "deletions": 3
              }
            }
          }
        ]
      },
      {
        "date": "2020-10-27",
        "commitResults": [
          {
            "hash": "e8af16b590a15009866a78d0644811ecd931eee9",
            "messageTitle": "Improved UI and added score function",
            "messageBody": "",
            "fileTypesAndContributionMap": {
              "functional-code": {
                "insertions": 30,
                "deletions": 5
              }
            }
          },
          {
            "hash": "e60e7cb9ad9d8486e260954454babe73ebf82368",
            "messageTitle": "Updated Developer Guide for Flashcard",
            "messageBody": "",
            "fileTypesAndContributionMap": {
              "functional-code": {
                "insertions": 1,
                "deletions": 0
              },
              "docs": {
                "insertions": 19,
                "deletions": 0
              }
            }
          }
        ]
      },
      {
        "date": "2020-10-28",
        "commitResults": [
          {
            "hash": "3a870bac0f784afbcd9adc8a18f41dbc30e676e6",
            "messageTitle": "Edited DG",
            "messageBody": "",
            "fileTypesAndContributionMap": {
              "docs": {
                "insertions": 6,
                "deletions": 6
              }
            }
          },
          {
            "hash": "0ef2297e6591b83ac4204819d9d4f410deb3b5ea",
            "messageTitle": "Added find function and improved exception for Flashcard",
            "messageBody": "",
            "fileTypesAndContributionMap": {
              "functional-code": {
                "insertions": 42,
                "deletions": 12
              }
            }
          },
          {
            "hash": "19e3421fff27f1e298abd3be6e4d29aadee06b0b",
            "messageTitle": "Fixed checkstyle error",
            "messageBody": "",
            "fileTypesAndContributionMap": {
              "functional-code": {
                "insertions": 3,
                "deletions": 4
              }
            }
          },
          {
            "hash": "e229b124255cb9c93d23967b99aa4c7db705fcf5",
            "messageTitle": "Edited Flashcard Component in DG to be in point form",
            "messageBody": "",
            "fileTypesAndContributionMap": {
              "docs": {
                "insertions": 5,
                "deletions": 4
              }
            }
          },
          {
            "hash": "a4abf889d04edc29727c14d79046fa7401721b35",
            "messageTitle": "Updated Help messages for Timetable and Flashcard",
            "messageBody": "",
            "fileTypesAndContributionMap": {
              "functional-code": {
                "insertions": 6,
                "deletions": 4
              }
            }
          },
          {
            "hash": "59585766243241cb735b712de2dde5614a8fcc1d",
            "messageTitle": "Minor edit for Timetable Help message",
            "messageBody": "",
            "fileTypesAndContributionMap": {
              "functional-code": {
                "insertions": 2,
                "deletions": 2
              }
            }
          },
          {
            "hash": "26c23d6abe87b0b4405350583967789c37456f8a",
            "messageTitle": "Add check to not let \"back\" be one of flashcard answer",
            "messageBody": "",
            "fileTypesAndContributionMap": {
              "functional-code": {
                "insertions": 4,
                "deletions": 0
              }
            }
          },
          {
            "hash": "5879fb9ee29093b41598231372872b0a9faf86db",
            "messageTitle": "Fix checkstyle error",
            "messageBody": "",
            "fileTypesAndContributionMap": {
              "functional-code": {
                "insertions": 1,
                "deletions": 1
              }
            }
          }
        ]
      },
      {
        "date": "2020-10-29",
        "commitResults": [
          {
            "hash": "cebe251fa2ea72a41c90e28179de98d360ae5f2d",
            "messageTitle": "Improved user messages for Timetable and Flashcard",
            "messageBody": "",
            "fileTypesAndContributionMap": {
              "functional-code": {
                "insertions": 19,
                "deletions": 18
              }
            }
          },
          {
            "hash": "e7f1e4ed76bcd46ad171cde631d399c67d564a56",
            "messageTitle": "Edited timetable message",
            "messageBody": "",
            "fileTypesAndContributionMap": {
              "functional-code": {
                "insertions": 1,
                "deletions": 1
              }
            }
          }
        ]
      },
      {
        "date": "2020-10-30",
        "commitResults": [
          {
            "hash": "428b2735c2113ac97c54e6f3098908b17a74a23d",
            "messageTitle": "Minor edits for UI for Timetable",
            "messageBody": "",
            "fileTypesAndContributionMap": {
              "functional-code": {
                "insertions": 6,
                "deletions": 6
              }
            }
          },
          {
            "hash": "f0106ae37da1ddca8c9688d8ca7f166bf35102f7",
            "messageTitle": "Added Flashcard images for UG and minor edits in UG",
            "messageBody": "",
            "fileTypesAndContributionMap": {
              "docs": {
                "insertions": 11,
                "deletions": 11
              }
            }
          },
          {
            "hash": "5fcb020335ed097c41e3cff0f1efd0ee9f725a22",
            "messageTitle": "Added Flashcard UG",
            "messageBody": "",
            "fileTypesAndContributionMap": {
              "docs": {
                "insertions": 192,
                "deletions": 0
              }
            }
          },
          {
            "hash": "97b8f1459ec08f55ce80bce7147f6c5549f1d212",
            "messageTitle": "Added spaces to improve presentation of UG",
            "messageBody": "",
            "fileTypesAndContributionMap": {
              "docs": {
                "insertions": 13,
                "deletions": 13
              }
            }
          },
          {
            "hash": "019851553c0e2bfb8cc9ea86dcd5b79a17a2ddc7",
            "messageTitle": "Edited spaces to improve readability",
            "messageBody": "",
            "fileTypesAndContributionMap": {
              "docs": {
                "insertions": 11,
                "deletions": 22
              }
            }
          },
          {
            "hash": "0b398e8d52ddb1aef93a04c424ac28ced1224dcd",
            "messageTitle": "Fixed typo",
            "messageBody": "",
            "fileTypesAndContributionMap": {
              "docs": {
                "insertions": 1,
                "deletions": 1
              }
            }
          },
          {
            "hash": "4546d208f59e0e93c8317e923cae69ea36b154f1",
            "messageTitle": "Edited UG to improve readability",
            "messageBody": "",
            "fileTypesAndContributionMap": {
              "docs": {
                "insertions": 10,
                "deletions": 2
              }
            }
          },
          {
            "hash": "5d0aabbfa56956a1a3247bb55590ea8e3e71aa5e",
            "messageTitle": "Minor edits for UG",
            "messageBody": "",
            "fileTypesAndContributionMap": {
              "docs": {
                "insertions": 1,
                "deletions": 1
              }
            }
          }
        ]
      },
      {
        "date": "2020-11-05",
        "commitResults": [
          {
            "hash": "9100d2e4cf2a7586e1f4ff2704e09c97332fa539",
            "messageTitle": "Improved delete flashcard command to handle negative number and 0",
            "messageBody": "",
            "fileTypesAndContributionMap": {
              "functional-code": {
                "insertions": 12,
                "deletions": 1
              }
            }
          },
          {
            "hash": "36df3dbf0a2403e26bdf23852884783aa7e399b1",
            "messageTitle": "Edited for style",
            "messageBody": "",
            "fileTypesAndContributionMap": {
              "functional-code": {
                "insertions": 2,
                "deletions": 4
              }
            }
          },
          {
            "hash": "c7e975d9e8f6889d7e0ae1346f08d73ab0fb8e3a",
            "messageTitle": "Removed irrelevant section from UG",
            "messageBody": "",
            "fileTypesAndContributionMap": {
              "docs": {
                "insertions": 0,
                "deletions": 14
              }
            }
          },
          {
            "hash": "407b0839980ace0eb72d5f60fcaced9f9c469735",
            "messageTitle": "Flashcard test mode now marks answers with the right content but different case as correct",
            "messageBody": "",
            "fileTypesAndContributionMap": {
              "functional-code": {
                "insertions": 2,
                "deletions": 2
              }
            }
          },
          {
            "hash": "e359e96d36ddd6048bd63e3b3ef3851da240f2f1",
            "messageTitle": "Added features to Flashcard to ignore case of user input \u0026 show answer in test mode",
            "messageBody": "",
            "fileTypesAndContributionMap": {
              "functional-code": {
                "insertions": 14,
                "deletions": 4
              }
            }
          },
          {
            "hash": "b8adf0ea130958848d1b92d90b9be494f3d11cf9",
            "messageTitle": "Edit for style",
            "messageBody": "",
            "fileTypesAndContributionMap": {
              "functional-code": {
                "insertions": 1,
                "deletions": 1
              }
            }
          }
        ]
      }
    ],
    "lingsihui": [
      {
        "date": "2020-10-01",
        "commitResults": [
          {
            "hash": "0c8ee9d3c48c85ac7d721f7199eba27166a133f6",
            "messageTitle": "Add about us for Si Hui",
            "messageBody": "",
            "fileTypesAndContributionMap": {
              "docs": {
                "insertions": 1,
                "deletions": 1
              }
            }
          }
        ]
      },
      {
        "date": "2020-10-11",
        "commitResults": [
          {
            "hash": "adf9961d27ebfdedbedf5593baf559eda2bfdd11",
            "messageTitle": "Add Bookmark Class and Bookmark Category Class",
            "messageBody": "",
            "fileTypesAndContributionMap": {
              "functional-code": {
                "insertions": 76,
                "deletions": 0
              },
              "docs": {
                "insertions": 1,
                "deletions": 1
              }
            }
          }
        ]
      },
      {
        "date": "2020-10-12",
        "commitResults": [
          {
            "hash": "df381e9d65b4560a5bbc41d04af85f96e1ba3103",
            "messageTitle": "Add Show bookmark links list for each category",
            "messageBody": "",
            "fileTypesAndContributionMap": {
              "functional-code": {
                "insertions": 107,
                "deletions": 43
              }
            }
          }
        ]
      },
      {
        "date": "2020-10-13",
        "commitResults": [
          {
            "hash": "3f81f7ebb71b7ee80f8bdd3e3d898325b229d422",
            "messageTitle": "Implement add, delete features for zoom category and back feature",
            "messageBody": "",
            "fileTypesAndContributionMap": {
              "functional-code": {
                "insertions": 59,
                "deletions": 39
              },
              "other": {
                "insertions": 18,
                "deletions": 13
              }
            }
          },
          {
            "hash": "f9fef87dd2166b736937c4cc88a62135b0be8840",
            "messageTitle": "Modify to include more OOP",
            "messageBody": "",
            "fileTypesAndContributionMap": {
              "functional-code": {
                "insertions": 253,
                "deletions": 28
              },
              "other": {
                "insertions": 22,
                "deletions": 5
              }
            }
          },
          {
            "hash": "c16ecf4f2df79f9200d6bf6522778aed69042945",
            "messageTitle": "Integrate Main Ui to Bookmark Ui",
            "messageBody": "",
            "fileTypesAndContributionMap": {
              "functional-code": {
                "insertions": 118,
                "deletions": 194
              }
            }
          }
        ]
      },
      {
        "date": "2020-10-14",
        "commitResults": [
          {
            "hash": "f897b1840b44e1ca4160d88fdbf29b8960b5c5e0",
            "messageTitle": "Change coding style to pass gradle test",
            "messageBody": "",
            "fileTypesAndContributionMap": {
              "functional-code": {
                "insertions": 254,
                "deletions": 240
              },
              "other": {
                "insertions": 16,
                "deletions": 16
              }
            }
          },
          {
            "hash": "97780a076c059b25187aa346c93ffff367469247",
            "messageTitle": "Add help message for bookmark feature",
            "messageBody": "",
            "fileTypesAndContributionMap": {
              "functional-code": {
                "insertions": 9,
                "deletions": 2
              }
            }
          },
          {
            "hash": "a02a42de9a6b5c6679adf7a0a373ff36dd289a40",
            "messageTitle": "Fix Duke File",
            "messageBody": "",
            "fileTypesAndContributionMap": {
              "other": {
                "insertions": 3,
                "deletions": 2
              },
              "test-code": {
                "insertions": 22,
                "deletions": 0
              }
            }
          },
          {
            "hash": "b04e5192142928a726304141d811d4efa7fc2de2",
            "messageTitle": "Delete JUnit Test",
            "messageBody": "",
            "fileTypesAndContributionMap": {
              "test-code": {
                "insertions": 0,
                "deletions": 22
              }
            }
          },
          {
            "hash": "269bbe3f9f859f5ec9eafc8ddef8d0ecb1bca9e8",
            "messageTitle": "Add junit test for bookmark parser",
            "messageBody": "",
            "fileTypesAndContributionMap": {
              "functional-code": {
                "insertions": 7,
                "deletions": 4
              },
              "test-code": {
                "insertions": 89,
                "deletions": 0
              }
            }
          },
          {
            "hash": "278755e022a0ca8dbfc8de8509359f099d9a5eb0",
            "messageTitle": " Add junit test for AddLinkCommand, RemoveLinkCommand and BookmarkParser",
            "messageBody": "",
            "fileTypesAndContributionMap": {
              "functional-code": {
                "insertions": 11,
                "deletions": 2
              },
              "test-code": {
                "insertions": 43,
                "deletions": 0
              }
            }
          },
          {
            "hash": "a749459afa1066197f8add5fd92e863aa39f3b95",
            "messageTitle": "Correct checkstyle error",
            "messageBody": "",
            "fileTypesAndContributionMap": {
              "test-code": {
                "insertions": 6,
                "deletions": 4
              }
            }
          },
          {
            "hash": "aeb7dca7783eb62f0ac07220e06855df379101ad",
            "messageTitle": "Fix gradlew build for AddLinkCommand test 2",
            "messageBody": "",
            "fileTypesAndContributionMap": {
              "functional-code": {
                "insertions": 1,
                "deletions": 1
              },
              "test-code": {
                "insertions": 7,
                "deletions": 9
              }
            }
          }
        ]
      },
      {
        "date": "2020-10-16",
        "commitResults": [
          {
            "hash": "294a0f4ac2d0ba433b3f6169ac9985a897208e2c",
            "messageTitle": "Added exceptions for Addcommand and removelinkcommand and assertion for both",
            "messageBody": "",
            "fileTypesAndContributionMap": {
              "functional-code": {
                "insertions": 98,
                "deletions": 26
              },
              "test-code": {
                "insertions": 38,
                "deletions": 14
              }
            }
          },
          {
            "hash": "640b9606221365b6bd04e507dea290ce891bed1e",
            "messageTitle": " Added exceptions for change mode command and some assertions",
            "messageBody": "",
            "fileTypesAndContributionMap": {
              "functional-code": {
                "insertions": 82,
                "deletions": 44
              },
              "test-code": {
                "insertions": 4,
                "deletions": 0
              }
            }
          },
          {
            "hash": "2fbcd2c407992bac483516bb4c60ef7fdedc299e",
            "messageTitle": "Add exceptions for changeModecommand",
            "messageBody": "",
            "fileTypesAndContributionMap": {
              "functional-code": {
                "insertions": 47,
                "deletions": 35
              },
              "test-code": {
                "insertions": 52,
                "deletions": 32
              }
            }
          },
          {
            "hash": "b68307f28b17a172dfb8e1eecaaa8bfeea9ceac1",
            "messageTitle": "Add Junit test for BackCommand, ChangeModeCommand",
            "messageBody": "",
            "fileTypesAndContributionMap": {
              "functional-code": {
                "insertions": 33,
                "deletions": 38
              },
              "test-code": {
                "insertions": 143,
                "deletions": 15
              }
            }
          },
          {
            "hash": "5b402fbf4d8583c8fd9b2ff59e4d6904feede542",
            "messageTitle": "Add setup for logging and a few logs at common class",
            "messageBody": "",
            "fileTypesAndContributionMap": {
              "functional-code": {
                "insertions": 50,
                "deletions": 9
              }
            }
          },
          {
            "hash": "700fe4758d3fd4f7bac61e75cf922a9dec755ac2",
            "messageTitle": " Fix checkstyle error",
            "messageBody": "",
            "fileTypesAndContributionMap": {
              "functional-code": {
                "insertions": 8,
                "deletions": 2
              }
            }
          }
        ]
      },
      {
        "date": "2020-10-18",
        "commitResults": [
          {
            "hash": "f4ea979de12a54d16365fd42c4dde213ae1558e9",
            "messageTitle": "Repackaging classes",
            "messageBody": "",
            "fileTypesAndContributionMap": {
              "functional-code": {
                "insertions": 118,
                "deletions": 25
              },
              "other": {
                "insertions": 5,
                "deletions": 1
              },
              "test-code": {
                "insertions": 1,
                "deletions": 3
              }
            }
          },
          {
            "hash": "c0f3479dcc74d82bfef30eacea9a85f43522b434",
            "messageTitle": " Add Bookmark Storage for bookmark feature",
            "messageBody": "",
            "fileTypesAndContributionMap": {
              "functional-code": {
                "insertions": 35,
                "deletions": 30
              }
            }
          }
        ]
      },
      {
        "date": "2020-10-20",
        "commitResults": [
          {
            "hash": "a2355ed21ba4307750a5156c4f7b646601a3d1fb",
            "messageTitle": "Merge master to branch",
            "messageBody": "",
            "fileTypesAndContributionMap": {
              "functional-code": {
                "insertions": 5,
                "deletions": 44
              }
            }
          },
          {
            "hash": "d4c1a92a07ea0624f0a3813b2338033176431f45",
            "messageTitle": "Add star feature, add category feature and delete category feature",
            "messageBody": "",
            "fileTypesAndContributionMap": {
              "functional-code": {
                "insertions": 253,
                "deletions": 89
              },
              "test-code": {
                "insertions": 19,
                "deletions": 27
              }
            }
          }
        ]
      },
      {
        "date": "2020-10-21",
        "commitResults": [
          {
            "hash": "1dc480b8e2b1e3f40ebad776c93704449c127876",
            "messageTitle": "Add file storage",
            "messageBody": "",
            "fileTypesAndContributionMap": {
              "functional-code": {
                "insertions": 79,
                "deletions": 46
              },
              "other": {
                "insertions": 1,
                "deletions": 0
              }
            }
          },
          {
            "hash": "296425a345ff397ce6408d37559f2f73f75912d8",
            "messageTitle": "Fix checkstyle error",
            "messageBody": "",
            "fileTypesAndContributionMap": {
              "functional-code": {
                "insertions": 45,
                "deletions": 34
              },
              "other": {
                "insertions": 1,
                "deletions": 1
              },
              "test-code": {
                "insertions": 36,
                "deletions": 25
              }
            }
          }
        ]
      },
      {
        "date": "2020-10-23",
        "commitResults": [
          {
            "hash": "43ce04ffde9d5519f51538dbf787323822981805",
            "messageTitle": "Update Developer guide for bookmark feature",
            "messageBody": "",
            "fileTypesAndContributionMap": {
              "docs": {
                "insertions": 48,
                "deletions": 0
              }
            }
          },
          {
            "hash": "19fa1336971e290046eadcfe2132639691c165c3",
            "messageTitle": "Fixes changes requested",
            "messageBody": "",
            "fileTypesAndContributionMap": {
              "docs": {
                "insertions": 2,
                "deletions": 3
              }
            }
          },
          {
            "hash": "9faa55ca6bfd528fe6388e0125ddf2f0c2eafd37",
            "messageTitle": "Update Developer guide image path",
            "messageBody": "",
            "fileTypesAndContributionMap": {
              "docs": {
                "insertions": 4,
                "deletions": 4
              }
            }
          }
        ]
      },
      {
        "date": "2020-10-27",
        "commitResults": [
          {
            "hash": "d2b934c5bb78e70851789fe118b92e65b30f30d7",
            "messageTitle": "Modify to Add title for links",
            "messageBody": "",
            "fileTypesAndContributionMap": {
              "functional-code": {
                "insertions": 74,
                "deletions": 48
              },
              "other": {
                "insertions": 2,
                "deletions": 0
              }
            }
          }
        ]
      },
      {
        "date": "2020-10-28",
        "commitResults": [
          {
            "hash": "461c5ad72211d33f03e71ac74e60779c83a8acca",
            "messageTitle": "Added getting started, and appendix: requirement",
            "messageBody": "",
            "fileTypesAndContributionMap": {
              "docs": {
                "insertions": 96,
                "deletions": 24
              }
            }
          },
          {
            "hash": "412d0a5ef3e9c2ff5a924b40dbf56d7613b01848",
            "messageTitle": "Correct checkstyle error",
            "messageBody": "",
            "fileTypesAndContributionMap": {
              "functional-code": {
                "insertions": 6,
                "deletions": 5
              }
            }
          },
          {
            "hash": "38e99d44a863983bd18f5baac7c3dd7fb6b23bfe",
            "messageTitle": "Fix print title problem",
            "messageBody": "",
            "fileTypesAndContributionMap": {
              "functional-code": {
                "insertions": 6,
                "deletions": 4
              }
            }
          },
          {
            "hash": "e557e1cbcee395052205a0925f57bd75f11dbb2d",
            "messageTitle": "Fix bookmark storage",
            "messageBody": "",
            "fileTypesAndContributionMap": {
              "functional-code": {
                "insertions": 4,
                "deletions": 2
              }
            }
          },
          {
            "hash": "0a4c865fcf415157a5852b9018e923af552ba718",
            "messageTitle": "Fix checkstyle error",
            "messageBody": "",
            "fileTypesAndContributionMap": {
              "functional-code": {
                "insertions": 1,
                "deletions": 1
              }
            }
          }
        ]
      },
      {
        "date": "2020-10-29",
        "commitResults": [
          {
            "hash": "05d6dc2a23264aa0b40be2b31d5036e38c786553",
            "messageTitle": "Add User Guide for Bookmark",
            "messageBody": "",
            "fileTypesAndContributionMap": {
              "docs": {
                "insertions": 166,
                "deletions": 4
              }
            }
          }
        ]
      },
      {
        "date": "2020-10-30",
        "commitResults": [
          {
            "hash": "46f4ba61574e80e6a357917f1287580f131bca4b",
            "messageTitle": "Add Junit test for AddCategoryCommand, RemoveCategoryCommand and StarCommand",
            "messageBody": "",
            "fileTypesAndContributionMap": {
              "test-code": {
                "insertions": 228,
                "deletions": 0
              }
            }
          },
          {
            "hash": "fc8f85a909946e7bd96acc8ee8287ed7cd84830b",
            "messageTitle": "Deleted BookmarkStorage Test",
            "messageBody": "",
            "fileTypesAndContributionMap": {
              "test-code": {
                "insertions": 0,
                "deletions": 16
              }
            }
          },
          {
            "hash": "32d99d4e9b0003edf668338d8c2bd9481fe4198f",
            "messageTitle": "Change assertion in backcommand",
            "messageBody": "",
            "fileTypesAndContributionMap": {
              "functional-code": {
                "insertions": 1,
                "deletions": 1
              }
            }
          }
        ]
      },
      {
        "date": "2020-11-03",
        "commitResults": [
          {
            "hash": "e970edbb0626e578a4140fa8392559c6e552c39f",
            "messageTitle": "Add check existing link function and, fix Index out of bound exception and update user guide",
            "messageBody": "",
            "fileTypesAndContributionMap": {
              "functional-code": {
                "insertions": 28,
                "deletions": 0
              },
              "docs": {
                "insertions": 1,
                "deletions": 1
              }
            }
          },
          {
            "hash": "bcd8006081652f77921481d2be14c469112f0f69",
            "messageTitle": "Update Error message in bookmarkUi",
            "messageBody": "",
            "fileTypesAndContributionMap": {
              "functional-code": {
                "insertions": 19,
                "deletions": 15
              }
            }
          },
          {
            "hash": "a34882d112eb77714bf55b07d3653da763b5bf8d",
            "messageTitle": "Update Bookmark DG diagram",
            "messageBody": "",
            "fileTypesAndContributionMap": {
              "docs": {
                "insertions": 1,
                "deletions": 1
              }
            }
          },
          {
            "hash": "8b53f11bc2a6510d9e549166bcc28ef5839523a0",
            "messageTitle": " Fix list and back bugs",
            "messageBody": "",
            "fileTypesAndContributionMap": {
              "functional-code": {
                "insertions": 27,
                "deletions": 7
              },
              "test-code": {
                "insertions": 4,
                "deletions": 2
              }
            }
          },
          {
            "hash": "99640e4e6d2d336c1687f217646dc00cd9fd2ce6",
            "messageTitle": "Fix checkstyle error",
            "messageBody": "",
            "fileTypesAndContributionMap": {
              "functional-code": {
                "insertions": 8,
                "deletions": 7
              }
            }
          }
        ]
      },
      {
        "date": "2020-11-04",
        "commitResults": [
          {
            "hash": "34e0a860549dae2facb28e5a16dbf2908feb9805",
            "messageTitle": "Modify error messages",
            "messageBody": "",
            "fileTypesAndContributionMap": {
              "functional-code": {
                "insertions": 31,
                "deletions": 13
              }
            }
          }
        ]
      },
      {
        "date": "2020-11-05",
        "commitResults": [
          {
            "hash": "fd81f4a9ae212893dde941459cbfc4a1126aae8c",
            "messageTitle": "Update User guide to improve readability",
            "messageBody": "",
            "fileTypesAndContributionMap": {
              "functional-code": {
                "insertions": 96,
                "deletions": 84
              },
              "docs": {
                "insertions": 90,
                "deletions": 51
              }
            }
          },
          {
            "hash": "ead8fb2ab651446aaeed419326a2f24612e76d0e",
            "messageTitle": "Update list function",
            "messageBody": "",
            "fileTypesAndContributionMap": {
              "functional-code": {
                "insertions": 32,
                "deletions": 14
              }
            }
          },
          {
            "hash": "95c8031768c6b802f03e957bbc0d1b7ce0fc7b34",
            "messageTitle": "Update Bookmark Ui to show bookmark list",
            "messageBody": "",
            "fileTypesAndContributionMap": {
              "functional-code": {
                "insertions": 15,
                "deletions": 14
              },
              "docs": {
                "insertions": 11,
                "deletions": 8
              }
            }
          },
          {
            "hash": "8bd9a0092e86bf60406128fc4a7decd852dff757",
            "messageTitle": "Fix error of cutting link off at \u003d",
            "messageBody": "",
            "fileTypesAndContributionMap": {
              "functional-code": {
                "insertions": 4,
                "deletions": 4
              }
            }
          }
        ]
      },
      {
        "date": "2020-11-06",
        "commitResults": [
          {
            "hash": "0c065176b87a26907ac33e6e27fb24ea7981c2f5",
            "messageTitle": "Added PPP",
            "messageBody": "",
            "fileTypesAndContributionMap": {
              "docs": {
                "insertions": 46,
                "deletions": 14
              }
            }
          }
        ]
      }
    ],
    "slightlyharp": [
      {
        "date": "2020-10-01",
        "commitResults": [
          {
            "hash": "4566c3a36c78b8df569a686849e739e9b96f2457",
            "messageTitle": "about us",
            "messageBody": "",
            "fileTypesAndContributionMap": {
              "docs": {
                "insertions": 1,
                "deletions": 0
              }
            }
          },
          {
            "hash": "f062fc72f1f3f468d0fc4bd82ab184d64875b9d0",
            "messageTitle": "dd github",
            "messageBody": "",
            "fileTypesAndContributionMap": {
              "docs": {
                "insertions": 1,
                "deletions": 1
              }
            }
          }
        ]
      },
      {
        "date": "2020-10-12",
        "commitResults": [
          {
            "hash": "74f42e4f09f5d48885b88967d005ef1a2dcca754",
            "messageTitle": "table and event class complete todo parser and file class",
            "messageBody": "",
            "fileTypesAndContributionMap": {
              "functional-code": {
                "insertions": 204,
                "deletions": 11
              }
            }
          },
          {
            "hash": "ba62285323629ed91d64a35bfdd5f977b28d88f4",
            "messageTitle": "style correction",
            "messageBody": "",
            "fileTypesAndContributionMap": {
              "functional-code": {
                "insertions": 17,
                "deletions": 16
              },
              "other": {
                "insertions": 35,
                "deletions": 35
              }
            }
          }
        ]
      },
      {
        "date": "2020-10-13",
        "commitResults": [
          {
            "hash": "57c37a1b04c822ea71809444e2b1b86827a8bb0b",
            "messageTitle": "file storage done",
            "messageBody": "",
            "fileTypesAndContributionMap": {
              "functional-code": {
                "insertions": 211,
                "deletions": 23
              },
              "other": {
                "insertions": 20,
                "deletions": 9
              }
            }
          },
          {
            "hash": "8e2d2f3ce002ca14e5fbe679da8ab350afc76298",
            "messageTitle": " added run function",
            "messageBody": "",
            "fileTypesAndContributionMap": {
              "functional-code": {
                "insertions": 48,
                "deletions": 0
              },
              "other": {
                "insertions": 6,
                "deletions": 0
              }
            }
          },
          {
            "hash": "6cf2b0ae38564079b9f11bc7e119404790ec04f3",
            "messageTitle": "basic timetable and storage functiin done",
            "messageBody": "",
            "fileTypesAndContributionMap": {
              "functional-code": {
                "insertions": 4,
                "deletions": 2
              },
              "other": {
                "insertions": 1,
                "deletions": 8
              }
            }
          },
          {
            "hash": "54fc70f17f58a8b227c5226d4f364bf637ca9444",
            "messageTitle": "delete txt file",
            "messageBody": "",
            "fileTypesAndContributionMap": {
              "other": {
                "insertions": 0,
                "deletions": 1
              }
            }
          },
          {
            "hash": "deefd0cdbc732fcd0916ebfce78d60a05ac96bc4",
            "messageTitle": "fix style",
            "messageBody": "",
            "fileTypesAndContributionMap": {
              "functional-code": {
                "insertions": 8,
                "deletions": 17
              }
            }
          },
          {
            "hash": "5dcfde5053294acc732f192d81b801c0f74b37d9",
            "messageTitle": "restore main",
            "messageBody": "",
            "fileTypesAndContributionMap": {
              "functional-code": {
                "insertions": 10,
                "deletions": 17
              }
            }
          }
        ]
      },
      {
        "date": "2020-10-14",
        "commitResults": [
          {
            "hash": "31b6cd3a54bb51dee060e19e19052c37746f5971",
            "messageTitle": "removed loop command to be shared",
            "messageBody": "",
            "fileTypesAndContributionMap": {
              "functional-code": {
                "insertions": 42,
                "deletions": 42
              }
            }
          },
          {
            "hash": "aeeb6994f7ad9055fbbf425d1274ff97709531c5",
            "messageTitle": "fix file loading",
            "messageBody": "",
            "fileTypesAndContributionMap": {
              "functional-code": {
                "insertions": 2,
                "deletions": 1
              },
              "other": {
                "insertions": 1,
                "deletions": 0
              }
            }
          },
          {
            "hash": "2fd86601a2a50067f3f465c817ad606fbc5bc35a",
            "messageTitle": "add timetable help message",
            "messageBody": "",
            "fileTypesAndContributionMap": {
              "functional-code": {
                "insertions": 7,
                "deletions": 0
              }
            }
          }
        ]
      },
      {
        "date": "2020-10-16",
        "commitResults": [
          {
            "hash": "b2d09f69a0c2f04ac205d17c01072dfe76c47484",
            "messageTitle": "remove print function used for testing",
            "messageBody": "",
            "fileTypesAndContributionMap": {
              "functional-code": {
                "insertions": 0,
                "deletions": 2
              }
            }
          },
          {
            "hash": "042cfea20e29b48a50641adde77e9a30056d15fa",
            "messageTitle": "added junit for timetable",
            "messageBody": "",
            "fileTypesAndContributionMap": {
              "functional-code": {
                "insertions": 4,
                "deletions": 4
              },
              "other": {
                "insertions": 2,
                "deletions": 2
              },
              "test-code": {
                "insertions": 104,
                "deletions": 0
              }
            }
          },
          {
            "hash": "4c8bbfd42fd10644e307df2c9f0cd4df89166544",
            "messageTitle": "edit for style",
            "messageBody": "",
            "fileTypesAndContributionMap": {
              "test-code": {
                "insertions": 7,
                "deletions": 4
              }
            }
          },
          {
            "hash": "b09ba5aaa5f108e3d68901c7d1060618d2d828e4",
            "messageTitle": "add assert",
            "messageBody": "",
            "fileTypesAndContributionMap": {
              "functional-code": {
                "insertions": 4,
                "deletions": 1
              }
            }
          },
          {
            "hash": "5b5af306a493accb5f1d975c2432dde4307e59a1",
            "messageTitle": "edit for style",
            "messageBody": "",
            "fileTypesAndContributionMap": {
              "functional-code": {
                "insertions": 1,
                "deletions": 1
              }
            }
          }
        ]
      },
      {
        "date": "2020-10-18",
        "commitResults": [
          {
            "hash": "1907dda7407e9ee915024eeda0eb5cf9523c1553",
            "messageTitle": "enable asserion",
            "messageBody": "",
            "fileTypesAndContributionMap": {
              "other": {
                "insertions": 1,
                "deletions": 1
              }
            }
          },
          {
            "hash": "d666d8661b8956af32195b13905707f81d1a4507",
            "messageTitle": "edit timetable assertion",
            "messageBody": "",
            "fileTypesAndContributionMap": {
              "functional-code": {
                "insertions": 2,
                "deletions": 2
              }
            }
          },
          {
            "hash": "05a2e26e407d2c3c766ba20c42374172d497e605",
            "messageTitle": "edit for style",
            "messageBody": "",
            "fileTypesAndContributionMap": {
              "functional-code": {
                "insertions": 1,
                "deletions": 1
              }
            }
          }
        ]
      },
      {
        "date": "2020-10-20",
        "commitResults": [
          {
            "hash": "f36cb2ae85f7b21a5f90d86b0f002cc4ca431a31",
            "messageTitle": "change input method for time table",
            "messageBody": "",
            "fileTypesAndContributionMap": {
              "functional-code": {
                "insertions": 49,
                "deletions": 23
              },
              "test-code": {
                "insertions": 0,
                "deletions": 15
              }
            }
          },
          {
            "hash": "88cb80299b6c1cf6495083b92276841cdfd75f05",
            "messageTitle": "fix DateList Class",
            "messageBody": "",
            "fileTypesAndContributionMap": {
              "functional-code": {
                "insertions": 21,
                "deletions": 10
              },
              "test-code": {
                "insertions": 18,
                "deletions": 0
              }
            }
          },
          {
            "hash": "21bc01abf9c136f647897dc7a993796f7b5f2a74",
            "messageTitle": "edit for style",
            "messageBody": "",
            "fileTypesAndContributionMap": {
              "functional-code": {
                "insertions": 3,
                "deletions": 2
              },
              "test-code": {
                "insertions": 1,
                "deletions": 1
              }
            }
          }
        ]
      },
      {
        "date": "2020-10-21",
        "commitResults": [
          {
            "hash": "7da7ba29533a78beedd47d964b3b91d36b29a5b6",
            "messageTitle": "added junit test for timetable parse",
            "messageBody": "",
            "fileTypesAndContributionMap": {
              "functional-code": {
                "insertions": 1,
                "deletions": 1
              },
              "test-code": {
                "insertions": 44,
                "deletions": 3
              }
            }
          },
          {
            "hash": "5ed451ddbb9f369ef7c570a36651a96851d93d7b",
            "messageTitle": "edit for style",
            "messageBody": "",
            "fileTypesAndContributionMap": {
              "test-code": {
                "insertions": 2,
                "deletions": 1
              }
            }
          }
        ]
      },
      {
        "date": "2020-10-22",
        "commitResults": [
          {
            "hash": "035172a008fe4d733bd7b91ad389c769a5118270",
            "messageTitle": "update for pull",
            "messageBody": "",
            "fileTypesAndContributionMap": {
              "functional-code": {
                "insertions": 1,
                "deletions": 2
              }
            }
          }
        ]
      },
      {
        "date": "2020-10-27",
        "commitResults": [
          {
            "hash": "1f3ea7a50626e48e1c6654bbcb030d3c26ce0410",
            "messageTitle": "add new function to view zoom link, rearrange timetable output",
            "messageBody": "",
            "fileTypesAndContributionMap": {
              "functional-code": {
                "insertions": 47,
                "deletions": 14
              },
              "test-code": {
                "insertions": 25,
                "deletions": 0
              }
            }
          },
          {
            "hash": "67d0eea00f76f92486141bfc1d32bbfa1ef4b455",
            "messageTitle": "editted timetable parser for junit test",
            "messageBody": "",
            "fileTypesAndContributionMap": {
              "functional-code": {
                "insertions": 1,
                "deletions": 1
              },
              "test-code": {
                "insertions": 2,
                "deletions": 4
              }
            }
          }
        ]
      },
      {
        "date": "2020-10-28",
        "commitResults": [
          {
            "hash": "be0bc741c361910e1aa091aca16586654d483564",
            "messageTitle": "shift drawio file",
            "messageBody": "",
            "fileTypesAndContributionMap": {
              "docs": {
                "insertions": 3,
                "deletions": 0
              },
              "test-code": {
                "insertions": 0,
                "deletions": 12
              }
            }
          },
          {
            "hash": "30dca8e2ddd01187c2918d3869677d9a8563ef9d",
            "messageTitle": "Timetable DG updated",
            "messageBody": "",
            "fileTypesAndContributionMap": {
              "docs": {
                "insertions": 15,
                "deletions": 0
              }
            }
          },
          {
            "hash": "79e8defe294998bf93a5beedf49ef734352f46de",
            "messageTitle": "timetable DG update",
            "messageBody": "",
            "fileTypesAndContributionMap": {
              "functional-code": {
                "insertions": 3,
                "deletions": 0
              },
              "docs": {
                "insertions": 19,
                "deletions": 7
              }
            }
          },
          {
            "hash": "b0c816e16e67e7f18611738f4d4fcaa461eaa33b",
            "messageTitle": "added clash detection and activity class",
            "messageBody": "",
            "fileTypesAndContributionMap": {
              "functional-code": {
                "insertions": 117,
                "deletions": 41
              },
              "test-code": {
                "insertions": 10,
                "deletions": 12
              }
            }
          },
          {
            "hash": "13ad80e0ab82fb8d6d4289cf7f335c841050c784",
            "messageTitle": "change png file to one with white background",
            "messageBody": "",
            "fileTypesAndContributionMap": {
              "functional-code": {
                "insertions": 41,
                "deletions": 12
              },
              "docs": {
                "insertions": 140,
                "deletions": 2
              }
            }
          }
        ]
      },
      {
        "date": "2020-10-29",
        "commitResults": [
          {
            "hash": "152c5df3416b113d867bbfea57445416a8f351bd",
            "messageTitle": "added list activity function",
            "messageBody": "",
            "fileTypesAndContributionMap": {
              "functional-code": {
                "insertions": 36,
                "deletions": 6
              }
            }
          }
        ]
      },
      {
        "date": "2020-11-05",
        "commitResults": [
          {
            "hash": "6a41673bc71fcae39ba648b411172a87242fbbdf",
            "messageTitle": "error handling when user edit time tabledata file",
            "messageBody": "",
            "fileTypesAndContributionMap": {
              "functional-code": {
                "insertions": 55,
                "deletions": 31
              }
            }
          }
        ]
      },
      {
        "date": "2020-11-06",
        "commitResults": [
          {
            "hash": "ad9079db1db73080ae333faa57aaa61bce4e3842",
            "messageTitle": "added slightlyharp PPP and fix few bugs",
            "messageBody": "",
            "fileTypesAndContributionMap": {
              "functional-code": {
                "insertions": 18,
                "deletions": 10
              },
              "docs": {
                "insertions": 38,
                "deletions": 13
              }
            }
          },
          {
            "hash": "62dca67cf2ad32b418bfa58db974614e91ef3170",
            "messageTitle": "editted UG with additional command",
            "messageBody": "",
            "fileTypesAndContributionMap": {
              "docs": {
                "insertions": 12,
                "deletions": 1
              }
            }
          },
          {
            "hash": "1683954c906454402b51814705e84985acaf9e7a",
            "messageTitle": "restructured parser and fix 12am wrong interpretation bug",
            "messageBody": "",
            "fileTypesAndContributionMap": {
              "functional-code": {
                "insertions": 217,
                "deletions": 175
              },
              "docs": {
                "insertions": 1,
                "deletions": 1
              },
              "test-code": {
                "insertions": 2,
                "deletions": 4
              }
            }
          },
          {
            "hash": "7ecd7460259ba8900945ac885b4e23222e53fda3",
            "messageTitle": "edited error msg for invalid command in timetable",
            "messageBody": "",
            "fileTypesAndContributionMap": {
              "functional-code": {
                "insertions": 37,
                "deletions": 33
              }
            }
          }
        ]
      }
    ],
    "luziyi9898": [
      {
        "date": "2020-10-01",
        "commitResults": [
          {
            "hash": "7acede9dd2e3f3667dfa8e6e3c5cc1ea0d610ede",
            "messageTitle": "Added name in aboutus.",
            "messageBody": "",
            "fileTypesAndContributionMap": {
              "docs": {
                "insertions": 1,
                "deletions": 1
              }
            }
          }
        ]
      },
      {
        "date": "2020-10-11",
        "commitResults": [
          {
            "hash": "113c9f2e9b8e0f1feff547a5ba58a977f2e6f0c0",
            "messageTitle": "Implemented basic classes for academic tracker. Updated command console to accept inputs for academic tracker.",
            "messageBody": "",
            "fileTypesAndContributionMap": {
              "functional-code": {
                "insertions": 147,
                "deletions": 6
              }
            }
          }
        ]
      },
      {
        "date": "2020-10-12",
        "commitResults": [
          {
            "hash": "bb38b6e607f9e09739755d0656c730bf99ad5e8e",
            "messageTitle": "Implemented add contact, check contact, add grade, check grade without error handling.",
            "messageBody": "",
            "fileTypesAndContributionMap": {
              "functional-code": {
                "insertions": 92,
                "deletions": 43
              }
            }
          }
        ]
      },
      {
        "date": "2020-10-13",
        "commitResults": [
          {
            "hash": "b908b26092e61b7a377ac9074c79efcc708e7817",
            "messageTitle": "Added help message for academic. Added exceptions to academic section.",
            "messageBody": "",
            "fileTypesAndContributionMap": {
              "functional-code": {
                "insertions": 85,
                "deletions": 17
              }
            }
          },
          {
            "hash": "a17b0b86c592ed6a570b93673cdd64b567c021b2",
            "messageTitle": "Fixed gradlew build errors.",
            "messageBody": "",
            "fileTypesAndContributionMap": {
              "functional-code": {
                "insertions": 3,
                "deletions": 0
              }
            }
          },
          {
            "hash": "bdc45a92465e40c6ab2adbe70bee28efefa3669e",
            "messageTitle": "Added list grade function.",
            "messageBody": "",
            "fileTypesAndContributionMap": {
              "functional-code": {
                "insertions": 33,
                "deletions": 3
              }
            }
          },
          {
            "hash": "1e1b06ee3ff0f598a890caf56bf9ae18c97e41b2",
            "messageTitle": "Fixed missing object reference.",
            "messageBody": "",
            "fileTypesAndContributionMap": {
              "functional-code": {
                "insertions": 2,
                "deletions": 1
              }
            }
          }
        ]
      },
      {
        "date": "2020-10-15",
        "commitResults": [
          {
            "hash": "11a906601c40b69650b1f9a5615829269525877b",
            "messageTitle": "Added Junit tests for academicparser.",
            "messageBody": "",
            "fileTypesAndContributionMap": {
              "functional-code": {
                "insertions": 3,
                "deletions": 0
              },
              "test-code": {
                "insertions": 45,
                "deletions": 0
              }
            }
          }
        ]
      },
      {
        "date": "2020-10-20",
        "commitResults": [
          {
            "hash": "711d25cedc56c57b6a8c482d18532e8e732ca3f6",
            "messageTitle": "Implemented local storage for academic.",
            "messageBody": "",
            "fileTypesAndContributionMap": {
              "functional-code": {
                "insertions": 109,
                "deletions": 4
              },
              "other": {
                "insertions": 5,
                "deletions": 0
              }
            }
          }
        ]
      },
      {
        "date": "2020-10-23",
        "commitResults": [
          {
            "hash": "dc19c9cc507d854c69eed7dbe93fc342f1cab83b",
            "messageTitle": "Minor fixes to code style.",
            "messageBody": "",
            "fileTypesAndContributionMap": {
              "functional-code": {
                "insertions": 3,
                "deletions": 6
              },
              "other": {
                "insertions": 0,
                "deletions": 3
              }
            }
          },
          {
            "hash": "7347649423a19214dd4e1fc1b09a707659a77078",
            "messageTitle": "Implemented primary versions of delete function in academic segment.",
            "messageBody": "",
            "fileTypesAndContributionMap": {
              "functional-code": {
                "insertions": 41,
                "deletions": 8
              },
              "other": {
                "insertions": 1,
                "deletions": 0
              }
            }
          },
          {
            "hash": "22dc3d3ad71cae7c16e00a1377bd61039a1ead9d",
            "messageTitle": "Fixed checkstyle errors in delete implementations.",
            "messageBody": "",
            "fileTypesAndContributionMap": {
              "functional-code": {
                "insertions": 3,
                "deletions": 5
              },
              "other": {
                "insertions": 1,
                "deletions": 1
              }
            }
          }
        ]
      },
      {
        "date": "2020-10-24",
        "commitResults": [
          {
            "hash": "3b3acb5154507686823d59abd6b1929311570371",
            "messageTitle": "Fixed bug in academic delete.",
            "messageBody": "",
            "fileTypesAndContributionMap": {
              "functional-code": {
                "insertions": 2,
                "deletions": 4
              },
              "other": {
                "insertions": 0,
                "deletions": 1
              }
            }
          },
          {
            "hash": "14fb9656882b8fc25f29880a52b57ef02ecec865",
            "messageTitle": "Implemented primary version of Su functions for academic.",
            "messageBody": "",
            "fileTypesAndContributionMap": {
              "functional-code": {
                "insertions": 66,
                "deletions": 13
              },
              "other": {
                "insertions": 1,
                "deletions": 2
              }
            }
          }
        ]
      },
      {
        "date": "2020-10-26",
        "commitResults": [
          {
            "hash": "7d2ff35613473019f62e772069aa20543368b999",
            "messageTitle": "Fixed bug where add list displays empty line when list is empty for academic. Changed naming of commands for academic.",
            "messageBody": "",
            "fileTypesAndContributionMap": {
              "functional-code": {
                "insertions": 26,
                "deletions": 28
              },
              "test-code": {
                "insertions": 2,
                "deletions": 2
              }
            }
          },
          {
            "hash": "3a21be1184ef1afa3e4b4a22b46b17bf4cec786d",
            "messageTitle": "Fixed various bugs inside academic function.",
            "messageBody": "",
            "fileTypesAndContributionMap": {
              "functional-code": {
                "insertions": 32,
                "deletions": 11
              }
            }
          },
          {
            "hash": "d5c54fbd2bec2a462187922a47d4f91c40ee0610",
            "messageTitle": "Improved test coverage for academic command parser.",
            "messageBody": "",
            "fileTypesAndContributionMap": {
              "functional-code": {
                "insertions": 5,
                "deletions": 5
              },
              "test-code": {
                "insertions": 114,
                "deletions": 7
              }
            }
          }
        ]
      },
      {
        "date": "2020-10-27",
        "commitResults": [
          {
            "hash": "4bdbaddfe9ef94dc9113e402712f373bbead5ae0",
            "messageTitle": "Extended test coverage for academic related functions.",
            "messageBody": "",
            "fileTypesAndContributionMap": {
              "test-code": {
                "insertions": 118,
                "deletions": 4
              }
            }
          },
          {
            "hash": "6b286121fcf06f4a9ef81eb3a93f136c0367d35f",
            "messageTitle": "Updated academic section of developer guide.",
            "messageBody": "",
            "fileTypesAndContributionMap": {
              "docs": {
                "insertions": 41,
                "deletions": 0
              }
            }
          }
        ]
      },
      {
        "date": "2020-10-28",
        "commitResults": [
          {
            "hash": "c2743441132531b56780a3ad173f52f7f9e76747",
            "messageTitle": "Updated DG for academic section.",
            "messageBody": "",
            "fileTypesAndContributionMap": {
              "docs": {
                "insertions": 15,
                "deletions": 1
              }
            }
          },
          {
            "hash": "020ce0b7700a36d2401d4372bebf064b220a4a66",
            "messageTitle": "Made updates to UG for academic section. Fixed bug in delete contact.",
            "messageBody": "",
            "fileTypesAndContributionMap": {
              "functional-code": {
                "insertions": 1,
                "deletions": 1
              },
              "docs": {
                "insertions": 125,
                "deletions": 1
              }
            }
          },
          {
            "hash": "6ddc3b39d35541cbeef4c1bcd8eb9f07a718230d",
            "messageTitle": "Updated UG for academic.",
            "messageBody": "",
            "fileTypesAndContributionMap": {
              "docs": {
                "insertions": 71,
                "deletions": 0
              }
            }
          }
        ]
      },
      {
        "date": "2020-11-04",
        "commitResults": [
          {
            "hash": "bcf051b232d697fbc357c2d07dc922973ea0d4a3",
            "messageTitle": "Fix bugs for academic mode.",
            "messageBody": "",
            "fileTypesAndContributionMap": {
              "functional-code": {
                "insertions": 31,
                "deletions": 5
              },
              "docs": {
                "insertions": 11,
                "deletions": 6
              },
              "test-code": {
                "insertions": 5,
                "deletions": 4
              }
            }
          }
        ]
      },
      {
        "date": "2020-11-05",
        "commitResults": [
          {
            "hash": "461ffa8eb7cd349c360896d219e15434d08f0712",
            "messageTitle": "Updated primary draft for PPP.",
            "messageBody": "",
            "fileTypesAndContributionMap": {
              "functional-code": {
                "insertions": 1,
                "deletions": 1
              },
              "docs": {
                "insertions": 37,
                "deletions": 1
              }
            }
          }
        ]
      }
    ],
    "farice9": [
      {
        "date": "2020-10-01",
        "commitResults": [
          {
            "hash": "4a859d0aa2a327187b5800cd3e6d23ab75d1e4e6",
            "messageTitle": "Add AboutUs",
            "messageBody": "",
            "fileTypesAndContributionMap": {
              "docs": {
                "insertions": 1,
                "deletions": 1
              }
            }
          }
        ]
      },
      {
        "date": "2020-10-10",
        "commitResults": [
          {
            "hash": "904c45fa905c86b2e18d97213b5dc960f435428f",
            "messageTitle": "Implement Main menu",
            "messageBody": "Introduce several classes for future implementation\n",
            "fileTypesAndContributionMap": {
              "functional-code": {
                "insertions": 78,
                "deletions": 0
              }
            }
          },
          {
            "hash": "de3a6d698b47a6739521d4531f14fd75c7b96ec5",
            "messageTitle": "Implement exit",
            "messageBody": "",
            "fileTypesAndContributionMap": {
              "functional-code": {
                "insertions": 19,
                "deletions": 5
              }
            }
          },
          {
            "hash": "5ba76a9162014a26677fcb8fc652808a2b317d18",
            "messageTitle": "Implement location information",
            "messageBody": "",
            "fileTypesAndContributionMap": {
              "functional-code": {
                "insertions": 26,
                "deletions": 4
              }
            }
          }
        ]
      },
      {
        "date": "2020-10-11",
        "commitResults": [
          {
            "hash": "9b1a8bb9987dd0d7e630598aeaf4092fba544447",
            "messageTitle": "Implement mode switching",
            "messageBody": "",
            "fileTypesAndContributionMap": {
              "functional-code": {
                "insertions": 69,
                "deletions": 4
              }
            }
          },
          {
            "hash": "ea5c210ed9a81753ef1849508d58e1a56ef4f93a",
            "messageTitle": "Add mode names and exception",
            "messageBody": "",
            "fileTypesAndContributionMap": {
              "functional-code": {
                "insertions": 24,
                "deletions": 2
              }
            }
          },
          {
            "hash": "9b03a32ba5e337c5bd68795e1801dfeaed6ca540",
            "messageTitle": "Implement exit mode using command \"exit\"",
            "messageBody": "",
            "fileTypesAndContributionMap": {
              "functional-code": {
                "insertions": 19,
                "deletions": 9
              }
            }
          },
          {
            "hash": "8e729a8da6e6ebe32dd1075734e0c94d8e38bb0e",
            "messageTitle": "Update style to meet coding compliance",
            "messageBody": "",
            "fileTypesAndContributionMap": {
              "functional-code": {
                "insertions": 17,
                "deletions": 16
              }
            }
          },
          {
            "hash": "308b9794a80e94b9b64bbc88de73da93821da3ec",
            "messageTitle": "Implement help message function",
            "messageBody": "",
            "fileTypesAndContributionMap": {
              "functional-code": {
                "insertions": 62,
                "deletions": 6
              }
            }
          },
          {
            "hash": "05deb82b9392d189359a4ba57e7ff5e15307ba7c",
            "messageTitle": "Implement command handling at different modes",
            "messageBody": "",
            "fileTypesAndContributionMap": {
              "functional-code": {
                "insertions": 31,
                "deletions": 1
              }
            }
          },
          {
            "hash": "f888f406d2108262f368e8d5d0a6f04c764c7618",
            "messageTitle": "Update style",
            "messageBody": "",
            "fileTypesAndContributionMap": {
              "functional-code": {
                "insertions": 28,
                "deletions": 13
              }
            }
          }
        ]
      },
      {
        "date": "2020-10-12",
        "commitResults": [
          {
            "hash": "96b2a3f7564df3aad5bc8df07b7b799479b9c628",
            "messageTitle": "Refactor academic functionalities",
            "messageBody": "",
            "fileTypesAndContributionMap": {
              "functional-code": {
                "insertions": 87,
                "deletions": 68
              },
              "other": {
                "insertions": 4,
                "deletions": 0
              }
            }
          },
          {
            "hash": "4b5fe828711f6aef97c33040cba8a009cce4deb5",
            "messageTitle": "Fix print location bug",
            "messageBody": "",
            "fileTypesAndContributionMap": {
              "functional-code": {
                "insertions": 2,
                "deletions": 6
              }
            }
          }
        ]
      },
      {
        "date": "2020-10-14",
        "commitResults": [
          {
            "hash": "056487a9643ae2852535ed1d906f331b3cfc4485",
            "messageTitle": "Fix checkstyle errors from merge PR #45",
            "messageBody": "",
            "fileTypesAndContributionMap": {
              "functional-code": {
                "insertions": 16,
                "deletions": 18
              }
            }
          },
          {
            "hash": "c1f2408d6b90b286509ac411f5fdfcf92636bf2d",
            "messageTitle": "Fix some integration errors for bookmark feature",
            "messageBody": "Need to edit the code structures later on\n",
            "fileTypesAndContributionMap": {
              "functional-code": {
                "insertions": 74,
                "deletions": 62
              }
            }
          },
          {
            "hash": "8dd66fbb1226899f42f87c279e656f0712dfdd04",
            "messageTitle": "Fix checkstyle error",
            "messageBody": "",
            "fileTypesAndContributionMap": {
              "functional-code": {
                "insertions": 2,
                "deletions": 2
              }
            }
          },
          {
            "hash": "2d0348397af15382341f549fc32076c97ea6c263",
            "messageTitle": "Move person list and grade list creation to the start of program",
            "messageBody": "",
            "fileTypesAndContributionMap": {
              "functional-code": {
                "insertions": 32,
                "deletions": 28
              }
            }
          },
          {
            "hash": "733a8c1041cd63ffea19987213a0aba51ea7c65f",
            "messageTitle": "Change filepath of flashcard and timetable storage to data/\u003chere\u003e",
            "messageBody": "",
            "fileTypesAndContributionMap": {
              "functional-code": {
                "insertions": 18,
                "deletions": 2
              }
            }
          },
          {
            "hash": "2031b57a63498e39614cf218d20c8c086bea9ce9",
            "messageTitle": "Fix checkstyle issues",
            "messageBody": "",
            "fileTypesAndContributionMap": {
              "functional-code": {
                "insertions": 4,
                "deletions": 4
              }
            }
          }
        ]
      },
      {
        "date": "2020-10-15",
        "commitResults": [
          {
            "hash": "194513440ea7b9e2ca5bd413f1f9457eaf60e4bf",
            "messageTitle": "Update main class on gradle.build",
            "messageBody": "",
            "fileTypesAndContributionMap": {
              "other": {
                "insertions": 9,
                "deletions": 1
              }
            }
          },
          {
            "hash": "7396d125f6f37875d244dfddd5d2f01c66bb572a",
            "messageTitle": "Update build.gradle for assertion and temporarily remove test checks to avoid failing github checks",
            "messageBody": "",
            "fileTypesAndContributionMap": {
              "functional-code": {
                "insertions": 1,
                "deletions": 0
              },
              "other": {
                "insertions": 2,
                "deletions": 2
              }
            }
          },
          {
            "hash": "d993a38bd828fe0012d97494823647a29032712b",
            "messageTitle": "Disable IO Redirection Test on Github",
            "messageBody": "Remove unneeded printing on intialization\n",
            "fileTypesAndContributionMap": {
              "functional-code": {
                "insertions": 0,
                "deletions": 1
              }
            }
          },
          {
            "hash": "8aae453a3b9a6831a49cc5650d2a54612741c446",
            "messageTitle": "Add Junit test for general command parser",
            "messageBody": "",
            "fileTypesAndContributionMap": {
              "test-code": {
                "insertions": 77,
                "deletions": 0
              }
            }
          },
          {
            "hash": "13e787cdd2b06c1285ea3e800267676d9757015e",
            "messageTitle": "Fix checkstyle error in CommandParserTest",
            "messageBody": "",
            "fileTypesAndContributionMap": {
              "test-code": {
                "insertions": 3,
                "deletions": 2
              }
            }
          }
        ]
      },
      {
        "date": "2020-10-18",
        "commitResults": [
          {
            "hash": "e96a7b0e57feb6da4f499a2e08a63becf097ece5",
            "messageTitle": "Add assertions to user input and command/mode type identification",
            "messageBody": "",
            "fileTypesAndContributionMap": {
              "functional-code": {
                "insertions": 4,
                "deletions": 0
              }
            }
          },
          {
            "hash": "f2f9c6629735587e795ea64f41506279c3623d5e",
            "messageTitle": "Identify error with assertions at TimeTableParser",
            "messageBody": "",
            "fileTypesAndContributionMap": {
              "functional-code": {
                "insertions": 2,
                "deletions": 2
              }
            }
          },
          {
            "hash": "7d5fb2abae45920059dd9a13fcc0a1845a42ba20",
            "messageTitle": "Fix checkstyle",
            "messageBody": "",
            "fileTypesAndContributionMap": {
              "functional-code": {
                "insertions": 2,
                "deletions": 2
              }
            }
          },
          {
            "hash": "6b498986f7820bc71313a9e0a476a4d8a23aad04",
            "messageTitle": "Fix assertion about command length",
            "messageBody": "",
            "fileTypesAndContributionMap": {
              "functional-code": {
                "insertions": 1,
                "deletions": 1
              }
            }
          },
          {
            "hash": "8f6268adadc82ef0b9fb59d605960b2981031749",
            "messageTitle": "Package remaining stray classes",
            "messageBody": "",
            "fileTypesAndContributionMap": {
              "functional-code": {
                "insertions": 1,
                "deletions": 1
              },
              "other": {
                "insertions": 52,
                "deletions": 4
              },
              "test-code": {
                "insertions": 7,
                "deletions": 5
              }
            }
          }
        ]
      },
      {
        "date": "2020-10-25",
        "commitResults": [
          {
            "hash": "7a35662eab651233aabfc72aa1f08d3a7120b45f",
            "messageTitle": "Add ListStarCommand, add highlight for bookmark",
            "messageBody": "",
            "fileTypesAndContributionMap": {
              "functional-code": {
                "insertions": 47,
                "deletions": 2
              },
              "other": {
                "insertions": 0,
                "deletions": 1
              }
            }
          },
          {
            "hash": "6172a24bf077ea871ffa848a59631abda805ad05",
            "messageTitle": "Implement star grade function",
            "messageBody": "",
            "fileTypesAndContributionMap": {
              "functional-code": {
                "insertions": 43,
                "deletions": 12
              },
              "other": {
                "insertions": 0,
                "deletions": 1
              }
            }
          },
          {
            "hash": "5b0b1d3ad1b3b8c4e29cb9df5060080fa24774af",
            "messageTitle": "Implement star function for contact list and add checks for star index",
            "messageBody": "",
            "fileTypesAndContributionMap": {
              "functional-code": {
                "insertions": 49,
                "deletions": 8
              }
            }
          },
          {
            "hash": "5b4c972e7baee8aa8e5efc53efd18a8ebc1d1874",
            "messageTitle": "Add star grade and star person to highlight function",
            "messageBody": "",
            "fileTypesAndContributionMap": {
              "functional-code": {
                "insertions": 80,
                "deletions": 26
              }
            }
          },
          {
            "hash": "3d55d95c6dbd660cf94b4889b51c60b83f5a88a3",
            "messageTitle": "Add help message for highlight",
            "messageBody": "",
            "fileTypesAndContributionMap": {
              "functional-code": {
                "insertions": 7,
                "deletions": 12
              }
            }
          },
          {
            "hash": "b755cc08d12401fd6f94f5f65087136e9c5f56b7",
            "messageTitle": "Fix minor UI problem",
            "messageBody": "",
            "fileTypesAndContributionMap": {
              "functional-code": {
                "insertions": 3,
                "deletions": 5
              }
            }
          },
          {
            "hash": "8045f3780de0452a94771a96bbfa6b18d0e8eac6",
            "messageTitle": "Introduce AcademicRun class to handle academic commands",
            "messageBody": "",
            "fileTypesAndContributionMap": {
              "functional-code": {
                "insertions": 113,
                "deletions": 105
              }
            }
          }
        ]
      },
      {
        "date": "2020-10-26",
        "commitResults": [
          {
            "hash": "5e6a98a8135f5bc3234422c921dd19577948c82f",
            "messageTitle": "Fix printing bug from timetable and add log files to gitignore",
            "messageBody": "",
            "fileTypesAndContributionMap": {
              "functional-code": {
                "insertions": 8,
                "deletions": 5
              }
            }
          },
          {
            "hash": "dd749bc614f62a8c987d1555d2df98c87b4eedd4",
            "messageTitle": "Put log files in log folder and add logging to track command and command types",
            "messageBody": "",
            "fileTypesAndContributionMap": {
              "functional-code": {
                "insertions": 20,
                "deletions": 26
              }
            }
          },
          {
            "hash": "f8a948fd0380e6738cd4978b1047a2419d0f0957",
            "messageTitle": "Add and modify logging messages for all modes",
            "messageBody": "",
            "fileTypesAndContributionMap": {
              "functional-code": {
                "insertions": 37,
                "deletions": 14
              }
            }
          },
          {
            "hash": "bf791211249105e84bae80e77517a1b6db0dd081",
            "messageTitle": "Changed the welcome menu date \u0026 time printing format",
            "messageBody": "",
            "fileTypesAndContributionMap": {
              "functional-code": {
                "insertions": 8,
                "deletions": 5
              }
            }
          }
        ]
      },
      {
        "date": "2020-10-27",
        "commitResults": [
          {
            "hash": "aa9fdd61e726d0fd9bbe7e0f253fccb6feb59ca2",
            "messageTitle": "Add checks for user changing to their current mode",
            "messageBody": "",
            "fileTypesAndContributionMap": {
              "functional-code": {
                "insertions": 8,
                "deletions": 3
              }
            }
          }
        ]
      },
      {
        "date": "2020-10-28",
        "commitResults": [
          {
            "hash": "edb0373eefe9819541ccad8bf0268a3e1294092b",
            "messageTitle": "Update DG architecture and main component",
            "messageBody": "",
            "fileTypesAndContributionMap": {
              "functional-code": {
                "insertions": 37,
                "deletions": 12
              },
              "docs": {
                "insertions": 136,
                "deletions": 2
              }
            }
          },
          {
            "hash": "560d3a92be5031a806cdb70a9fba28851b5e372c",
            "messageTitle": "Fix some format error",
            "messageBody": "",
            "fileTypesAndContributionMap": {
              "docs": {
                "insertions": 5,
                "deletions": 5
              }
            }
          },
          {
            "hash": "32357ebff92ccb91810e8a719e200327b1297e2e",
            "messageTitle": "Fix checkstyle error",
            "messageBody": "",
            "fileTypesAndContributionMap": {
              "functional-code": {
                "insertions": 3,
                "deletions": 3
              }
            }
          },
          {
            "hash": "f203b072ce7814d034aab867f854852505a702b8",
            "messageTitle": "Fix page formatting",
            "messageBody": "",
            "fileTypesAndContributionMap": {
              "docs": {
                "insertions": 2,
                "deletions": 4
              }
            }
          },
          {
            "hash": "4d4c14efbcf9e9980626ea7f26a085e68b8717fe",
            "messageTitle": "Fix file creation problem with flashcard and bookmark",
            "messageBody": "",
            "fileTypesAndContributionMap": {
              "functional-code": {
                "insertions": 21,
                "deletions": 8
              }
            }
          },
          {
            "hash": "fa72b09461e40d9d07c85cacae414527c4de45d2",
            "messageTitle": "Fix bug in bookmark storage",
            "messageBody": "",
            "fileTypesAndContributionMap": {
              "functional-code": {
                "insertions": 1,
                "deletions": 0
              }
            }
          },
          {
            "hash": "7265c077235729766a63ae25e85eb42fc77262f6",
            "messageTitle": "Update UI",
            "messageBody": "",
            "fileTypesAndContributionMap": {
              "functional-code": {
                "insertions": 35,
                "deletions": 9
              },
              "test-code": {
                "insertions": 0,
                "deletions": 1
              }
            }
          },
          {
            "hash": "1606ac380fecfb3dfe716dd6bcaf6859194b40d0",
            "messageTitle": "Minor UI change at help message",
            "messageBody": "",
            "fileTypesAndContributionMap": {
              "functional-code": {
                "insertions": 3,
                "deletions": 2
              }
            }
          }
        ]
      },
      {
        "date": "2020-10-30",
        "commitResults": [
          {
            "hash": "2b585fad54236d4cf7220a8b4b650ebba7a497ca",
            "messageTitle": "Update UI",
            "messageBody": "",
            "fileTypesAndContributionMap": {
              "functional-code": {
                "insertions": 2,
                "deletions": 0
              }
            }
          },
          {
            "hash": "21164e080c3bbd96f560f0f69fae6d2aa45b0bf3",
            "messageTitle": "Update UG",
            "messageBody": "",
            "fileTypesAndContributionMap": {
              "docs": {
                "insertions": 213,
                "deletions": 19
              }
            }
          }
        ]
      }
    ]
  },
  "authorFileTypeContributionMap": {
    "hailqueenflo": {
      "docs": 210,
      "functional-code": 289,
      "test-code": 60
    },
    "lingsihui": {
      "docs": 320,
      "functional-code": 964,
      "test-code": 530
    },
    "slightlyharp": {
      "docs": 77,
      "functional-code": 684,
      "test-code": 138,
      "other": 2
    },
    "luziyi9898": {
      "docs": 285,
      "functional-code": 407,
      "test-code": 265
    },
    "farice9": {
      "docs": 333,
      "functional-code": 817,
      "test-code": 102,
      "other": 9
    }
  },
  "authorContributionVariance": {
    "hailqueenflo": 4969.9883,
    "lingsihui": 44979.754,
    "slightlyharp": 16740.047,
    "luziyi9898": 4167.0425,
    "farice9": 12660.116
  },
  "authorDisplayNameMap": {
    "hailqueenflo": "CS2113T-T12-1 LIM ..ENCE",
    "lingsihui": "CS2113T-T12-1 LING..HIHO",
    "slightlyharp": "CS2113T-T12-1 LIN ..HENG",
    "luziyi9898": "CS2113T-T12-1 LU Z..ZIYI",
    "farice9": "CS2113T-T12-1 LIM ..BING"
  }
}
