{
  "authorDailyContributionsMap": {
    "lunzard": [],
    "nat-ho": [],
    "dozenmatter": [
      {
        "date": "2020-09-27",
        "commitResults": [
          {
            "hash": "b877ff46a1267b29478119cc0cd597feb1be6649",
            "messageTitle": "Add base classes for future iterations",
            "messageBody": "",
            "fileTypesAndContributionMap": {
              "functional-code": {
                "insertions": 251,
                "deletions": 0
              }
            }
          }
        ]
      },
      {
        "date": "2020-10-01",
        "commitResults": [
          {
            "hash": "e528100c35bf9d8b696aadaf2e19930d6e0cbdbc",
            "messageTitle": "Update AboutUs.md",
            "messageBody": "",
            "fileTypesAndContributionMap": {
              "functional-code": {
                "insertions": 1,
                "deletions": 0
              },
              "docs": {
                "insertions": 1,
                "deletions": 1
              }
            }
          },
          {
            "hash": "52f60b6bb200d8bb3a74d4849a254b9b11e5dccd",
            "messageTitle": "Update AboutUs.md",
            "messageBody": "",
            "fileTypesAndContributionMap": {
              "functional-code": {
                "insertions": 0,
                "deletions": 1
              }
            }
          },
          {
            "hash": "978049ff5fd2f0f7d6d00221a35074d244aed0c8",
            "messageTitle": "Revert back to original",
            "messageBody": "",
            "fileTypesAndContributionMap": {
              "docs": {
                "insertions": 1,
                "deletions": 1
              }
            }
          },
          {
            "hash": "fc0fd0b56b1184619057c456c9e114cc3f0d5f74",
            "messageTitle": "Update AboutUs.md",
            "messageBody": "",
            "fileTypesAndContributionMap": {
              "docs": {
                "insertions": 1,
                "deletions": 1
              }
            }
          }
        ]
      }
    ],
    "chloesyy": [],
    "yuen-sihao": [
      {
        "date": "2020-10-01",
        "commitResults": [
          {
            "hash": "441aec1ddfe84c88378e7e7065548109c02b4c41",
            "messageTitle": "Update AboutUs.md",
            "messageBody": "",
            "fileTypesAndContributionMap": {
              "docs": {
                "insertions": 1,
                "deletions": 1
              }
            }
          }
        ]
      },
      {
        "date": "2020-10-04",
        "commitResults": [
          {
            "hash": "dc066b0e9c9d58a8c3da5bba9e87dd31ecf6fc73",
            "messageTitle": "Add links to GitHub",
            "messageBody": "",
            "fileTypesAndContributionMap": {
              "docs": {
                "insertions": 5,
                "deletions": 5
              }
            }
          }
        ]
      }
    ]
  },
  "authorFileTypeContributionMap": {
    "lunzard": {
      "docs": 0,
      "functional-code": 0,
      "test-code": 0
    },
    "nat-ho": {
      "docs": 0,
      "functional-code": 0,
      "test-code": 0
    },
    "dozenmatter": {
      "docs": 0,
      "functional-code": 251,
      "test-code": 0
    },
    "chloesyy": {
      "docs": 0,
      "functional-code": 0,
      "test-code": 0
    },
    "yuen-sihao": {
      "docs": 5,
      "functional-code": 0,
      "test-code": 0
    }
  },
  "authorContributionVariance": {
    "lunzard": 0.0,
    "nat-ho": 0.0,
    "dozenmatter": 6834.9844,
    "chloesyy": 0.0,
    "yuen-sihao": 10.75
  },
  "authorDisplayNameMap": {
    "lunzard": "CS2113T-T09-3 NI Y..ILUN",
    "nat-ho": "CS2113T-T09-3 HO C..NIEL",
    "dozenmatter": "CS2113T-T09-3 TAY ..HENG",
    "chloesyy": "CS2113T-T09-3 SEAH..HLOE",
    "yuen-sihao": "CS2113T-T09-3 YUEN.. HAO"
  }
}
