{
  "authorDailyContributionsMap": {
    "lunzard": [
      {
        "date": "2020-10-04",
        "commitResults": [
          {
            "hash": "e741929b81f144dd6e3f830b199c27bb3d3905be",
            "messageTitle": "Draft basics of Commands",
            "messageBody": "",
            "fileTypesAndContributionMap": {
              "functional-code": {
                "insertions": 189,
                "deletions": 0
              }
            }
          },
          {
            "hash": "e1483e7b5b4c1aaee6c07bf2fabe1fc545189dc0",
            "messageTitle": "Revert \"Draft basics of Commands\"",
            "messageBody": "This reverts commit e741929b81f144dd6e3f830b199c27bb3d3905be.\n",
            "fileTypesAndContributionMap": {
              "functional-code": {
                "insertions": 0,
                "deletions": 189
              }
            }
          },
          {
            "hash": "22dabe943f44bfc9bf6a3c5db47f901402527b21",
            "messageTitle": "Revert \"Revert \"Draft basics of Commands\"\"",
            "messageBody": "This reverts commit e1483e7b5b4c1aaee6c07bf2fabe1fc545189dc0.\n",
            "fileTypesAndContributionMap": {
              "functional-code": {
                "insertions": 189,
                "deletions": 0
              }
            }
          }
        ]
      },
      {
        "date": "2020-10-10",
        "commitResults": [
          {
            "hash": "047741745861822d25752a483495c29660c6270a",
            "messageTitle": "update ToDoList",
            "messageBody": "",
            "fileTypesAndContributionMap": {
              "functional-code": {
                "insertions": 29,
                "deletions": 17
              }
            }
          },
          {
            "hash": "44136b505e8db47f324fd0f3e56610930afdcaf8",
            "messageTitle": "implement add todo command",
            "messageBody": "",
            "fileTypesAndContributionMap": {
              "functional-code": {
                "insertions": 42,
                "deletions": 13
              }
            }
          },
          {
            "hash": "7805588f28fdeab47464a66c7c648d3213504cc5",
            "messageTitle": "implement list commands for ToDoList",
            "messageBody": "",
            "fileTypesAndContributionMap": {
              "functional-code": {
                "insertions": 24,
                "deletions": 0
              }
            }
          },
          {
            "hash": "252c27cf10e7df4712d46ac8c73dade19aae440b",
            "messageTitle": "implement delete command for ToDo",
            "messageBody": "",
            "fileTypesAndContributionMap": {
              "functional-code": {
                "insertions": 37,
                "deletions": 1
              }
            }
          },
          {
            "hash": "e9e78cae42e95c88468a9e96ff60044d1d7bf11e",
            "messageTitle": "implement done command for todo",
            "messageBody": "",
            "fileTypesAndContributionMap": {
              "functional-code": {
                "insertions": 80,
                "deletions": 47
              }
            }
          }
        ]
      },
      {
        "date": "2020-10-11",
        "commitResults": [
          {
            "hash": "24933b2a5a988bbabac6bd207179d4580840718f",
            "messageTitle": "implement Bookmark Command",
            "messageBody": "",
            "fileTypesAndContributionMap": {
              "functional-code": {
                "insertions": 138,
                "deletions": 58
              }
            }
          },
          {
            "hash": "66da0685c055c3ac40c8d3e2e67c74053d428d36",
            "messageTitle": "implement Done command for bookmark",
            "messageBody": "",
            "fileTypesAndContributionMap": {
              "functional-code": {
                "insertions": 40,
                "deletions": 2
              },
              "other": {
                "insertions": 3,
                "deletions": 1
              }
            }
          },
          {
            "hash": "524fb50a0f824b65ca41b9b0459e1298a75c407a",
            "messageTitle": "implement list commands for bookmark",
            "messageBody": "",
            "fileTypesAndContributionMap": {
              "functional-code": {
                "insertions": 15,
                "deletions": 1
              }
            }
          },
          {
            "hash": "c017a2d0c46976c8ebf3d66fc7ca2ae0b4ba04c5",
            "messageTitle": "update tag for command",
            "messageBody": "",
            "fileTypesAndContributionMap": {
              "functional-code": {
                "insertions": 16,
                "deletions": 43
              }
            }
          },
          {
            "hash": "26d0f3af79ca358ee825330ab3de99083d640cc4",
            "messageTitle": "Update BookList.java",
            "messageBody": "fix typo errors",
            "fileTypesAndContributionMap": {
              "functional-code": {
                "insertions": 1,
                "deletions": 1
              }
            }
          },
          {
            "hash": "fd404f3de829ad1f2606982b24b357cc507d5099",
            "messageTitle": "fix gradle errors",
            "messageBody": "",
            "fileTypesAndContributionMap": {
              "functional-code": {
                "insertions": 19,
                "deletions": 17
              }
            }
          },
          {
            "hash": "13c37a1f3ef33fc6475f74b768d3a19051838bb7",
            "messageTitle": "fix codingStyle",
            "messageBody": "",
            "fileTypesAndContributionMap": {
              "functional-code": {
                "insertions": 3,
                "deletions": 2
              }
            }
          },
          {
            "hash": "ae848166f497420ad3860c0a1ef7b4bf506a8d09",
            "messageTitle": "fix code Style: rightCurlySame",
            "messageBody": "",
            "fileTypesAndContributionMap": {
              "functional-code": {
                "insertions": 7,
                "deletions": 13
              }
            }
          }
        ]
      },
      {
        "date": "2020-10-14",
        "commitResults": [
          {
            "hash": "d655911dfc901f88d59ed0345a5dd4d73e5739b6",
            "messageTitle": "debug errors for empty input for add todo and bookmark",
            "messageBody": "",
            "fileTypesAndContributionMap": {
              "functional-code": {
                "insertions": 51,
                "deletions": 20
              }
            }
          },
          {
            "hash": "2f58206addebe9f470f8f02675b6a1075a8d6027",
            "messageTitle": "add exception to the empty input of add -t",
            "messageBody": "also include the log file in .gitignore\n",
            "fileTypesAndContributionMap": {
              "functional-code": {
                "insertions": 26,
                "deletions": 12
              }
            }
          },
          {
            "hash": "105c63ccdfcad4cddbfed677179b8b843110ad00",
            "messageTitle": "add assertion",
            "messageBody": "",
            "fileTypesAndContributionMap": {
              "functional-code": {
                "insertions": 2,
                "deletions": 0
              },
              "test-code": {
                "insertions": 4,
                "deletions": 0
              }
            }
          },
          {
            "hash": "3239a2344e6d8b0bf14e6a0f19489246738b3049",
            "messageTitle": "add Junit test",
            "messageBody": "",
            "fileTypesAndContributionMap": {
              "test-code": {
                "insertions": 13,
                "deletions": 2
              }
            }
          },
          {
            "hash": "23c318424296619d9657a129e139510d20eae743",
            "messageTitle": "add clearBookmark()",
            "messageBody": "so that the dependency is satisfied\n",
            "fileTypesAndContributionMap": {
              "functional-code": {
                "insertions": 41,
                "deletions": 4
              }
            }
          }
        ]
      },
      {
        "date": "2020-10-17",
        "commitResults": [
          {
            "hash": "d41d456e248694098bd578ec34ee1adaff49bf58",
            "messageTitle": "update bookmarkCommand",
            "messageBody": "now the bookmark can be added by typing index of book in the bookList\n",
            "fileTypesAndContributionMap": {
              "functional-code": {
                "insertions": 61,
                "deletions": 5
              }
            }
          },
          {
            "hash": "5157173aaf4eba686bd8ca8f73cf41b96c9e11dd",
            "messageTitle": "fix codestyle",
            "messageBody": "",
            "fileTypesAndContributionMap": {
              "functional-code": {
                "insertions": 1,
                "deletions": 1
              }
            }
          }
        ]
      }
    ],
    "nat-ho": [
      {
        "date": "2020-10-05",
        "commitResults": [
          {
            "hash": "a5eb429c252bfaae614644a0642cc60c16a67a91",
            "messageTitle": "Add main class",
            "messageBody": "",
            "fileTypesAndContributionMap": {
              "functional-code": {
                "insertions": 53,
                "deletions": 12
              }
            }
          },
          {
            "hash": "8b6d52349b66e999f8f7ddd58ab6bbcb64de0ce6",
            "messageTitle": "Removed additional whitespaces",
            "messageBody": "",
            "fileTypesAndContributionMap": {
              "functional-code": {
                "insertions": 1,
                "deletions": 1
              }
            }
          },
          {
            "hash": "c398dc4f63e76cf1ad82f42b9a4abd448091ac3c",
            "messageTitle": "Removed default test",
            "messageBody": "",
            "fileTypesAndContributionMap": {
              "functional-code": {
                "insertions": 1,
                "deletions": 1
              },
              "test-code": {
                "insertions": 4,
                "deletions": 4
              }
            }
          },
          {
            "hash": "90bdf28b34c1eee06f8765333ff3385a22152e73",
            "messageTitle": "Fixed whitespace to align with checkstyle",
            "messageBody": "",
            "fileTypesAndContributionMap": {
              "functional-code": {
                "insertions": 1,
                "deletions": 1
              }
            }
          },
          {
            "hash": "a805bad01c60d85790ea4a7e2f4f640a20e8b5fd",
            "messageTitle": "Removed TextUI test",
            "messageBody": "",
            "fileTypesAndContributionMap": {
              "other": {
                "insertions": 0,
                "deletions": 1
              }
            }
          },
          {
            "hash": "4acbb92623e29bb11d6c1290bf31b8547b4fcc47",
            "messageTitle": "Fixed textUI checks",
            "messageBody": "",
            "fileTypesAndContributionMap": {
              "other": {
                "insertions": 1,
                "deletions": 0
              },
              "test-code": {
                "insertions": 4,
                "deletions": 4
              }
            }
          }
        ]
      },
      {
        "date": "2020-10-06",
        "commitResults": [
          {
            "hash": "d02fea170d0cedae5134cacce3bb9b8feb7de167",
            "messageTitle": "Quote management - Add quotes",
            "messageBody": "",
            "fileTypesAndContributionMap": {
              "functional-code": {
                "insertions": 94,
                "deletions": 14
              }
            }
          },
          {
            "hash": "29e40afe07c87ac7e686e30a7ed83426abb53bfa",
            "messageTitle": "Fixed checkstyle",
            "messageBody": "",
            "fileTypesAndContributionMap": {
              "functional-code": {
                "insertions": 3,
                "deletions": 3
              }
            }
          },
          {
            "hash": "60d39721859829386d02cc3d2653f1f393155ca4",
            "messageTitle": "Moved printing of quotes into UI class for better code organization",
            "messageBody": "",
            "fileTypesAndContributionMap": {
              "functional-code": {
                "insertions": 13,
                "deletions": 9
              }
            }
          },
          {
            "hash": "fe93f0394400c7173270e5a702192794035298ed",
            "messageTitle": "Update JUnitTest to test for adding quotes",
            "messageBody": "",
            "fileTypesAndContributionMap": {
              "functional-code": {
                "insertions": 4,
                "deletions": 0
              },
              "test-code": {
                "insertions": 13,
                "deletions": 0
              }
            }
          },
          {
            "hash": "a935a83d1c7d7581e35748bb1a648c858ee8b10f",
            "messageTitle": "Created QuoteTest.java for JUnitTesting",
            "messageBody": "",
            "fileTypesAndContributionMap": {
              "test-code": {
                "insertions": 17,
                "deletions": 9
              }
            }
          }
        ]
      },
      {
        "date": "2020-10-10",
        "commitResults": [
          {
            "hash": "e53c976f3d171abd0004c10f142571af9ab7e05f",
            "messageTitle": "Update code",
            "messageBody": "",
            "fileTypesAndContributionMap": {
              "functional-code": {
                "insertions": 1,
                "deletions": 1
              }
            }
          },
          {
            "hash": "82a5e7d3142e370f6b47ca4ca769f7e84da971bf",
            "messageTitle": "Refactored adding of quotes",
            "messageBody": "* Added a toString method for Quote object\n* Refactored printing of quotes in TextUI and QuoteList\n* Added a QuoteParser to parse the various accepted formats\n* Refactored addQuote to pass information to parser\n\nMics\n* Enabled assertions in build.gradle\n",
            "fileTypesAndContributionMap": {
              "functional-code": {
                "insertions": 123,
                "deletions": 27
              },
              "other": {
                "insertions": 1,
                "deletions": 0
              }
            }
          },
          {
            "hash": "161a87133ed4ac0fddcde001d1449c67988bd420",
            "messageTitle": "Added error handling when adding quotes * Parses input for empty fields * Allows positions of /from and /by to be swapped",
            "messageBody": "",
            "fileTypesAndContributionMap": {
              "functional-code": {
                "insertions": 4,
                "deletions": 2
              }
            }
          },
          {
            "hash": "67a8355b65f89cd2d0a21adae1d56ee73c889ed7",
            "messageTitle": "Fixed checkstyle",
            "messageBody": "",
            "fileTypesAndContributionMap": {
              "functional-code": {
                "insertions": 4,
                "deletions": 4
              }
            }
          },
          {
            "hash": "82e8569db976720ee22abd0be79dc9b917911e69",
            "messageTitle": "List quotes",
            "messageBody": "* Part of quotes management\n* Ability to list all task, list by author, list by reference, list by author and reference\n",
            "fileTypesAndContributionMap": {
              "functional-code": {
                "insertions": 147,
                "deletions": 28
              }
            }
          },
          {
            "hash": "65a9813e1533d3f82a5d13422583c052f0a24cdf",
            "messageTitle": "Updated List Quote to contain more error handling cases",
            "messageBody": "",
            "fileTypesAndContributionMap": {
              "functional-code": {
                "insertions": 30,
                "deletions": 18
              }
            }
          },
          {
            "hash": "1d8548f73597b8a9c49b0d6d2280ab2cc7957131",
            "messageTitle": "Update Checkstyle",
            "messageBody": "",
            "fileTypesAndContributionMap": {
              "functional-code": {
                "insertions": 6,
                "deletions": 4
              }
            }
          },
          {
            "hash": "abf8e0bec29da480b73b7cdcefabd980ed78e00e",
            "messageTitle": "Update Checkstyle",
            "messageBody": "",
            "fileTypesAndContributionMap": {
              "functional-code": {
                "insertions": 2,
                "deletions": 2
              }
            }
          },
          {
            "hash": "a9ae6fba1296319144dc280240128e9c7101d48a",
            "messageTitle": "Updated TextUi",
            "messageBody": "",
            "fileTypesAndContributionMap": {
              "functional-code": {
                "insertions": 1,
                "deletions": 1
              }
            }
          }
        ]
      },
      {
        "date": "2020-10-11",
        "commitResults": [
          {
            "hash": "08d52ea6328db79471e01ef26ddd7851ace4acc3",
            "messageTitle": "Add delete functionality for quotes",
            "messageBody": "",
            "fileTypesAndContributionMap": {
              "functional-code": {
                "insertions": 21,
                "deletions": 0
              }
            }
          },
          {
            "hash": "ff96c5e3366eb41a9875519b6ed182fc88aa1f0e",
            "messageTitle": "Fixed checkstyle",
            "messageBody": "",
            "fileTypesAndContributionMap": {
              "functional-code": {
                "insertions": 2,
                "deletions": 1
              }
            }
          },
          {
            "hash": "a3dd458ef874d49747579a5e79225bef7edf01ef",
            "messageTitle": "Update list quote * Checks for empty quote list * Informs user if quotes with specifications could not be found * Update TextUI for more specific responses * Update TextUI test",
            "messageBody": "",
            "fileTypesAndContributionMap": {
              "functional-code": {
                "insertions": 46,
                "deletions": 14
              }
            }
          },
          {
            "hash": "553bab206137c8ef6512e5e332363ea792246ef0",
            "messageTitle": "Prompts random quote * Prints a random quote during exit of Quotesitfy",
            "messageBody": "",
            "fileTypesAndContributionMap": {
              "functional-code": {
                "insertions": 13,
                "deletions": 0
              }
            }
          },
          {
            "hash": "cc0a85f4f0303417d3a3960db3f45a58f188ddde",
            "messageTitle": "Update TextUI test",
            "messageBody": "",
            "fileTypesAndContributionMap": {
              "other": {
                "insertions": 0,
                "deletions": 1
              }
            }
          },
          {
            "hash": "af877d51828fe766ab2b377dd1294ed7204a9412",
            "messageTitle": "Update Checkstyle",
            "messageBody": "",
            "fileTypesAndContributionMap": {
              "functional-code": {
                "insertions": 1,
                "deletions": 1
              }
            }
          }
        ]
      },
      {
        "date": "2020-10-13",
        "commitResults": [
          {
            "hash": "4bb9dd80154bc9fd8d8fa33e6465eccae3d735fe",
            "messageTitle": "Add logging when adding quotes to Quotesify",
            "messageBody": "",
            "fileTypesAndContributionMap": {
              "functional-code": {
                "insertions": 4,
                "deletions": 0
              }
            }
          },
          {
            "hash": "a80b42b77da31669a35c88352e03a620e4f3eec7",
            "messageTitle": "Refactor list quote",
            "messageBody": "",
            "fileTypesAndContributionMap": {
              "functional-code": {
                "insertions": 81,
                "deletions": 39
              }
            }
          },
          {
            "hash": "83fe1fded10304530ccae0cf68cc749e01d94c1d",
            "messageTitle": "Add assertions when parsing user input for quotes management",
            "messageBody": "",
            "fileTypesAndContributionMap": {
              "functional-code": {
                "insertions": 8,
                "deletions": 0
              }
            }
          },
          {
            "hash": "8026c5f4b803691743c2ecc8978b2d4d4d666072",
            "messageTitle": "Add exception handling",
            "messageBody": "",
            "fileTypesAndContributionMap": {
              "functional-code": {
                "insertions": 2,
                "deletions": 2
              }
            }
          },
          {
            "hash": "7e394d17354b7511b1e6ae77222607d44589107a",
            "messageTitle": "Fixed checkstyle",
            "messageBody": "",
            "fileTypesAndContributionMap": {
              "functional-code": {
                "insertions": 1,
                "deletions": 1
              }
            }
          }
        ]
      }
    ],
    "dozenmatter": [
      {
        "date": "2020-09-27",
        "commitResults": [
          {
            "hash": "b877ff46a1267b29478119cc0cd597feb1be6649",
            "messageTitle": "Add base classes for future iterations",
            "messageBody": "",
            "fileTypesAndContributionMap": {
              "functional-code": {
                "insertions": 251,
                "deletions": 0
              }
            }
          }
        ]
      },
      {
        "date": "2020-10-01",
        "commitResults": [
          {
            "hash": "e528100c35bf9d8b696aadaf2e19930d6e0cbdbc",
            "messageTitle": "Update AboutUs.md",
            "messageBody": "",
            "fileTypesAndContributionMap": {
              "functional-code": {
                "insertions": 1,
                "deletions": 0
              },
              "docs": {
                "insertions": 1,
                "deletions": 1
              }
            }
          },
          {
            "hash": "52f60b6bb200d8bb3a74d4849a254b9b11e5dccd",
            "messageTitle": "Update AboutUs.md",
            "messageBody": "",
            "fileTypesAndContributionMap": {
              "functional-code": {
                "insertions": 0,
                "deletions": 1
              }
            }
          },
          {
            "hash": "978049ff5fd2f0f7d6d00221a35074d244aed0c8",
            "messageTitle": "Revert back to original",
            "messageBody": "",
            "fileTypesAndContributionMap": {
              "docs": {
                "insertions": 1,
                "deletions": 1
              }
            }
          },
          {
            "hash": "fc0fd0b56b1184619057c456c9e114cc3f0d5f74",
            "messageTitle": "Update AboutUs.md",
            "messageBody": "",
            "fileTypesAndContributionMap": {
              "docs": {
                "insertions": 1,
                "deletions": 1
              }
            }
          }
        ]
      },
      {
        "date": "2020-10-05",
        "commitResults": [
          {
            "hash": "3eb79001eba498eaf8f59e2344c628f448f7cdf9",
            "messageTitle": "Add QuotesifyException class",
            "messageBody": "",
            "fileTypesAndContributionMap": {
              "functional-code": {
                "insertions": 16,
                "deletions": 0
              }
            }
          },
          {
            "hash": "f6e7ff79ceb9dd283f4ffb9eb7229ac256ec250f",
            "messageTitle": "Remove Javadoc comments",
            "messageBody": "",
            "fileTypesAndContributionMap": {
              "functional-code": {
                "insertions": 0,
                "deletions": 9
              }
            }
          },
          {
            "hash": "93735b0c3ea74e559b80d7066ef9a93f3e6b5d45",
            "messageTitle": "Add TextUi class",
            "messageBody": "",
            "fileTypesAndContributionMap": {
              "functional-code": {
                "insertions": 22,
                "deletions": 0
              }
            }
          },
          {
            "hash": "04fdd1e5c94b80a02060482faeb5c9b6c5157d3a",
            "messageTitle": "Fix checkstyleMain errors",
            "messageBody": "",
            "fileTypesAndContributionMap": {
              "functional-code": {
                "insertions": 6,
                "deletions": 6
              }
            }
          },
          {
            "hash": "e18b237df0ba8722f91c521bbea9be624d627a17",
            "messageTitle": "Add Command class",
            "messageBody": "",
            "fileTypesAndContributionMap": {
              "functional-code": {
                "insertions": 7,
                "deletions": 0
              }
            }
          },
          {
            "hash": "563bd56f699728617773bb525ee35769ba89a668",
            "messageTitle": "Add ExitCommand class",
            "messageBody": "",
            "fileTypesAndContributionMap": {
              "functional-code": {
                "insertions": 13,
                "deletions": 0
              }
            }
          },
          {
            "hash": "bc65af1163818733500f8c07833bdc4863f5153c",
            "messageTitle": "Add Parser class",
            "messageBody": "",
            "fileTypesAndContributionMap": {
              "functional-code": {
                "insertions": 40,
                "deletions": 0
              }
            }
          },
          {
            "hash": "bb36d58d04d2eba7d866ee026feb782226cf2fb9",
            "messageTitle": "Add parent QuotesifyList class Modify BookList class to inherit from QuotesifyList",
            "messageBody": "",
            "fileTypesAndContributionMap": {
              "functional-code": {
                "insertions": 43,
                "deletions": 4
              }
            }
          },
          {
            "hash": "b325cb6e33b42b6df9e6f269355e8a645c72aff0",
            "messageTitle": "Update execute() to take in QuotesifyList parameter",
            "messageBody": "",
            "fileTypesAndContributionMap": {
              "functional-code": {
                "insertions": 7,
                "deletions": 4
              }
            }
          }
        ]
      },
      {
        "date": "2020-10-06",
        "commitResults": [
          {
            "hash": "4db68fc1dcdb0e8094d95877fbf738caea00e36c",
            "messageTitle": "Add ListManager class",
            "messageBody": "",
            "fileTypesAndContributionMap": {
              "functional-code": {
                "insertions": 40,
                "deletions": 9
              }
            }
          },
          {
            "hash": "07d9ebbcceddada80a5f6eb83b0648157f7af985",
            "messageTitle": "Add Categories to books/quotes",
            "messageBody": "",
            "fileTypesAndContributionMap": {
              "functional-code": {
                "insertions": 172,
                "deletions": 7
              }
            }
          },
          {
            "hash": "8d4fe6227c69e5dc74ef8f67b115b8b0b965144b",
            "messageTitle": "Add CategoryTest JUnit class",
            "messageBody": "",
            "fileTypesAndContributionMap": {
              "functional-code": {
                "insertions": 8,
                "deletions": 8
              },
              "test-code": {
                "insertions": 18,
                "deletions": 0
              }
            }
          },
          {
            "hash": "5e1d5de6b7c96a7cfa0f21cb082620ba251229e2",
            "messageTitle": "Add CategoryTest JUnit class",
            "messageBody": "",
            "fileTypesAndContributionMap": {
              "functional-code": {
                "insertions": 2,
                "deletions": 1
              }
            }
          }
        ]
      },
      {
        "date": "2020-10-07",
        "commitResults": [
          {
            "hash": "295c9d6a942116b61d68a63c0c92146ec5b205c0",
            "messageTitle": "Add CategoryParser class for parameter handling",
            "messageBody": "",
            "fileTypesAndContributionMap": {
              "functional-code": {
                "insertions": 41,
                "deletions": 0
              }
            }
          },
          {
            "hash": "0b5a40ca833d2131e4baab6f9d3a6ee5edf3afaa",
            "messageTitle": "Refactor add categories related code for AddCommand.java Add new objects into Category.java",
            "messageBody": "",
            "fileTypesAndContributionMap": {
              "functional-code": {
                "insertions": 50,
                "deletions": 48
              }
            }
          },
          {
            "hash": "74b82f36086b6ff3fa8994aeb314432713cbd059",
            "messageTitle": "Add DeleteCommand class to handle category deletion Modify Parser class to allow looping upon invalid command",
            "messageBody": "",
            "fileTypesAndContributionMap": {
              "functional-code": {
                "insertions": 137,
                "deletions": 8
              },
              "other": {
                "insertions": 5,
                "deletions": 0
              }
            }
          }
        ]
      },
      {
        "date": "2020-10-08",
        "commitResults": [
          {
            "hash": "303efa1d910a36ddca89f57cf64146252a8e14f3",
            "messageTitle": "Implement toString() in Category and CategoryList classes Fix minor bugs in AddCommand and DeleteCommand classes",
            "messageBody": "",
            "fileTypesAndContributionMap": {
              "functional-code": {
                "insertions": 28,
                "deletions": 7
              }
            }
          },
          {
            "hash": "155f1a5d6abdbaae94d816eac2d070848f5e713c",
            "messageTitle": "Implement ListCommand class",
            "messageBody": "",
            "fileTypesAndContributionMap": {
              "functional-code": {
                "insertions": 76,
                "deletions": 1
              },
              "other": {
                "insertions": 8,
                "deletions": 1
              }
            }
          },
          {
            "hash": "a121508760f0e106dfb7e6e17755f503fb7bc16a",
            "messageTitle": "Update EXPECTED.TXT",
            "messageBody": "",
            "fileTypesAndContributionMap": {
              "functional-code": {
                "insertions": 4,
                "deletions": 4
              }
            }
          }
        ]
      },
      {
        "date": "2020-10-12",
        "commitResults": [
          {
            "hash": "ddc27ec2e905b787c319df69e540da8ebb2d529f",
            "messageTitle": "Modify ListManager to have static properties instead",
            "messageBody": "",
            "fileTypesAndContributionMap": {
              "functional-code": {
                "insertions": 79,
                "deletions": 40
              }
            }
          },
          {
            "hash": "81175c9cac026d41816f831fa5f57ceebcdda3f2",
            "messageTitle": "Improve List Categories and Category in general. Display a list of items when a specfic category is specified. Fix several bugs that are Category related. Deletion of Books/Quotes now automatically updates its respective Category.",
            "messageBody": "",
            "fileTypesAndContributionMap": {
              "functional-code": {
                "insertions": 119,
                "deletions": 89
              }
            }
          },
          {
            "hash": "dcec28dc6df20bfd076c9a15b0c5c240135ef4c3",
            "messageTitle": "Update AddCommand.java",
            "messageBody": "Update merge conflict",
            "fileTypesAndContributionMap": {
              "functional-code": {
                "insertions": 1,
                "deletions": 5
              }
            }
          },
          {
            "hash": "a233da9e0f3a0d3680577b52414d2a2be261cea2",
            "messageTitle": "Implement Assertions and Logging for categories in AddCommand Add parameter validation in CategoryParser Initialise logger in main",
            "messageBody": "",
            "fileTypesAndContributionMap": {
              "functional-code": {
                "insertions": 67,
                "deletions": 21
              }
            }
          },
          {
            "hash": "2a8efec9dcf11e15f5a105a4e7f568e62606dd60",
            "messageTitle": "Fix checkstyleMain issues",
            "messageBody": "",
            "fileTypesAndContributionMap": {
              "functional-code": {
                "insertions": 6,
                "deletions": 8
              }
            }
          }
        ]
      },
      {
        "date": "2020-10-13",
        "commitResults": [
          {
            "hash": "35bcf62bcdcffd36d998b036420331cd53a82327",
            "messageTitle": "Refactor codes for better readability and error handling logic.",
            "messageBody": "",
            "fileTypesAndContributionMap": {
              "functional-code": {
                "insertions": 57,
                "deletions": 72
              }
            }
          },
          {
            "hash": "a32e1d868349041ab32b40041a751ab128d9c3dd",
            "messageTitle": "Include additional UI messages for category related scenarios. Update EXPECTED.TXT",
            "messageBody": "",
            "fileTypesAndContributionMap": {
              "functional-code": {
                "insertions": 32,
                "deletions": 12
              }
            }
          }
        ]
      },
      {
        "date": "2020-10-14",
        "commitResults": [
          {
            "hash": "7796c266b35fbfc159a653a08107ff1ba43e8408",
            "messageTitle": "Refactor package name to seedu.quotesify Change Main class name to Quotesify.java",
            "messageBody": "",
            "fileTypesAndContributionMap": {
              "other": {
                "insertions": 175,
                "deletions": 173
              }
            }
          },
          {
            "hash": "45cc04a2890def96bbf908f10e9deb92fb73baed",
            "messageTitle": "Update mainClassName to seedu.quotesify.Quotesify",
            "messageBody": "",
            "fileTypesAndContributionMap": {
              "other": {
                "insertions": 2,
                "deletions": 2
              }
            }
          }
        ]
      },
      {
        "date": "2020-10-16",
        "commitResults": [
          {
            "hash": "4e6ee00545ef80b68632aaf566ac09f66fcd4c98",
            "messageTitle": "Change Category in Book/Quote to a ArrayList\u003cString\u003e object Remove the display of category for Book.toString()",
            "messageBody": "",
            "fileTypesAndContributionMap": {
              "functional-code": {
                "insertions": 24,
                "deletions": 34
              },
              "test-code": {
                "insertions": 6,
                "deletions": 2
              }
            }
          },
          {
            "hash": "3df18ac9cf61a93e4ebee8a1c126eb26be6c4e48",
            "messageTitle": "Update AddCommand to allow adding of multiple categories to a book/quote. Update DeleteCommand to allow deletion of multiple categories from book/quote.",
            "messageBody": "",
            "fileTypesAndContributionMap": {
              "functional-code": {
                "insertions": 40,
                "deletions": 28
              }
            }
          }
        ]
      },
      {
        "date": "2020-10-18",
        "commitResults": [
          {
            "hash": "c275db4ff02cda467afa54ab8a63864d73415dc7",
            "messageTitle": "Add getIndex() method for easier retrieval of quote index.",
            "messageBody": "",
            "fileTypesAndContributionMap": {
              "functional-code": {
                "insertions": 5,
                "deletions": 0
              }
            }
          },
          {
            "hash": "82b4691b89f048709f823fcdeffb0760b4927b9a",
            "messageTitle": "Update Add/Delete Category command to read book index.",
            "messageBody": "",
            "fileTypesAndContributionMap": {
              "functional-code": {
                "insertions": 20,
                "deletions": 11
              }
            }
          },
          {
            "hash": "161bb79216f17ff1bc0ded629ce27271676b2e9a",
            "messageTitle": "Implement Edit Category feature",
            "messageBody": "",
            "fileTypesAndContributionMap": {
              "functional-code": {
                "insertions": 61,
                "deletions": 9
              }
            }
          },
          {
            "hash": "06712f466e15dfde1199ce494219b39b83f9738d",
            "messageTitle": "Update input.txt and EXPECTED.TXT",
            "messageBody": "",
            "fileTypesAndContributionMap": {
              "other": {
                "insertions": 3,
                "deletions": 3
              }
            }
          },
          {
            "hash": "cbae5cafe679687eaa8a140ccc8686467faea2d1",
            "messageTitle": "Create a new class that holds all messages for TextUi.",
            "messageBody": "",
            "fileTypesAndContributionMap": {
              "functional-code": {
                "insertions": 102,
                "deletions": 0
              }
            }
          },
          {
            "hash": "ecc8b0748656af82cb54e2b3a911f6934f297edd",
            "messageTitle": "Improve Quotesify\u0027s Help feature",
            "messageBody": "",
            "fileTypesAndContributionMap": {
              "functional-code": {
                "insertions": 135,
                "deletions": 124
              }
            }
          },
          {
            "hash": "35f1b811bfd809599fc3aa57b676c7cf02824083",
            "messageTitle": "Implement Storage feature",
            "messageBody": "",
            "fileTypesAndContributionMap": {
              "functional-code": {
                "insertions": 464,
                "deletions": 29
              },
              "other": {
                "insertions": 2,
                "deletions": 0
              },
              "test-code": {
                "insertions": 2,
                "deletions": 2
              }
            }
          },
          {
            "hash": "deedd02857acb37db72c9c021948fd577f5283ae",
            "messageTitle": "Comment out e.printStackTrace()",
            "messageBody": "",
            "fileTypesAndContributionMap": {
              "functional-code": {
                "insertions": 1,
                "deletions": 1
              }
            }
          },
          {
            "hash": "f068dfb86946417ac0fcd3b7d50e6bbc33342e65",
            "messageTitle": "Refactor method names for better readability.",
            "messageBody": "",
            "fileTypesAndContributionMap": {
              "functional-code": {
                "insertions": 28,
                "deletions": 28
              }
            }
          }
        ]
      }
    ],
    "chloesyy": [
      {
        "date": "2020-10-05",
        "commitResults": [
          {
            "hash": "f156895d5ad1ec802a9e47f2c0a1eb21708e46db",
            "messageTitle": "Add AddCommand Class. Only consider case for adding books.",
            "messageBody": "",
            "fileTypesAndContributionMap": {
              "functional-code": {
                "insertions": 40,
                "deletions": 0
              }
            }
          },
          {
            "hash": "6af960202a4478bf3b642ca11122dfa50e3fb129",
            "messageTitle": "Create new BookList variable named books.",
            "messageBody": "",
            "fileTypesAndContributionMap": {
              "functional-code": {
                "insertions": 16,
                "deletions": 3
              }
            }
          },
          {
            "hash": "40db049fdbcd684d7059d6b3f9a9fd2d434ab2b3",
            "messageTitle": "Add return statement for Parser to react to add commands.",
            "messageBody": "",
            "fileTypesAndContributionMap": {
              "functional-code": {
                "insertions": 19,
                "deletions": 3
              }
            }
          },
          {
            "hash": "eb6348fb955746e0a08b915eee62373f18235448",
            "messageTitle": "Change test input/output .txt",
            "messageBody": "",
            "fileTypesAndContributionMap": {
              "other": {
                "insertions": 1,
                "deletions": 0
              }
            }
          }
        ]
      },
      {
        "date": "2020-10-06",
        "commitResults": [
          {
            "hash": "463289cc4bb850d624466d397999cf627783e3bc",
            "messageTitle": "Change printing output for Add Books.",
            "messageBody": "",
            "fileTypesAndContributionMap": {
              "functional-code": {
                "insertions": 28,
                "deletions": 5
              }
            }
          },
          {
            "hash": "4c41b83fb4286711674d97a877464aaa4ebe4463",
            "messageTitle": "Add JUnit test for converting book to string.",
            "messageBody": "",
            "fileTypesAndContributionMap": {
              "test-code": {
                "insertions": 15,
                "deletions": 0
              }
            }
          },
          {
            "hash": "a6c4a97de6204fa10ee7add68fdb70954068684d",
            "messageTitle": "Change .txt files for testing",
            "messageBody": "",
            "fileTypesAndContributionMap": {
              "functional-code": {
                "insertions": 5,
                "deletions": 4
              },
              "other": {
                "insertions": 0,
                "deletions": 1
              }
            }
          },
          {
            "hash": "e6eee34547bd33ffe5a36d05722285ba9d61950f",
            "messageTitle": "Change input.txt.",
            "messageBody": "",
            "fileTypesAndContributionMap": {
              "other": {
                "insertions": 1,
                "deletions": 1
              }
            }
          },
          {
            "hash": "d1dfc5cb9ea0442ef36225e55cdf93003996fa39",
            "messageTitle": "Change to pass Gradle Test",
            "messageBody": "",
            "fileTypesAndContributionMap": {
              "test-code": {
                "insertions": 1,
                "deletions": 1
              }
            }
          }
        ]
      },
      {
        "date": "2020-10-10",
        "commitResults": [
          {
            "hash": "87fc7ba0c8dd985eb91eaa7eae31080c37161549",
            "messageTitle": "Add method to find book in BookList. Also add method to delete book from BookList by book object.",
            "messageBody": "",
            "fileTypesAndContributionMap": {
              "functional-code": {
                "insertions": 16,
                "deletions": 0
              }
            }
          },
          {
            "hash": "9b75917d353c48e027135742ef0cce4cc5fa81e1",
            "messageTitle": "Add delete book message. Also make changes to add book message.",
            "messageBody": "",
            "fileTypesAndContributionMap": {
              "functional-code": {
                "insertions": 8,
                "deletions": 3
              }
            }
          },
          {
            "hash": "74a6d789f8fc515852d1c99e173832ff7730490b",
            "messageTitle": "Add method to delete book from BookList.",
            "messageBody": "",
            "fileTypesAndContributionMap": {
              "functional-code": {
                "insertions": 14,
                "deletions": 0
              }
            }
          },
          {
            "hash": "fd23bc5e64acbbf50bef6117d181c98429abef1e",
            "messageTitle": "Add break statement to case.",
            "messageBody": "",
            "fileTypesAndContributionMap": {
              "functional-code": {
                "insertions": 1,
                "deletions": 0
              }
            }
          },
          {
            "hash": "b2830c7b467c158d6b1f56fb5b2c0e701e857001",
            "messageTitle": "Change expected.txt to updated add/delete book messages",
            "messageBody": "",
            "fileTypesAndContributionMap": {
              "other": {
                "insertions": 1,
                "deletions": 0
              }
            }
          },
          {
            "hash": "3827e64a9789b545c68b079c7e581ec3baba0009",
            "messageTitle": "update expected.txt and input.txt",
            "messageBody": "",
            "fileTypesAndContributionMap": {
              "other": {
                "insertions": 1,
                "deletions": 1
              }
            }
          },
          {
            "hash": "1fbfd99929e9989686a3090db564ee5f5ce8f40a",
            "messageTitle": "Update code to comply with coding standards",
            "messageBody": "",
            "fileTypesAndContributionMap": {
              "functional-code": {
                "insertions": 1,
                "deletions": 1
              }
            }
          },
          {
            "hash": "b6f48074d0a1f09248a93b1b30bd1a578b227a58",
            "messageTitle": "Add methods to print booklist. Also change constant names to ensure coherence with other constants.",
            "messageBody": "",
            "fileTypesAndContributionMap": {
              "functional-code": {
                "insertions": 17,
                "deletions": 8
              }
            }
          },
          {
            "hash": "a9aa1432f8b1c95b39108db3235472d0b34313f9",
            "messageTitle": "Add method to check if booklist is empty.",
            "messageBody": "",
            "fileTypesAndContributionMap": {
              "functional-code": {
                "insertions": 4,
                "deletions": 0
              }
            }
          },
          {
            "hash": "f5a78ad06ad94fd93af5be041d2e35b86b2dfcff",
            "messageTitle": "Add method to filter booklist by author name.",
            "messageBody": "",
            "fileTypesAndContributionMap": {
              "functional-code": {
                "insertions": 9,
                "deletions": 0
              }
            }
          },
          {
            "hash": "1061c84d8fa63e9ba6f420dc976be278cbfca127",
            "messageTitle": "Add case for listing books. Add methods to list all books or list books by author name.",
            "messageBody": "",
            "fileTypesAndContributionMap": {
              "functional-code": {
                "insertions": 41,
                "deletions": 2
              }
            }
          },
          {
            "hash": "7d02f1289d1b08bf3ac10184557112f26b50eaf2",
            "messageTitle": "Add break statement to comply with coding standards.",
            "messageBody": "",
            "fileTypesAndContributionMap": {
              "functional-code": {
                "insertions": 1,
                "deletions": 0
              }
            }
          }
        ]
      },
      {
        "date": "2020-10-13",
        "commitResults": [
          {
            "hash": "c93488fd1e486acd8b35980ce1c7799db52ada8f",
            "messageTitle": "Add logging when adding book to booklist.",
            "messageBody": "",
            "fileTypesAndContributionMap": {
              "functional-code": {
                "insertions": 3,
                "deletions": 2
              }
            }
          },
          {
            "hash": "7ce97706609d5f3cc0f71fc5600618283e230406",
            "messageTitle": "Add assertions in methods which find books in booklist.",
            "messageBody": "",
            "fileTypesAndContributionMap": {
              "functional-code": {
                "insertions": 4,
                "deletions": 0
              }
            }
          },
          {
            "hash": "63e48856741f9dd8b40d3c6b348d1f6195dfce72",
            "messageTitle": "Add error handling for adding books to booklist",
            "messageBody": "",
            "fileTypesAndContributionMap": {
              "functional-code": {
                "insertions": 22,
                "deletions": 6
              }
            }
          }
        ]
      },
      {
        "date": "2020-10-14",
        "commitResults": [
          {
            "hash": "fed955d4e235c68c105360af1edefa2886defbe0",
            "messageTitle": "Update methods to find books regardless of case - such that books are case insensitive.",
            "messageBody": "",
            "fileTypesAndContributionMap": {
              "functional-code": {
                "insertions": 14,
                "deletions": 5
              }
            }
          },
          {
            "hash": "f5a652c9d7cb4a852435aa82cbc02f3756a55ff7",
            "messageTitle": "Fix bug such that books with same title and authorName will not be added.",
            "messageBody": "",
            "fileTypesAndContributionMap": {
              "functional-code": {
                "insertions": 6,
                "deletions": 0
              }
            }
          },
          {
            "hash": "012e6e6e0cf3b04735ae03bbb5e230419156384c",
            "messageTitle": "Refactor code to make it more readable.",
            "messageBody": "",
            "fileTypesAndContributionMap": {
              "functional-code": {
                "insertions": 14,
                "deletions": 5
              }
            }
          },
          {
            "hash": "1e3c9411531d3ff08b190b0d96ba524fc60f8174",
            "messageTitle": "Add error handling.",
            "messageBody": "",
            "fileTypesAndContributionMap": {
              "functional-code": {
                "insertions": 6,
                "deletions": 0
              }
            }
          },
          {
            "hash": "0bb4d9738a10671ced583f6f94fcedb4839094b6",
            "messageTitle": "Update code to comply with gradle check.",
            "messageBody": "",
            "fileTypesAndContributionMap": {
              "functional-code": {
                "insertions": 2,
                "deletions": 2
              }
            }
          }
        ]
      },
      {
        "date": "2020-10-17",
        "commitResults": [
          {
            "hash": "4f800eed48660d1de6915d3c76fc3c1e5eb82aa4",
            "messageTitle": "Add indexing to listing of books to aid deletion of books by index",
            "messageBody": "",
            "fileTypesAndContributionMap": {
              "functional-code": {
                "insertions": 16,
                "deletions": 2
              }
            }
          },
          {
            "hash": "dd7b1775f776ca72a2aa4f15a0e185fe22ce903d",
            "messageTitle": "Add method to return book by index.",
            "messageBody": "",
            "fileTypesAndContributionMap": {
              "functional-code": {
                "insertions": 4,
                "deletions": 0
              }
            }
          },
          {
            "hash": "23bc895705cb91bdb273c7ad8bffa9a03d57c7e4",
            "messageTitle": "Add invalid index error message in case user types in an invalid book index.",
            "messageBody": "",
            "fileTypesAndContributionMap": {
              "functional-code": {
                "insertions": 1,
                "deletions": 0
              }
            }
          },
          {
            "hash": "47aab89f88e0db6ffb1c19327232af39e19014ef",
            "messageTitle": "Change method to delete books by book index instead of deleting books by title and author name.",
            "messageBody": "",
            "fileTypesAndContributionMap": {
              "functional-code": {
                "insertions": 21,
                "deletions": 22
              }
            }
          },
          {
            "hash": "f92bb2182d3e92dd94cd9b6ef55adcb5a320d787",
            "messageTitle": "Update code to comply with gradle checks",
            "messageBody": "",
            "fileTypesAndContributionMap": {
              "functional-code": {
                "insertions": 2,
                "deletions": 2
              }
            }
          },
          {
            "hash": "81cfb0b38c3c3d57a5d29ca5d8f7ee95753b36d7",
            "messageTitle": "Update input.txt to delete book by index number",
            "messageBody": "",
            "fileTypesAndContributionMap": {
              "other": {
                "insertions": 1,
                "deletions": 1
              }
            }
          },
          {
            "hash": "7a90edfa4bf628b6f4034ed124051df62dd32d8c",
            "messageTitle": "Add method to get book by index.",
            "messageBody": "",
            "fileTypesAndContributionMap": {
              "functional-code": {
                "insertions": 4,
                "deletions": 0
              }
            }
          },
          {
            "hash": "3e6bb5bcd69130e5bc920253ff0941a681e92054",
            "messageTitle": "Add error messages for cases where user does not specify book title to be changed to and where user types in the an index that is out of range.",
            "messageBody": "Also add flag for edit.\n",
            "fileTypesAndContributionMap": {
              "functional-code": {
                "insertions": 3,
                "deletions": 0
              }
            }
          },
          {
            "hash": "333a5ba50909fbec15b3df8cb7862366df26ddfb",
            "messageTitle": "Add method to edit book title of books by specifiying index and new book title.",
            "messageBody": "",
            "fileTypesAndContributionMap": {
              "functional-code": {
                "insertions": 32,
                "deletions": 0
              }
            }
          },
          {
            "hash": "36c0f5923698958ba6540b0667d251ae8d6496ca",
            "messageTitle": "Add method to print success message upon successful editing of book title.",
            "messageBody": "",
            "fileTypesAndContributionMap": {
              "functional-code": {
                "insertions": 5,
                "deletions": 0
              }
            }
          }
        ]
      }
    ],
    "yuen-sihao": [
      {
        "date": "2020-10-01",
        "commitResults": [
          {
            "hash": "441aec1ddfe84c88378e7e7065548109c02b4c41",
            "messageTitle": "Update AboutUs.md",
            "messageBody": "",
            "fileTypesAndContributionMap": {
              "docs": {
                "insertions": 1,
                "deletions": 1
              }
            }
          }
        ]
      },
      {
        "date": "2020-10-04",
        "commitResults": [
          {
            "hash": "dc066b0e9c9d58a8c3da5bba9e87dd31ecf6fc73",
            "messageTitle": "Add links to GitHub",
            "messageBody": "",
            "fileTypesAndContributionMap": {
              "docs": {
                "insertions": 5,
                "deletions": 5
              }
            }
          }
        ]
      },
      {
        "date": "2020-10-06",
        "commitResults": [
          {
            "hash": "3f030e0018aedf8557936cb275a5530e7ae83088",
            "messageTitle": "Add rating for books",
            "messageBody": "Part of Rating System feature.\n",
            "fileTypesAndContributionMap": {
              "functional-code": {
                "insertions": 81,
                "deletions": 10
              }
            }
          },
          {
            "hash": "404211d88c36bd0831802bb571b01eb5f8a3d729",
            "messageTitle": "Update toString() method for rating system",
            "messageBody": "",
            "fileTypesAndContributionMap": {
              "functional-code": {
                "insertions": 8,
                "deletions": 3
              }
            }
          },
          {
            "hash": "bf6e4f0dbf4eb1cc4b44fe43b3d0b9394d180f45",
            "messageTitle": "Modify add rating for books",
            "messageBody": "Code is updated to check if books are already rated.\n",
            "fileTypesAndContributionMap": {
              "functional-code": {
                "insertions": 14,
                "deletions": 0
              }
            }
          }
        ]
      },
      {
        "date": "2020-10-07",
        "commitResults": [
          {
            "hash": "998395bfa6a97952c9cdac3fd48bb4006e12b3b4",
            "messageTitle": "Add JUnit Test for add ratings",
            "messageBody": "",
            "fileTypesAndContributionMap": {
              "test-code": {
                "insertions": 18,
                "deletions": 0
              }
            }
          }
        ]
      },
      {
        "date": "2020-10-10",
        "commitResults": [
          {
            "hash": "41c10e2a6e21d31b9c2aca083c59670850c9f6c0",
            "messageTitle": "Update Code for Add rating",
            "messageBody": "",
            "fileTypesAndContributionMap": {
              "functional-code": {
                "insertions": 33,
                "deletions": 16
              }
            }
          },
          {
            "hash": "abc9833a04ab61654ad1c800414acd66c1706c36",
            "messageTitle": "List rating for books",
            "messageBody": "Part of Rating System feature.\n",
            "fileTypesAndContributionMap": {
              "functional-code": {
                "insertions": 35,
                "deletions": 0
              }
            }
          },
          {
            "hash": "f4f2eb5600ef0d5c57651dc8e7d637418497c823",
            "messageTitle": "Update code to comply with checkstyleMain",
            "messageBody": "",
            "fileTypesAndContributionMap": {
              "functional-code": {
                "insertions": 0,
                "deletions": 3
              }
            }
          },
          {
            "hash": "a0808802f8fe1e807b2d365886ff7f49229089ba",
            "messageTitle": "Update code for list ratings for books",
            "messageBody": "Code is modified to improve coding standard.\n\nRatingParser class is created to prevent duplicate code among the\ncommands related to Rating System.\n\nAddCommand class is modified accordingly to use RatingParser.\n",
            "fileTypesAndContributionMap": {
              "functional-code": {
                "insertions": 87,
                "deletions": 45
              }
            }
          },
          {
            "hash": "7f25411f80597ebf36167a7d37a5fbca9e0bf559",
            "messageTitle": "Delete rating for books",
            "messageBody": "Part of Rating System feature.\n",
            "fileTypesAndContributionMap": {
              "functional-code": {
                "insertions": 33,
                "deletions": 2
              }
            }
          },
          {
            "hash": "4c114a0b3c404b04c22cf40693f5540dd6b9b564",
            "messageTitle": "Update code for deleting book to check for rating",
            "messageBody": "Existing rating for book will be deleted before book itself is\ndeleted.\n",
            "fileTypesAndContributionMap": {
              "functional-code": {
                "insertions": 16,
                "deletions": 6
              }
            }
          }
        ]
      },
      {
        "date": "2020-10-11",
        "commitResults": [
          {
            "hash": "e4026c845746023783d11b2ba1557ae00f18d85e",
            "messageTitle": "Update code for list rating for books",
            "messageBody": "Code is modified to check for empty list before listing the\nrated books.\n",
            "fileTypesAndContributionMap": {
              "functional-code": {
                "insertions": 17,
                "deletions": 1
              }
            }
          },
          {
            "hash": "c62634c5037a3fbca44e324f9afc0ee1e0ae68c3",
            "messageTitle": "Modify messages shown to users",
            "messageBody": "Update code for successful termination without error.\n",
            "fileTypesAndContributionMap": {
              "functional-code": {
                "insertions": 16,
                "deletions": 8
              }
            }
          },
          {
            "hash": "f4b7a772cd0c5c8821aec951dfcff1d660673234",
            "messageTitle": "Include some JUnit tests for list rating",
            "messageBody": "",
            "fileTypesAndContributionMap": {
              "functional-code": {
                "insertions": 6,
                "deletions": 4
              },
              "test-code": {
                "insertions": 16,
                "deletions": 1
              }
            }
          },
          {
            "hash": "c5e5760eb71c91bb363ecfdbc9acc36cab2c805c",
            "messageTitle": "Update code to pass text-ui-test",
            "messageBody": "",
            "fileTypesAndContributionMap": {
              "functional-code": {
                "insertions": 4,
                "deletions": 1
              }
            }
          },
          {
            "hash": "03781ab33d58bfe3c99ccf7118e3ce9a2ff7f9b9",
            "messageTitle": "Add assertions to code",
            "messageBody": "",
            "fileTypesAndContributionMap": {
              "functional-code": {
                "insertions": 3,
                "deletions": 0
              }
            }
          },
          {
            "hash": "2978d14d39d1b8880d5da64a6b76ddeed9b31b74",
            "messageTitle": "Add logging to code",
            "messageBody": "",
            "fileTypesAndContributionMap": {
              "functional-code": {
                "insertions": 16,
                "deletions": 0
              }
            }
          }
        ]
      },
      {
        "date": "2020-10-12",
        "commitResults": [
          {
            "hash": "c25357bd42bf9a219efa9dd0a1d9f3ce1a815af3",
            "messageTitle": "Update code to comply with checkstyleMain",
            "messageBody": "",
            "fileTypesAndContributionMap": {
              "functional-code": {
                "insertions": 2,
                "deletions": 1
              }
            }
          },
          {
            "hash": "202c89208a6b964970a0c4cf07152e05f4690d04",
            "messageTitle": "Make minor changes to code",
            "messageBody": "Update code to prevent logging to console.\nUpdate code logic for listing specific rating.\n",
            "fileTypesAndContributionMap": {
              "functional-code": {
                "insertions": 16,
                "deletions": 6
              }
            }
          },
          {
            "hash": "8702dc23191681024c7134646747b587d1a5c8e0",
            "messageTitle": "Add help page for Quotesify",
            "messageBody": "",
            "fileTypesAndContributionMap": {
              "functional-code": {
                "insertions": 54,
                "deletions": 0
              }
            }
          },
          {
            "hash": "be798beb3bcae3af7fe37d8a5ba4172b8b17614b",
            "messageTitle": "Remove extra empty line",
            "messageBody": "",
            "fileTypesAndContributionMap": {
              "functional-code": {
                "insertions": 0,
                "deletions": 1
              }
            }
          }
        ]
      },
      {
        "date": "2020-10-13",
        "commitResults": [
          {
            "hash": "3d8e1770fd61b8eb6c44716bc36b68d14bef6ef9",
            "messageTitle": "Add in command to terminate Quotesify",
            "messageBody": "",
            "fileTypesAndContributionMap": {
              "functional-code": {
                "insertions": 10,
                "deletions": 0
              }
            }
          },
          {
            "hash": "1c14c314a37169070ee009feaacc6979412d3dca",
            "messageTitle": "Update some user messages",
            "messageBody": "Modify some user messages and include the current version number.\n",
            "fileTypesAndContributionMap": {
              "functional-code": {
                "insertions": 4,
                "deletions": 2
              }
            }
          }
        ]
      },
      {
        "date": "2020-10-16",
        "commitResults": [
          {
            "hash": "604e1d9842dcb1bba140a8a8387fe46c9725e0ca",
            "messageTitle": "Fix bugs for add, delete and list ratings",
            "messageBody": "Check if book title or rating score is empty.\n",
            "fileTypesAndContributionMap": {
              "functional-code": {
                "insertions": 21,
                "deletions": 4
              }
            }
          },
          {
            "hash": "937d76a2a3ab584a7eea230401edaa41708ee5bd",
            "messageTitle": "Update code",
            "messageBody": "",
            "fileTypesAndContributionMap": {
              "functional-code": {
                "insertions": 0,
                "deletions": 7
              }
            }
          },
          {
            "hash": "0154483b68fc3003a4b9067d03e2738812998e55",
            "messageTitle": "Refactor code for list ratings",
            "messageBody": "",
            "fileTypesAndContributionMap": {
              "functional-code": {
                "insertions": 22,
                "deletions": 21
              }
            }
          },
          {
            "hash": "c9a1d0882c90518f008da2f392d0f57dba3f0b06",
            "messageTitle": "Refactor code for add ratings",
            "messageBody": "",
            "fileTypesAndContributionMap": {
              "functional-code": {
                "insertions": 27,
                "deletions": 28
              }
            }
          },
          {
            "hash": "29e787adad33e071c989fb047cffc04cdb0efa45",
            "messageTitle": "Refactor code for list ratings",
            "messageBody": "",
            "fileTypesAndContributionMap": {
              "functional-code": {
                "insertions": 13,
                "deletions": 13
              }
            }
          },
          {
            "hash": "bdfdeeb74936777b9a954d9a66ef63914449aa63",
            "messageTitle": "Refactor code for delete ratings",
            "messageBody": "",
            "fileTypesAndContributionMap": {
              "functional-code": {
                "insertions": 13,
                "deletions": 9
              }
            }
          },
          {
            "hash": "ba01eea4c298bf24c2fe96740d22bcf9a7165942",
            "messageTitle": "Edit ratings for books",
            "messageBody": "Part of Rating System feature.\n",
            "fileTypesAndContributionMap": {
              "functional-code": {
                "insertions": 90,
                "deletions": 1
              }
            }
          },
          {
            "hash": "78a4a49c063e32a6d8ed4bc9a74623e8ac6aaef6",
            "messageTitle": "Find ratings for books",
            "messageBody": "Part of Rating System feature.\n",
            "fileTypesAndContributionMap": {
              "functional-code": {
                "insertions": 64,
                "deletions": 2
              }
            }
          }
        ]
      },
      {
        "date": "2020-10-18",
        "commitResults": [
          {
            "hash": "33189176b7d45f3b385caf86e56d1e9f42dc7e7f",
            "messageTitle": "Update code for list ratings",
            "messageBody": "Check if rating exists before editing the book title, and rate the\nedited book title with the same rating.\n",
            "fileTypesAndContributionMap": {
              "functional-code": {
                "insertions": 17,
                "deletions": 2
              }
            }
          },
          {
            "hash": "3cc9bb6a982f01b65a7bb3c7aa5d84cfd4af74ea",
            "messageTitle": "Update help page",
            "messageBody": "Include commands for Edit Rating and Find Rating.\n",
            "fileTypesAndContributionMap": {
              "functional-code": {
                "insertions": 2,
                "deletions": 0
              }
            }
          },
          {
            "hash": "c9abe018a7eca499c45eb1729f057b1ee361ab35",
            "messageTitle": "Draft of docs",
            "messageBody": "Updated parts of README, DeveloperGuide and UserGuide.\n",
            "fileTypesAndContributionMap": {
              "docs": {
                "insertions": 185,
                "deletions": 25
              }
            }
          }
        ]
      }
    ]
  },
  "authorFileTypeContributionMap": {
    "lunzard": {
      "docs": 0,
      "functional-code": 505,
      "test-code": 14
    },
    "nat-ho": {
      "docs": 0,
      "functional-code": 449,
      "test-code": 16,
      "other": 2
    },
    "dozenmatter": {
      "docs": 0,
      "functional-code": 1783,
      "test-code": 30,
      "other": 24
    },
    "chloesyy": {
      "docs": 0,
      "functional-code": 261,
      "test-code": 13,
      "other": 1
    },
    "yuen-sihao": {
      "docs": 189,
      "functional-code": 467,
      "test-code": 32
    }
  },
  "authorContributionVariance": {
    "lunzard": 22076.11,
    "nat-ho": 8910.705,
    "dozenmatter": 54938.516,
    "chloesyy": 1567.1486,
    "yuen-sihao": 9453.704
  },
  "authorDisplayNameMap": {
    "lunzard": "CS2113T-T09-3 NI Y..ILUN",
    "nat-ho": "CS2113T-T09-3 HO C..NIEL",
    "dozenmatter": "CS2113T-T09-3 TAY ..HENG",
    "chloesyy": "CS2113T-T09-3 SEAH..HLOE",
    "yuen-sihao": "CS2113T-T09-3 YUEN.. HAO"
  }
}
