{
  "authorDailyContributionsMap": {
    "homingjun": [
      {
        "date": "2020-10-02",
        "commitResults": [
          {
            "hash": "1424f7d8a9cbb73ccad5cc5ad32a1ba822b11729",
            "messageTitle": "testing",
            "messageBody": "",
            "fileTypesAndContributionMap": {
              "docs": {
                "insertions": 2,
                "deletions": 0
              }
            }
          },
          {
            "hash": "c2f19acb2ecf387c0e48498475fc383e6cd5f7ea",
            "messageTitle": "testing",
            "messageBody": "",
            "fileTypesAndContributionMap": {
              "docs": {
                "insertions": 1,
                "deletions": 3
              }
            }
          },
          {
            "hash": "2b1a6fb1941fd415a9ecd0e09beb07483daf3bea",
            "messageTitle": "Update AboutUs",
            "messageBody": "",
            "fileTypesAndContributionMap": {
              "docs": {
                "insertions": 1,
                "deletions": 1
              }
            }
          }
        ]
      }
    ],
    "gmit22": [
      {
        "date": "2020-10-03",
        "commitResults": [
          {
            "hash": "28f27c9cfd8aec84af9511d5d03bacf2cc84fc12",
            "messageTitle": "update team info",
            "messageBody": "",
            "fileTypesAndContributionMap": {
              "docs": {
                "insertions": 7,
                "deletions": 0
              }
            }
          }
        ]
      }
    ],
    "keke101": [
      {
        "date": "2020-10-02",
        "commitResults": [
          {
            "hash": "8257cadbdd8a31fa129be23c4a75d5a16420849d",
            "messageTitle": "Change README.md",
            "messageBody": "",
            "fileTypesAndContributionMap": {
              "docs": {
                "insertions": 2,
                "deletions": 0
              }
            }
          },
          {
            "hash": "97c12bddf574c56da37ca408c47684baf28f54b9",
            "messageTitle": "Add my particulars to AboutUs.md",
            "messageBody": "",
            "fileTypesAndContributionMap": {
              "docs": {
                "insertions": 1,
                "deletions": 1
              }
            }
          }
        ]
      }
    ],
    "e0426051": [
      {
        "date": "2020-10-04",
        "commitResults": [
          {
            "hash": "6d4909069f0cdcabb4888320d3ff058a5288a08e",
            "messageTitle": "Update AboutUs only.",
            "messageBody": "",
            "fileTypesAndContributionMap": {
              "docs": {
                "insertions": 2,
                "deletions": 1
              }
            }
          }
        ]
      }
    ],
    "chocomango": [
      {
        "date": "2020-10-02",
        "commitResults": [
          {
            "hash": "e0510c2d039bed0810bf5ea537a9ba69f614bc52",
            "messageTitle": "Update README.md",
            "messageBody": "",
            "fileTypesAndContributionMap": {
              "docs": {
                "insertions": 4,
                "deletions": 0
              }
            }
          },
          {
            "hash": "d65cee13f50e02074f1d2e04059b2de1b82e6bee",
            "messageTitle": "Revert - Update README.md",
            "messageBody": "",
            "fileTypesAndContributionMap": {
              "docs": {
                "insertions": 0,
                "deletions": 4
              }
            }
          },
          {
            "hash": "a452b2d81726c3cfe7ac4744610df2d295b69924",
            "messageTitle": "Add personal details to AboutUs.md",
            "messageBody": "",
            "fileTypesAndContributionMap": {
              "docs": {
                "insertions": 2,
                "deletions": 6
              }
            }
          }
        ]
      }
    ]
  },
  "authorFileTypeContributionMap": {
    "homingjun": {
      "docs": 2,
      "functional-code": 0,
      "test-code": 0
    },
    "gmit22": {
      "docs": 6,
      "functional-code": 0,
      "test-code": 0
    },
    "keke101": {
      "docs": 3,
      "functional-code": 0,
      "test-code": 0
    },
    "e0426051": {
      "docs": 2,
      "functional-code": 0,
      "test-code": 0
    },
    "chocomango": {
      "docs": 2,
      "functional-code": 0,
      "test-code": 0
    }
  },
  "authorContributionVariance": {
    "homingjun": 7.0,
    "gmit22": 5.359375,
    "keke101": 1.75,
    "e0426051": 0.984375,
    "chocomango": 28.0
  },
  "authorDisplayNameMap": {
    "homingjun": "CS2113T-F11-4 HO M.. JUN",
    "gmit22": "CS2113T-F11-4 GUNI..TTAL",
    "keke101": "CS2113T-F11-4 WONG.. WEI",
    "e0426051": "CS2113T-F11-4 ZHAO..IANG",
    "chocomango": "CS2113T-F11-4 CHAN..LING"
  }
}
