{
  "authorDailyContributionsMap": {
    "homingjun": [
      {
        "date": "2020-10-02",
        "commitResults": [
          {
            "hash": "1424f7d8a9cbb73ccad5cc5ad32a1ba822b11729",
            "messageTitle": "testing",
            "messageBody": "",
            "fileTypesAndContributionMap": {
              "docs": {
                "insertions": 2,
                "deletions": 0
              }
            }
          },
          {
            "hash": "c2f19acb2ecf387c0e48498475fc383e6cd5f7ea",
            "messageTitle": "testing",
            "messageBody": "",
            "fileTypesAndContributionMap": {
              "docs": {
                "insertions": 1,
                "deletions": 3
              }
            }
          },
          {
            "hash": "2b1a6fb1941fd415a9ecd0e09beb07483daf3bea",
            "messageTitle": "Update AboutUs",
            "messageBody": "",
            "fileTypesAndContributionMap": {
              "docs": {
                "insertions": 1,
                "deletions": 1
              }
            }
          }
        ]
      },
      {
        "date": "2020-10-06",
        "commitResults": [
          {
            "hash": "9cadf7077be5d4b49eb6dbdf59a01a9785d2a6cc",
            "messageTitle": "Created a parser for SCRUMptious",
            "messageBody": "",
            "fileTypesAndContributionMap": {
              "functional-code": {
                "insertions": 516,
                "deletions": 0
              }
            }
          },
          {
            "hash": "f0f043b91950784ba925a08f2b6b068016eda44e",
            "messageTitle": "Created a parser for SCRUMptious",
            "messageBody": "",
            "fileTypesAndContributionMap": {
              "functional-code": {
                "insertions": 3,
                "deletions": 4
              }
            }
          },
          {
            "hash": "54d7b1dd14a9cfd2efd6c5628ee0179232e86eb7",
            "messageTitle": "Renamed exception class",
            "messageBody": "",
            "fileTypesAndContributionMap": {
              "functional-code": {
                "insertions": 26,
                "deletions": 26
              },
              "other": {
                "insertions": 2,
                "deletions": 2
              }
            }
          }
        ]
      },
      {
        "date": "2020-10-07",
        "commitResults": [
          {
            "hash": "501a57d57c2a01bc37bb836832f8e89022ec8e51",
            "messageTitle": "Fixed bye being interpreted as an invalid command",
            "messageBody": "",
            "fileTypesAndContributionMap": {
              "functional-code": {
                "insertions": 6,
                "deletions": 3
              }
            }
          }
        ]
      }
    ],
    "gmit22": [
      {
        "date": "2020-10-03",
        "commitResults": [
          {
            "hash": "886fc690e6f0b81f903b856db02048e17e6562e0",
            "messageTitle": "classes instantiated",
            "messageBody": "",
            "fileTypesAndContributionMap": {
              "functional-code": {
                "insertions": 233,
                "deletions": 8
              },
              "other": {
                "insertions": 3,
                "deletions": 1
              }
            }
          },
          {
            "hash": "28f27c9cfd8aec84af9511d5d03bacf2cc84fc12",
            "messageTitle": "update team info",
            "messageBody": "",
            "fileTypesAndContributionMap": {
              "docs": {
                "insertions": 7,
                "deletions": 0
              }
            }
          }
        ]
      },
      {
        "date": "2020-10-04",
        "commitResults": [
          {
            "hash": "c87ed2773a6d70f6f8bafd8e1b5ac0b3f6bd8b57",
            "messageTitle": "project backlog class and added funtions",
            "messageBody": "",
            "fileTypesAndContributionMap": {
              "functional-code": {
                "insertions": 133,
                "deletions": 24
              }
            }
          },
          {
            "hash": "8ecdb6c32b893d2c944baf212cf97299aa3e6937",
            "messageTitle": "task functions added",
            "messageBody": "",
            "fileTypesAndContributionMap": {
              "functional-code": {
                "insertions": 56,
                "deletions": 22
              }
            }
          }
        ]
      },
      {
        "date": "2020-10-05",
        "commitResults": [
          {
            "hash": "10f9b0000893b9bcdacd70432953f3602a6d2690",
            "messageTitle": "checkstyle errors fixed",
            "messageBody": "",
            "fileTypesAndContributionMap": {
              "functional-code": {
                "insertions": 32,
                "deletions": 17
              }
            }
          },
          {
            "hash": "37c95287f6cff08a5e36010ca136ebb9c9beac39",
            "messageTitle": "ui testing",
            "messageBody": "",
            "fileTypesAndContributionMap": {
              "other": {
                "insertions": 0,
                "deletions": 1
              }
            }
          },
          {
            "hash": "35407f43ea5598b9252217523175808dd4af56e8",
            "messageTitle": "parser removed",
            "messageBody": "",
            "fileTypesAndContributionMap": {
              "functional-code": {
                "insertions": 9,
                "deletions": 106
              },
              "other": {
                "insertions": 1,
                "deletions": 2
              }
            }
          },
          {
            "hash": "d5793c792033b8d581446d6a036c5098a0acfb76",
            "messageTitle": "user testing",
            "messageBody": "",
            "fileTypesAndContributionMap": {
              "functional-code": {
                "insertions": 1,
                "deletions": 1
              }
            }
          }
        ]
      },
      {
        "date": "2020-10-07",
        "commitResults": [
          {
            "hash": "5e91e5fe606ca971796362699dbc5e9c2eed8fc7",
            "messageTitle": "unnecessary files removed",
            "messageBody": "",
            "fileTypesAndContributionMap": {
              "functional-code": {
                "insertions": 3,
                "deletions": 255
              },
              "other": {
                "insertions": 4,
                "deletions": 4
              }
            }
          }
        ]
      }
    ],
    "keke101": [
      {
        "date": "2020-10-02",
        "commitResults": [
          {
            "hash": "8257cadbdd8a31fa129be23c4a75d5a16420849d",
            "messageTitle": "Change README.md",
            "messageBody": "",
            "fileTypesAndContributionMap": {
              "docs": {
                "insertions": 2,
                "deletions": 0
              }
            }
          },
          {
            "hash": "97c12bddf574c56da37ca408c47684baf28f54b9",
            "messageTitle": "Add my particulars to AboutUs.md",
            "messageBody": "",
            "fileTypesAndContributionMap": {
              "docs": {
                "insertions": 1,
                "deletions": 1
              }
            }
          }
        ]
      }
    ],
    "e0426051": [
      {
        "date": "2020-10-04",
        "commitResults": [
          {
            "hash": "6d4909069f0cdcabb4888320d3ff058a5288a08e",
            "messageTitle": "Update AboutUs only.",
            "messageBody": "",
            "fileTypesAndContributionMap": {
              "docs": {
                "insertions": 2,
                "deletions": 1
              }
            }
          },
          {
            "hash": "2faf53688d30a3f419ffe0b397a904db57c882a9",
            "messageTitle": "Task code. Also have a parser for task functions. No methods to catch invalid inputs.",
            "messageBody": "",
            "fileTypesAndContributionMap": {
              "functional-code": {
                "insertions": 169,
                "deletions": 0
              }
            }
          }
        ]
      },
      {
        "date": "2020-10-07",
        "commitResults": [
          {
            "hash": "134f8cfe2bb50b8b52db3daaff5f8b296e04dec8",
            "messageTitle": "Removed taskrunner",
            "messageBody": "",
            "fileTypesAndContributionMap": {
              "functional-code": {
                "insertions": 0,
                "deletions": 102
              }
            }
          },
          {
            "hash": "8b2c8227eb4b9ba9985c6ae6456bd6f9ccf46ff8",
            "messageTitle": "Merged the tasks classes in scrumptious package into the main package.",
            "messageBody": "",
            "fileTypesAndContributionMap": {
              "functional-code": {
                "insertions": 35,
                "deletions": 56
              },
              "other": {
                "insertions": 1,
                "deletions": 1
              }
            }
          }
        ]
      }
    ],
    "chocomango": [
      {
        "date": "2020-10-02",
        "commitResults": [
          {
            "hash": "e0510c2d039bed0810bf5ea537a9ba69f614bc52",
            "messageTitle": "Update README.md",
            "messageBody": "",
            "fileTypesAndContributionMap": {
              "docs": {
                "insertions": 4,
                "deletions": 0
              }
            }
          },
          {
            "hash": "d65cee13f50e02074f1d2e04059b2de1b82e6bee",
            "messageTitle": "Revert - Update README.md",
            "messageBody": "",
            "fileTypesAndContributionMap": {
              "docs": {
                "insertions": 0,
                "deletions": 4
              }
            }
          },
          {
            "hash": "a452b2d81726c3cfe7ac4744610df2d295b69924",
            "messageTitle": "Add personal details to AboutUs.md",
            "messageBody": "",
            "fileTypesAndContributionMap": {
              "docs": {
                "insertions": 2,
                "deletions": 6
              }
            }
          }
        ]
      }
    ]
  },
  "authorFileTypeContributionMap": {
    "homingjun": {
      "docs": 2,
      "functional-code": 512,
      "test-code": 0
    },
    "gmit22": {
      "docs": 6,
      "functional-code": 41,
      "test-code": 0
    },
    "keke101": {
      "docs": 3,
      "functional-code": 0,
      "test-code": 0
    },
    "e0426051": {
      "docs": 2,
      "functional-code": 68,
      "test-code": 0
    },
    "chocomango": {
      "docs": 2,
      "functional-code": 0,
      "test-code": 0
    }
  },
  "authorContributionVariance": {
    "homingjun": 27553.969,
    "gmit22": 12812.446,
    "keke101": 1.3223141,
    "e0426051": 5033.141,
    "chocomango": 21.157026
  },
  "authorDisplayNameMap": {
    "homingjun": "CS2113T-F11-4 HO M.. JUN",
    "gmit22": "CS2113T-F11-4 GUNI..TTAL",
    "keke101": "CS2113T-F11-4 WONG.. WEI",
    "e0426051": "CS2113T-F11-4 ZHAO..IANG",
    "chocomango": "CS2113T-F11-4 CHAN..LING"
  }
}
