{
  "authorDailyContributionsMap": {
    "homingjun": [
      {
        "date": "2020-10-02",
        "commitResults": [
          {
            "hash": "1424f7d8a9cbb73ccad5cc5ad32a1ba822b11729",
            "messageTitle": "testing",
            "messageBody": "",
            "fileTypesAndContributionMap": {
              "docs": {
                "insertions": 2,
                "deletions": 0
              }
            }
          },
          {
            "hash": "c2f19acb2ecf387c0e48498475fc383e6cd5f7ea",
            "messageTitle": "testing",
            "messageBody": "",
            "fileTypesAndContributionMap": {
              "docs": {
                "insertions": 1,
                "deletions": 3
              }
            }
          },
          {
            "hash": "2b1a6fb1941fd415a9ecd0e09beb07483daf3bea",
            "messageTitle": "Update AboutUs",
            "messageBody": "",
            "fileTypesAndContributionMap": {
              "docs": {
                "insertions": 1,
                "deletions": 1
              }
            }
          }
        ]
      },
      {
        "date": "2020-10-06",
        "commitResults": [
          {
            "hash": "6b9e96f31599858af6b2e445ffe629a78fd6ca00",
            "messageTitle": "testing",
            "messageBody": "",
            "fileTypesAndContributionMap": {
              "docs": {
                "insertions": 2,
                "deletions": 0
              }
            }
          },
          {
            "hash": "5cc884fc1b1b2d22159c58a5f70e1641150c41cc",
            "messageTitle": "testing",
            "messageBody": "",
            "fileTypesAndContributionMap": {
              "docs": {
                "insertions": 1,
                "deletions": 3
              }
            }
          },
          {
            "hash": "73f087192b99079f2873d64278d9f2a07c4d16bb",
            "messageTitle": "Update AboutUs",
            "messageBody": "",
            "fileTypesAndContributionMap": {
              "docs": {
                "insertions": 5,
                "deletions": 0
              }
            }
          },
          {
            "hash": "9cadf7077be5d4b49eb6dbdf59a01a9785d2a6cc",
            "messageTitle": "Created a parser for SCRUMptious",
            "messageBody": "",
            "fileTypesAndContributionMap": {
              "functional-code": {
                "insertions": 516,
                "deletions": 0
              }
            }
          },
          {
            "hash": "f0f043b91950784ba925a08f2b6b068016eda44e",
            "messageTitle": "Created a parser for SCRUMptious",
            "messageBody": "",
            "fileTypesAndContributionMap": {
              "functional-code": {
                "insertions": 3,
                "deletions": 4
              }
            }
          },
          {
            "hash": "54d7b1dd14a9cfd2efd6c5628ee0179232e86eb7",
            "messageTitle": "Renamed exception class",
            "messageBody": "",
            "fileTypesAndContributionMap": {
              "functional-code": {
                "insertions": 26,
                "deletions": 26
              },
              "other": {
                "insertions": 2,
                "deletions": 2
              }
            }
          }
        ]
      },
      {
        "date": "2020-10-07",
        "commitResults": [
          {
            "hash": "501a57d57c2a01bc37bb836832f8e89022ec8e51",
            "messageTitle": "Fixed bye being interpreted as an invalid command",
            "messageBody": "",
            "fileTypesAndContributionMap": {
              "functional-code": {
                "insertions": 6,
                "deletions": 3
              }
            }
          }
        ]
      },
      {
        "date": "2020-10-13",
        "commitResults": [
          {
            "hash": "f13281477cdcc8c567f457a5b64ef37a51e901c4",
            "messageTitle": "Added JUnit testing for Parser class",
            "messageBody": "",
            "fileTypesAndContributionMap": {
              "functional-code": {
                "insertions": 8,
                "deletions": 4
              },
              "test-code": {
                "insertions": 21,
                "deletions": 0
              }
            }
          },
          {
            "hash": "348a8e817aec822700bbe9a71c8fec29b58c355d",
            "messageTitle": "Fix import format error",
            "messageBody": "",
            "fileTypesAndContributionMap": {
              "test-code": {
                "insertions": 2,
                "deletions": 1
              }
            }
          }
        ]
      },
      {
        "date": "2020-10-15",
        "commitResults": [
          {
            "hash": "9de44f8af4660488460feb33d750913fd8a0fd07",
            "messageTitle": "Update User Guide",
            "messageBody": "",
            "fileTypesAndContributionMap": {
              "docs": {
                "insertions": 233,
                "deletions": 34
              }
            }
          }
        ]
      }
    ],
    "gmit22": [
      {
        "date": "2020-10-03",
        "commitResults": [
          {
            "hash": "886fc690e6f0b81f903b856db02048e17e6562e0",
            "messageTitle": "classes instantiated",
            "messageBody": "",
            "fileTypesAndContributionMap": {
              "functional-code": {
                "insertions": 233,
                "deletions": 8
              },
              "other": {
                "insertions": 3,
                "deletions": 1
              }
            }
          },
          {
            "hash": "28f27c9cfd8aec84af9511d5d03bacf2cc84fc12",
            "messageTitle": "update team info",
            "messageBody": "",
            "fileTypesAndContributionMap": {
              "docs": {
                "insertions": 7,
                "deletions": 0
              }
            }
          }
        ]
      },
      {
        "date": "2020-10-04",
        "commitResults": [
          {
            "hash": "c87ed2773a6d70f6f8bafd8e1b5ac0b3f6bd8b57",
            "messageTitle": "project backlog class and added funtions",
            "messageBody": "",
            "fileTypesAndContributionMap": {
              "functional-code": {
                "insertions": 133,
                "deletions": 24
              }
            }
          },
          {
            "hash": "8ecdb6c32b893d2c944baf212cf97299aa3e6937",
            "messageTitle": "task functions added",
            "messageBody": "",
            "fileTypesAndContributionMap": {
              "functional-code": {
                "insertions": 56,
                "deletions": 22
              }
            }
          }
        ]
      },
      {
        "date": "2020-10-05",
        "commitResults": [
          {
            "hash": "10f9b0000893b9bcdacd70432953f3602a6d2690",
            "messageTitle": "checkstyle errors fixed",
            "messageBody": "",
            "fileTypesAndContributionMap": {
              "functional-code": {
                "insertions": 32,
                "deletions": 17
              }
            }
          },
          {
            "hash": "37c95287f6cff08a5e36010ca136ebb9c9beac39",
            "messageTitle": "ui testing",
            "messageBody": "",
            "fileTypesAndContributionMap": {
              "other": {
                "insertions": 0,
                "deletions": 1
              }
            }
          },
          {
            "hash": "35407f43ea5598b9252217523175808dd4af56e8",
            "messageTitle": "parser removed",
            "messageBody": "",
            "fileTypesAndContributionMap": {
              "functional-code": {
                "insertions": 9,
                "deletions": 106
              },
              "other": {
                "insertions": 1,
                "deletions": 2
              }
            }
          },
          {
            "hash": "d5793c792033b8d581446d6a036c5098a0acfb76",
            "messageTitle": "user testing",
            "messageBody": "",
            "fileTypesAndContributionMap": {
              "functional-code": {
                "insertions": 1,
                "deletions": 1
              }
            }
          }
        ]
      },
      {
        "date": "2020-10-07",
        "commitResults": [
          {
            "hash": "314b89ada933170855a79d112c287018a3b0b99b",
            "messageTitle": "project integration with task and project class",
            "messageBody": "",
            "fileTypesAndContributionMap": {
              "functional-code": {
                "insertions": 251,
                "deletions": 10
              }
            }
          },
          {
            "hash": "dd98ef5f5007b0b14c179583c7059c4d39cdc350",
            "messageTitle": "project member class integrated",
            "messageBody": "",
            "fileTypesAndContributionMap": {
              "functional-code": {
                "insertions": 41,
                "deletions": 312
              }
            }
          },
          {
            "hash": "72d1a97ca039a5c44d984330fb726da5620d8f76",
            "messageTitle": "refactored arguements",
            "messageBody": "",
            "fileTypesAndContributionMap": {
              "functional-code": {
                "insertions": 6,
                "deletions": 15
              }
            }
          },
          {
            "hash": "5e91e5fe606ca971796362699dbc5e9c2eed8fc7",
            "messageTitle": "unnecessary files removed",
            "messageBody": "",
            "fileTypesAndContributionMap": {
              "functional-code": {
                "insertions": 3,
                "deletions": 255
              },
              "other": {
                "insertions": 4,
                "deletions": 4
              }
            }
          },
          {
            "hash": "dc66c417f813fb7b3d68211eadf57d43c1fa61f0",
            "messageTitle": "task initiated",
            "messageBody": "",
            "fileTypesAndContributionMap": {
              "functional-code": {
                "insertions": 115,
                "deletions": 46
              }
            }
          },
          {
            "hash": "fb22c7a0059abd11c6a102d11029d1c439e9e4c9",
            "messageTitle": "project and task /add /del /view integrated",
            "messageBody": "",
            "fileTypesAndContributionMap": {
              "functional-code": {
                "insertions": 143,
                "deletions": 105
              }
            }
          },
          {
            "hash": "b87ba8fce498cf156934cc8abafdc5c29949c227",
            "messageTitle": "changes",
            "messageBody": "",
            "fileTypesAndContributionMap": {
              "functional-code": {
                "insertions": 1,
                "deletions": 1
              }
            }
          },
          {
            "hash": "b8ee39fba9f4e9aea9d3006b4f787c9f2c210042",
            "messageTitle": "updated",
            "messageBody": "",
            "fileTypesAndContributionMap": {
              "functional-code": {
                "insertions": 0,
                "deletions": 67
              }
            }
          }
        ]
      },
      {
        "date": "2020-10-09",
        "commitResults": [
          {
            "hash": "e043a747ab8c3c0f8bc588731564a3e1d214856e",
            "messageTitle": "project list for multiple projects",
            "messageBody": "",
            "fileTypesAndContributionMap": {
              "functional-code": {
                "insertions": 80,
                "deletions": 50
              }
            }
          },
          {
            "hash": "2b9f42be93786b332b1d4220a1e592c80c218093",
            "messageTitle": "checkstyle fixed\"",
            "messageBody": "",
            "fileTypesAndContributionMap": {
              "functional-code": {
                "insertions": 23,
                "deletions": 22
              }
            }
          },
          {
            "hash": "3800694da16b773002b978dae518dcb6f303f92e",
            "messageTitle": "testing passed",
            "messageBody": "",
            "fileTypesAndContributionMap": {
              "functional-code": {
                "insertions": 2,
                "deletions": 8
              }
            }
          },
          {
            "hash": "144549a59454e9ee947f6376a9f492a70734ec61",
            "messageTitle": "error fixed",
            "messageBody": "",
            "fileTypesAndContributionMap": {
              "functional-code": {
                "insertions": 2,
                "deletions": 2
              }
            }
          }
        ]
      },
      {
        "date": "2020-10-10",
        "commitResults": [
          {
            "hash": "2f204ad30f7d78f8757437bf6e63e045f75aa27b",
            "messageTitle": "priority task initiated",
            "messageBody": "",
            "fileTypesAndContributionMap": {
              "functional-code": {
                "insertions": 18,
                "deletions": 8
              }
            }
          },
          {
            "hash": "b3dee6a4756078b099740b8c63549bd7be398904",
            "messageTitle": "task functions done",
            "messageBody": "",
            "fileTypesAndContributionMap": {
              "functional-code": {
                "insertions": 26,
                "deletions": 9
              }
            }
          }
        ]
      },
      {
        "date": "2020-10-12",
        "commitResults": [
          {
            "hash": "218988f378c5e6997d274f95460d80f931599778",
            "messageTitle": "remove task - minor change",
            "messageBody": "",
            "fileTypesAndContributionMap": {
              "functional-code": {
                "insertions": 4,
                "deletions": 1
              }
            }
          },
          {
            "hash": "c210e180ca5a4e3525fdeeb16c80eafc698172b9",
            "messageTitle": "checkstyle fixed",
            "messageBody": "",
            "fileTypesAndContributionMap": {
              "functional-code": {
                "insertions": 1,
                "deletions": 0
              }
            }
          }
        ]
      },
      {
        "date": "2020-10-13",
        "commitResults": [
          {
            "hash": "d7b2c1f5f3be5620de08355c551a0ccc4f799ec1",
            "messageTitle": "UI",
            "messageBody": "",
            "fileTypesAndContributionMap": {
              "other": {
                "insertions": 1,
                "deletions": 1
              }
            }
          },
          {
            "hash": "302d4e713ab931604e64eec865bb181c263e6066",
            "messageTitle": "checkstyle passed",
            "messageBody": "",
            "fileTypesAndContributionMap": {
              "other": {
                "insertions": 1,
                "deletions": 1
              }
            }
          },
          {
            "hash": "f9aff4f56cb0e45268c176ce655443913adf70ae",
            "messageTitle": "user testing",
            "messageBody": "",
            "fileTypesAndContributionMap": {
              "functional-code": {
                "insertions": 81,
                "deletions": 50
              }
            }
          },
          {
            "hash": "b258287a25631ba05b3351cb99a9b3840a4fe6d3",
            "messageTitle": "Refactored, added UI",
            "messageBody": "",
            "fileTypesAndContributionMap": {
              "functional-code": {
                "insertions": 0,
                "deletions": 348
              },
              "other": {
                "insertions": 1,
                "deletions": 1
              }
            }
          },
          {
            "hash": "4220bf11ccc1729a418aa7e5d3687cb68fe75ce0",
            "messageTitle": "minor changes",
            "messageBody": "",
            "fileTypesAndContributionMap": {
              "functional-code": {
                "insertions": 110,
                "deletions": 59
              }
            }
          }
        ]
      },
      {
        "date": "2020-10-15",
        "commitResults": [
          {
            "hash": "d1b1c7077e9958974d1ae962f517dc0881795f9b",
            "messageTitle": "user guide",
            "messageBody": "",
            "fileTypesAndContributionMap": {
              "functional-code": {
                "insertions": 5,
                "deletions": 4
              },
              "docs": {
                "insertions": 210,
                "deletions": 33
              },
              "test-code": {
                "insertions": 71,
                "deletions": 0
              }
            }
          },
          {
            "hash": "09f46287baff2abbd32d85dcc861d88d91479245",
            "messageTitle": "user guide",
            "messageBody": "",
            "fileTypesAndContributionMap": {
              "test-code": {
                "insertions": 0,
                "deletions": 71
              }
            }
          },
          {
            "hash": "99ae4876c46ea43aef337f55f4e7868d35e510c0",
            "messageTitle": "updated",
            "messageBody": "",
            "fileTypesAndContributionMap": {
              "functional-code": {
                "insertions": 1,
                "deletions": 1
              },
              "other": {
                "insertions": 2,
                "deletions": 2
              },
              "docs": {
                "insertions": 7,
                "deletions": 174
              }
            }
          },
          {
            "hash": "fb855ccda7803c0a157d3cfb9b40c4b11b839545",
            "messageTitle": "white space solved",
            "messageBody": "",
            "fileTypesAndContributionMap": {
              "other": {
                "insertions": 1,
                "deletions": 1
              }
            }
          },
          {
            "hash": "88d537f3473bfde5058724ba5587ef69935c1a94",
            "messageTitle": "updated",
            "messageBody": "",
            "fileTypesAndContributionMap": {
              "other": {
                "insertions": 1,
                "deletions": 1
              }
            }
          },
          {
            "hash": "632fdca780422da6e02edf2385bee24122e5ce0b",
            "messageTitle": "user guide updated",
            "messageBody": "",
            "fileTypesAndContributionMap": {
              "docs": {
                "insertions": 15,
                "deletions": 15
              }
            }
          },
          {
            "hash": "5b87f22a99c9208b95572d41095b52cd7b8bfb46",
            "messageTitle": "error fixed",
            "messageBody": "",
            "fileTypesAndContributionMap": {
              "docs": {
                "insertions": 6,
                "deletions": 4
              }
            }
          },
          {
            "hash": "370af308eaf9bcfce43d237faa99e0b768b29833",
            "messageTitle": "J-Unit",
            "messageBody": "",
            "fileTypesAndContributionMap": {
              "test-code": {
                "insertions": 72,
                "deletions": 0
              }
            }
          },
          {
            "hash": "2609c4413d7733f36aa7f3d242e6c88ead7baad2",
            "messageTitle": "checkstyle passed",
            "messageBody": "",
            "fileTypesAndContributionMap": {
              "test-code": {
                "insertions": 7,
                "deletions": 10
              }
            }
          }
        ]
      },
      {
        "date": "2020-10-16",
        "commitResults": [
          {
            "hash": "f87a7ef68691f33c19f536546a943f5b9741f19e",
            "messageTitle": "assertion",
            "messageBody": "",
            "fileTypesAndContributionMap": {
              "functional-code": {
                "insertions": 3,
                "deletions": 0
              }
            }
          },
          {
            "hash": "1f1ee80bc78963c131e5a298d8f64f8abe90b9cc",
            "messageTitle": "checkstyle",
            "messageBody": "",
            "fileTypesAndContributionMap": {
              "functional-code": {
                "insertions": 1,
                "deletions": 1
              }
            }
          }
        ]
      }
    ],
    "keke101": [
      {
        "date": "2020-10-02",
        "commitResults": [
          {
            "hash": "8257cadbdd8a31fa129be23c4a75d5a16420849d",
            "messageTitle": "Change README.md",
            "messageBody": "",
            "fileTypesAndContributionMap": {
              "docs": {
                "insertions": 2,
                "deletions": 0
              }
            }
          },
          {
            "hash": "97c12bddf574c56da37ca408c47684baf28f54b9",
            "messageTitle": "Add my particulars to AboutUs.md",
            "messageBody": "",
            "fileTypesAndContributionMap": {
              "docs": {
                "insertions": 1,
                "deletions": 1
              }
            }
          }
        ]
      },
      {
        "date": "2020-10-06",
        "commitResults": [
          {
            "hash": "10d13d26f33276b38b2eb8cc38bdd5037bb7d65f",
            "messageTitle": "Add my particulars to AboutUs.md",
            "messageBody": "",
            "fileTypesAndContributionMap": {
              "docs": {
                "insertions": 1,
                "deletions": 1
              }
            }
          }
        ]
      },
      {
        "date": "2020-10-10",
        "commitResults": [
          {
            "hash": "6dbeb9cba32bb10656934a6b3d401d653a67118c",
            "messageTitle": "Add json dependency",
            "messageBody": "",
            "fileTypesAndContributionMap": {
              "other": {
                "insertions": 1,
                "deletions": 0
              }
            }
          },
          {
            "hash": "d868fcc02958902596d5bf693ab62714519d8614",
            "messageTitle": "Add StorageManager - Saves direct properties of Project Class with the following exceptions   - backlog   - members",
            "messageBody": "",
            "fileTypesAndContributionMap": {
              "functional-code": {
                "insertions": 126,
                "deletions": 0
              },
              "test-code": {
                "insertions": 98,
                "deletions": 0
              }
            }
          },
          {
            "hash": "7f7f518fdff58393250528476c7c62c1f6bdc1b9",
            "messageTitle": "Change Project class and gitignore Project.java - Implements Jsonable for StorageManager - Fixed a potential setStartDate() issue",
            "messageBody": ".gitignore\n- Add ignore to data/ directory\n",
            "fileTypesAndContributionMap": {
              "functional-code": {
                "insertions": 41,
                "deletions": 2
              }
            }
          }
        ]
      },
      {
        "date": "2020-10-14",
        "commitResults": [
          {
            "hash": "66cc8ebfbe22c94e5d29f118e6afa1f2b1d6e77f",
            "messageTitle": "Change Task and ProjectBacklog - Task now includes the id corresponding to its index in ProjectBacklog - ProjectBacklog now updates the id of each task whenever it adds or removes a task",
            "messageBody": "",
            "fileTypesAndContributionMap": {
              "functional-code": {
                "insertions": 24,
                "deletions": 1
              }
            }
          },
          {
            "hash": "215f28819a893272bf29def64a1cf82bab53dfa1",
            "messageTitle": "Update model classes to Jsonable",
            "messageBody": "",
            "fileTypesAndContributionMap": {
              "functional-code": {
                "insertions": 238,
                "deletions": 23
              }
            }
          },
          {
            "hash": "bf753a82ba88c8ade5c4ee30788c0ed6b43ab2d3",
            "messageTitle": "Remove redundant class",
            "messageBody": "",
            "fileTypesAndContributionMap": {
              "functional-code": {
                "insertions": 0,
                "deletions": 21
              }
            }
          },
          {
            "hash": "b60acc529e33ea62d19e2618e86815b2b7a7314e",
            "messageTitle": "Fix JSON Bug in Task - Task now converts to JSON properly",
            "messageBody": "",
            "fileTypesAndContributionMap": {
              "functional-code": {
                "insertions": 2,
                "deletions": 1
              }
            }
          },
          {
            "hash": "011f1f95317d824f548125cffaf115100e8fbdef",
            "messageTitle": "Fix warnings - Fixed static members accessed via instance reference",
            "messageBody": "",
            "fileTypesAndContributionMap": {
              "functional-code": {
                "insertions": 3,
                "deletions": 3
              }
            }
          },
          {
            "hash": "3148e9cbae3be099501d71a5d179511860c32e78",
            "messageTitle": "Fix StorageManagerTest",
            "messageBody": "",
            "fileTypesAndContributionMap": {
              "test-code": {
                "insertions": 8,
                "deletions": 8
              }
            }
          }
        ]
      },
      {
        "date": "2020-10-15",
        "commitResults": [
          {
            "hash": "bed402cb3f995e9dd0074b92ffeb852a65550098",
            "messageTitle": "Change parser behavior on exit",
            "messageBody": "",
            "fileTypesAndContributionMap": {
              "functional-code": {
                "insertions": 8,
                "deletions": 1
              }
            }
          },
          {
            "hash": "748c78e904fb943f193519d29d52ec5caa30dead",
            "messageTitle": "Change main to load and save data on init and exit respectively",
            "messageBody": "",
            "fileTypesAndContributionMap": {
              "functional-code": {
                "insertions": 19,
                "deletions": 1
              }
            }
          },
          {
            "hash": "164601f03e87e91f1f4c7fddeeb8a7f6aaae58d3",
            "messageTitle": "Update toJson() methods",
            "messageBody": "",
            "fileTypesAndContributionMap": {
              "functional-code": {
                "insertions": 20,
                "deletions": 75
              }
            }
          },
          {
            "hash": "3eddb3440bbe2e2d46a0ad72b8d7f39ba620c819",
            "messageTitle": "Remove unused imports",
            "messageBody": "",
            "fileTypesAndContributionMap": {
              "functional-code": {
                "insertions": 0,
                "deletions": 8
              }
            }
          },
          {
            "hash": "f914e664256b4df0cf2bb554cecc04a2d0237201",
            "messageTitle": "Fix no projects error",
            "messageBody": "",
            "fileTypesAndContributionMap": {
              "functional-code": {
                "insertions": 4,
                "deletions": 0
              }
            }
          },
          {
            "hash": "13c15d3903812f6b661c7eecb5a428844e8d0197",
            "messageTitle": "Add load data file - Getters and setters are created for model classes to convert JSON to objects",
            "messageBody": "",
            "fileTypesAndContributionMap": {
              "functional-code": {
                "insertions": 328,
                "deletions": 60
              },
              "other": {
                "insertions": 0,
                "deletions": 1
              }
            }
          },
          {
            "hash": "31bde87ce5b6687afec249c33d8652e56eae5c0c",
            "messageTitle": "Update StorageManagerTest - test-data/ stores data file needed for testing - Currently storing test data files for StorageManagerTest",
            "messageBody": "",
            "fileTypesAndContributionMap": {
              "test-code": {
                "insertions": 43,
                "deletions": 46
              }
            }
          },
          {
            "hash": "bbc39225ae09474c5d61f0bc025813b4d4404de0",
            "messageTitle": "Update automated testing",
            "messageBody": "",
            "fileTypesAndContributionMap": {
              "functional-code": {
                "insertions": 3,
                "deletions": 1
              },
              "other": {
                "insertions": 7,
                "deletions": 0
              }
            }
          }
        ]
      }
    ],
    "e0426051": [
      {
        "date": "2020-10-04",
        "commitResults": [
          {
            "hash": "6d4909069f0cdcabb4888320d3ff058a5288a08e",
            "messageTitle": "Update AboutUs only.",
            "messageBody": "",
            "fileTypesAndContributionMap": {
              "docs": {
                "insertions": 2,
                "deletions": 1
              }
            }
          },
          {
            "hash": "2faf53688d30a3f419ffe0b397a904db57c882a9",
            "messageTitle": "Task code. Also have a parser for task functions. No methods to catch invalid inputs.",
            "messageBody": "",
            "fileTypesAndContributionMap": {
              "functional-code": {
                "insertions": 169,
                "deletions": 0
              }
            }
          }
        ]
      },
      {
        "date": "2020-10-07",
        "commitResults": [
          {
            "hash": "134f8cfe2bb50b8b52db3daaff5f8b296e04dec8",
            "messageTitle": "Removed taskrunner",
            "messageBody": "",
            "fileTypesAndContributionMap": {
              "functional-code": {
                "insertions": 0,
                "deletions": 102
              }
            }
          },
          {
            "hash": "8b2c8227eb4b9ba9985c6ae6456bd6f9ccf46ff8",
            "messageTitle": "Merged the tasks classes in scrumptious package into the main package.",
            "messageBody": "",
            "fileTypesAndContributionMap": {
              "functional-code": {
                "insertions": 35,
                "deletions": 56
              },
              "other": {
                "insertions": 1,
                "deletions": 1
              }
            }
          }
        ]
      },
      {
        "date": "2020-10-10",
        "commitResults": [
          {
            "hash": "5ef18212dc9e0385feb10c2bc60c93b4adeff573",
            "messageTitle": "Improved Gunit\u0027s task code, fixed errors and implemented relevant TaskRunner capabilities into code",
            "messageBody": "",
            "fileTypesAndContributionMap": {
              "functional-code": {
                "insertions": 116,
                "deletions": 88
              }
            }
          },
          {
            "hash": "08aa45b97fe3ed452762f43f5bddbfc625fbd4fc",
            "messageTitle": "Fixed gradle errors",
            "messageBody": "",
            "fileTypesAndContributionMap": {
              "functional-code": {
                "insertions": 7,
                "deletions": 7
              }
            }
          },
          {
            "hash": "3fc8353f10cafbc2fb9fce3447fe4d66d3cee3ac",
            "messageTitle": "Fixed more gradle errors",
            "messageBody": "",
            "fileTypesAndContributionMap": {
              "other": {
                "insertions": 0,
                "deletions": 1
              }
            }
          },
          {
            "hash": "f97cc33175cdd8d90c32bce9adf435491b787525",
            "messageTitle": "Gradle fix #2",
            "messageBody": "",
            "fileTypesAndContributionMap": {
              "other": {
                "insertions": 1,
                "deletions": 0
              }
            }
          }
        ]
      },
      {
        "date": "2020-10-11",
        "commitResults": [
          {
            "hash": "5dc16a9183e7e700d16587994a0f76da753f5066",
            "messageTitle": "Implemented Gunit\u0027s suggestion to use backlog.getTask(), and also removed the need to reverse the array during deletion",
            "messageBody": "",
            "fileTypesAndContributionMap": {
              "functional-code": {
                "insertions": 6,
                "deletions": 4
              }
            }
          },
          {
            "hash": "8125442addd3cbc1dd4ac49003b3b721b4ae3801",
            "messageTitle": "Implemented getTask() for all applicable lines.",
            "messageBody": "",
            "fileTypesAndContributionMap": {
              "functional-code": {
                "insertions": 7,
                "deletions": 7
              }
            }
          }
        ]
      },
      {
        "date": "2020-10-14",
        "commitResults": [
          {
            "hash": "f29cf06d27071f4274f89d8750d1572b63a81618",
            "messageTitle": "Added task subsection. Summary not updated.",
            "messageBody": "",
            "fileTypesAndContributionMap": {
              "docs": {
                "insertions": 212,
                "deletions": 233
              }
            }
          },
          {
            "hash": "7e7c1adc5aded03018b1f75aafbcec99dca545d2",
            "messageTitle": "Fixed indexing errors in tasks class",
            "messageBody": "",
            "fileTypesAndContributionMap": {
              "functional-code": {
                "insertions": 2,
                "deletions": 2
              }
            }
          }
        ]
      },
      {
        "date": "2020-10-15",
        "commitResults": [
          {
            "hash": "0ee083c6e93d5e65b992421d0664bf61b780cb26",
            "messageTitle": "Update UserGuide.md",
            "messageBody": "Fixes some formatting issues, and standardize formats",
            "fileTypesAndContributionMap": {
              "docs": {
                "insertions": 15,
                "deletions": 18
              }
            }
          }
        ]
      }
    ],
    "chocomango": [
      {
        "date": "2020-10-02",
        "commitResults": [
          {
            "hash": "e0510c2d039bed0810bf5ea537a9ba69f614bc52",
            "messageTitle": "Update README.md",
            "messageBody": "",
            "fileTypesAndContributionMap": {
              "docs": {
                "insertions": 4,
                "deletions": 0
              }
            }
          },
          {
            "hash": "d65cee13f50e02074f1d2e04059b2de1b82e6bee",
            "messageTitle": "Revert - Update README.md",
            "messageBody": "",
            "fileTypesAndContributionMap": {
              "docs": {
                "insertions": 0,
                "deletions": 4
              }
            }
          },
          {
            "hash": "a452b2d81726c3cfe7ac4744610df2d295b69924",
            "messageTitle": "Add personal details to AboutUs.md",
            "messageBody": "",
            "fileTypesAndContributionMap": {
              "docs": {
                "insertions": 2,
                "deletions": 6
              }
            }
          }
        ]
      },
      {
        "date": "2020-10-06",
        "commitResults": [
          {
            "hash": "118e3b14ec7058c15694cb040595e76f62964d54",
            "messageTitle": "Update README.md",
            "messageBody": "",
            "fileTypesAndContributionMap": {
              "docs": {
                "insertions": 4,
                "deletions": 0
              }
            }
          },
          {
            "hash": "c0cfe6d0f616488cf409094b18039d5bb0c1f0bb",
            "messageTitle": "Revert - Update README.md",
            "messageBody": "",
            "fileTypesAndContributionMap": {
              "docs": {
                "insertions": 0,
                "deletions": 4
              }
            }
          },
          {
            "hash": "fc5d6abe18c93bf16b6a610bb410fdc46abb216a",
            "messageTitle": "Add personal details to AboutUs.md",
            "messageBody": "",
            "fileTypesAndContributionMap": {
              "docs": {
                "insertions": 2,
                "deletions": 6
              }
            }
          }
        ]
      },
      {
        "date": "2020-10-11",
        "commitResults": [
          {
            "hash": "6787efde51cc7e8382770261f1dae2a27fc30ab2",
            "messageTitle": "Add support to allocate task to individual sprint",
            "messageBody": "",
            "fileTypesAndContributionMap": {
              "functional-code": {
                "insertions": 130,
                "deletions": 36
              }
            }
          },
          {
            "hash": "8eb9c39e432fbab28bb185432ecc42f08a4892cc",
            "messageTitle": "Add support to allocate sprint task to individual user",
            "messageBody": "",
            "fileTypesAndContributionMap": {
              "functional-code": {
                "insertions": 121,
                "deletions": 5
              }
            }
          },
          {
            "hash": "3107941325068bd3e21d5e7950e4b41ceda40998",
            "messageTitle": "Add support to delete sprint task",
            "messageBody": "",
            "fileTypesAndContributionMap": {
              "functional-code": {
                "insertions": 80,
                "deletions": 5
              }
            }
          }
        ]
      },
      {
        "date": "2020-10-12",
        "commitResults": [
          {
            "hash": "c97d06a59bfa8156c6c6a7a8eaf373c2f0152f22",
            "messageTitle": "Update naming of packages",
            "messageBody": "",
            "fileTypesAndContributionMap": {
              "functional-code": {
                "insertions": 5,
                "deletions": 6
              },
              "other": {
                "insertions": 35,
                "deletions": 38
              }
            }
          },
          {
            "hash": "fe2dab7eae02f6f0ccb7a9cb1ae562f4d1c50884",
            "messageTitle": "Delete merge conflicting files",
            "messageBody": "",
            "fileTypesAndContributionMap": {
              "functional-code": {
                "insertions": 0,
                "deletions": 131
              }
            }
          },
          {
            "hash": "5ade01ea1cc4531d32cd294cd58e1c17a4b6bda5",
            "messageTitle": "Remove unnecessary comments",
            "messageBody": "",
            "fileTypesAndContributionMap": {
              "functional-code": {
                "insertions": 10,
                "deletions": 8
              }
            }
          },
          {
            "hash": "590847ab0b4591a96b2bb878e45504134e07e707",
            "messageTitle": "Prepare file to standardise Ui class",
            "messageBody": "",
            "fileTypesAndContributionMap": {
              "functional-code": {
                "insertions": 243,
                "deletions": 216
              },
              "other": {
                "insertions": 3,
                "deletions": 5
              }
            }
          },
          {
            "hash": "613f8efc85ab7315a49f18a530aeaab96df9dae7",
            "messageTitle": "Update Ui class",
            "messageBody": "",
            "fileTypesAndContributionMap": {
              "functional-code": {
                "insertions": 66,
                "deletions": 67
              }
            }
          },
          {
            "hash": "60b499a43150cb831ad8007e1d5b639265728ca9",
            "messageTitle": "Remove usage of old Ui class",
            "messageBody": "",
            "fileTypesAndContributionMap": {
              "functional-code": {
                "insertions": 1,
                "deletions": 1
              }
            }
          },
          {
            "hash": "b6959d8ac5fef6bbf9459b04057b2fb9b9c11f76",
            "messageTitle": "Finalise new Ui",
            "messageBody": "",
            "fileTypesAndContributionMap": {
              "functional-code": {
                "insertions": 3,
                "deletions": 21
              }
            }
          },
          {
            "hash": "8a7a043d092d181fc91f41d32813530deea07bd9",
            "messageTitle": "Update structure of command package",
            "messageBody": "",
            "fileTypesAndContributionMap": {
              "functional-code": {
                "insertions": 8,
                "deletions": 99
              },
              "other": {
                "insertions": 3,
                "deletions": 3
              }
            }
          },
          {
            "hash": "d139f00efd3b606aafaf3817034f2e5b56867492",
            "messageTitle": "Update main runner class",
            "messageBody": "",
            "fileTypesAndContributionMap": {
              "functional-code": {
                "insertions": 26,
                "deletions": 3
              }
            }
          },
          {
            "hash": "f587ad351a436f88fa2347548065e97b4613f26d",
            "messageTitle": "Update text ui testing parameters",
            "messageBody": "",
            "fileTypesAndContributionMap": {
              "functional-code": {
                "insertions": 8,
                "deletions": 6
              },
              "other": {
                "insertions": 2,
                "deletions": 1
              }
            }
          },
          {
            "hash": "a0647183eda3d4bb0a13a750f2bbe94bf9a02121",
            "messageTitle": "Move Messages.java to Ui package",
            "messageBody": "",
            "fileTypesAndContributionMap": {
              "functional-code": {
                "insertions": 1,
                "deletions": 4
              },
              "other": {
                "insertions": 1,
                "deletions": 1
              }
            }
          }
        ]
      },
      {
        "date": "2020-10-13",
        "commitResults": [
          {
            "hash": "0329d9284df1735ab83f7832046d86834f812901",
            "messageTitle": "Update Sprint commands to use standardised Ui class",
            "messageBody": "",
            "fileTypesAndContributionMap": {
              "functional-code": {
                "insertions": 107,
                "deletions": 101
              }
            }
          }
        ]
      },
      {
        "date": "2020-10-14",
        "commitResults": [
          {
            "hash": "524522afcd59291a881d09128c09e0308e3b76e8",
            "messageTitle": "Update for classes to use the old Project class",
            "messageBody": "",
            "fileTypesAndContributionMap": {
              "functional-code": {
                "insertions": 69,
                "deletions": 28
              }
            }
          },
          {
            "hash": "81aff4489d825fecb37aa23aac580a9be6e6ee3f",
            "messageTitle": "Update classes to use the old Project class",
            "messageBody": "",
            "fileTypesAndContributionMap": {
              "functional-code": {
                "insertions": 11,
                "deletions": 17
              }
            }
          },
          {
            "hash": "8d79b2e512b16ca2aa4c8f10835ee2252a28a14e",
            "messageTitle": "Add integration of create/view sprint command with Parser",
            "messageBody": "",
            "fileTypesAndContributionMap": {
              "functional-code": {
                "insertions": 74,
                "deletions": 73
              }
            }
          },
          {
            "hash": "b49c035a6e080cec8ffaf78681275d9af9aaa31f",
            "messageTitle": "Update association of Member and Sprint with Tasks",
            "messageBody": "",
            "fileTypesAndContributionMap": {
              "functional-code": {
                "insertions": 75,
                "deletions": 62
              }
            }
          },
          {
            "hash": "a1b3bfad46e186e748881a0504987613e350de20",
            "messageTitle": "Update full integration of SprintCommands and parser (except DeleteCommand)",
            "messageBody": "",
            "fileTypesAndContributionMap": {
              "functional-code": {
                "insertions": 198,
                "deletions": 151
              }
            }
          },
          {
            "hash": "c21361c5073464bb7216eb448329381d90507635",
            "messageTitle": "Update integration of removeSprintTask command and parser",
            "messageBody": "",
            "fileTypesAndContributionMap": {
              "functional-code": {
                "insertions": 9,
                "deletions": 8
              }
            }
          },
          {
            "hash": "68d5274d300d8b76027ddfbaf2e9dd9b3808836a",
            "messageTitle": "Update on classes toString output",
            "messageBody": "",
            "fileTypesAndContributionMap": {
              "functional-code": {
                "insertions": 117,
                "deletions": 35
              }
            }
          },
          {
            "hash": "4f5d5ba550d6dd74b52affa5c4dcf3fd5362fbdb",
            "messageTitle": "Update on Text Ui testing scripts",
            "messageBody": "",
            "fileTypesAndContributionMap": {
              "functional-code": {
                "insertions": 19,
                "deletions": 3
              },
              "other": {
                "insertions": 25,
                "deletions": 1
              }
            }
          },
          {
            "hash": "e3b7781fa0280dfd24fd343ec1a7c1438fe6489b",
            "messageTitle": "Update again on Text Ui testing scripts",
            "messageBody": "",
            "fileTypesAndContributionMap": {
              "functional-code": {
                "insertions": 20,
                "deletions": 4
              }
            }
          }
        ]
      },
      {
        "date": "2020-10-15",
        "commitResults": [
          {
            "hash": "f561c0f36619f820cc4b04774f3c817e83ec87a7",
            "messageTitle": "Delete unnecessary comments",
            "messageBody": "",
            "fileTypesAndContributionMap": {
              "functional-code": {
                "insertions": 6,
                "deletions": 44
              }
            }
          },
          {
            "hash": "3cef1feec9d453019dec5f225945bea6e57e6c9f",
            "messageTitle": "Update the function that calculate difference in date",
            "messageBody": "",
            "fileTypesAndContributionMap": {
              "functional-code": {
                "insertions": 2,
                "deletions": 1
              }
            }
          },
          {
            "hash": "5d6a1b1207475f18413896d2e74dfc1b1cb4b5aa",
            "messageTitle": "Update on toString output for various classes",
            "messageBody": "",
            "fileTypesAndContributionMap": {
              "functional-code": {
                "insertions": 41,
                "deletions": 32
              }
            }
          },
          {
            "hash": "3cce79f1b75d55a523d16a0fe1c4a0882ad1a3b7",
            "messageTitle": "Update on task delete command to remove task from sprint as well",
            "messageBody": "",
            "fileTypesAndContributionMap": {
              "functional-code": {
                "insertions": 43,
                "deletions": 19
              }
            }
          },
          {
            "hash": "bca471c37f36762e410b3e23d5e44d7ef6e93fda",
            "messageTitle": "Update on text ui testing script",
            "messageBody": "",
            "fileTypesAndContributionMap": {
              "functional-code": {
                "insertions": 3,
                "deletions": 3
              },
              "other": {
                "insertions": 19,
                "deletions": 7
              }
            }
          },
          {
            "hash": "ffdf4b7f4f3540c1a8648da1ffd323ecf3cb87e1",
            "messageTitle": "Add JUnit test scripts for CreateSprint and AddSprintTask command",
            "messageBody": "",
            "fileTypesAndContributionMap": {
              "functional-code": {
                "insertions": 17,
                "deletions": 7
              },
              "test-code": {
                "insertions": 97,
                "deletions": 0
              }
            }
          },
          {
            "hash": "10652e5bd7f110c2ab1ecea661107688c7640433",
            "messageTitle": "Update again n Text Ui testing script",
            "messageBody": "",
            "fileTypesAndContributionMap": {
              "functional-code": {
                "insertions": 5,
                "deletions": 2
              },
              "other": {
                "insertions": 1,
                "deletions": 12
              }
            }
          },
          {
            "hash": "06debc8454496c598b24a594a45e7f2460880530",
            "messageTitle": "Update on toString output for sprints",
            "messageBody": "",
            "fileTypesAndContributionMap": {
              "functional-code": {
                "insertions": 3,
                "deletions": 3
              }
            }
          },
          {
            "hash": "40d35067c08b0e1d610e35417768916febae6a44",
            "messageTitle": "Add support for project check before sprint commands",
            "messageBody": "",
            "fileTypesAndContributionMap": {
              "functional-code": {
                "insertions": 22,
                "deletions": 2
              },
              "other": {
                "insertions": 1,
                "deletions": 1
              }
            }
          },
          {
            "hash": "4f432439742cfe6e91427bf25437a78e43778675",
            "messageTitle": "Update on code quality for Junit scripts",
            "messageBody": "",
            "fileTypesAndContributionMap": {
              "test-code": {
                "insertions": 8,
                "deletions": 8
              }
            }
          },
          {
            "hash": "5ab52159fb2dcf036b81e356a93fd013d27dc8ff",
            "messageTitle": "Update on Junit test script for CreateSprintCommand",
            "messageBody": "",
            "fileTypesAndContributionMap": {
              "functional-code": {
                "insertions": 1,
                "deletions": 1
              },
              "test-code": {
                "insertions": 1,
                "deletions": 1
              }
            }
          },
          {
            "hash": "1e267ad7b06dcb8d3c32ff8dc942b41b0e1cb6d1",
            "messageTitle": "Update again on Junit test script for CreateSprintCommand",
            "messageBody": "",
            "fileTypesAndContributionMap": {
              "functional-code": {
                "insertions": 1,
                "deletions": 1
              },
              "test-code": {
                "insertions": 8,
                "deletions": 7
              }
            }
          },
          {
            "hash": "05cbb8fd163213b4383e90a003fb172839288e3e",
            "messageTitle": "Update code quality on Junit test script",
            "messageBody": "",
            "fileTypesAndContributionMap": {
              "test-code": {
                "insertions": 1,
                "deletions": 0
              }
            }
          },
          {
            "hash": "a02d89d56841595abf2c5610d91bbce64fcda8dd",
            "messageTitle": "Remove Junit test script for CreateSprintCommand",
            "messageBody": "",
            "fileTypesAndContributionMap": {
              "test-code": {
                "insertions": 0,
                "deletions": 48
              }
            }
          },
          {
            "hash": "10aba8fb51fea483846e8f896b1e93580e60687b",
            "messageTitle": "Update Userguide of sprint commands and enable assertion",
            "messageBody": "",
            "fileTypesAndContributionMap": {
              "functional-code": {
                "insertions": 8,
                "deletions": 4
              },
              "other": {
                "insertions": 1,
                "deletions": 0
              },
              "docs": {
                "insertions": 76,
                "deletions": 52
              }
            }
          },
          {
            "hash": "e62907da5c65a07ab966bc09d496829c7b3e6086",
            "messageTitle": "Fix project creation output bug for printing the created project twice",
            "messageBody": "",
            "fileTypesAndContributionMap": {
              "functional-code": {
                "insertions": 1,
                "deletions": 2
              }
            }
          },
          {
            "hash": "c020d5a76a55b5d1fbf6176409b77ddd4fc2500e",
            "messageTitle": "Update user guide",
            "messageBody": "",
            "fileTypesAndContributionMap": {
              "docs": {
                "insertions": 47,
                "deletions": 47
              }
            }
          },
          {
            "hash": "0e1017c7ff71c59f5cae5e6019ffe9730e177eb7",
            "messageTitle": "Update on exception catching project command",
            "messageBody": "",
            "fileTypesAndContributionMap": {
              "functional-code": {
                "insertions": 1,
                "deletions": 5
              },
              "docs": {
                "insertions": 4,
                "deletions": 4
              }
            }
          },
          {
            "hash": "0721bcdd3570c0f279df095e890a3ecab8a891c0",
            "messageTitle": "Add some error processing for invalid parameters",
            "messageBody": "",
            "fileTypesAndContributionMap": {
              "functional-code": {
                "insertions": 42,
                "deletions": 2
              }
            }
          },
          {
            "hash": "0bc10ee6271ee0c1cf4319d2897c284a5bb0474c",
            "messageTitle": "Add more error processing for invalid parameters",
            "messageBody": "",
            "fileTypesAndContributionMap": {
              "functional-code": {
                "insertions": 16,
                "deletions": 0
              }
            }
          },
          {
            "hash": "6fe0bf44afa51ffd4645a7f3832fbf400afd806e",
            "messageTitle": "Update on code quality",
            "messageBody": "",
            "fileTypesAndContributionMap": {
              "functional-code": {
                "insertions": 2,
                "deletions": 2
              }
            }
          },
          {
            "hash": "d44b2f76aa637eb511073a709ba7443d0af9385f",
            "messageTitle": "Add assertion",
            "messageBody": "",
            "fileTypesAndContributionMap": {
              "functional-code": {
                "insertions": 2,
                "deletions": 0
              }
            }
          }
        ]
      },
      {
        "date": "2020-10-16",
        "commitResults": [
          {
            "hash": "5fa4673dd520b0a3987d162108da0ad930090425",
            "messageTitle": "Add more assertion",
            "messageBody": "",
            "fileTypesAndContributionMap": {
              "functional-code": {
                "insertions": 5,
                "deletions": 2
              }
            }
          },
          {
            "hash": "3fef89b55b0820d2e2d7c7d4722b1a9c0247ecb8",
            "messageTitle": "Update on assertion",
            "messageBody": "",
            "fileTypesAndContributionMap": {
              "functional-code": {
                "insertions": 1,
                "deletions": 1
              }
            }
          },
          {
            "hash": "702fd3f318a32580af54c95fdd1bd2459810ec4d",
            "messageTitle": "Add test logger",
            "messageBody": "",
            "fileTypesAndContributionMap": {
              "functional-code": {
                "insertions": 12,
                "deletions": 5
              }
            }
          }
        ]
      }
    ]
  },
  "authorFileTypeContributionMap": {
    "homingjun": {
      "docs": 93,
      "functional-code": 226,
      "test-code": 22
    },
    "gmit22": {
      "docs": 23,
      "functional-code": 470,
      "test-code": 69,
      "other": 2
    },
    "keke101": {
      "docs": 3,
      "functional-code": 679,
      "test-code": 95,
      "other": 8
    },
    "e0426051": {
      "docs": 46,
      "functional-code": 43,
      "test-code": 0
    },
    "chocomango": {
      "docs": 113,
      "functional-code": 1099,
      "test-code": 51,
      "other": 28
    }
  },
  "authorContributionVariance": {
    "homingjun": 18971.25,
    "gmit22": 117733.664,
    "keke101": 24846.248,
    "e0426051": 12977.128,
    "chocomango": 113522.55
  },
  "authorDisplayNameMap": {
    "homingjun": "CS2113T-F11-4 HO M.. JUN",
    "gmit22": "CS2113T-F11-4 GUNI..TTAL",
    "keke101": "CS2113T-F11-4 WONG.. WEI",
    "e0426051": "CS2113T-F11-4 ZHAO..IANG",
    "chocomango": "CS2113T-F11-4 CHAN..LING"
  }
}
