{
  "authorDailyContributionsMap": {
    "yeapcl": [
      {
        "date": "2020-10-03",
        "commitResults": [
          {
            "hash": "e27241abed9997e6e44570abb6ec89223a755932",
            "messageTitle": "Created functional skeleton for tP. Added app logo, Ui class, TimeTable class, Storage class, Parser class, Exception class, Command abstract class",
            "messageBody": "",
            "fileTypesAndContributionMap": {
              "functional-code": {
                "insertions": 859,
                "deletions": 3
              },
              "other": {
                "insertions": 0,
                "deletions": 0
              },
              "docs": {
                "insertions": 1,
                "deletions": 1
              }
            }
          }
        ]
      },
      {
        "date": "2020-10-05",
        "commitResults": [
          {
            "hash": "36f1ce913272269d91a4e9efbdbcc4fe4e10706c",
            "messageTitle": "Further refined code to meet checkStyle requirements",
            "messageBody": "",
            "fileTypesAndContributionMap": {
              "functional-code": {
                "insertions": 38,
                "deletions": 24
              },
              "other": {
                "insertions": 2,
                "deletions": 0
              }
            }
          },
          {
            "hash": "da1739ad56398f9c8b1de0e6f05ccf45c1984bc6",
            "messageTitle": "modified text-ui-test",
            "messageBody": "",
            "fileTypesAndContributionMap": {
              "other": {
                "insertions": 1,
                "deletions": 3
              },
              "test-code": {
                "insertions": 2,
                "deletions": 2
              }
            }
          },
          {
            "hash": "aafac886d890d559fad1557b84d4a84856a7d37d",
            "messageTitle": "modified text-ui-test for Windows environment",
            "messageBody": "",
            "fileTypesAndContributionMap": {
              "other": {
                "insertions": 1,
                "deletions": 1
              }
            }
          },
          {
            "hash": "175fafcf1f5bb83b58b5d51a17b740466fcec297",
            "messageTitle": "temporarily removed test script for windows",
            "messageBody": "",
            "fileTypesAndContributionMap": {
              "other": {
                "insertions": 0,
                "deletions": 19
              }
            }
          }
        ]
      },
      {
        "date": "2020-10-13",
        "commitResults": [
          {
            "hash": "8320d30560f6b9bfbb1eb4cc4781f0b480bb4fed",
            "messageTitle": "1. Improve coding standards: changed string comparison from \u0027\u003d\u003d\u0027 to \u0027.equal\u0027 2. Date is no longer case sensitive 3. Changed Timetable class type from Object type to Event type",
            "messageBody": "",
            "fileTypesAndContributionMap": {
              "functional-code": {
                "insertions": 18,
                "deletions": 18
              }
            }
          }
        ]
      },
      {
        "date": "2020-10-14",
        "commitResults": [
          {
            "hash": "14d235d9d5ecceef1df10683b50710e06c171505",
            "messageTitle": "added Edit feature and minor code improvement",
            "messageBody": "",
            "fileTypesAndContributionMap": {
              "functional-code": {
                "insertions": 56,
                "deletions": 5
              }
            }
          },
          {
            "hash": "c16b6c676dae6eb053a528e96ceb9d36f283b748",
            "messageTitle": "updated test cases to be more comprehensive",
            "messageBody": "",
            "fileTypesAndContributionMap": {
              "other": {
                "insertions": 23,
                "deletions": 1
              }
            }
          },
          {
            "hash": "313ffb9fecfc2917500eeaee0c76e33d49b566ad",
            "messageTitle": "Implemented assertion for EditCommand.java",
            "messageBody": "",
            "fileTypesAndContributionMap": {
              "functional-code": {
                "insertions": 4,
                "deletions": 0
              }
            }
          },
          {
            "hash": "951a4de7a2f73c41b4f31e2aaffb3f90db85674e",
            "messageTitle": "Added JUnit",
            "messageBody": "",
            "fileTypesAndContributionMap": {
              "test-code": {
                "insertions": 20,
                "deletions": 0
              }
            }
          },
          {
            "hash": "d6ab2a2f5442085560a42bb062e47ae721a96aad",
            "messageTitle": "Fixed checkstyle for Test",
            "messageBody": "",
            "fileTypesAndContributionMap": {
              "test-code": {
                "insertions": 1,
                "deletions": 0
              }
            }
          },
          {
            "hash": "3e037281820209728dc4740ee28fe85ea4a3c94a",
            "messageTitle": "prepare for JAR build, code clean up",
            "messageBody": "",
            "fileTypesAndContributionMap": {
              "functional-code": {
                "insertions": 0,
                "deletions": 5
              }
            }
          },
          {
            "hash": "f834f3b3aed0fc28af9e8d9e1978dbe5b42f68c8",
            "messageTitle": "refactor code",
            "messageBody": "",
            "fileTypesAndContributionMap": {
              "functional-code": {
                "insertions": 5,
                "deletions": 5
              }
            }
          },
          {
            "hash": "7d3b82948b7ac13eaf3f733b5341381da10ef3f7",
            "messageTitle": "fixed checkstyle error",
            "messageBody": "",
            "fileTypesAndContributionMap": {
              "functional-code": {
                "insertions": 2,
                "deletions": 1
              }
            }
          },
          {
            "hash": "23df43fdf22de78758add0d0eec77bfbe66eab10",
            "messageTitle": "improved comparison logic updated test cases",
            "messageBody": "",
            "fileTypesAndContributionMap": {
              "functional-code": {
                "insertions": 5,
                "deletions": 5
              }
            }
          }
        ]
      }
    ],
    "tammykoh": [
      {
        "date": "2020-10-01",
        "commitResults": [
          {
            "hash": "5c4667a5fba2c27a51858de8a93692905691a3b8",
            "messageTitle": "Updated AboutUs",
            "messageBody": "",
            "fileTypesAndContributionMap": {
              "docs": {
                "insertions": 1,
                "deletions": 1
              }
            }
          }
        ]
      },
      {
        "date": "2020-10-11",
        "commitResults": [
          {
            "hash": "7138ea6230396e5ca063cfdba9a3966e4caf9122",
            "messageTitle": "Created a List Command that users can use to see all their classes in that day",
            "messageBody": "",
            "fileTypesAndContributionMap": {
              "functional-code": {
                "insertions": 81,
                "deletions": 26
              }
            }
          }
        ]
      },
      {
        "date": "2020-10-12",
        "commitResults": [
          {
            "hash": "928e4aa0627520ce77618c2fc433fa8dd5ca2eb7",
            "messageTitle": "Added empty description check for list command Corrected coding style",
            "messageBody": "",
            "fileTypesAndContributionMap": {
              "functional-code": {
                "insertions": 34,
                "deletions": 25
              }
            }
          },
          {
            "hash": "fe7edcd839f49d34bd1b60256ea4f5c723913972",
            "messageTitle": "Delete function implemented User can delete a class from a day in the timetable",
            "messageBody": "",
            "fileTypesAndContributionMap": {
              "functional-code": {
                "insertions": 94,
                "deletions": 26
              }
            }
          },
          {
            "hash": "590a21da67fc34b4a1537a20a63bdf5d2de4e3d8",
            "messageTitle": "Removed unused imported statements",
            "messageBody": "",
            "fileTypesAndContributionMap": {
              "functional-code": {
                "insertions": 1,
                "deletions": 8
              }
            }
          },
          {
            "hash": "bdafcd492bbd8f653725d0e6d0f73c0463f7faa2",
            "messageTitle": "User can use \u0027clear\u0027 command to clear everything in their timetable on a certain day",
            "messageBody": "",
            "fileTypesAndContributionMap": {
              "functional-code": {
                "insertions": 104,
                "deletions": 6
              }
            }
          }
        ]
      },
      {
        "date": "2020-10-13",
        "commitResults": [
          {
            "hash": "9e8806fa44092c851ec6f386c1740b41f6fa9753",
            "messageTitle": "Changed Timetable class so that 1 function will handle getting all the timetable",
            "messageBody": "",
            "fileTypesAndContributionMap": {
              "functional-code": {
                "insertions": 44,
                "deletions": 145
              }
            }
          }
        ]
      },
      {
        "date": "2020-10-18",
        "commitResults": [
          {
            "hash": "c89849ea067c51440a1d6fac4d69deaffd86ad11",
            "messageTitle": "Generated Test for Parser.java to test input commands",
            "messageBody": "",
            "fileTypesAndContributionMap": {
              "test-code": {
                "insertions": 61,
                "deletions": 0
              }
            }
          },
          {
            "hash": "41b4c98991e4ae47344318cb6cdda329735b31aa",
            "messageTitle": "Included more test for Parser.java",
            "messageBody": "",
            "fileTypesAndContributionMap": {
              "test-code": {
                "insertions": 28,
                "deletions": 0
              }
            }
          },
          {
            "hash": "646a4e84d15f8b74ed7f20c5a3fa11963304c6ce",
            "messageTitle": "Changed \u0027try,catch\u0027 in parse_listCommand_parsedCorrectly() to throw DukeException",
            "messageBody": "",
            "fileTypesAndContributionMap": {
              "test-code": {
                "insertions": 2,
                "deletions": 6
              }
            }
          }
        ]
      },
      {
        "date": "2020-10-19",
        "commitResults": [
          {
            "hash": "38ddfaaed423b98f5540e761ef44116f59d30e7c",
            "messageTitle": "Fixed coding to pass checkstyleTest",
            "messageBody": "",
            "fileTypesAndContributionMap": {
              "test-code": {
                "insertions": 2,
                "deletions": 1
              }
            }
          }
        ]
      }
    ],
    "manuelmanuntag96": [
      {
        "date": "2020-10-01",
        "commitResults": [
          {
            "hash": "e3ab6fd9ef9f5ffaea6346ac25139ea5e059152b",
            "messageTitle": "Updated AboutUs.md",
            "messageBody": "Added my name, github, and portfolio details\n",
            "fileTypesAndContributionMap": {
              "docs": {
                "insertions": 1,
                "deletions": 1
              }
            }
          }
        ]
      },
      {
        "date": "2020-10-07",
        "commitResults": [
          {
            "hash": "b234a1d173f9ade58bfee4549557a3615cc9d5b7",
            "messageTitle": "Edit Skeleton Code for tP",
            "messageBody": "",
            "fileTypesAndContributionMap": {
              "functional-code": {
                "insertions": 327,
                "deletions": 302
              }
            }
          }
        ]
      },
      {
        "date": "2020-10-08",
        "commitResults": [
          {
            "hash": "75dcb991f3cccd3b7aa7876984e51793667ffdff",
            "messageTitle": "More Edits to the Skeleton Code",
            "messageBody": "Created a Timetable Class to combine all the 7 timetables into 1\n",
            "fileTypesAndContributionMap": {
              "functional-code": {
                "insertions": 57,
                "deletions": 38
              }
            }
          },
          {
            "hash": "723fa83d23c16dd1c414a2ba19461a9bb531577a",
            "messageTitle": "Passed gradlew checkstylemain",
            "messageBody": "",
            "fileTypesAndContributionMap": {
              "functional-code": {
                "insertions": 54,
                "deletions": 54
              }
            }
          },
          {
            "hash": "b606c371b8839691c9fe23cab8c062d567919148",
            "messageTitle": "Fixed runtest(.bat/.sh)",
            "messageBody": "",
            "fileTypesAndContributionMap": {
              "other": {
                "insertions": 19,
                "deletions": 0
              }
            }
          },
          {
            "hash": "f3e2b58ed67274ba60e7584d7913aab4097cb3c7",
            "messageTitle": "Fixed runtest.bat",
            "messageBody": "Logo Error\n",
            "fileTypesAndContributionMap": {
              "functional-code": {
                "insertions": 6,
                "deletions": 6
              }
            }
          },
          {
            "hash": "59f41f1655c4d9bb8915e47c35e9cde90fc19d4a",
            "messageTitle": "Fixed Logo Setup Skeleton Code",
            "messageBody": "",
            "fileTypesAndContributionMap": {
              "functional-code": {
                "insertions": 3,
                "deletions": 5
              }
            }
          }
        ]
      },
      {
        "date": "2020-10-09",
        "commitResults": [
          {
            "hash": "53d568742dafa83869b5c514d3b934f74d66a896",
            "messageTitle": "Edit Duke.java for Login Feature",
            "messageBody": "",
            "fileTypesAndContributionMap": {
              "functional-code": {
                "insertions": 11,
                "deletions": 4
              }
            }
          },
          {
            "hash": "80f41aaadfa7de8948ed710d46e87531cdf813b5",
            "messageTitle": "Edit Bye.java for UserList ArrayList",
            "messageBody": "",
            "fileTypesAndContributionMap": {
              "functional-code": {
                "insertions": 2,
                "deletions": 1
              }
            }
          },
          {
            "hash": "943d0b67fa3e0869b1ea61a637eb0e02d50bba1c",
            "messageTitle": "Edit Command.java for Login Feature",
            "messageBody": "",
            "fileTypesAndContributionMap": {
              "functional-code": {
                "insertions": 9,
                "deletions": 2
              }
            }
          },
          {
            "hash": "bd9ddc467e1e8a5cf4dee9aba0099949a05fdab3",
            "messageTitle": "Commented out Delete.java",
            "messageBody": "",
            "fileTypesAndContributionMap": {
              "functional-code": {
                "insertions": 17,
                "deletions": 17
              }
            }
          },
          {
            "hash": "9d4ab8d64da56e4c7420cdf543b007b1dbd672d4",
            "messageTitle": "Commented out FindCommand.java",
            "messageBody": "",
            "fileTypesAndContributionMap": {
              "functional-code": {
                "insertions": 19,
                "deletions": 19
              }
            }
          },
          {
            "hash": "e6379c39b109cb1d360ac935d06f9397dba966a1",
            "messageTitle": "Commented out ListCommand.java",
            "messageBody": "",
            "fileTypesAndContributionMap": {
              "functional-code": {
                "insertions": 12,
                "deletions": 12
              }
            }
          },
          {
            "hash": "e6a4ba04d7f8e1a8414445866044cede34ecfdfc",
            "messageTitle": "Edit Parser.java for Login Feature",
            "messageBody": "",
            "fileTypesAndContributionMap": {
              "functional-code": {
                "insertions": 32,
                "deletions": 10
              }
            }
          },
          {
            "hash": "62bf3c22cf5dc04478b8223ab2857439e33568d7",
            "messageTitle": "Edit Ui.java for Login Feature",
            "messageBody": "",
            "fileTypesAndContributionMap": {
              "functional-code": {
                "insertions": 5,
                "deletions": 0
              }
            }
          },
          {
            "hash": "4bd58e9ca2546c06eb6d5a30b208baa40186a7c7",
            "messageTitle": "Implemented Login Feature",
            "messageBody": "",
            "fileTypesAndContributionMap": {
              "functional-code": {
                "insertions": 69,
                "deletions": 0
              },
              "other": {
                "insertions": 11,
                "deletions": 3
              }
            }
          },
          {
            "hash": "ddc01bc1bf179c2a45cd5a01a7682fc29fe0bede",
            "messageTitle": "Edited runtest.bat for Feature 1",
            "messageBody": "",
            "fileTypesAndContributionMap": {
              "other": {
                "insertions": 1,
                "deletions": 0
              }
            }
          }
        ]
      },
      {
        "date": "2020-10-13",
        "commitResults": [
          {
            "hash": "373c10837e8c7525471be28062dd015cc891433e",
            "messageTitle": "Feature 1 Edit",
            "messageBody": "Fixed the Relog-in Process\n",
            "fileTypesAndContributionMap": {
              "functional-code": {
                "insertions": 26,
                "deletions": 4
              }
            }
          },
          {
            "hash": "d8ca128bdb5af9930752d0286f07422969b09da4",
            "messageTitle": "Passed Gradle CheckStyle",
            "messageBody": "",
            "fileTypesAndContributionMap": {
              "functional-code": {
                "insertions": 2,
                "deletions": 2
              }
            }
          }
        ]
      },
      {
        "date": "2020-10-14",
        "commitResults": [
          {
            "hash": "c65d15c086cb61f41bb12bbca1fa18c2f950c43b",
            "messageTitle": "Implemented Logging for LogInCommand.java",
            "messageBody": "",
            "fileTypesAndContributionMap": {
              "functional-code": {
                "insertions": 32,
                "deletions": 3
              }
            }
          },
          {
            "hash": "d1a039c3410a1a445c74fa1a0ece0e5c394c6b5e",
            "messageTitle": "Implemented some assertions in LogInCommand",
            "messageBody": "",
            "fileTypesAndContributionMap": {
              "functional-code": {
                "insertions": 5,
                "deletions": 1
              }
            }
          },
          {
            "hash": "e2a47147de88a89ed91afd88437b20478cad8ecb",
            "messageTitle": "Edited Assertion code",
            "messageBody": "",
            "fileTypesAndContributionMap": {
              "functional-code": {
                "insertions": 1,
                "deletions": 1
              }
            }
          },
          {
            "hash": "1c46ba004c2976c334f83a4f7393081a250ca0d3",
            "messageTitle": "Implemented some JUnit Test for UserList.java",
            "messageBody": "",
            "fileTypesAndContributionMap": {
              "test-code": {
                "insertions": 17,
                "deletions": 0
              }
            }
          },
          {
            "hash": "4e4555ced1881c84b9b41336400e9550e82a82e7",
            "messageTitle": "Edit UserListTest.java",
            "messageBody": "",
            "fileTypesAndContributionMap": {
              "test-code": {
                "insertions": 1,
                "deletions": 0
              }
            }
          }
        ]
      },
      {
        "date": "2020-10-21",
        "commitResults": [
          {
            "hash": "8da9c44bbe6996b3a337c29b9b8d5e2528b2b5b9",
            "messageTitle": "Updated for 6-digit Password",
            "messageBody": "",
            "fileTypesAndContributionMap": {
              "other": {
                "insertions": 3,
                "deletions": 3
              },
              "docs": {
                "insertions": 3,
                "deletions": 3
              }
            }
          },
          {
            "hash": "a33b2628ba5dbecc239c6bbe2be5b0c9bbcd82dd",
            "messageTitle": "Added more JUnit tests for UserListTest.java",
            "messageBody": "",
            "fileTypesAndContributionMap": {
              "test-code": {
                "insertions": 11,
                "deletions": 1
              }
            }
          },
          {
            "hash": "bcf8077265c1c6a1084779c815350103bc083747",
            "messageTitle": "Implemented the 6-digit integer limit to passwords",
            "messageBody": "",
            "fileTypesAndContributionMap": {
              "functional-code": {
                "insertions": 6,
                "deletions": 0
              }
            }
          },
          {
            "hash": "09cbd46cf44a74e42ca0c1af824b466cc88d2490",
            "messageTitle": "corrected the parse_loginCommand_parsedCorrectly() inputs",
            "messageBody": "",
            "fileTypesAndContributionMap": {
              "test-code": {
                "insertions": 1,
                "deletions": 1
              }
            }
          }
        ]
      }
    ],
    "yellow-fellow": [
      {
        "date": "2020-10-13",
        "commitResults": [
          {
            "hash": "41e4c81b4645e7dcd1ad3869058ae795329cd31d",
            "messageTitle": "Added CompareCommand.java",
            "messageBody": "",
            "fileTypesAndContributionMap": {
              "functional-code": {
                "insertions": 127,
                "deletions": 1
              }
            }
          },
          {
            "hash": "85caa556ed2595efbf6fa3515a14dedf46d027ca",
            "messageTitle": "gradle checkstyleMain",
            "messageBody": "",
            "fileTypesAndContributionMap": {
              "functional-code": {
                "insertions": 44,
                "deletions": 46
              }
            }
          }
        ]
      },
      {
        "date": "2020-10-22",
        "commitResults": [
          {
            "hash": "d5245e6afa0ec3d7b2ed1fc973919352d1b8e5a1",
            "messageTitle": "Updated Compare Command output logic",
            "messageBody": "",
            "fileTypesAndContributionMap": {
              "functional-code": {
                "insertions": 43,
                "deletions": 7
              },
              "docs": {
                "insertions": 1,
                "deletions": 1
              }
            }
          }
        ]
      }
    ],
    "weisiong24": [
      {
        "date": "2020-10-01",
        "commitResults": [
          {
            "hash": "a75c80f8c7bb5477ee68c59da5d33f7c178a5256",
            "messageTitle": "Updated AboutUs",
            "messageBody": "",
            "fileTypesAndContributionMap": {
              "docs": {
                "insertions": 1,
                "deletions": 1
              }
            }
          }
        ]
      },
      {
        "date": "2020-10-09",
        "commitResults": [
          {
            "hash": "e9f97e7d8ca8cf370b0e7cfec35464f4985645af",
            "messageTitle": "WeiSiong-Features2 updatedDuke",
            "messageBody": "",
            "fileTypesAndContributionMap": {
              "functional-code": {
                "insertions": 9,
                "deletions": 3
              }
            }
          },
          {
            "hash": "854b7eaab6288c4fda6fc251068039c7d06a14c7",
            "messageTitle": "Weisiong-Feature2 updatedclass",
            "messageBody": "",
            "fileTypesAndContributionMap": {
              "functional-code": {
                "insertions": 14,
                "deletions": 4
              }
            }
          },
          {
            "hash": "703769df5d7c7579683372bb88280266fde8ef0d",
            "messageTitle": "Weisiong-feature2:UpdatedCommands",
            "messageBody": "",
            "fileTypesAndContributionMap": {
              "functional-code": {
                "insertions": 23,
                "deletions": 0
              }
            }
          },
          {
            "hash": "e8b905af2cc5ab61833d1812d53d46b12fb9344c",
            "messageTitle": "Weisiong-Feature2:UpdatedClass",
            "messageBody": "",
            "fileTypesAndContributionMap": {
              "functional-code": {
                "insertions": 42,
                "deletions": 12
              }
            }
          },
          {
            "hash": "a6cec49d76b97c77f87d09aa250e420c7a837e71",
            "messageTitle": "WeiSiong-Feature2:AddFeature",
            "messageBody": "",
            "fileTypesAndContributionMap": {
              "functional-code": {
                "insertions": 69,
                "deletions": 0
              }
            }
          }
        ]
      },
      {
        "date": "2020-10-10",
        "commitResults": [
          {
            "hash": "6d87cb7393f6b5cb3959a20beee3dca49a6bfdef",
            "messageTitle": "updated .SH file for Features2",
            "messageBody": "",
            "fileTypesAndContributionMap": {
              "other": {
                "insertions": 1,
                "deletions": 1
              }
            }
          },
          {
            "hash": "c6cf8e8f9964cac38821297944797a1eab80dbcc",
            "messageTitle": "Updated .sh for Features2",
            "messageBody": "",
            "fileTypesAndContributionMap": {
              "other": {
                "insertions": 1,
                "deletions": 1
              }
            }
          },
          {
            "hash": "ade692669359e05f3697ab9adffebbb601a6a4a1",
            "messageTitle": "Updated Weisiong Feature2:Add",
            "messageBody": "",
            "fileTypesAndContributionMap": {
              "functional-code": {
                "insertions": 10,
                "deletions": 10
              }
            }
          },
          {
            "hash": "599b4187ab1dad108f99af04e17e3fc9653d12fb",
            "messageTitle": "Updated WeiSiong Feature2",
            "messageBody": "",
            "fileTypesAndContributionMap": {
              "other": {
                "insertions": 2,
                "deletions": 1
              }
            }
          },
          {
            "hash": "dd959e683c272b24ebc6ce5484b3e85bf2db602f",
            "messageTitle": "Updated weisiongFeatue2:Add",
            "messageBody": "",
            "fileTypesAndContributionMap": {
              "functional-code": {
                "insertions": 1,
                "deletions": 2
              }
            }
          },
          {
            "hash": "a1e5cd36962326ff2c2a260954e3bd40280e1272",
            "messageTitle": "Updated Weisiong Feature2:Add",
            "messageBody": "",
            "fileTypesAndContributionMap": {
              "other": {
                "insertions": 1,
                "deletions": 2
              }
            }
          },
          {
            "hash": "3803066773a7bb2932ded856515c35e2e51f1bec",
            "messageTitle": "Updated the weisiong-Feature 2:Add Feature",
            "messageBody": "",
            "fileTypesAndContributionMap": {
              "functional-code": {
                "insertions": 2,
                "deletions": 2
              }
            }
          }
        ]
      },
      {
        "date": "2020-10-14",
        "commitResults": [
          {
            "hash": "68d9188bc0a9c2e6da878cf53263d2c6344d9057",
            "messageTitle": "Updated Logging and Assertion for weisiong Features 2:AddFunction",
            "messageBody": "",
            "fileTypesAndContributionMap": {
              "functional-code": {
                "insertions": 37,
                "deletions": 1
              },
              "other": {
                "insertions": 4,
                "deletions": 0
              }
            }
          },
          {
            "hash": "608a3cbf2fc8f8740e96826e7f91334f2a922671",
            "messageTitle": "Update build.gradle",
            "messageBody": "",
            "fileTypesAndContributionMap": {
              "other": {
                "insertions": 0,
                "deletions": 4
              }
            }
          },
          {
            "hash": "77078cea006290e197d2265b06840538870c3fbd",
            "messageTitle": "added log and assert",
            "messageBody": "",
            "fileTypesAndContributionMap": {
              "functional-code": {
                "insertions": 36,
                "deletions": 1
              }
            }
          },
          {
            "hash": "45fd0b0d10556a1afd894a4324e2dd8344f219ba",
            "messageTitle": "Added Junit Testing for weisiong Featur2:Add",
            "messageBody": "",
            "fileTypesAndContributionMap": {
              "test-code": {
                "insertions": 21,
                "deletions": 0
              }
            }
          }
        ]
      },
      {
        "date": "2020-10-20",
        "commitResults": [
          {
            "hash": "b5244877c74bbd34014e309258fb0a1ba81df4ab",
            "messageTitle": "Update DeveloperGuide.md",
            "messageBody": "",
            "fileTypesAndContributionMap": {
              "docs": {
                "insertions": 3,
                "deletions": 2
              }
            }
          },
          {
            "hash": "ff33bd835c7cddc2ac4a545abb8e53d79e73f985",
            "messageTitle": "Update DeveloperGuide.md",
            "messageBody": "",
            "fileTypesAndContributionMap": {
              "docs": {
                "insertions": 3,
                "deletions": 3
              }
            }
          },
          {
            "hash": "1e67a967290793dea45b9b455e88838553c0b255",
            "messageTitle": "Update DeveloperGuide.md",
            "messageBody": "",
            "fileTypesAndContributionMap": {
              "docs": {
                "insertions": 24,
                "deletions": 0
              }
            }
          },
          {
            "hash": "16c93766c86c1324bbc07f8a51fa03162c1b1133",
            "messageTitle": "Update DeveloperGuide.md",
            "messageBody": "",
            "fileTypesAndContributionMap": {
              "docs": {
                "insertions": 24,
                "deletions": 24
              }
            }
          },
          {
            "hash": "5cb31895ea4f06dd778316abdb68db3b53aee37d",
            "messageTitle": "Update DeveloperGuide.md",
            "messageBody": "",
            "fileTypesAndContributionMap": {
              "docs": {
                "insertions": 24,
                "deletions": 24
              }
            }
          },
          {
            "hash": "99378f0f434e5fae55760c172103ddd727e3599b",
            "messageTitle": "Update DeveloperGuide.md",
            "messageBody": "",
            "fileTypesAndContributionMap": {
              "docs": {
                "insertions": 8,
                "deletions": 2
              }
            }
          },
          {
            "hash": "4a8e36820144117ed3e808f2d1b7d74a657cba80",
            "messageTitle": "Update README.md",
            "messageBody": "",
            "fileTypesAndContributionMap": {
              "docs": {
                "insertions": 2,
                "deletions": 2
              }
            }
          },
          {
            "hash": "750004f17de7c54a85199212db349517ad807197",
            "messageTitle": "Update DeveloperGuide.md",
            "messageBody": "",
            "fileTypesAndContributionMap": {
              "docs": {
                "insertions": 23,
                "deletions": 13
              }
            }
          },
          {
            "hash": "41c1bc537f9ce49123d49bb25ea6b7df5074c7a5",
            "messageTitle": "Update DeveloperGuide.md",
            "messageBody": "",
            "fileTypesAndContributionMap": {
              "docs": {
                "insertions": 2,
                "deletions": 2
              }
            }
          }
        ]
      },
      {
        "date": "2020-10-24",
        "commitResults": [
          {
            "hash": "20d1ec19db6d2d3aa3fba83e1cebf5578268d261",
            "messageTitle": "Updated witth v2.0Feature11 Collision detection by weisiong",
            "messageBody": "",
            "fileTypesAndContributionMap": {
              "functional-code": {
                "insertions": 86,
                "deletions": 11
              },
              "docs": {
                "insertions": 20,
                "deletions": 6
              }
            }
          }
        ]
      }
    ]
  },
  "authorFileTypeContributionMap": {
    "yeapcl": {
      "docs": 1,
      "functional-code": 521,
      "test-code": 23,
      "other": 21
    },
    "tammykoh": {
      "docs": 1,
      "functional-code": 224,
      "test-code": 85
    },
    "manuelmanuntag96": {
      "docs": 1,
      "functional-code": 555,
      "test-code": 29,
      "other": 4
    },
    "yellow-fellow": {
      "docs": 1,
      "functional-code": 156,
      "test-code": 0
    },
    "weisiong24": {
      "docs": 64,
      "functional-code": 227,
      "test-code": 21
    }
  },
  "authorContributionVariance": {
    "yeapcl": 26064.295,
    "tammykoh": 4574.8354,
    "manuelmanuntag96": 16760.908,
    "yellow-fellow": 1700.8724,
    "weisiong24": 2802.81
  },
  "authorDisplayNameMap": {
    "yeapcl": "CS2113-T13-3 YEAP.. LIK",
    "tammykoh": "CS2113-T13-3 KOH ..AMMY",
    "manuelmanuntag96": "CS2113-T13-3 MANU..PAPA",
    "yellow-fellow": "CS2113-T13-3 HUAN..HANG",
    "weisiong24": "CS2113-T13-3 NG W..IONG"
  }
}
