{"authorDailyContributionsMap":{"yeapcl":[{"date":"2020-10-03","commitResults":[{"hash":"e27241abed9997e6e44570abb6ec89223a755932","messageTitle":"Created functional skeleton for tP. Added app logo, Ui class, TimeTable class, Storage class, Parser class, Exception class, Command abstract class","messageBody":"","fileTypesAndContributionMap":{"functional-code":{"insertions":859,"deletions":3},"other":{"insertions":0,"deletions":0},"docs":{"insertions":1,"deletions":1}}}]},{"date":"2020-10-05","commitResults":[{"hash":"36f1ce913272269d91a4e9efbdbcc4fe4e10706c","messageTitle":"Further refined code to meet checkStyle requirements","messageBody":"","fileTypesAndContributionMap":{"functional-code":{"insertions":38,"deletions":24},"other":{"insertions":2,"deletions":0}}},{"hash":"da1739ad56398f9c8b1de0e6f05ccf45c1984bc6","messageTitle":"modified text-ui-test","messageBody":"","fileTypesAndContributionMap":{"other":{"insertions":1,"deletions":3},"test-code":{"insertions":2,"deletions":2}}},{"hash":"aafac886d890d559fad1557b84d4a84856a7d37d","messageTitle":"modified text-ui-test for Windows environment","messageBody":"","fileTypesAndContributionMap":{"other":{"insertions":1,"deletions":1}}},{"hash":"175fafcf1f5bb83b58b5d51a17b740466fcec297","messageTitle":"temporarily removed test script for windows","messageBody":"","fileTypesAndContributionMap":{"other":{"insertions":0,"deletions":19}}}]},{"date":"2020-10-13","commitResults":[{"hash":"8320d30560f6b9bfbb1eb4cc4781f0b480bb4fed","messageTitle":"1. Improve coding standards: changed string comparison from \u0027\u003d\u003d\u0027 to \u0027.equal\u0027 2. Date is no longer case sensitive 3. Changed Timetable class type from Object type to Event type","messageBody":"","fileTypesAndContributionMap":{"functional-code":{"insertions":18,"deletions":18}}}]},{"date":"2020-10-14","commitResults":[{"hash":"14d235d9d5ecceef1df10683b50710e06c171505","messageTitle":"added Edit feature and minor code improvement","messageBody":"","fileTypesAndContributionMap":{"functional-code":{"insertions":56,"deletions":5}}},{"hash":"c16b6c676dae6eb053a528e96ceb9d36f283b748","messageTitle":"updated test cases to be more comprehensive","messageBody":"","fileTypesAndContributionMap":{"other":{"insertions":23,"deletions":1}}},{"hash":"313ffb9fecfc2917500eeaee0c76e33d49b566ad","messageTitle":"Implemented assertion for EditCommand.java","messageBody":"","fileTypesAndContributionMap":{"functional-code":{"insertions":4,"deletions":0}}},{"hash":"951a4de7a2f73c41b4f31e2aaffb3f90db85674e","messageTitle":"Added JUnit","messageBody":"","fileTypesAndContributionMap":{"test-code":{"insertions":20,"deletions":0}}},{"hash":"d6ab2a2f5442085560a42bb062e47ae721a96aad","messageTitle":"Fixed checkstyle for Test","messageBody":"","fileTypesAndContributionMap":{"test-code":{"insertions":1,"deletions":0}}},{"hash":"3e037281820209728dc4740ee28fe85ea4a3c94a","messageTitle":"prepare for JAR build, code clean up","messageBody":"","fileTypesAndContributionMap":{"functional-code":{"insertions":0,"deletions":5}}},{"hash":"f834f3b3aed0fc28af9e8d9e1978dbe5b42f68c8","messageTitle":"refactor code","messageBody":"","fileTypesAndContributionMap":{"functional-code":{"insertions":5,"deletions":5}}},{"hash":"7d3b82948b7ac13eaf3f733b5341381da10ef3f7","messageTitle":"fixed checkstyle error","messageBody":"","fileTypesAndContributionMap":{"functional-code":{"insertions":2,"deletions":1}}},{"hash":"23df43fdf22de78758add0d0eec77bfbe66eab10","messageTitle":"improved comparison logic updated test cases","messageBody":"","fileTypesAndContributionMap":{"functional-code":{"insertions":5,"deletions":5}}}]},{"date":"2020-10-25","commitResults":[{"hash":"b08bfd27de1f7a6bae2b003abd11eaf18a6524a0","messageTitle":"added devtest feature for develop to experiment with different outputs","messageBody":"","fileTypesAndContributionMap":{"functional-code":{"insertions":66,"deletions":0}}},{"hash":"a34e9596bd363b19f3de9ae5980aade8cb4ad92e","messageTitle":"added ability to combine individual user\u0027s timetable into an array of arrays","messageBody":"","fileTypesAndContributionMap":{"functional-code":{"insertions":16,"deletions":1}}},{"hash":"73a199ddcd82a3c904d7f0db7085220277c5b60c","messageTitle":"Added Storage: ability to store/save all users\u0027 timetable in text file, which can be used to load for next usage.","messageBody":"","tags":["Storage"],"fileTypesAndContributionMap":{"functional-code":{"insertions":204,"deletions":156}}},{"hash":"41aacacc65c2c872172a8a93211798b3a7d02b85","messageTitle":"added duke.txt for CI Windows conflict","messageBody":"","fileTypesAndContributionMap":{"other":{"insertions":32,"deletions":0}}},{"hash":"c790b071da1a3f4b3410d487c6b6794460ac3d6b","messageTitle":"Removed storage initialisation message for CI test","messageBody":"","fileTypesAndContributionMap":{"functional-code":{"insertions":7,"deletions":7},"other":{"insertions":32,"deletions":0}}},{"hash":"3919c24287c0ab15d2c82c2306f8db8f11658a91","messageTitle":"enable Assertion","messageBody":"","fileTypesAndContributionMap":{"other":{"insertions":1,"deletions":0}}},{"hash":"168a4320e8c26f5bf4705d321330b7563777b4ec","messageTitle":"revamped saved file formatting to facilitate loading of previous timetable","messageBody":"","fileTypesAndContributionMap":{"functional-code":{"insertions":42,"deletions":4}}}]},{"date":"2020-10-26","commitResults":[{"hash":"2e48601cc0dd2ab4f0d3a3adccbba443cc14abb3","messageTitle":"added ability to load user credentials and their corresponding timetables saved from previous usage.","messageBody":"","fileTypesAndContributionMap":{"functional-code":{"insertions":69,"deletions":6},"other":{"insertions":17,"deletions":16}}},{"hash":"3a88e2ad5a678cb79aab56d43ed2906c2d3c99df","messageTitle":"fixed loading error when duke.txt is empty","messageBody":"","fileTypesAndContributionMap":{"functional-code":{"insertions":3,"deletions":4},"other":{"insertions":0,"deletions":31}}},{"hash":"875222bb2983e02bdc7be466fe7cd5b3ecd22c4a","messageTitle":"fixed checkstyle error","messageBody":"","fileTypesAndContributionMap":{"functional-code":{"insertions":1,"deletions":1},"other":{"insertions":0,"deletions":32}}}]},{"date":"2020-10-27","commitResults":[{"hash":"0a69a44b66d0d98eb78afd172cf203af726af0d9","messageTitle":"added more exception cases when user enter commands incorrectly; made codes more defensive.","messageBody":"","fileTypesAndContributionMap":{"functional-code":{"insertions":41,"deletions":19}}}]},{"date":"2020-10-28","commitResults":[{"hash":"c44e15c1812a788ffe9fd8452b39ea498974f585","messageTitle":"added more exception cases to make the code more defensive","messageBody":"","fileTypesAndContributionMap":{"functional-code":{"insertions":15,"deletions":10},"other":{"insertions":1,"deletions":0}}},{"hash":"232dece20bcb5a65ea342b75ccd91ec3904e1c99","messageTitle":"fixed checkstyle error","messageBody":"","fileTypesAndContributionMap":{"functional-code":{"insertions":6,"deletions":5}}},{"hash":"80766c76ececb97c38e7d8c4e3cf7bd4d73ea216","messageTitle":"added UG for EditCommand","messageBody":"","fileTypesAndContributionMap":{"functional-code":{"insertions":7,"deletions":12},"docs":{"insertions":18,"deletions":1}}},{"hash":"be666a57a01e0e3b116f09a60e86b45bd427b468","messageTitle":"fixed gradlew check","messageBody":"","fileTypesAndContributionMap":{"test-code":{"insertions":1,"deletions":1}}}]},{"date":"2020-10-29","commitResults":[{"hash":"7483ae01e3642193f6d14d4939523e34f70bf182","messageTitle":"updated DG","messageBody":"","fileTypesAndContributionMap":{"docs":{"insertions":1,"deletions":2}}},{"hash":"fc45902a32c1c0a960805774e60a229d8efc966f","messageTitle":"updated DG","messageBody":"","fileTypesAndContributionMap":{"docs":{"insertions":2,"deletions":2}}}]},{"date":"2020-10-30","commitResults":[{"hash":"cf2b38728ee1be9badcd74b7a685a14db42606c3","messageTitle":"updated UG","messageBody":"","fileTypesAndContributionMap":{"docs":{"insertions":13,"deletions":0}}}]},{"date":"2020-11-01","commitResults":[{"hash":"ca19e43af836ae5f90e577d09b59c80c0178583f","messageTitle":"Deep-rename to replace \u0027duke\u0027 with \u0027WhereGotTime\u0027 Renamed seedu.duke folder to seedu. Renamed DukeTest to WhereGotTimeTest.","messageBody":"","fileTypesAndContributionMap":{"other":{"insertions":137,"deletions":141},"docs":{"insertions":1,"deletions":1}}},{"hash":"ffbe5da1a75ac4827ea8eacdd95b1384eb214090","messageTitle":"updated build.gradle for renaming duke to WhereGotTime","messageBody":"","fileTypesAndContributionMap":{"other":{"insertions":2,"deletions":2}}}]},{"date":"2020-11-02","commitResults":[{"hash":"a1a6321045262c6923acde318468774e1c6c7e09","messageTitle":"changed exception naming to WhereGotTimeException","messageBody":"","fileTypesAndContributionMap":{"functional-code":{"insertions":131,"deletions":131},"other":{"insertions":2,"deletions":2},"test-code":{"insertions":12,"deletions":12}}},{"hash":"5c2419a63fb3a757c7a813bbfe8103717bc232da","messageTitle":"1. Command is no longer case sensitive 2. Added Help command for easy overview of the various commands and correct input formats. 3. Help command allows user to know if they\u0027re logged in.","messageBody":"","fileTypesAndContributionMap":{"functional-code":{"insertions":52,"deletions":3}}},{"hash":"5f5d157b0eb55f294966c65c6ef1e4e55ee3ff9c","messageTitle":"Edit command no longer accepts input if user does not log in to WhereGotTime","messageBody":"","fileTypesAndContributionMap":{"functional-code":{"insertions":5,"deletions":0}}},{"hash":"1ec2e122005d09a20f3312368ed28b8ffb6f85dd","messageTitle":"fixed checkstyleMain","messageBody":"","fileTypesAndContributionMap":{"functional-code":{"insertions":14,"deletions":7}}}]},{"date":"2020-11-03","commitResults":[{"hash":"9196717d45b2d940ad44028bf9830eaff61b5718","messageTitle":"replaced all duke occurrences to WhereGotTime","messageBody":"","fileTypesAndContributionMap":{"functional-code":{"insertions":4,"deletions":4}}}]},{"date":"2020-11-04","commitResults":[{"hash":"e82479394fe1c463ed5974c11086d55b059545cf","messageTitle":"1. Fixed bugs in EditCommand where the program accepts invalid timings such as 1080-1199; the timing should be in 24-hour format 2. Added more informative and user-friendly greeting messages 3. Slightly modified test cases to prove command is case-insensitive","messageBody":"","fileTypesAndContributionMap":{"functional-code":{"insertions":53,"deletions":8},"other":{"insertions":3,"deletions":3}}}]},{"date":"2020-11-05","commitResults":[{"hash":"2eec44cb3cecdd9c29ab6be51efac8873b0bc30c","messageTitle":"1. Bug fix for EditCommand 2. Added more \"help\" messages for user","messageBody":"","fileTypesAndContributionMap":{"functional-code":{"insertions":25,"deletions":16}}},{"hash":"5d9ab4b1579721075ac3a9ce2be9e64eec9d0fcd","messageTitle":"fixed checkstyle error","messageBody":"","fileTypesAndContributionMap":{"functional-code":{"insertions":3,"deletions":3}}},{"hash":"dcddb47453b638c928b22f97f40b4575587e54db","messageTitle":"bug fix where user is allowed to perform edit and compare commands without logging in","messageBody":"","fileTypesAndContributionMap":{"functional-code":{"insertions":13,"deletions":8}}},{"hash":"4a7332e3bedc987f3d90b34abde607cc83d825e9","messageTitle":"improved EditCommand where if new timings and original timings are identical, program would prompt user.","messageBody":"","fileTypesAndContributionMap":{"functional-code":{"insertions":6,"deletions":0}}}]},{"date":"2020-11-07","commitResults":[{"hash":"006669392a2955de17b0ee10b46af1a13345ae17","messageTitle":"Improved CompareCommand such the current user\u0027s name would not appear in the userlist, while preserving its true arraylist index.","messageBody":"","fileTypesAndContributionMap":{"functional-code":{"insertions":21,"deletions":7}}},{"hash":"c6d5018e31b391b564b3202744e8ecae49428db7","messageTitle":"Further improved user-friendliness of UI with more concise instructions","messageBody":"","fileTypesAndContributionMap":{"functional-code":{"insertions":8,"deletions":6}}},{"hash":"68e787d98571a8dd3e6998212b5bd2671d0cfab8","messageTitle":"fixed checkstyle and updated expected.txt for new UI messages","messageBody":"","fileTypesAndContributionMap":{"functional-code":{"insertions":2,"deletions":2}}},{"hash":"5b29597f05b293d4ebab581ae044a1ab46783720","messageTitle":"Revamped EditCommand UI to improve user-friendliness Implemented on-screen prompt for user so that it\u0027s more intuitive for user to edit a lesson Further enhanced time validity check. Edited timings must now be in 30-minute block","messageBody":"","fileTypesAndContributionMap":{"functional-code":{"insertions":100,"deletions":59},"other":{"insertions":0,"deletions":9}}}]},{"date":"2020-11-08","commitResults":[{"hash":"3d0ae2fe3acfe8e918d591b0ba93a7c1aef20150","messageTitle":"edited timings are now restricted to 1-hour block","messageBody":"","fileTypesAndContributionMap":{"functional-code":{"insertions":9,"deletions":9}}},{"hash":"3ba815b9b6b2229e95cd21f4a1334ab006de087d","messageTitle":"Added more exception types Added more JUnit test for 100% test coverage for EditCommand","messageBody":"","fileTypesAndContributionMap":{"functional-code":{"insertions":73,"deletions":32},"test-code":{"insertions":533,"deletions":10}}},{"hash":"5be1b7b764a935d2213eabeef49c8f7f63c08878","messageTitle":"edited outputstream for windows CI test","messageBody":"","fileTypesAndContributionMap":{"test-code":{"insertions":10,"deletions":10}}},{"hash":"9dd99d333d028fd020b0fc81a8222ad4cbc4cb8c","messageTitle":"minor fix for checkstyle","messageBody":"","fileTypesAndContributionMap":{"test-code":{"insertions":2,"deletions":1}}},{"hash":"4b560e8784b63d5f30f454a8bf13067ebe460f75","messageTitle":"modified text formatting for windows gradle junit test","messageBody":"","fileTypesAndContributionMap":{"functional-code":{"insertions":4,"deletions":4},"test-code":{"insertions":24,"deletions":21}}},{"hash":"6b39532bff5f0b1ab0c61c06d002bfd16307c68f","messageTitle":"fix outputstream for windows","messageBody":"","fileTypesAndContributionMap":{"test-code":{"insertions":27,"deletions":9}}}]},{"date":"2020-11-09","commitResults":[{"hash":"ef33ae6f9a84d478fa2550cac3adb01b82b2b053","messageTitle":"bug fix","messageBody":"","fileTypesAndContributionMap":{"test-code":{"insertions":34,"deletions":32}}},{"hash":"68f621cf9e986b4942d8779c10d6e98c8ea0a310","messageTitle":"bug fix","messageBody":"","fileTypesAndContributionMap":{"test-code":{"insertions":20,"deletions":17}}},{"hash":"25b4217caff63b0c3b300cca65b710d97314730a","messageTitle":"bug fix","messageBody":"","fileTypesAndContributionMap":{"test-code":{"insertions":4,"deletions":2}}},{"hash":"224126b838fcd4170e4d9707d8f0223e7f227bab","messageTitle":"bug fix","messageBody":"","fileTypesAndContributionMap":{"test-code":{"insertions":2,"deletions":2}}},{"hash":"b45d36e81877385faea5f7f2a82463ad873d0cde","messageTitle":"bug fix","messageBody":"","fileTypesAndContributionMap":{"test-code":{"insertions":2,"deletions":2}}},{"hash":"2ced37e95decffad954f8f2100168ed2676610ec","messageTitle":"format fix attempt","messageBody":"","fileTypesAndContributionMap":{"test-code":{"insertions":1,"deletions":1}}},{"hash":"3dda53175e261dcf15b9f936fe042be32e3a60c0","messageTitle":"format fix attempt","messageBody":"","fileTypesAndContributionMap":{"test-code":{"insertions":46,"deletions":1}}},{"hash":"80751369f92bdab681402a16f986a086e1208ce7","messageTitle":"finally found the elusive bug","messageBody":"","fileTypesAndContributionMap":{"test-code":{"insertions":0,"deletions":46}}},{"hash":"c7108dd16e8124ed12b64085e6022bade721d7fd","messageTitle":"junit test for EditCommand 100% line coverage and successful on gradlew windows test","messageBody":"","fileTypesAndContributionMap":{"test-code":{"insertions":51,"deletions":53}}},{"hash":"b7ca1f8f5a624c85b6d6d55081bed0f367cb6626","messageTitle":"code clean up","messageBody":"","fileTypesAndContributionMap":{"functional-code":{"insertions":9,"deletions":125}}},{"hash":"79fb149a661bf405d387723db17c08a9edb0beb9","messageTitle":"further code clean up. removed TestCommand class meant for internal developer test.","messageBody":"","fileTypesAndContributionMap":{"functional-code":{"insertions":3,"deletions":74}}},{"hash":"0279a5df6bb64bb4280e9bf95b79c151b61956d7","messageTitle":"slightly improved storage initialisation messages","messageBody":"","fileTypesAndContributionMap":{"functional-code":{"insertions":4,"deletions":2}}},{"hash":"38caab1b1af2ea00e9cc9fa8b4311555a2effdc2","messageTitle":"updated PPP and UG","messageBody":"","fileTypesAndContributionMap":{"docs":{"insertions":135,"deletions":3}}},{"hash":"c782ced37f48e91dd6c18ea5bf7d66bd99e2b306","messageTitle":"further update to PPP","messageBody":"","fileTypesAndContributionMap":{"docs":{"insertions":36,"deletions":22}}},{"hash":"65aca4b28b77246923df204bee3f6971ddabf739","messageTitle":"further update to UG and PPP","messageBody":"","fileTypesAndContributionMap":{"functional-code":{"insertions":3,"deletions":2},"docs":{"insertions":252,"deletions":84}}},{"hash":"23cd0d6c810940c94d6df0f9dbf5b0a4e20c161c","messageTitle":"updated test cases and UG","messageBody":"","fileTypesAndContributionMap":{"other":{"insertions":1,"deletions":0},"docs":{"insertions":26,"deletions":8}}},{"hash":"dd61a00e54ba2cf2e29d8a014ca3ac1d4fd00d4e","messageTitle":"added more javadoc and improved UG","messageBody":"","fileTypesAndContributionMap":{"functional-code":{"insertions":84,"deletions":5},"docs":{"insertions":0,"deletions":2}}},{"hash":"4986d4d7bcd5d7706295bfe762202f8a2f3996e6","messageTitle":"minor formatting fix","messageBody":"","fileTypesAndContributionMap":{"docs":{"insertions":3,"deletions":3}}},{"hash":"d13bbb2b35f93b33edb7addfcfe4730a04e6f73b","messageTitle":"formatting fix","messageBody":"","fileTypesAndContributionMap":{"docs":{"insertions":3,"deletions":3}}},{"hash":"524d26c37efc2c45bf86546033d375d0ea375faa","messageTitle":"further documentation update","messageBody":"","fileTypesAndContributionMap":{"docs":{"insertions":33,"deletions":5}}},{"hash":"16873ee5dd76a7b167e9fe52b22b9cd91ee71c21","messageTitle":"update DG","messageBody":"","fileTypesAndContributionMap":{"docs":{"insertions":5,"deletions":58}}},{"hash":"e8bfb1ee653df32e5664eca33d11eb77d0fad95d","messageTitle":"further update DG","messageBody":"","fileTypesAndContributionMap":{"docs":{"insertions":3,"deletions":1}}},{"hash":"932bfdea8585771ef2252b9d2bc581522a3187d9","messageTitle":"updated JAR link to 2.1","messageBody":"","fileTypesAndContributionMap":{"docs":{"insertions":1,"deletions":1}}},{"hash":"f21ab3644b5de48447bb751682d6136bdc8001c2","messageTitle":"format fix","messageBody":"","fileTypesAndContributionMap":{"docs":{"insertions":2,"deletions":0}}}]}],"tammykoh":[{"date":"2020-10-01","commitResults":[{"hash":"5c4667a5fba2c27a51858de8a93692905691a3b8","messageTitle":"Updated AboutUs","messageBody":"","fileTypesAndContributionMap":{"docs":{"insertions":1,"deletions":1}}}]},{"date":"2020-10-11","commitResults":[{"hash":"7138ea6230396e5ca063cfdba9a3966e4caf9122","messageTitle":"Created a List Command that users can use to see all their classes in that day","messageBody":"","fileTypesAndContributionMap":{"functional-code":{"insertions":81,"deletions":26}}}]},{"date":"2020-10-12","commitResults":[{"hash":"928e4aa0627520ce77618c2fc433fa8dd5ca2eb7","messageTitle":"Added empty description check for list command Corrected coding style","messageBody":"","fileTypesAndContributionMap":{"functional-code":{"insertions":34,"deletions":25}}},{"hash":"fe7edcd839f49d34bd1b60256ea4f5c723913972","messageTitle":"Delete function implemented User can delete a class from a day in the timetable","messageBody":"","fileTypesAndContributionMap":{"functional-code":{"insertions":94,"deletions":26}}},{"hash":"590a21da67fc34b4a1537a20a63bdf5d2de4e3d8","messageTitle":"Removed unused imported statements","messageBody":"","fileTypesAndContributionMap":{"functional-code":{"insertions":1,"deletions":8}}},{"hash":"bdafcd492bbd8f653725d0e6d0f73c0463f7faa2","messageTitle":"User can use \u0027clear\u0027 command to clear everything in their timetable on a certain day","messageBody":"","fileTypesAndContributionMap":{"functional-code":{"insertions":104,"deletions":6}}}]},{"date":"2020-10-13","commitResults":[{"hash":"9e8806fa44092c851ec6f386c1740b41f6fa9753","messageTitle":"Changed Timetable class so that 1 function will handle getting all the timetable","messageBody":"","fileTypesAndContributionMap":{"functional-code":{"insertions":44,"deletions":145}}}]},{"date":"2020-10-18","commitResults":[{"hash":"c89849ea067c51440a1d6fac4d69deaffd86ad11","messageTitle":"Generated Test for Parser.java to test input commands","messageBody":"","fileTypesAndContributionMap":{"test-code":{"insertions":61,"deletions":0}}},{"hash":"41b4c98991e4ae47344318cb6cdda329735b31aa","messageTitle":"Included more test for Parser.java","messageBody":"","fileTypesAndContributionMap":{"test-code":{"insertions":28,"deletions":0}}},{"hash":"646a4e84d15f8b74ed7f20c5a3fa11963304c6ce","messageTitle":"Changed \u0027try,catch\u0027 in parse_listCommand_parsedCorrectly() to throw DukeException","messageBody":"","fileTypesAndContributionMap":{"test-code":{"insertions":2,"deletions":6}}}]},{"date":"2020-10-19","commitResults":[{"hash":"38ddfaaed423b98f5540e761ef44116f59d30e7c","messageTitle":"Fixed coding to pass checkstyleTest","messageBody":"","fileTypesAndContributionMap":{"test-code":{"insertions":2,"deletions":1}}}]},{"date":"2020-10-27","commitResults":[{"hash":"c2057faf10398dd3cd779511e9540f2e8869655a","messageTitle":"Added command \"find\" so user can search for their classes using a keyword","messageBody":"","fileTypesAndContributionMap":{"functional-code":{"insertions":111,"deletions":36},"test-code":{"insertions":7,"deletions":0}}},{"hash":"b845115ec522145a389c6662355a1c06bdbd023a","messageTitle":"Created sortTimetable which would sort the timetable when a class is added or edited","messageBody":"","fileTypesAndContributionMap":{"functional-code":{"insertions":53,"deletions":1}}},{"hash":"f0f3c4ea16f68ef9719aff3a261637d17aac1502","messageTitle":"Updated test input and expected output","messageBody":"","fileTypesAndContributionMap":{"other":{"insertions":2,"deletions":2}}},{"hash":"17527f7b22a64089f6037f41aae068a84f309f39","messageTitle":"Fixed checkstyle error","messageBody":"","fileTypesAndContributionMap":{"functional-code":{"insertions":7,"deletions":8}}},{"hash":"8f52c6720750d90c8d40e4e636e52b5cc2d75572","messageTitle":"Updated UserGuide","messageBody":"","fileTypesAndContributionMap":{"docs":{"insertions":50,"deletions":1}}}]},{"date":"2020-10-28","commitResults":[{"hash":"d18735d9c43c3cc497bf0a6be0ec86e5ad6a1066","messageTitle":"Deleted unused classes and code","messageBody":"","fileTypesAndContributionMap":{"functional-code":{"insertions":3,"deletions":337}}},{"hash":"0200ec02f8dd4d0309278e404a7237e34e85ce8a","messageTitle":"Improved cohesion in Ui and ListCommand Deleted used code","messageBody":"","fileTypesAndContributionMap":{"functional-code":{"insertions":25,"deletions":24}}},{"hash":"430bb7e8e2ac1e0ca041327cd63b0718b4f758e8","messageTitle":"Added more exception cases to improve defensiveness of code","messageBody":"","fileTypesAndContributionMap":{"functional-code":{"insertions":47,"deletions":19}}},{"hash":"e386bf3812652aba320bbe7a4005e14ff88f68d0","messageTitle":"Updated find command in UG","messageBody":"","fileTypesAndContributionMap":{"docs":{"insertions":4,"deletions":4}}},{"hash":"a8386bf9e99f7a6d45d9daf687f4ccf7e4ddb41b","messageTitle":"Updated findCommand in ParserTest","messageBody":"","fileTypesAndContributionMap":{"test-code":{"insertions":1,"deletions":1}}}]},{"date":"2020-10-29","commitResults":[{"hash":"f4d26d2abed8caa71d29591898b9b6c7ce0b4b2a","messageTitle":"Created folder for DG images","messageBody":"","fileTypesAndContributionMap":{"docs":{"insertions":11,"deletions":11}}},{"hash":"ad00e7d7cc4d5d996e0227cb31a2c5718adf4611","messageTitle":"Updated \u0027Setting Up\u0027 section in DG","messageBody":"","fileTypesAndContributionMap":{"docs":{"insertions":61,"deletions":0}}},{"hash":"952d2d6eb8cc91016bf92871b048058924f51a4f","messageTitle":"Changed \u0027Duke\u0027 to \u0027WhereGotTime\u0027","messageBody":"","fileTypesAndContributionMap":{"other":{"insertions":4,"deletions":4},"docs":{"insertions":3,"deletions":3}}},{"hash":"11cc7c8e8b17f3177ec5111a1114bf9091c76572","messageTitle":"Updated DG \u0027Architecture\u0027 section","messageBody":"","fileTypesAndContributionMap":{"docs":{"insertions":27,"deletions":3}}},{"hash":"973de854970dc74cbc37572b662c407e90441068","messageTitle":"Update DG - included system architecture for delete, clear, list and find functions","messageBody":"","fileTypesAndContributionMap":{"docs":{"insertions":45,"deletions":3}}},{"hash":"7d93ae755c5a6e745ebb167406a6223c0edde21e","messageTitle":"Updated UG - created UML Diagrams for clear, delete, find and list commands","messageBody":"","fileTypesAndContributionMap":{"docs":{"insertions":2,"deletions":0}}},{"hash":"13007493fca33851a31b1dfe3d353e6e6748fd1d","messageTitle":"Updated UG - included design for delete, clear,  list and find functions","messageBody":"","fileTypesAndContributionMap":{"docs":{"insertions":33,"deletions":0}}},{"hash":"9778bde426e458fe45ab2421618d7f5616f5b69f","messageTitle":"Updated DG - included sequence diagrams for delete, clear, list and find functions","messageBody":"","fileTypesAndContributionMap":{"docs":{"insertions":12,"deletions":0}}},{"hash":"8c493e630254b665ae8e0fc3fb96e9624c7605cf","messageTitle":"Updated UG - renamed heading","messageBody":"","fileTypesAndContributionMap":{"docs":{"insertions":1,"deletions":1}}},{"hash":"db0e688fde4cfc645730a8609de419c45c94ac33","messageTitle":"Deleted unused line in ClearCommand","messageBody":"","fileTypesAndContributionMap":{"functional-code":{"insertions":0,"deletions":1}}}]},{"date":"2020-11-07","commitResults":[{"hash":"9135965ad123d24b289111a580e9d61c4dda9d7f","messageTitle":"Removed case-sensitivity for day","messageBody":"","fileTypesAndContributionMap":{"functional-code":{"insertions":4,"deletions":4}}},{"hash":"2b1ac785101f90e0339f88d1f68e01c99d48eb03","messageTitle":"Clarified error message for wrong day","messageBody":"","fileTypesAndContributionMap":{"functional-code":{"insertions":2,"deletions":1}}},{"hash":"54ccd62370c2808075a8d8a73a7437af76f83863","messageTitle":"Fixed checkstyle error","messageBody":"","fileTypesAndContributionMap":{"functional-code":{"insertions":2,"deletions":2}}}]},{"date":"2020-11-09","commitResults":[{"hash":"9c86357627c6e117b11cada8635411bb95d51759","messageTitle":"Created \u0027clear /all\u0027 function","messageBody":"","fileTypesAndContributionMap":{"functional-code":{"insertions":43,"deletions":17}}},{"hash":"4ceef92653a62e1cee272817f0bb79318b4e15bd","messageTitle":"Editted comments for clear command","messageBody":"","fileTypesAndContributionMap":{"functional-code":{"insertions":18,"deletions":3}}},{"hash":"9958b16596ff65ff29337d881ab84f62e4a11b89","messageTitle":"Added \u0027clear /all\u0027 into UG Fixed spelling error","messageBody":"","fileTypesAndContributionMap":{"functional-code":{"insertions":1,"deletions":1},"docs":{"insertions":4,"deletions":4}}},{"hash":"b6f9a11bcd5b3ce1a520988180d075906b8070c9","messageTitle":"Added PPP","messageBody":"","fileTypesAndContributionMap":{"docs":{"insertions":45,"deletions":0}}},{"hash":"d796ecd1f6998821bea6358c5e8c6976a674894b","messageTitle":"Added more test for ClearCommand","messageBody":"","fileTypesAndContributionMap":{"functional-code":{"insertions":3,"deletions":2},"test-code":{"insertions":21,"deletions":0}}},{"hash":"3167aee881472a220804d976e7a14239524eb9df","messageTitle":"Included more test for ClearCommand to increase test coverage","messageBody":"","fileTypesAndContributionMap":{"functional-code":{"insertions":2,"deletions":2},"test-code":{"insertions":99,"deletions":0}}},{"hash":"68d52ab90c1b56ed87c3aeda5820ccbb28424cbf","messageTitle":"Added tests for DeleteCommand","messageBody":"","fileTypesAndContributionMap":{"functional-code":{"insertions":2,"deletions":3},"test-code":{"insertions":126,"deletions":1}}},{"hash":"1b056349e1915c039c72659c70d06f927b8713ab","messageTitle":"Added test for FindCommand","messageBody":"","fileTypesAndContributionMap":{"functional-code":{"insertions":2,"deletions":1},"test-code":{"insertions":133,"deletions":1}}},{"hash":"10a95ff970fb802f88a1a98c0641cbce81218f61","messageTitle":"Added test for ListCommand","messageBody":"","fileTypesAndContributionMap":{"functional-code":{"insertions":2,"deletions":1},"test-code":{"insertions":173,"deletions":0}}},{"hash":"7e92388d75713813fc3c51e123ad145a09cb8964","messageTitle":"Added test to Parser for list, find, clear and delete commands","messageBody":"","fileTypesAndContributionMap":{"functional-code":{"insertions":1,"deletions":1},"test-code":{"insertions":112,"deletions":2}}},{"hash":"a22cd6d0bc8f96ed8b0bfe565e90d73e10e3730f","messageTitle":"Fixed checkstyle error","messageBody":"","fileTypesAndContributionMap":{"functional-code":{"insertions":1,"deletions":1}}},{"hash":"7dba8602746794adf7570c94a4a09c7e22b78202","messageTitle":"Added logging for list, clear, find and delete functions","messageBody":"","fileTypesAndContributionMap":{"functional-code":{"insertions":120,"deletions":9},"test-code":{"insertions":31,"deletions":0}}},{"hash":"59697ce7d1042966f2927d34101a18036ed243cb","messageTitle":"Added test for compare command","messageBody":"","fileTypesAndContributionMap":{"functional-code":{"insertions":2,"deletions":1},"test-code":{"insertions":75,"deletions":0}}},{"hash":"52718a04cca1590e357fa2c42de5bb3191a1fdfa","messageTitle":"Merge branch \u0027master\u0027 of https://github.com/AY2021S1-CS2113-T13-3/tp into tammy-testing","messageBody":"","fileTypesAndContributionMap":{"functional-code":{"insertions":84,"deletions":5},"other":{"insertions":1,"deletions":0},"docs":{"insertions":26,"deletions":10}}},{"hash":"a233d542720c9522e375dcd127356d8add7f9fe5","messageTitle":"Fixed checkstyle Organised files","messageBody":"","fileTypesAndContributionMap":{"functional-code":{"insertions":20,"deletions":4},"docs":{"insertions":50,"deletions":11},"test-code":{"insertions":4,"deletions":6}}},{"hash":"af6aec0e001b09780e6cc3f593b2cdacd95c0117","messageTitle":"Deleted temporary storage folder Updated About Us","messageBody":"","fileTypesAndContributionMap":{"docs":{"insertions":1,"deletions":213}}},{"hash":"d9f7cf324116d97f0e653a2522f3a373066d1105","messageTitle":"Updated JAR link","messageBody":"","fileTypesAndContributionMap":{"docs":{"insertions":1,"deletions":1}}}]}],"manuelmanuntag96":[{"date":"2020-10-01","commitResults":[{"hash":"e3ab6fd9ef9f5ffaea6346ac25139ea5e059152b","messageTitle":"Updated AboutUs.md","messageBody":"Added my name, github, and portfolio details\n","fileTypesAndContributionMap":{"docs":{"insertions":1,"deletions":1}}}]},{"date":"2020-10-07","commitResults":[{"hash":"b234a1d173f9ade58bfee4549557a3615cc9d5b7","messageTitle":"Edit Skeleton Code for tP","messageBody":"","fileTypesAndContributionMap":{"functional-code":{"insertions":327,"deletions":302}}}]},{"date":"2020-10-08","commitResults":[{"hash":"75dcb991f3cccd3b7aa7876984e51793667ffdff","messageTitle":"More Edits to the Skeleton Code","messageBody":"Created a Timetable Class to combine all the 7 timetables into 1\n","fileTypesAndContributionMap":{"functional-code":{"insertions":57,"deletions":38}}},{"hash":"723fa83d23c16dd1c414a2ba19461a9bb531577a","messageTitle":"Passed gradlew checkstylemain","messageBody":"","fileTypesAndContributionMap":{"functional-code":{"insertions":54,"deletions":54}}},{"hash":"b606c371b8839691c9fe23cab8c062d567919148","messageTitle":"Fixed runtest(.bat/.sh)","messageBody":"","fileTypesAndContributionMap":{"other":{"insertions":19,"deletions":0}}},{"hash":"f3e2b58ed67274ba60e7584d7913aab4097cb3c7","messageTitle":"Fixed runtest.bat","messageBody":"Logo Error\n","fileTypesAndContributionMap":{"functional-code":{"insertions":6,"deletions":6}}},{"hash":"59f41f1655c4d9bb8915e47c35e9cde90fc19d4a","messageTitle":"Fixed Logo Setup Skeleton Code","messageBody":"","fileTypesAndContributionMap":{"functional-code":{"insertions":3,"deletions":5}}}]},{"date":"2020-10-09","commitResults":[{"hash":"53d568742dafa83869b5c514d3b934f74d66a896","messageTitle":"Edit Duke.java for Login Feature","messageBody":"","fileTypesAndContributionMap":{"functional-code":{"insertions":11,"deletions":4}}},{"hash":"80f41aaadfa7de8948ed710d46e87531cdf813b5","messageTitle":"Edit Bye.java for UserList ArrayList","messageBody":"","fileTypesAndContributionMap":{"functional-code":{"insertions":2,"deletions":1}}},{"hash":"943d0b67fa3e0869b1ea61a637eb0e02d50bba1c","messageTitle":"Edit Command.java for Login Feature","messageBody":"","fileTypesAndContributionMap":{"functional-code":{"insertions":9,"deletions":2}}},{"hash":"bd9ddc467e1e8a5cf4dee9aba0099949a05fdab3","messageTitle":"Commented out Delete.java","messageBody":"","fileTypesAndContributionMap":{"functional-code":{"insertions":17,"deletions":17}}},{"hash":"9d4ab8d64da56e4c7420cdf543b007b1dbd672d4","messageTitle":"Commented out FindCommand.java","messageBody":"","fileTypesAndContributionMap":{"functional-code":{"insertions":19,"deletions":19}}},{"hash":"e6379c39b109cb1d360ac935d06f9397dba966a1","messageTitle":"Commented out ListCommand.java","messageBody":"","fileTypesAndContributionMap":{"functional-code":{"insertions":12,"deletions":12}}},{"hash":"e6a4ba04d7f8e1a8414445866044cede34ecfdfc","messageTitle":"Edit Parser.java for Login Feature","messageBody":"","fileTypesAndContributionMap":{"functional-code":{"insertions":32,"deletions":10}}},{"hash":"62bf3c22cf5dc04478b8223ab2857439e33568d7","messageTitle":"Edit Ui.java for Login Feature","messageBody":"","fileTypesAndContributionMap":{"functional-code":{"insertions":5,"deletions":0}}},{"hash":"4bd58e9ca2546c06eb6d5a30b208baa40186a7c7","messageTitle":"Implemented Login Feature","messageBody":"","fileTypesAndContributionMap":{"functional-code":{"insertions":69,"deletions":0},"other":{"insertions":11,"deletions":3}}},{"hash":"ddc01bc1bf179c2a45cd5a01a7682fc29fe0bede","messageTitle":"Edited runtest.bat for Feature 1","messageBody":"","fileTypesAndContributionMap":{"other":{"insertions":1,"deletions":0}}}]},{"date":"2020-10-13","commitResults":[{"hash":"373c10837e8c7525471be28062dd015cc891433e","messageTitle":"Feature 1 Edit","messageBody":"Fixed the Relog-in Process\n","fileTypesAndContributionMap":{"functional-code":{"insertions":26,"deletions":4}}},{"hash":"d8ca128bdb5af9930752d0286f07422969b09da4","messageTitle":"Passed Gradle CheckStyle","messageBody":"","fileTypesAndContributionMap":{"functional-code":{"insertions":2,"deletions":2}}}]},{"date":"2020-10-14","commitResults":[{"hash":"c65d15c086cb61f41bb12bbca1fa18c2f950c43b","messageTitle":"Implemented Logging for LogInCommand.java","messageBody":"","fileTypesAndContributionMap":{"functional-code":{"insertions":32,"deletions":3}}},{"hash":"d1a039c3410a1a445c74fa1a0ece0e5c394c6b5e","messageTitle":"Implemented some assertions in LogInCommand","messageBody":"","fileTypesAndContributionMap":{"functional-code":{"insertions":5,"deletions":1}}},{"hash":"e2a47147de88a89ed91afd88437b20478cad8ecb","messageTitle":"Edited Assertion code","messageBody":"","fileTypesAndContributionMap":{"functional-code":{"insertions":1,"deletions":1}}},{"hash":"1c46ba004c2976c334f83a4f7393081a250ca0d3","messageTitle":"Implemented some JUnit Test for UserList.java","messageBody":"","fileTypesAndContributionMap":{"test-code":{"insertions":17,"deletions":0}}},{"hash":"4e4555ced1881c84b9b41336400e9550e82a82e7","messageTitle":"Edit UserListTest.java","messageBody":"","fileTypesAndContributionMap":{"test-code":{"insertions":1,"deletions":0}}}]},{"date":"2020-10-21","commitResults":[{"hash":"8da9c44bbe6996b3a337c29b9b8d5e2528b2b5b9","messageTitle":"Updated for 6-digit Password","messageBody":"","fileTypesAndContributionMap":{"other":{"insertions":3,"deletions":3},"docs":{"insertions":3,"deletions":3}}},{"hash":"a33b2628ba5dbecc239c6bbe2be5b0c9bbcd82dd","messageTitle":"Added more JUnit tests for UserListTest.java","messageBody":"","fileTypesAndContributionMap":{"test-code":{"insertions":11,"deletions":1}}},{"hash":"bcf8077265c1c6a1084779c815350103bc083747","messageTitle":"Implemented the 6-digit integer limit to passwords","messageBody":"","fileTypesAndContributionMap":{"functional-code":{"insertions":6,"deletions":0}}},{"hash":"09cbd46cf44a74e42ca0c1af824b466cc88d2490","messageTitle":"corrected the parse_loginCommand_parsedCorrectly() inputs","messageBody":"","fileTypesAndContributionMap":{"test-code":{"insertions":1,"deletions":1}}}]},{"date":"2020-10-25","commitResults":[{"hash":"ef6fe85b89ba3540ea70fc53ba06a671d7a827e1","messageTitle":"Implemented Encipher and Decypher Methods","messageBody":"","fileTypesAndContributionMap":{"functional-code":{"insertions":103,"deletions":0},"test-code":{"insertions":51,"deletions":0}}},{"hash":"ebb3068ae3f72640bb8f50dd9191535dde21cef4","messageTitle":"Implemented encypheredPassword in User Class","messageBody":"","fileTypesAndContributionMap":{"functional-code":{"insertions":27,"deletions":20},"test-code":{"insertions":20,"deletions":6}}},{"hash":"991e9256c1f592d89aea857421805025f88f0391","messageTitle":"fixed UserListTest","messageBody":"","fileTypesAndContributionMap":{"test-code":{"insertions":3,"deletions":3}}}]},{"date":"2020-10-26","commitResults":[{"hash":"cc921de2afa6bab68d58f9471c954774ebf0d63c","messageTitle":"Implemented the encryption/decryption on save files","messageBody":"","fileTypesAndContributionMap":{"functional-code":{"insertions":11,"deletions":14}}}]},{"date":"2020-10-27","commitResults":[{"hash":"c425a7f98c0fb32f518b64aac10c53c0b0123536","messageTitle":"Edited the DeveloperGuide.md - Login Feature","messageBody":"","fileTypesAndContributionMap":{"functional-code":{"insertions":1,"deletions":1},"docs":{"insertions":32,"deletions":9}}},{"hash":"6ae84ee30c13ea41cc581b315217afebd8b8794e","messageTitle":"Update DeveloperGuide.md","messageBody":"","fileTypesAndContributionMap":{"docs":{"insertions":2,"deletions":2}}},{"hash":"946067f8d8573c220454d04203aa184943ab97b4","messageTitle":"Update DeveloperGuide.md","messageBody":"","fileTypesAndContributionMap":{"docs":{"insertions":4,"deletions":4}}},{"hash":"d9080f858b39deb55c5ca34843c0d988d61af2d0","messageTitle":"Update DeveloperGuide.md","messageBody":"","fileTypesAndContributionMap":{"docs":{"insertions":1,"deletions":1}}}]},{"date":"2020-10-28","commitResults":[{"hash":"405b0207178578ae05506ad5ccdda715f967777b","messageTitle":"Added and edited more of the LogInCommand DG","messageBody":"","fileTypesAndContributionMap":{"docs":{"insertions":14,"deletions":2}}},{"hash":"08a4d64fc6cda03e3ce233f4ef71d538b4cf7112","messageTitle":"edited userguide for Login","messageBody":"","fileTypesAndContributionMap":{"docs":{"insertions":11,"deletions":1}}}]},{"date":"2020-11-01","commitResults":[{"hash":"5daa8b8ef34d6cd8fe18d57d0986c4d3d4f1aebd","messageTitle":"Fixed the crash in login when username/password is inputted. now throws an exeption to remind users to follow proper format login username /password.","messageBody":"","fileTypesAndContributionMap":{"functional-code":{"insertions":8,"deletions":2}}},{"hash":"165b56733bce113888803f8a1b11535a86c3f552","messageTitle":"Fixed the error where users can input just whitespaces. Now throws an exception telling users that the username space is empty. Cheeky buggers","messageBody":"","fileTypesAndContributionMap":{"functional-code":{"insertions":4,"deletions":0}}},{"hash":"52a91b48742a4e8c024b8f2729b37c26fe61554f","messageTitle":"Fixed the error messages that show inaccurate messages. Now made clearer.","messageBody":"","fileTypesAndContributionMap":{"functional-code":{"insertions":2,"deletions":2}}},{"hash":"c2c0b4115cb5c87c17a0c369704be54cd7dcd9a0","messageTitle":"Fixed the bug where special characters are not sanitised and would break the login feature. Now throws an exception saying : \"Username needs to contain one word with only Alphabets\"","messageBody":"","fileTypesAndContributionMap":{"functional-code":{"insertions":2,"deletions":1}}}]},{"date":"2020-11-03","commitResults":[{"hash":"2f7964518d5997afa331129e606e51d782b8c41c","messageTitle":"Edited the format for the login command - now similar to all the other commands","messageBody":"Started working on the Remove User Command [Work In Progress]\n","fileTypesAndContributionMap":{"functional-code":{"insertions":102,"deletions":40},"other":{"insertions":3,"deletions":3}}},{"hash":"97291561c9b7c5f9c7b31757ea02943915e5c01c","messageTitle":"Corrected the parse_loginCommand_parsedCorrectly()","messageBody":"","fileTypesAndContributionMap":{"test-code":{"insertions":1,"deletions":1}}}]},{"date":"2020-11-05","commitResults":[{"hash":"7a1139b2b8c391af5d38f39420e45aeb0a8805c6","messageTitle":"Implemented the Remove Feature","messageBody":"format: remove /username\n","fileTypesAndContributionMap":{"functional-code":{"insertions":17,"deletions":8},"test-code":{"insertions":1,"deletions":0}}}]},{"date":"2020-11-06","commitResults":[{"hash":"168b3fb230bd6cea4a1c3fafec59cb8b95077d29","messageTitle":"Added more test cases for UserListTest.java","messageBody":"100% Branch Coverage\n","fileTypesAndContributionMap":{"test-code":{"insertions":95,"deletions":0}}},{"hash":"52c09b093e67287c5680bad37cf4bfc45a21ccf4","messageTitle":"Added more test cases for parse login and remove validity in ParserTest.java","messageBody":"","fileTypesAndContributionMap":{"test-code":{"insertions":100,"deletions":0}}},{"hash":"4b8f3442a93398d04947cd2372227f12177588c6","messageTitle":"Added even more test cases for parse login and remove validity in ParserTest.java","messageBody":"","fileTypesAndContributionMap":{"test-code":{"insertions":23,"deletions":16}}},{"hash":"eba5fc88cb70e852463bf7ccb11fc70e2af87f9b","messageTitle":"Added more test cases for LogInCommand in LogInCommandTest.java","messageBody":"","fileTypesAndContributionMap":{"test-code":{"insertions":52,"deletions":0}}},{"hash":"0b43bbf8adb9a9219c2747b9f77b4f837dde760d","messageTitle":"Edited Remove User Command to new format: remove /username /password","messageBody":"","fileTypesAndContributionMap":{"functional-code":{"insertions":26,"deletions":21}}},{"hash":"bf0907705b94de0fa00eae26fb687fd1d0948d3d","messageTitle":"Edited to comply with gradlew checkstyle","messageBody":"","fileTypesAndContributionMap":{"test-code":{"insertions":4,"deletions":3}}},{"hash":"4e00b9a73495f7dcd39449507c1f59f0d30ea88a","messageTitle":"removed printl for debugging","messageBody":"","fileTypesAndContributionMap":{"functional-code":{"insertions":0,"deletions":1}}}]},{"date":"2020-11-07","commitResults":[{"hash":"19d5c7ec7ffb5cc23001d2c454699660f624b251","messageTitle":"Editted the basics of Manuel\u0027s PPP","messageBody":"","fileTypesAndContributionMap":{"docs":{"insertions":21,"deletions":0}}},{"hash":"324d8ccd5f23b7c35c77c9afe802958ba3c9d838","messageTitle":"Edited Manuel\u0027s PPP","messageBody":"","fileTypesAndContributionMap":{"docs":{"insertions":0,"deletions":0}}}]},{"date":"2020-11-08","commitResults":[{"hash":"72e4a2b9aba351dc8e5816d44371683a297165c8","messageTitle":"Added more to Manuel\u0027s PPP","messageBody":"","fileTypesAndContributionMap":{"docs":{"insertions":14,"deletions":3}}},{"hash":"34f187b6824e02a192baebedb5d032ecef1acc4f","messageTitle":"Update manuelmanuntag96.md","messageBody":"","fileTypesAndContributionMap":{"docs":{"insertions":2,"deletions":2}}},{"hash":"b35e70858ecfc3a45a93c320e5905e5fb9b8d660","messageTitle":"Update manuelmanuntag96.md","messageBody":"","fileTypesAndContributionMap":{"docs":{"insertions":2,"deletions":2}}},{"hash":"7ee83525c2cd062a73c2bb17cd6ff8882450a56f","messageTitle":"Update manuelmanuntag96.md","messageBody":"","fileTypesAndContributionMap":{"docs":{"insertions":2,"deletions":2}}},{"hash":"b0202ce493a870b863392f68d2c5e39bbb4e0922","messageTitle":"Update manuelmanuntag96.md","messageBody":"","fileTypesAndContributionMap":{"docs":{"insertions":10,"deletions":3}}}]},{"date":"2020-11-09","commitResults":[{"hash":"b6173940db4a8720a51c163d8f952959e8d39bec","messageTitle":"Added Remove Feature Details in UG","messageBody":"","fileTypesAndContributionMap":{"docs":{"insertions":23,"deletions":6}}},{"hash":"c3812c151d69406303708394523792aa3bc1680f","messageTitle":"Edited Manuel\u0027s PPP part 3","messageBody":"","fileTypesAndContributionMap":{"docs":{"insertions":6,"deletions":2}}},{"hash":"2df104831cdb35ddad486b609b4ace8877145735","messageTitle":"Update manuelmanuntag96.md","messageBody":"","fileTypesAndContributionMap":{"docs":{"insertions":6,"deletions":6}}},{"hash":"e31036225b7ce145a9d7046a0bb56dd89795f526","messageTitle":"Update UserGuide.md","messageBody":"","fileTypesAndContributionMap":{"docs":{"insertions":4,"deletions":1}}}]}],"yellow-fellow":[{"date":"2020-10-13","commitResults":[{"hash":"41e4c81b4645e7dcd1ad3869058ae795329cd31d","messageTitle":"Added CompareCommand.java","messageBody":"","fileTypesAndContributionMap":{"functional-code":{"insertions":127,"deletions":1}}},{"hash":"85caa556ed2595efbf6fa3515a14dedf46d027ca","messageTitle":"gradle checkstyleMain","messageBody":"","fileTypesAndContributionMap":{"functional-code":{"insertions":44,"deletions":46}}}]},{"date":"2020-10-22","commitResults":[{"hash":"d5245e6afa0ec3d7b2ed1fc973919352d1b8e5a1","messageTitle":"Updated Compare Command output logic","messageBody":"","fileTypesAndContributionMap":{"functional-code":{"insertions":43,"deletions":7},"docs":{"insertions":1,"deletions":1}}}]},{"date":"2020-10-26","commitResults":[{"hash":"6153c1e96e4c2eea4be73fda4fe1ce93111440a1","messageTitle":"Fixed \u0027CompareCommand\u0027 edge cases","messageBody":"","fileTypesAndContributionMap":{"functional-code":{"insertions":1,"deletions":1}}}]},{"date":"2020-10-27","commitResults":[{"hash":"9e9ba7520eb15230987051fbd2e2a51990acd500","messageTitle":"Updated DG and UG \u0027CompareCommand\u0027","messageBody":"","fileTypesAndContributionMap":{"docs":{"insertions":46,"deletions":0}}}]},{"date":"2020-11-01","commitResults":[{"hash":"40b5f427b37bce130a97438f1ac7c39c426c2a13","messageTitle":"Update UserGuide.md","messageBody":"","fileTypesAndContributionMap":{"docs":{"insertions":3,"deletions":11}}}]},{"date":"2020-11-07","commitResults":[{"hash":"8b1bac9851d49402a029abbd4902640dc8c3a4ec","messageTitle":"Updated Compare Command overall UX","messageBody":"","fileTypesAndContributionMap":{"functional-code":{"insertions":26,"deletions":8},"other":{"insertions":6,"deletions":2},"docs":{"insertions":16,"deletions":5}}},{"hash":"0b1af3855ab668411a61a38cce32280369e8008d","messageTitle":"Updated error handling exception","messageBody":"","fileTypesAndContributionMap":{"functional-code":{"insertions":90,"deletions":88}}}]},{"date":"2020-11-08","commitResults":[{"hash":"42c2a1b1bb5859e71cb343e1295c254b7b86eb7d","messageTitle":"Updated PPP","messageBody":"","fileTypesAndContributionMap":{"docs":{"insertions":37,"deletions":0}}},{"hash":"956d53bf2248b62b157728fd8b0323047840d47a","messageTitle":"Updated PPP","messageBody":"","fileTypesAndContributionMap":{"docs":{"insertions":37,"deletions":0}}}]}],"weisiong24":[{"date":"2020-10-01","commitResults":[{"hash":"a75c80f8c7bb5477ee68c59da5d33f7c178a5256","messageTitle":"Updated AboutUs","messageBody":"","fileTypesAndContributionMap":{"docs":{"insertions":1,"deletions":1}}}]},{"date":"2020-10-09","commitResults":[{"hash":"e9f97e7d8ca8cf370b0e7cfec35464f4985645af","messageTitle":"WeiSiong-Features2 updatedDuke","messageBody":"","fileTypesAndContributionMap":{"functional-code":{"insertions":9,"deletions":3}}},{"hash":"854b7eaab6288c4fda6fc251068039c7d06a14c7","messageTitle":"Weisiong-Feature2 updatedclass","messageBody":"","fileTypesAndContributionMap":{"functional-code":{"insertions":14,"deletions":4}}},{"hash":"703769df5d7c7579683372bb88280266fde8ef0d","messageTitle":"Weisiong-feature2:UpdatedCommands","messageBody":"","fileTypesAndContributionMap":{"functional-code":{"insertions":23,"deletions":0}}},{"hash":"e8b905af2cc5ab61833d1812d53d46b12fb9344c","messageTitle":"Weisiong-Feature2:UpdatedClass","messageBody":"","fileTypesAndContributionMap":{"functional-code":{"insertions":42,"deletions":12}}},{"hash":"a6cec49d76b97c77f87d09aa250e420c7a837e71","messageTitle":"WeiSiong-Feature2:AddFeature","messageBody":"","fileTypesAndContributionMap":{"functional-code":{"insertions":69,"deletions":0}}}]},{"date":"2020-10-10","commitResults":[{"hash":"6d87cb7393f6b5cb3959a20beee3dca49a6bfdef","messageTitle":"updated .SH file for Features2","messageBody":"","fileTypesAndContributionMap":{"other":{"insertions":1,"deletions":1}}},{"hash":"c6cf8e8f9964cac38821297944797a1eab80dbcc","messageTitle":"Updated .sh for Features2","messageBody":"","fileTypesAndContributionMap":{"other":{"insertions":1,"deletions":1}}},{"hash":"ade692669359e05f3697ab9adffebbb601a6a4a1","messageTitle":"Updated Weisiong Feature2:Add","messageBody":"","fileTypesAndContributionMap":{"functional-code":{"insertions":10,"deletions":10}}},{"hash":"599b4187ab1dad108f99af04e17e3fc9653d12fb","messageTitle":"Updated WeiSiong Feature2","messageBody":"","fileTypesAndContributionMap":{"other":{"insertions":2,"deletions":1}}},{"hash":"dd959e683c272b24ebc6ce5484b3e85bf2db602f","messageTitle":"Updated weisiongFeatue2:Add","messageBody":"","fileTypesAndContributionMap":{"functional-code":{"insertions":1,"deletions":2}}},{"hash":"a1e5cd36962326ff2c2a260954e3bd40280e1272","messageTitle":"Updated Weisiong Feature2:Add","messageBody":"","fileTypesAndContributionMap":{"other":{"insertions":1,"deletions":2}}},{"hash":"3803066773a7bb2932ded856515c35e2e51f1bec","messageTitle":"Updated the weisiong-Feature 2:Add Feature","messageBody":"","fileTypesAndContributionMap":{"functional-code":{"insertions":2,"deletions":2}}}]},{"date":"2020-10-14","commitResults":[{"hash":"68d9188bc0a9c2e6da878cf53263d2c6344d9057","messageTitle":"Updated Logging and Assertion for weisiong Features 2:AddFunction","messageBody":"","fileTypesAndContributionMap":{"functional-code":{"insertions":37,"deletions":1},"other":{"insertions":4,"deletions":0}}},{"hash":"608a3cbf2fc8f8740e96826e7f91334f2a922671","messageTitle":"Update build.gradle","messageBody":"","fileTypesAndContributionMap":{"other":{"insertions":0,"deletions":4}}},{"hash":"77078cea006290e197d2265b06840538870c3fbd","messageTitle":"added log and assert","messageBody":"","fileTypesAndContributionMap":{"functional-code":{"insertions":36,"deletions":1}}},{"hash":"45fd0b0d10556a1afd894a4324e2dd8344f219ba","messageTitle":"Added Junit Testing for weisiong Featur2:Add","messageBody":"","fileTypesAndContributionMap":{"test-code":{"insertions":21,"deletions":0}}}]},{"date":"2020-10-20","commitResults":[{"hash":"b5244877c74bbd34014e309258fb0a1ba81df4ab","messageTitle":"Update DeveloperGuide.md","messageBody":"","fileTypesAndContributionMap":{"docs":{"insertions":3,"deletions":2}}},{"hash":"ff33bd835c7cddc2ac4a545abb8e53d79e73f985","messageTitle":"Update DeveloperGuide.md","messageBody":"","fileTypesAndContributionMap":{"docs":{"insertions":3,"deletions":3}}},{"hash":"1e67a967290793dea45b9b455e88838553c0b255","messageTitle":"Update DeveloperGuide.md","messageBody":"","fileTypesAndContributionMap":{"docs":{"insertions":24,"deletions":0}}},{"hash":"16c93766c86c1324bbc07f8a51fa03162c1b1133","messageTitle":"Update DeveloperGuide.md","messageBody":"","fileTypesAndContributionMap":{"docs":{"insertions":24,"deletions":24}}},{"hash":"5cb31895ea4f06dd778316abdb68db3b53aee37d","messageTitle":"Update DeveloperGuide.md","messageBody":"","fileTypesAndContributionMap":{"docs":{"insertions":24,"deletions":24}}},{"hash":"99378f0f434e5fae55760c172103ddd727e3599b","messageTitle":"Update DeveloperGuide.md","messageBody":"","fileTypesAndContributionMap":{"docs":{"insertions":8,"deletions":2}}},{"hash":"4a8e36820144117ed3e808f2d1b7d74a657cba80","messageTitle":"Update README.md","messageBody":"","fileTypesAndContributionMap":{"docs":{"insertions":2,"deletions":2}}},{"hash":"750004f17de7c54a85199212db349517ad807197","messageTitle":"Update DeveloperGuide.md","messageBody":"","fileTypesAndContributionMap":{"docs":{"insertions":23,"deletions":13}}},{"hash":"41c1bc537f9ce49123d49bb25ea6b7df5074c7a5","messageTitle":"Update DeveloperGuide.md","messageBody":"","fileTypesAndContributionMap":{"docs":{"insertions":2,"deletions":2}}}]},{"date":"2020-10-24","commitResults":[{"hash":"20d1ec19db6d2d3aa3fba83e1cebf5578268d261","messageTitle":"Updated witth v2.0Feature11 Collision detection by weisiong","messageBody":"","fileTypesAndContributionMap":{"functional-code":{"insertions":86,"deletions":11},"docs":{"insertions":20,"deletions":6}}}]},{"date":"2020-10-25","commitResults":[{"hash":"8c6a5b4213b8d41ced30cb3ead650738ad356672","messageTitle":"Updated Feature11 Collision detection by weisiong","messageBody":"","fileTypesAndContributionMap":{"functional-code":{"insertions":14,"deletions":14}}},{"hash":"987d692ee6775bcbfa2eb85758166b6554617940","messageTitle":"Updated Feature 11 by weisiong","messageBody":"","fileTypesAndContributionMap":{"functional-code":{"insertions":72,"deletions":14}}},{"hash":"ab04435c630c40162ba2310b6a96ff23d3d4f8a3","messageTitle":"Updated Feature 11 by weisiong","messageBody":"","fileTypesAndContributionMap":{"functional-code":{"insertions":35,"deletions":35}}},{"hash":"e8cbfc43b3e6f624ed019e6012df80ab97468c72","messageTitle":"Updated the checking logic of Feature11 Collision detect","messageBody":"","fileTypesAndContributionMap":{"functional-code":{"insertions":36,"deletions":37}}}]},{"date":"2020-10-27","commitResults":[{"hash":"09848e994076bf159a117b8d3217b5b7992e7ab4","messageTitle":"Updated the DG and UG of TP","messageBody":"","fileTypesAndContributionMap":{"docs":{"insertions":74,"deletions":29}}},{"hash":"f1b7746299cb294ee0bc1497b2ece6324cb8128b","messageTitle":"Minor format fix to UG and DG and update of v2.0 user stories","messageBody":"","fileTypesAndContributionMap":{"docs":{"insertions":14,"deletions":16}}},{"hash":"0c4a5bdcf2a2266b30004590ebb6d4311517f6b3","messageTitle":"Update DeveloperGuide.md","messageBody":"","fileTypesAndContributionMap":{"docs":{"insertions":13,"deletions":13}}},{"hash":"0616d5023176bbfc6d65ad7b90f26501d1fa9990","messageTitle":"Update DeveloperGuide.md","messageBody":"","fileTypesAndContributionMap":{"docs":{"insertions":12,"deletions":11}}}]},{"date":"2020-10-28","commitResults":[{"hash":"9af99dba2f9ec2cb62c76396ad46fad304fefa18","messageTitle":"Updated the add command and the parsercheck for AddCommand","messageBody":"","fileTypesAndContributionMap":{"functional-code":{"insertions":76,"deletions":27}}},{"hash":"68ec7e482a17cc6d5950f7db7b61bed163c2d29b","messageTitle":"-Bug fix to issue #101 -Increase the number of check to add Command","messageBody":"","fileTypesAndContributionMap":{"test-code":{"insertions":1,"deletions":1}}},{"hash":"0802d4dcbf9439e9d5b25db7a10af1505da53bf7","messageTitle":"Bug Fix to Add command","messageBody":"","fileTypesAndContributionMap":{"functional-code":{"insertions":9,"deletions":2}}}]},{"date":"2020-11-02","commitResults":[{"hash":"47287056ef15c904ec28c75e722523a86b7b5026","messageTitle":"Bug Fix for V2.0","messageBody":"","fileTypesAndContributionMap":{"functional-code":{"insertions":205,"deletions":193},"docs":{"insertions":6,"deletions":2}}}]},{"date":"2020-11-03","commitResults":[{"hash":"606a5e3afd678a933c69dd8952beb37b0df00eea","messageTitle":"Minor Bug fixes","messageBody":"","fileTypesAndContributionMap":{"functional-code":{"insertions":3,"deletions":3}}}]},{"date":"2020-11-05","commitResults":[{"hash":"a200327f1cc56d1dbee7a2ed96093c3f6f7f7905","messageTitle":"Bug Fixes for v2.1","messageBody":"","fileTypesAndContributionMap":{"functional-code":{"insertions":33,"deletions":1}}},{"hash":"f2014718966d90332b7a7e495a28451ae4681504","messageTitle":"Updated Expected outputs for Edit,list,login,find,delete,clear,exit Commands in the Userguide","messageBody":"","fileTypesAndContributionMap":{"docs":{"insertions":39,"deletions":13}}},{"hash":"5e4ae1bb5939aaae4df1d325399681ef395d8d50","messageTitle":"Updates to Userguid expected outputs and command formats corrections","messageBody":"","fileTypesAndContributionMap":{"docs":{"insertions":4,"deletions":4}}}]},{"date":"2020-11-06","commitResults":[{"hash":"08629fd17a058d4480d1beb56e01ded7581def4c","messageTitle":"Updates to UserGuide","messageBody":"","fileTypesAndContributionMap":{"docs":{"insertions":10,"deletions":0}}},{"hash":"7f385892263ba220f11a70381676e0c791f777f3","messageTitle":"Update to UserGuide command summary","messageBody":"","fileTypesAndContributionMap":{"docs":{"insertions":1,"deletions":0}}},{"hash":"3be4e27c357c8e78fcccbd590aebf803036397d6","messageTitle":"Updates to Developer Guide","messageBody":"","fileTypesAndContributionMap":{"docs":{"insertions":8,"deletions":18}}},{"hash":"9534dcb1d43287a70e514ff267a5d9e75ed4d07f","messageTitle":"Update UserGuide.md","messageBody":"","fileTypesAndContributionMap":{"docs":{"insertions":3,"deletions":0}}},{"hash":"1a7df3718f4538a1ddab5275e301f2ba4534b1f5","messageTitle":"Updates the About Us and the table of content for User Guide","messageBody":"","fileTypesAndContributionMap":{"docs":{"insertions":7,"deletions":6}}},{"hash":"d597d4215c7535249effbe147ec7771c7ecf8011","messageTitle":"Updated Userguide and add more Junit testing","messageBody":"","fileTypesAndContributionMap":{"docs":{"insertions":1,"deletions":4},"test-code":{"insertions":9,"deletions":1}}},{"hash":"b706959aa9e32f1ae1e63d80e1b4533de4937210","messageTitle":"Updates to User Guide and added more Junit test","messageBody":"","fileTypesAndContributionMap":{"test-code":{"insertions":1,"deletions":0}}}]},{"date":"2020-11-07","commitResults":[{"hash":"5b735c7012c553aac7ae7a5ca86d05ef51f00550","messageTitle":"Updated Add Command checks","messageBody":"","fileTypesAndContributionMap":{"functional-code":{"insertions":7,"deletions":0}}},{"hash":"3d83fd497926c361b8c201b864b4dd158c8ef941","messageTitle":"Updates to add command checks","messageBody":"","fileTypesAndContributionMap":{"functional-code":{"insertions":3,"deletions":3}}}]},{"date":"2020-11-08","commitResults":[{"hash":"090f55f4ae92cdf54e617c045499248ca52b24c7","messageTitle":"Updated the error messages for the add commands","messageBody":"","fileTypesAndContributionMap":{"functional-code":{"insertions":5,"deletions":5}}},{"hash":"98e702f3aff64864743e99c1bd7f7dabaef3f914","messageTitle":"Updated UserGuide,Developer Guide for updated edit command and Added my PPP","messageBody":"","fileTypesAndContributionMap":{"docs":{"insertions":116,"deletions":25}}},{"hash":"4d25f528b95b2413afcca22bb6db7dcd802534b0","messageTitle":"Updated ppp","messageBody":"","fileTypesAndContributionMap":{"docs":{"insertions":41,"deletions":0}}},{"hash":"5b46506632cf535e51bdbf206b154efd169c39fa","messageTitle":"Update ppp","messageBody":"","fileTypesAndContributionMap":{"docs":{"insertions":1,"deletions":42}}},{"hash":"284287e02ca427b5b8ca14e95284cd34929515fe","messageTitle":"Updates ppp","messageBody":"","fileTypesAndContributionMap":{"docs":{"insertions":62,"deletions":0}}},{"hash":"39a1de672f5fd8ea2cd168a6b1e9d9d6ccadb668","messageTitle":"Updates profie pic","messageBody":"","fileTypesAndContributionMap":{"docs":{"insertions":1,"deletions":1}}},{"hash":"073ccf6e401b5f817573d1b2ea2f7d3af99dd9d3","messageTitle":"Updates ppp","messageBody":"","fileTypesAndContributionMap":{"docs":{"insertions":1,"deletions":1}}}]}]},"authorFileTypeContributionMap":{"yeapcl":{"docs":390,"functional-code":1033,"test-code":601,"other":23},"tammykoh":{"docs":274,"functional-code":521,"test-code":833},"manuelmanuntag96":{"docs":72,"functional-code":394,"test-code":347,"other":4},"yellow-fellow":{"docs":84,"functional-code":149,"test-code":0},"weisiong24":{"docs":229,"functional-code":337,"test-code":29}},"authorContributionVariance":{"yeapcl":71627.305,"tammykoh":57241.984,"manuelmanuntag96":13957.853,"yellow-fellow":2422.4353,"weisiong24":8566.108},"authorDisplayNameMap":{"yeapcl":"CS2113-T13-3 YEAP.. LIK","tammykoh":"CS2113-T13-3 KOH ..AMMY","manuelmanuntag96":"CS2113-T13-3 MANU..PAPA","yellow-fellow":"CS2113-T13-3 HUAN..HANG","weisiong24":"CS2113-T13-3 NG W..IONG"}}
