{
  "authorDailyContributionsMap": {
    "yeapcl": [
      {
        "date": "2020-10-03",
        "commitResults": [
          {
            "hash": "e27241abed9997e6e44570abb6ec89223a755932",
            "messageTitle": "Created functional skeleton for tP. Added app logo, Ui class, TimeTable class, Storage class, Parser class, Exception class, Command abstract class",
            "messageBody": "",
            "fileTypesAndContributionMap": {
              "functional-code": {
                "insertions": 859,
                "deletions": 3
              },
              "other": {
                "insertions": 0,
                "deletions": 0
              },
              "docs": {
                "insertions": 1,
                "deletions": 1
              }
            }
          }
        ]
      },
      {
        "date": "2020-10-05",
        "commitResults": [
          {
            "hash": "36f1ce913272269d91a4e9efbdbcc4fe4e10706c",
            "messageTitle": "Further refined code to meet checkStyle requirements",
            "messageBody": "",
            "fileTypesAndContributionMap": {
              "functional-code": {
                "insertions": 38,
                "deletions": 24
              },
              "other": {
                "insertions": 2,
                "deletions": 0
              }
            }
          },
          {
            "hash": "da1739ad56398f9c8b1de0e6f05ccf45c1984bc6",
            "messageTitle": "modified text-ui-test",
            "messageBody": "",
            "fileTypesAndContributionMap": {
              "other": {
                "insertions": 1,
                "deletions": 3
              },
              "test-code": {
                "insertions": 2,
                "deletions": 2
              }
            }
          },
          {
            "hash": "aafac886d890d559fad1557b84d4a84856a7d37d",
            "messageTitle": "modified text-ui-test for Windows environment",
            "messageBody": "",
            "fileTypesAndContributionMap": {
              "other": {
                "insertions": 1,
                "deletions": 1
              }
            }
          },
          {
            "hash": "175fafcf1f5bb83b58b5d51a17b740466fcec297",
            "messageTitle": "temporarily removed test script for windows",
            "messageBody": "",
            "fileTypesAndContributionMap": {
              "other": {
                "insertions": 0,
                "deletions": 19
              }
            }
          }
        ]
      },
      {
        "date": "2020-10-13",
        "commitResults": [
          {
            "hash": "8320d30560f6b9bfbb1eb4cc4781f0b480bb4fed",
            "messageTitle": "1. Improve coding standards: changed string comparison from \u0027\u003d\u003d\u0027 to \u0027.equal\u0027 2. Date is no longer case sensitive 3. Changed Timetable class type from Object type to Event type",
            "messageBody": "",
            "fileTypesAndContributionMap": {
              "functional-code": {
                "insertions": 18,
                "deletions": 18
              }
            }
          }
        ]
      }
    ],
    "tammykoh": [
      {
        "date": "2020-10-01",
        "commitResults": [
          {
            "hash": "5c4667a5fba2c27a51858de8a93692905691a3b8",
            "messageTitle": "Updated AboutUs",
            "messageBody": "",
            "fileTypesAndContributionMap": {
              "docs": {
                "insertions": 1,
                "deletions": 1
              }
            }
          }
        ]
      },
      {
        "date": "2020-10-11",
        "commitResults": [
          {
            "hash": "7138ea6230396e5ca063cfdba9a3966e4caf9122",
            "messageTitle": "Created a List Command that users can use to see all their classes in that day",
            "messageBody": "",
            "fileTypesAndContributionMap": {
              "functional-code": {
                "insertions": 81,
                "deletions": 26
              }
            }
          }
        ]
      },
      {
        "date": "2020-10-12",
        "commitResults": [
          {
            "hash": "928e4aa0627520ce77618c2fc433fa8dd5ca2eb7",
            "messageTitle": "Added empty description check for list command Corrected coding style",
            "messageBody": "",
            "fileTypesAndContributionMap": {
              "functional-code": {
                "insertions": 34,
                "deletions": 25
              }
            }
          },
          {
            "hash": "fe7edcd839f49d34bd1b60256ea4f5c723913972",
            "messageTitle": "Delete function implemented User can delete a class from a day in the timetable",
            "messageBody": "",
            "fileTypesAndContributionMap": {
              "functional-code": {
                "insertions": 94,
                "deletions": 26
              }
            }
          },
          {
            "hash": "590a21da67fc34b4a1537a20a63bdf5d2de4e3d8",
            "messageTitle": "Removed unused imported statements",
            "messageBody": "",
            "fileTypesAndContributionMap": {
              "functional-code": {
                "insertions": 1,
                "deletions": 8
              }
            }
          },
          {
            "hash": "bdafcd492bbd8f653725d0e6d0f73c0463f7faa2",
            "messageTitle": "User can use \u0027clear\u0027 command to clear everything in their timetable on a certain day",
            "messageBody": "",
            "fileTypesAndContributionMap": {
              "functional-code": {
                "insertions": 104,
                "deletions": 6
              }
            }
          }
        ]
      },
      {
        "date": "2020-10-13",
        "commitResults": [
          {
            "hash": "9e8806fa44092c851ec6f386c1740b41f6fa9753",
            "messageTitle": "Changed Timetable class so that 1 function will handle getting all the timetable",
            "messageBody": "",
            "fileTypesAndContributionMap": {
              "functional-code": {
                "insertions": 44,
                "deletions": 145
              }
            }
          }
        ]
      }
    ],
    "manuelmanuntag96": [
      {
        "date": "2020-10-01",
        "commitResults": [
          {
            "hash": "e3ab6fd9ef9f5ffaea6346ac25139ea5e059152b",
            "messageTitle": "Updated AboutUs.md",
            "messageBody": "Added my name, github, and portfolio details\n",
            "fileTypesAndContributionMap": {
              "docs": {
                "insertions": 1,
                "deletions": 1
              }
            }
          }
        ]
      },
      {
        "date": "2020-10-07",
        "commitResults": [
          {
            "hash": "b234a1d173f9ade58bfee4549557a3615cc9d5b7",
            "messageTitle": "Edit Skeleton Code for tP",
            "messageBody": "",
            "fileTypesAndContributionMap": {
              "functional-code": {
                "insertions": 327,
                "deletions": 302
              }
            }
          }
        ]
      },
      {
        "date": "2020-10-08",
        "commitResults": [
          {
            "hash": "75dcb991f3cccd3b7aa7876984e51793667ffdff",
            "messageTitle": "More Edits to the Skeleton Code",
            "messageBody": "Created a Timetable Class to combine all the 7 timetables into 1\n",
            "fileTypesAndContributionMap": {
              "functional-code": {
                "insertions": 57,
                "deletions": 38
              }
            }
          },
          {
            "hash": "723fa83d23c16dd1c414a2ba19461a9bb531577a",
            "messageTitle": "Passed gradlew checkstylemain",
            "messageBody": "",
            "fileTypesAndContributionMap": {
              "functional-code": {
                "insertions": 54,
                "deletions": 54
              }
            }
          },
          {
            "hash": "b606c371b8839691c9fe23cab8c062d567919148",
            "messageTitle": "Fixed runtest(.bat/.sh)",
            "messageBody": "",
            "fileTypesAndContributionMap": {
              "other": {
                "insertions": 19,
                "deletions": 0
              }
            }
          },
          {
            "hash": "f3e2b58ed67274ba60e7584d7913aab4097cb3c7",
            "messageTitle": "Fixed runtest.bat",
            "messageBody": "Logo Error\n",
            "fileTypesAndContributionMap": {
              "functional-code": {
                "insertions": 6,
                "deletions": 6
              }
            }
          },
          {
            "hash": "59f41f1655c4d9bb8915e47c35e9cde90fc19d4a",
            "messageTitle": "Fixed Logo Setup Skeleton Code",
            "messageBody": "",
            "fileTypesAndContributionMap": {
              "functional-code": {
                "insertions": 3,
                "deletions": 5
              }
            }
          }
        ]
      },
      {
        "date": "2020-10-09",
        "commitResults": [
          {
            "hash": "53d568742dafa83869b5c514d3b934f74d66a896",
            "messageTitle": "Edit Duke.java for Login Feature",
            "messageBody": "",
            "fileTypesAndContributionMap": {
              "functional-code": {
                "insertions": 11,
                "deletions": 4
              }
            }
          },
          {
            "hash": "80f41aaadfa7de8948ed710d46e87531cdf813b5",
            "messageTitle": "Edit Bye.java for UserList ArrayList",
            "messageBody": "",
            "fileTypesAndContributionMap": {
              "functional-code": {
                "insertions": 2,
                "deletions": 1
              }
            }
          },
          {
            "hash": "943d0b67fa3e0869b1ea61a637eb0e02d50bba1c",
            "messageTitle": "Edit Command.java for Login Feature",
            "messageBody": "",
            "fileTypesAndContributionMap": {
              "functional-code": {
                "insertions": 9,
                "deletions": 2
              }
            }
          },
          {
            "hash": "bd9ddc467e1e8a5cf4dee9aba0099949a05fdab3",
            "messageTitle": "Commented out Delete.java",
            "messageBody": "",
            "fileTypesAndContributionMap": {
              "functional-code": {
                "insertions": 17,
                "deletions": 17
              }
            }
          },
          {
            "hash": "9d4ab8d64da56e4c7420cdf543b007b1dbd672d4",
            "messageTitle": "Commented out FindCommand.java",
            "messageBody": "",
            "fileTypesAndContributionMap": {
              "functional-code": {
                "insertions": 19,
                "deletions": 19
              }
            }
          },
          {
            "hash": "e6379c39b109cb1d360ac935d06f9397dba966a1",
            "messageTitle": "Commented out ListCommand.java",
            "messageBody": "",
            "fileTypesAndContributionMap": {
              "functional-code": {
                "insertions": 12,
                "deletions": 12
              }
            }
          },
          {
            "hash": "e6a4ba04d7f8e1a8414445866044cede34ecfdfc",
            "messageTitle": "Edit Parser.java for Login Feature",
            "messageBody": "",
            "fileTypesAndContributionMap": {
              "functional-code": {
                "insertions": 32,
                "deletions": 10
              }
            }
          },
          {
            "hash": "62bf3c22cf5dc04478b8223ab2857439e33568d7",
            "messageTitle": "Edit Ui.java for Login Feature",
            "messageBody": "",
            "fileTypesAndContributionMap": {
              "functional-code": {
                "insertions": 5,
                "deletions": 0
              }
            }
          },
          {
            "hash": "4bd58e9ca2546c06eb6d5a30b208baa40186a7c7",
            "messageTitle": "Implemented Login Feature",
            "messageBody": "",
            "fileTypesAndContributionMap": {
              "functional-code": {
                "insertions": 69,
                "deletions": 0
              },
              "other": {
                "insertions": 11,
                "deletions": 3
              }
            }
          },
          {
            "hash": "ddc01bc1bf179c2a45cd5a01a7682fc29fe0bede",
            "messageTitle": "Edited runtest.bat for Feature 1",
            "messageBody": "",
            "fileTypesAndContributionMap": {
              "other": {
                "insertions": 1,
                "deletions": 0
              }
            }
          }
        ]
      },
      {
        "date": "2020-10-13",
        "commitResults": [
          {
            "hash": "373c10837e8c7525471be28062dd015cc891433e",
            "messageTitle": "Feature 1 Edit",
            "messageBody": "Fixed the Relog-in Process\n",
            "fileTypesAndContributionMap": {
              "functional-code": {
                "insertions": 26,
                "deletions": 4
              }
            }
          },
          {
            "hash": "d8ca128bdb5af9930752d0286f07422969b09da4",
            "messageTitle": "Passed Gradle CheckStyle",
            "messageBody": "",
            "fileTypesAndContributionMap": {
              "functional-code": {
                "insertions": 2,
                "deletions": 2
              }
            }
          }
        ]
      }
    ],
    "yellow-fellow": [
      {
        "date": "2020-10-13",
        "commitResults": [
          {
            "hash": "41e4c81b4645e7dcd1ad3869058ae795329cd31d",
            "messageTitle": "Added CompareCommand.java",
            "messageBody": "",
            "fileTypesAndContributionMap": {
              "functional-code": {
                "insertions": 127,
                "deletions": 1
              }
            }
          },
          {
            "hash": "85caa556ed2595efbf6fa3515a14dedf46d027ca",
            "messageTitle": "gradle checkstyleMain",
            "messageBody": "",
            "fileTypesAndContributionMap": {
              "functional-code": {
                "insertions": 44,
                "deletions": 46
              }
            }
          }
        ]
      }
    ],
    "weisiong24": [
      {
        "date": "2020-10-01",
        "commitResults": [
          {
            "hash": "a75c80f8c7bb5477ee68c59da5d33f7c178a5256",
            "messageTitle": "Updated AboutUs",
            "messageBody": "",
            "fileTypesAndContributionMap": {
              "docs": {
                "insertions": 1,
                "deletions": 1
              }
            }
          }
        ]
      },
      {
        "date": "2020-10-09",
        "commitResults": [
          {
            "hash": "e9f97e7d8ca8cf370b0e7cfec35464f4985645af",
            "messageTitle": "WeiSiong-Features2 updatedDuke",
            "messageBody": "",
            "fileTypesAndContributionMap": {
              "functional-code": {
                "insertions": 9,
                "deletions": 3
              }
            }
          },
          {
            "hash": "854b7eaab6288c4fda6fc251068039c7d06a14c7",
            "messageTitle": "Weisiong-Feature2 updatedclass",
            "messageBody": "",
            "fileTypesAndContributionMap": {
              "functional-code": {
                "insertions": 14,
                "deletions": 4
              }
            }
          },
          {
            "hash": "703769df5d7c7579683372bb88280266fde8ef0d",
            "messageTitle": "Weisiong-feature2:UpdatedCommands",
            "messageBody": "",
            "fileTypesAndContributionMap": {
              "functional-code": {
                "insertions": 23,
                "deletions": 0
              }
            }
          },
          {
            "hash": "e8b905af2cc5ab61833d1812d53d46b12fb9344c",
            "messageTitle": "Weisiong-Feature2:UpdatedClass",
            "messageBody": "",
            "fileTypesAndContributionMap": {
              "functional-code": {
                "insertions": 42,
                "deletions": 12
              }
            }
          },
          {
            "hash": "a6cec49d76b97c77f87d09aa250e420c7a837e71",
            "messageTitle": "WeiSiong-Feature2:AddFeature",
            "messageBody": "",
            "fileTypesAndContributionMap": {
              "functional-code": {
                "insertions": 69,
                "deletions": 0
              }
            }
          }
        ]
      },
      {
        "date": "2020-10-10",
        "commitResults": [
          {
            "hash": "6d87cb7393f6b5cb3959a20beee3dca49a6bfdef",
            "messageTitle": "updated .SH file for Features2",
            "messageBody": "",
            "fileTypesAndContributionMap": {
              "other": {
                "insertions": 1,
                "deletions": 1
              }
            }
          },
          {
            "hash": "c6cf8e8f9964cac38821297944797a1eab80dbcc",
            "messageTitle": "Updated .sh for Features2",
            "messageBody": "",
            "fileTypesAndContributionMap": {
              "other": {
                "insertions": 1,
                "deletions": 1
              }
            }
          },
          {
            "hash": "ade692669359e05f3697ab9adffebbb601a6a4a1",
            "messageTitle": "Updated Weisiong Feature2:Add",
            "messageBody": "",
            "fileTypesAndContributionMap": {
              "functional-code": {
                "insertions": 10,
                "deletions": 10
              }
            }
          },
          {
            "hash": "599b4187ab1dad108f99af04e17e3fc9653d12fb",
            "messageTitle": "Updated WeiSiong Feature2",
            "messageBody": "",
            "fileTypesAndContributionMap": {
              "other": {
                "insertions": 2,
                "deletions": 1
              }
            }
          },
          {
            "hash": "dd959e683c272b24ebc6ce5484b3e85bf2db602f",
            "messageTitle": "Updated weisiongFeatue2:Add",
            "messageBody": "",
            "fileTypesAndContributionMap": {
              "functional-code": {
                "insertions": 1,
                "deletions": 2
              }
            }
          },
          {
            "hash": "a1e5cd36962326ff2c2a260954e3bd40280e1272",
            "messageTitle": "Updated Weisiong Feature2:Add",
            "messageBody": "",
            "fileTypesAndContributionMap": {
              "other": {
                "insertions": 1,
                "deletions": 2
              }
            }
          },
          {
            "hash": "3803066773a7bb2932ded856515c35e2e51f1bec",
            "messageTitle": "Updated the weisiong-Feature 2:Add Feature",
            "messageBody": "",
            "fileTypesAndContributionMap": {
              "functional-code": {
                "insertions": 2,
                "deletions": 2
              }
            }
          }
        ]
      }
    ]
  },
  "authorFileTypeContributionMap": {
    "yeapcl": {
      "docs": 1,
      "functional-code": 467,
      "test-code": 2,
      "other": 1
    },
    "tammykoh": {
      "docs": 1,
      "functional-code": 227,
      "test-code": 0
    },
    "manuelmanuntag96": {
      "docs": 1,
      "functional-code": 515,
      "test-code": 0,
      "other": 1
    },
    "yellow-fellow": {
      "docs": 0,
      "functional-code": 125,
      "test-code": 0
    },
    "weisiong24": {
      "docs": 1,
      "functional-code": 112,
      "test-code": 0,
      "other": 1
    }
  },
  "authorContributionVariance": {
    "yeapcl": 41084.6,
    "tammykoh": 6769.584,
    "manuelmanuntag96": 25961.064,
    "yellow-fellow": 2631.0864,
    "weisiong24": 1742.9341
  },
  "authorDisplayNameMap": {
    "yeapcl": "CS2113-T13-3 YEAP.. LIK",
    "tammykoh": "CS2113-T13-3 KOH ..AMMY",
    "manuelmanuntag96": "CS2113-T13-3 MANU..PAPA",
    "yellow-fellow": "CS2113-T13-3 HUAN..HANG",
    "weisiong24": "CS2113-T13-3 NG W..IONG"
  }
}
