{
  "authorDailyContributionsMap": {
    "jerroldlam": [
      {
        "date": "2020-09-28",
        "commitResults": [
          {
            "hash": "90d660e8add9d4969487ba895f7e3e42f95e26ca",
            "messageTitle": "Add basic  Academic Planner",
            "messageBody": "-Basic Functionality of adding modules into academic planner\n-Add Module object\n-Add Person Object\n",
            "fileTypesAndContributionMap": {
              "functional-code": {
                "insertions": 431,
                "deletions": 0
              }
            }
          }
        ]
      },
      {
        "date": "2020-10-01",
        "commitResults": [
          {
            "hash": "0df37c51d1d99ce694c08ad4b4792b140b8168ba",
            "messageTitle": "Add skeleton documentations",
            "messageBody": "",
            "fileTypesAndContributionMap": {
              "docs": {
                "insertions": 37,
                "deletions": 10
              }
            }
          }
        ]
      },
      {
        "date": "2020-10-02",
        "commitResults": [
          {
            "hash": "e9f717b814afb143915c25d4191817190a7e3b19",
            "messageTitle": "Add seedu.duke.DUk.java",
            "messageBody": "",
            "fileTypesAndContributionMap": {
              "functional-code": {
                "insertions": 21,
                "deletions": 0
              }
            }
          },
          {
            "hash": "e9c8b561dc3106a1c56ef45a0e2c6fca972a9908",
            "messageTitle": "Refactor all project packages to be under seedu.duke",
            "messageBody": "",
            "fileTypesAndContributionMap": {
              "functional-code": {
                "insertions": 6,
                "deletions": 22
              },
              "other": {
                "insertions": 9,
                "deletions": 10
              }
            }
          }
        ]
      },
      {
        "date": "2020-10-04",
        "commitResults": [
          {
            "hash": "67d0b9f976c8b79bdc19f981bc3bef44dfef5324",
            "messageTitle": "Add prompts for user when any invalid command is entered in Academic Planner",
            "messageBody": "-Add general checkstyle fixes\n-Refactor Main code\u0027s name from Duke to PlanNUS\n",
            "fileTypesAndContributionMap": {
              "functional-code": {
                "insertions": 112,
                "deletions": 87
              },
              "other": {
                "insertions": 2,
                "deletions": 2
              }
            }
          },
          {
            "hash": "fb32ffb04c5a496c1b19b77bc3267f84b68a563d",
            "messageTitle": "Rename PlanNUS into PlanNus for check style",
            "messageBody": "",
            "fileTypesAndContributionMap": {
              "functional-code": {
                "insertions": 1,
                "deletions": 1
              },
              "test-code": {
                "insertions": 1,
                "deletions": 1
              }
            }
          },
          {
            "hash": "b869fcec0f8116a701402f84529bec4120bbc045",
            "messageTitle": "Correct check style errors",
            "messageBody": "",
            "fileTypesAndContributionMap": {
              "functional-code": {
                "insertions": 45,
                "deletions": 45
              }
            }
          },
          {
            "hash": "c9c5d9bb16601f076053a6c91ccda56f6de5d419",
            "messageTitle": "Rename PlanNUS.java to PlanNus.java",
            "messageBody": "",
            "fileTypesAndContributionMap": {
              "other": {
                "insertions": 0,
                "deletions": 0
              }
            }
          },
          {
            "hash": "f60f09e6dd4ab570a69ab13e855de25048f035f8",
            "messageTitle": "Rename PlanNUSTest.java to PlanNusTest.java",
            "messageBody": "",
            "fileTypesAndContributionMap": {
              "other": {
                "insertions": 0,
                "deletions": 0
              }
            }
          }
        ]
      },
      {
        "date": "2020-10-05",
        "commitResults": [
          {
            "hash": "01654df84aef6a39aa5ad11074bcdf20c1b5444f",
            "messageTitle": "Refactor and clean up Academic Planner code",
            "messageBody": "",
            "fileTypesAndContributionMap": {
              "functional-code": {
                "insertions": 168,
                "deletions": 104
              }
            }
          },
          {
            "hash": "153b7a8787972df4cc995cd51862a34c39872d57",
            "messageTitle": "Update skeleton Documentation",
            "messageBody": "",
            "fileTypesAndContributionMap": {
              "functional-code": {
                "insertions": 1,
                "deletions": 2
              },
              "docs": {
                "insertions": 20,
                "deletions": 13
              }
            }
          },
          {
            "hash": "b80445f976ccb3c257b78c9dd2df23facfc9e577",
            "messageTitle": "Update portfolio",
            "messageBody": "",
            "fileTypesAndContributionMap": {
              "docs": {
                "insertions": 35,
                "deletions": 13
              }
            }
          }
        ]
      },
      {
        "date": "2020-10-06",
        "commitResults": [
          {
            "hash": "9920194d1ec2104dcd36d398c16b8197328c3d52",
            "messageTitle": "Update user guide",
            "messageBody": "",
            "fileTypesAndContributionMap": {
              "docs": {
                "insertions": 28,
                "deletions": 9
              }
            }
          },
          {
            "hash": "30c9867374fe537ced5a98a697a4ac407c7bcbf9",
            "messageTitle": "Update user guide for add module",
            "messageBody": "",
            "fileTypesAndContributionMap": {
              "functional-code": {
                "insertions": 6,
                "deletions": 0
              },
              "docs": {
                "insertions": 66,
                "deletions": 7
              }
            }
          },
          {
            "hash": "a0c730e14f01d6cdb2cabb7fd910b3a5f6169a1a",
            "messageTitle": "Fix spelling error in readme.md",
            "messageBody": "",
            "fileTypesAndContributionMap": {
              "docs": {
                "insertions": 1,
                "deletions": 1
              }
            }
          },
          {
            "hash": "28132d0f76e11e5b10cacee1d95178f3490c70af",
            "messageTitle": "Update user guide",
            "messageBody": "",
            "fileTypesAndContributionMap": {
              "docs": {
                "insertions": 8,
                "deletions": 2
              }
            }
          },
          {
            "hash": "c73dfb8dec0777e76f3b6059e6d2e18e8a5d4082",
            "messageTitle": "Add valid semester helper prompt",
            "messageBody": "",
            "fileTypesAndContributionMap": {
              "functional-code": {
                "insertions": 2,
                "deletions": 0
              }
            }
          }
        ]
      },
      {
        "date": "2020-10-07",
        "commitResults": [
          {
            "hash": "7fa5f7e9dafcc9734d4c0440cf052fd65d57a4b4",
            "messageTitle": "Refactor Academic planner and fix exception bug",
            "messageBody": "",
            "fileTypesAndContributionMap": {
              "functional-code": {
                "insertions": 49,
                "deletions": 32
              }
            }
          },
          {
            "hash": "7e6738d6709c943af0fd6b4fd26270c88ccaa228",
            "messageTitle": "add Academic Planner Parser with academic planner add command",
            "messageBody": "",
            "fileTypesAndContributionMap": {
              "functional-code": {
                "insertions": 287,
                "deletions": 0
              }
            }
          }
        ]
      },
      {
        "date": "2020-10-09",
        "commitResults": [
          {
            "hash": "376f1ffbc7f6db0ea9fa2e64d7f195048b28ae3e",
            "messageTitle": "update Readme.md with correct web links",
            "messageBody": "",
            "fileTypesAndContributionMap": {
              "docs": {
                "insertions": 3,
                "deletions": 3
              }
            }
          },
          {
            "hash": "59e8de0cb2ea0293ec26f8eaf1c46b4db21b83ed",
            "messageTitle": "add Academic Planner Parser with academic planner add command",
            "messageBody": "",
            "fileTypesAndContributionMap": {
              "functional-code": {
                "insertions": 287,
                "deletions": 0
              }
            }
          },
          {
            "hash": "777988c065df5b3d906d3681f7531c37c0e4714f",
            "messageTitle": "Add JUnit tests for addModuleToUser function",
            "messageBody": "",
            "fileTypesAndContributionMap": {
              "test-code": {
                "insertions": 72,
                "deletions": 0
              }
            }
          },
          {
            "hash": "6f1feed978a64f1b1cab7a3db49ec674c35e2148",
            "messageTitle": "Update JUnit test for addModuleToUser",
            "messageBody": "",
            "fileTypesAndContributionMap": {
              "test-code": {
                "insertions": 2,
                "deletions": 2
              }
            }
          },
          {
            "hash": "81d0990b660ce90319f1d2c38d4d8ee94b07a94d",
            "messageTitle": "Clean up JUnit code",
            "messageBody": "",
            "fileTypesAndContributionMap": {
              "test-code": {
                "insertions": 1,
                "deletions": 3
              }
            }
          }
        ]
      },
      {
        "date": "2020-10-10",
        "commitResults": [
          {
            "hash": "3524c76a5eef90913c5e56e6f425b5d741b3a5e8",
            "messageTitle": "Fix bug where exit from PlanNUS main menu will trigger help messages",
            "messageBody": "",
            "fileTypesAndContributionMap": {
              "functional-code": {
                "insertions": 4,
                "deletions": 2
              }
            }
          },
          {
            "hash": "986394af1b5b06691dac3d7d03837f7bcd4493c7",
            "messageTitle": "Update javadoc comments",
            "messageBody": "",
            "fileTypesAndContributionMap": {
              "functional-code": {
                "insertions": 64,
                "deletions": 9
              }
            }
          }
        ]
      },
      {
        "date": "2020-10-11",
        "commitResults": [
          {
            "hash": "4e6f63e48c529ebdf5150a2c1995ed0bae3f8475",
            "messageTitle": "Clean up code",
            "messageBody": "Add missing javadoc comments\nRefactor code to have higher level of SLAP\n",
            "fileTypesAndContributionMap": {
              "functional-code": {
                "insertions": 287,
                "deletions": 73
              }
            }
          },
          {
            "hash": "bfd1fe39f904761d6abc0e65a33b461d31599920",
            "messageTitle": "Update addModuleToUser test",
            "messageBody": "",
            "fileTypesAndContributionMap": {
              "test-code": {
                "insertions": 9,
                "deletions": 0
              }
            }
          },
          {
            "hash": "0e029ad1b29256f31e93f37c13b2e8ab8bc6ad83",
            "messageTitle": "Add assertions for Add module functions in academic planner",
            "messageBody": "",
            "fileTypesAndContributionMap": {
              "functional-code": {
                "insertions": 5,
                "deletions": 1
              }
            }
          },
          {
            "hash": "63a7cf93194a3c9dce7952de9db2d4ac9e5e39bf",
            "messageTitle": "Add logging for add module function in academic calendar",
            "messageBody": "",
            "fileTypesAndContributionMap": {
              "functional-code": {
                "insertions": 11,
                "deletions": 0
              }
            }
          },
          {
            "hash": "131b7aa11a2035eb62c72b6fbc8d18218dd68900",
            "messageTitle": "Update AboutUs.md",
            "messageBody": "",
            "fileTypesAndContributionMap": {
              "docs": {
                "insertions": 7,
                "deletions": 7
              }
            }
          }
        ]
      },
      {
        "date": "2020-10-12",
        "commitResults": [
          {
            "hash": "e7be5ff725f75ae6c713da1b0808576592614262",
            "messageTitle": "Fix bug where adding additional spaces behind inputs in academic planner throws exception",
            "messageBody": "",
            "fileTypesAndContributionMap": {
              "functional-code": {
                "insertions": 5,
                "deletions": 5
              }
            }
          },
          {
            "hash": "bf32dd0587b4fe08f6ea8c7bc632955595afbbba",
            "messageTitle": "Edit JavaDoc comments for print command",
            "messageBody": "",
            "fileTypesAndContributionMap": {
              "functional-code": {
                "insertions": 6,
                "deletions": 2
              }
            }
          }
        ]
      },
      {
        "date": "2020-10-14",
        "commitResults": [
          {
            "hash": "dafeb6c27033d86da7c80766248f57f0dde8000b",
            "messageTitle": "Add function to print specific semesters in VIEW command in ACADPLAN",
            "messageBody": "Add academic planner sorter\nRefactor out common view command methods into PrintUtils\n",
            "fileTypesAndContributionMap": {
              "functional-code": {
                "insertions": 158,
                "deletions": 39
              },
              "docs": {
                "insertions": 2,
                "deletions": 2
              }
            }
          },
          {
            "hash": "039c62adeaf2a3255e19be805f1b82c44661505a",
            "messageTitle": "Add print help command in academic planner",
            "messageBody": "",
            "fileTypesAndContributionMap": {
              "functional-code": {
                "insertions": 40,
                "deletions": 14
              }
            }
          },
          {
            "hash": "a93e790b880ad3c37eee845a19fe8c114394cd9e",
            "messageTitle": "Add prompt for user when awaiting command in acadplan and main menu",
            "messageBody": "",
            "fileTypesAndContributionMap": {
              "functional-code": {
                "insertions": 16,
                "deletions": 6
              }
            }
          }
        ]
      },
      {
        "date": "2020-10-15",
        "commitResults": [
          {
            "hash": "c8f8c96071c12a841f107337fc981f8afc3b6abf",
            "messageTitle": "Update user guide to add help command and view full or view by semester for ACAD PLAN",
            "messageBody": "",
            "fileTypesAndContributionMap": {
              "other": {
                "insertions": 6,
                "deletions": 0
              },
              "docs": {
                "insertions": 15,
                "deletions": 1
              }
            }
          },
          {
            "hash": "954c017f478759a0f8ebe4fd0a2d26558b165de4",
            "messageTitle": "Remove Redundant files",
            "messageBody": "",
            "fileTypesAndContributionMap": {
              "other": {
                "insertions": 0,
                "deletions": 6
              }
            }
          },
          {
            "hash": "67938b924f55108d1bbd2a507c6a9f8704899b2f",
            "messageTitle": "Update User Guide",
            "messageBody": "",
            "fileTypesAndContributionMap": {
              "functional-code": {
                "insertions": 4,
                "deletions": 2
              },
              "docs": {
                "insertions": 5,
                "deletions": 10
              }
            }
          }
        ]
      },
      {
        "date": "2020-10-16",
        "commitResults": [
          {
            "hash": "4a8661559bea9c1e9f7884960057e401358648dd",
            "messageTitle": "Add javadoc comments",
            "messageBody": "",
            "fileTypesAndContributionMap": {
              "functional-code": {
                "insertions": 4,
                "deletions": 1
              }
            }
          },
          {
            "hash": "4ef570968893abedb050e369118c4be024048ffb",
            "messageTitle": "Add message to show number of total mcs taken in the current command in capcalc",
            "messageBody": "",
            "fileTypesAndContributionMap": {
              "functional-code": {
                "insertions": 1,
                "deletions": 0
              }
            }
          },
          {
            "hash": "7778b1c4408474f5a746787c91527cfeaf520bb2",
            "messageTitle": "Support logging of different functions to seperate textfiles",
            "messageBody": "Create new wrapper class LoggingTool to initialise logger with intended parameters\n",
            "fileTypesAndContributionMap": {
              "functional-code": {
                "insertions": 79,
                "deletions": 13
              }
            }
          },
          {
            "hash": "41993635ec4b950339aab7bb6081fb0abe57b6e7",
            "messageTitle": "Refactor logging usage",
            "messageBody": "",
            "fileTypesAndContributionMap": {
              "functional-code": {
                "insertions": 13,
                "deletions": 7
              }
            }
          },
          {
            "hash": "2c8ef4a1df0ab2666b8a802d89a230e7b29a65e6",
            "messageTitle": "Refactor and test current command in capcalc",
            "messageBody": "",
            "fileTypesAndContributionMap": {
              "functional-code": {
                "insertions": 10,
                "deletions": 1
              },
              "test-code": {
                "insertions": 37,
                "deletions": 0
              }
            }
          },
          {
            "hash": "7094f7d2004e12d9de0121edded7c647b9dac465",
            "messageTitle": "Refactor Academic Planner",
            "messageBody": "",
            "fileTypesAndContributionMap": {
              "functional-code": {
                "insertions": 162,
                "deletions": 71
              }
            }
          },
          {
            "hash": "5da0309a7c229a6909c0000b438d06aa1d24a9df",
            "messageTitle": "Refactor execute function in add module command",
            "messageBody": "",
            "fileTypesAndContributionMap": {
              "functional-code": {
                "insertions": 40,
                "deletions": 16
              }
            }
          }
        ]
      },
      {
        "date": "2020-10-17",
        "commitResults": [
          {
            "hash": "963e86d4636cf525c2748c165a963ccaecf6f5f4",
            "messageTitle": "Fix bug where header still prints if no modules exist for the semeseter in view by semester",
            "messageBody": "",
            "fileTypesAndContributionMap": {
              "functional-code": {
                "insertions": 1,
                "deletions": 0
              }
            }
          }
        ]
      },
      {
        "date": "2020-10-28",
        "commitResults": [
          {
            "hash": "eb93b6f2b18213b15279a6cc308a766f55970d9e",
            "messageTitle": "Add architecture diagram for Ui component in details",
            "messageBody": "",
            "fileTypesAndContributionMap": {
              "docs": {
                "insertions": 5,
                "deletions": 0
              }
            }
          },
          {
            "hash": "420d27f8295f47dcd3f3130d41e80d7c7089ba6b",
            "messageTitle": "Edit DG",
            "messageBody": "",
            "fileTypesAndContributionMap": {
              "docs": {
                "insertions": 3,
                "deletions": 3
              }
            }
          }
        ]
      },
      {
        "date": "2020-10-29",
        "commitResults": [
          {
            "hash": "1d65f0be6ad70b16376f0029676c831726df3983",
            "messageTitle": "Edit add module command diagrams and DG",
            "messageBody": "",
            "fileTypesAndContributionMap": {
              "docs": {
                "insertions": 12,
                "deletions": 10
              }
            }
          }
        ]
      },
      {
        "date": "2020-10-31",
        "commitResults": [
          {
            "hash": "25b2a20a046c627121d50a4c0f843fd19025582d",
            "messageTitle": "Add PPP for Jerrold",
            "messageBody": "",
            "fileTypesAndContributionMap": {
              "docs": {
                "insertions": 41,
                "deletions": 13
              }
            }
          },
          {
            "hash": "bbcd73a03c7ce0eed882fdb33b731f282be00639",
            "messageTitle": "Change add command to throw exception after each invalid input",
            "messageBody": "",
            "fileTypesAndContributionMap": {
              "functional-code": {
                "insertions": 19,
                "deletions": 12
              }
            }
          },
          {
            "hash": "6021e2cfc0e7679dbeece1209be3eddef2775767",
            "messageTitle": "Add different messages when inputs are invalid in academic planner parser",
            "messageBody": "",
            "fileTypesAndContributionMap": {
              "functional-code": {
                "insertions": 11,
                "deletions": 1
              }
            }
          },
          {
            "hash": "2babf0179a961f489d0130dde28e46a681f156e9",
            "messageTitle": "Add trimmer to trim white spaces inbetween COMMAND and PARAMETER",
            "messageBody": "",
            "fileTypesAndContributionMap": {
              "functional-code": {
                "insertions": 3,
                "deletions": 1
              }
            }
          },
          {
            "hash": "ab70737c99342cb0db9193fb55d91c72eadebd9c",
            "messageTitle": "Add trimmer for CAP Calculator parser",
            "messageBody": "",
            "fileTypesAndContributionMap": {
              "functional-code": {
                "insertions": 1,
                "deletions": 0
              }
            }
          },
          {
            "hash": "dd27bc5d7c1671761d88bcf5bc29576f3a0669c2",
            "messageTitle": "Improve parser error handling",
            "messageBody": "",
            "fileTypesAndContributionMap": {
              "functional-code": {
                "insertions": 15,
                "deletions": 7
              }
            }
          }
        ]
      },
      {
        "date": "2020-11-01",
        "commitResults": [
          {
            "hash": "6dfe7d6aaeb507b5c99a70d025cdec059bb75b7e",
            "messageTitle": "Standardise small letters in user guide",
            "messageBody": "",
            "fileTypesAndContributionMap": {
              "docs": {
                "insertions": 2,
                "deletions": 2
              }
            }
          },
          {
            "hash": "549401d36c9cdad1f23ece794365afcc8602e0eb",
            "messageTitle": "Add description that capcalc and acadplan can only be called from main menu",
            "messageBody": "",
            "fileTypesAndContributionMap": {
              "docs": {
                "insertions": 2,
                "deletions": 1
              }
            }
          },
          {
            "hash": "753ba1a58c22e4c206b3bc8ab92f5c17f765fcf5",
            "messageTitle": "Update PPP for Jerrold",
            "messageBody": "",
            "fileTypesAndContributionMap": {
              "docs": {
                "insertions": 6,
                "deletions": 0
              }
            }
          },
          {
            "hash": "c86f1f5f846fe67033b406a0444fc295a8d82651",
            "messageTitle": "Update guides with coming soon information",
            "messageBody": "",
            "fileTypesAndContributionMap": {
              "docs": {
                "insertions": 65,
                "deletions": 3
              }
            }
          },
          {
            "hash": "bc3a27a02ae0bb7a8af7f5ad0c0936dacf8906f7",
            "messageTitle": "Update PPP",
            "messageBody": "",
            "fileTypesAndContributionMap": {
              "docs": {
                "insertions": 13,
                "deletions": 10
              }
            }
          }
        ]
      }
    ],
    "vanessa-kang": [
      {
        "date": "2020-10-12",
        "commitResults": [
          {
            "hash": "f21b96fa374a7045b0d4761488bd7deea96cb714",
            "messageTitle": "Pull updated code from org master (as of 12/10/2020 10am)",
            "messageBody": "",
            "fileTypesAndContributionMap": {
              "functional-code": {
                "insertions": 1595,
                "deletions": 433
              },
              "other": {
                "insertions": 72,
                "deletions": 33
              },
              "docs": {
                "insertions": 402,
                "deletions": 53
              },
              "test-code": {
                "insertions": 220,
                "deletions": 0
              }
            }
          },
          {
            "hash": "ea0117609e6634c84e3e52e8565e5c843362ed5d",
            "messageTitle": "Implemented print academic calendar feature",
            "messageBody": "",
            "fileTypesAndContributionMap": {
              "functional-code": {
                "insertions": 53,
                "deletions": 3
              }
            }
          }
        ]
      },
      {
        "date": "2020-10-16",
        "commitResults": [
          {
            "hash": "3d4917e3a99b50aaf45ebcef456b1e161f8a1dd8",
            "messageTitle": "Pull updated code from org master (as of 16/10/2020 11.30pm)",
            "messageBody": "",
            "fileTypesAndContributionMap": {
              "functional-code": {
                "insertions": 1416,
                "deletions": 150
              },
              "other": {
                "insertions": 2,
                "deletions": 2
              },
              "docs": {
                "insertions": 24,
                "deletions": 14
              },
              "test-code": {
                "insertions": 159,
                "deletions": 0
              }
            }
          }
        ]
      },
      {
        "date": "2020-10-17",
        "commitResults": [
          {
            "hash": "5762b32d5cc91be1cb427142ef505b900e2019a0",
            "messageTitle": "Added basic functionality to print details of a specified module. (#23) TODO: refactoring and general cleanup for code quality TODO: add JUnit tests, assertions, logging etc.",
            "messageBody": "",
            "fileTypesAndContributionMap": {
              "functional-code": {
                "insertions": 66,
                "deletions": 5
              }
            }
          },
          {
            "hash": "b14688aadc911a23eb1bef994333a2321fa15ac1",
            "messageTitle": "Refactored, fixed code quality issues. 1) Refactored print statements in ModuleDetailsCommand to PrintUtils 2) Fixed style issued flagged by gradlew build 3) Edited I/O redirection for runtest.sg TODO: add JUnit tests",
            "messageBody": "",
            "fileTypesAndContributionMap": {
              "functional-code": {
                "insertions": 23,
                "deletions": 15
              },
              "other": {
                "insertions": 1,
                "deletions": 0
              }
            }
          },
          {
            "hash": "de2d2f8c3d31d88a3b265d83e068655656769161",
            "messageTitle": "Pull updated code from org master (as of 17/10/2020 9.20pm)",
            "messageBody": "",
            "fileTypesAndContributionMap": {
              "functional-code": {
                "insertions": 126,
                "deletions": 132
              },
              "other": {
                "insertions": 8,
                "deletions": 8
              },
              "docs": {
                "insertions": 180,
                "deletions": 21
              },
              "test-code": {
                "insertions": 117,
                "deletions": 11
              }
            }
          }
        ]
      },
      {
        "date": "2020-10-19",
        "commitResults": [
          {
            "hash": "18a12d3f2b02b364643ad4fd47c63f0ea4765b1a",
            "messageTitle": "Pull updated code from org master (as of 19/10/2020 2.30am)",
            "messageBody": "",
            "fileTypesAndContributionMap": {
              "functional-code": {
                "insertions": 164,
                "deletions": 52
              },
              "other": {
                "insertions": 1,
                "deletions": 0
              },
              "docs": {
                "insertions": 92,
                "deletions": 44
              }
            }
          },
          {
            "hash": "fd3e60773e7f63c82a847a0b7a4f29bb2fc2383a",
            "messageTitle": "Pull updated code from org master (as of 19/10/2020 3.45am)",
            "messageBody": "",
            "fileTypesAndContributionMap": {
              "functional-code": {
                "insertions": 70,
                "deletions": 0
              },
              "other": {
                "insertions": 1,
                "deletions": 0
              }
            }
          }
        ]
      },
      {
        "date": "2020-10-20",
        "commitResults": [
          {
            "hash": "7244736f8b3183f7c7885eb64f810fd3a9aced50",
            "messageTitle": "Pull updated code from org master (as of 20/10/2020 1.40am)",
            "messageBody": "",
            "fileTypesAndContributionMap": {
              "functional-code": {
                "insertions": 6,
                "deletions": 12
              },
              "docs": {
                "insertions": 207,
                "deletions": 45
              },
              "test-code": {
                "insertions": 114,
                "deletions": 0
              }
            }
          }
        ]
      },
      {
        "date": "2020-10-26",
        "commitResults": [
          {
            "hash": "395f358d633c36918be6ae7f541cfec72f00ef1f",
            "messageTitle": "Pull updated code from org master (as of 26/10/2020 11am)",
            "messageBody": "",
            "fileTypesAndContributionMap": {
              "functional-code": {
                "insertions": 213,
                "deletions": 96
              },
              "other": {
                "insertions": 2,
                "deletions": 2
              },
              "docs": {
                "insertions": 424,
                "deletions": 226
              },
              "test-code": {
                "insertions": 859,
                "deletions": 43
              }
            }
          },
          {
            "hash": "9a6af6f483c65c3c4fde43ed77edebb5815d4074",
            "messageTitle": "Added authorship",
            "messageBody": "",
            "fileTypesAndContributionMap": {
              "functional-code": {
                "insertions": 4,
                "deletions": 3
              },
              "test-code": {
                "insertions": 2,
                "deletions": 0
              }
            }
          }
        ]
      },
      {
        "date": "2020-10-27",
        "commitResults": [
          {
            "hash": "aae79bfa20e3e46842d2f778261cb5212395693c",
            "messageTitle": "Pull updated code from org master (as of 27/10/2020 8.35pm)",
            "messageBody": "",
            "fileTypesAndContributionMap": {
              "docs": {
                "insertions": 245,
                "deletions": 68
              }
            }
          }
        ]
      },
      {
        "date": "2020-10-28",
        "commitResults": [
          {
            "hash": "ff59cd84b86719d80be07b11f49538a07b409a6f",
            "messageTitle": "Pull updated code from org master (as of 28/10/2020 3.15am)",
            "messageBody": "",
            "fileTypesAndContributionMap": {
              "docs": {
                "insertions": 8,
                "deletions": 3
              }
            }
          },
          {
            "hash": "958a28ad43610160c8af94348ac81e39eaa3323f",
            "messageTitle": "Added DG documentation for ModuleDetailsCommand",
            "messageBody": "",
            "fileTypesAndContributionMap": {
              "docs": {
                "insertions": 58,
                "deletions": 5
              }
            }
          }
        ]
      }
    ],
    "harryleecp": [
      {
        "date": "2020-09-29",
        "commitResults": [
          {
            "hash": "91ecea87834a2b8dbf8d5e01ccaeec72c1d95a9e",
            "messageTitle": "Added editModule and removeModule methods to the AcademicPlanner class",
            "messageBody": "",
            "fileTypesAndContributionMap": {
              "functional-code": {
                "insertions": 125,
                "deletions": 2
              }
            }
          }
        ]
      },
      {
        "date": "2020-10-08",
        "commitResults": [
          {
            "hash": "93a6e609e5656f7fae1c923ea26fd87c02b0548a",
            "messageTitle": "Testing the use of images on user guide",
            "messageBody": "",
            "fileTypesAndContributionMap": {
              "docs": {
                "insertions": 209,
                "deletions": 15
              }
            }
          },
          {
            "hash": "0e8b228ab4d544d5ee087c371c721ccb2164856c",
            "messageTitle": "Update UserGuide.md",
            "messageBody": "Modified to suit the markdown theme",
            "fileTypesAndContributionMap": {
              "docs": {
                "insertions": 8,
                "deletions": 23
              }
            }
          },
          {
            "hash": "c7256841e930072bcd72a595752956bec4f6d435",
            "messageTitle": "Update UserGuide.md",
            "messageBody": "",
            "fileTypesAndContributionMap": {
              "docs": {
                "insertions": 1,
                "deletions": 6
              }
            }
          }
        ]
      },
      {
        "date": "2020-10-10",
        "commitResults": [
          {
            "hash": "875aa1b5391164016d385d78811f61bf1d9743de",
            "messageTitle": "Added images folder to access snapshots of expected outputs",
            "messageBody": "",
            "fileTypesAndContributionMap": {
              "docs": {
                "insertions": 42,
                "deletions": 32
              }
            }
          },
          {
            "hash": "063f2cab5b8aa11c64234b0eb470c9886d0bdd1d",
            "messageTitle": "Amended the link to the jar file (to be released)",
            "messageBody": "",
            "fileTypesAndContributionMap": {
              "docs": {
                "insertions": 1,
                "deletions": 1
              }
            }
          },
          {
            "hash": "a5be34c6135b2bc24c2771f9f026b9b046d67fa4",
            "messageTitle": "Testing commit for DG",
            "messageBody": "",
            "fileTypesAndContributionMap": {
              "docs": {
                "insertions": 34,
                "deletions": 6
              }
            }
          }
        ]
      },
      {
        "date": "2020-10-11",
        "commitResults": [
          {
            "hash": "abd4a2c3ba1e6339ff2eaeee9a3fe80bc0bb97f8",
            "messageTitle": "Added a basic structure for DG, more information to be added",
            "messageBody": "",
            "fileTypesAndContributionMap": {
              "docs": {
                "insertions": 119,
                "deletions": 15
              }
            }
          }
        ]
      },
      {
        "date": "2020-10-12",
        "commitResults": [
          {
            "hash": "47d4588d5dc2b05c3b519b274fb986c43272f248",
            "messageTitle": "Added JUnit tests for EditUtil and RemoveUtil",
            "messageBody": "",
            "fileTypesAndContributionMap": {
              "test-code": {
                "insertions": 124,
                "deletions": 0
              }
            }
          },
          {
            "hash": "7b293238073c755cf1c9b7c21fc855d2662a2cb9",
            "messageTitle": "Amended the errors in the JUnit test for RemoveUtil",
            "messageBody": "",
            "fileTypesAndContributionMap": {
              "test-code": {
                "insertions": 0,
                "deletions": 2
              }
            }
          },
          {
            "hash": "cb545183086ce5fd5e2af585053f7e7b7a0e5243",
            "messageTitle": "Added new line at the bottom of test files",
            "messageBody": "",
            "fileTypesAndContributionMap": {
              "test-code": {
                "insertions": 2,
                "deletions": 2
              }
            }
          },
          {
            "hash": "e66612f6574f28109cb4f9bdcee73893da40ed39",
            "messageTitle": "Added some assertions to EditUtils and RemoveUtils",
            "messageBody": "",
            "fileTypesAndContributionMap": {
              "functional-code": {
                "insertions": 3,
                "deletions": 0
              }
            }
          }
        ]
      },
      {
        "date": "2020-10-14",
        "commitResults": [
          {
            "hash": "f0fe30aafb8233600af6874c01a397b386b0f134",
            "messageTitle": "Added a new storage package and class. Also amended PlanNUS class (to be refactored again)",
            "messageBody": "",
            "fileTypesAndContributionMap": {
              "functional-code": {
                "insertions": 105,
                "deletions": 0
              }
            }
          },
          {
            "hash": "d83c7cafcf4965218083eff4dad41d22b7dec3f6",
            "messageTitle": "Removed output for filenotfound",
            "messageBody": "",
            "fileTypesAndContributionMap": {
              "functional-code": {
                "insertions": 1,
                "deletions": 1
              }
            }
          },
          {
            "hash": "ad182d875e369e9be36c7b55936522c21eb32195",
            "messageTitle": "Amended files to abide by checkstyle",
            "messageBody": "",
            "fileTypesAndContributionMap": {
              "functional-code": {
                "insertions": 1,
                "deletions": 3
              }
            }
          }
        ]
      },
      {
        "date": "2020-10-15",
        "commitResults": [
          {
            "hash": "01adb7088050ffce26dfbd8df3dae052eeeefebd",
            "messageTitle": "Changed the catch block instruction for filenotfound, also amended the expected text",
            "messageBody": "",
            "fileTypesAndContributionMap": {
              "functional-code": {
                "insertions": 1,
                "deletions": 1
              }
            }
          },
          {
            "hash": "fbe276b41f20717aac300b37e04b558e0ea73880",
            "messageTitle": "Adjusted image sizes for view feature in acadplan",
            "messageBody": "",
            "fileTypesAndContributionMap": {
              "docs": {
                "insertions": 4,
                "deletions": 4
              }
            }
          },
          {
            "hash": "8a4bcdcc4d8f283786de8a68fc9ecd22e9894e89",
            "messageTitle": "Amended .PNG file extension for affected images",
            "messageBody": "",
            "fileTypesAndContributionMap": {
              "docs": {
                "insertions": 4,
                "deletions": 4
              }
            }
          }
        ]
      },
      {
        "date": "2020-10-29",
        "commitResults": [
          {
            "hash": "abfdecd6847476fe4ec8c40c8d1bb34bb6848023",
            "messageTitle": "Added architecture diagrams for storage and details",
            "messageBody": "",
            "fileTypesAndContributionMap": {
              "docs": {
                "insertions": 9,
                "deletions": 1
              }
            }
          }
        ]
      },
      {
        "date": "2020-10-30",
        "commitResults": [
          {
            "hash": "593ebe52b0aa7d393085ba3dc1c10fc56216bdae",
            "messageTitle": "Amended the architecture diagrams for details and storage in DG",
            "messageBody": "",
            "fileTypesAndContributionMap": {
              "docs": {
                "insertions": 2,
                "deletions": 0
              }
            }
          }
        ]
      },
      {
        "date": "2020-10-31",
        "commitResults": [
          {
            "hash": "e9171048a4af94ee3af9128c79f8da01cc50bf5e",
            "messageTitle": "Amended error messages for editModuleCommand",
            "messageBody": "",
            "fileTypesAndContributionMap": {
              "functional-code": {
                "insertions": 15,
                "deletions": 15
              }
            }
          },
          {
            "hash": "5eb393dd51c78ae9993ed5ad6d9c75ea80cb0971",
            "messageTitle": "Corrected style error for the amendments",
            "messageBody": "",
            "fileTypesAndContributionMap": {
              "functional-code": {
                "insertions": 1,
                "deletions": 2
              }
            }
          }
        ]
      },
      {
        "date": "2020-11-01",
        "commitResults": [
          {
            "hash": "4732288beea58f8cff49f2d930974153805fa160",
            "messageTitle": "Added project portfolio page",
            "messageBody": "",
            "fileTypesAndContributionMap": {
              "docs": {
                "insertions": 24,
                "deletions": 2
              }
            }
          }
        ]
      }
    ],
    "JuZihao": [
      {
        "date": "2020-10-04",
        "commitResults": [
          {
            "hash": "08cbadc9c6ad380580c5babfd06d1dea6aa0dcd0",
            "messageTitle": "Added V0.1 Capcalc functions",
            "messageBody": "",
            "fileTypesAndContributionMap": {
              "functional-code": {
                "insertions": 120,
                "deletions": 1
              }
            }
          },
          {
            "hash": "16c85e3c7195a582f6a1f6d3d526fb42ae923a5d",
            "messageTitle": "Minor coding standard adjustments",
            "messageBody": "",
            "fileTypesAndContributionMap": {
              "functional-code": {
                "insertions": 25,
                "deletions": 25
              }
            }
          }
        ]
      },
      {
        "date": "2020-10-06",
        "commitResults": [
          {
            "hash": "c06ad0b1f3924c4d41b297e7ef8739b845b83c48",
            "messageTitle": "Added exceptions when the target MC is zero and when the target CAP is greater than 5.",
            "messageBody": "",
            "fileTypesAndContributionMap": {
              "functional-code": {
                "insertions": 78,
                "deletions": 0
              }
            }
          },
          {
            "hash": "947dd37a8b350bd1e4dcef8c87971f5ef58dfd5f",
            "messageTitle": "Added print error message functions.",
            "messageBody": "",
            "fileTypesAndContributionMap": {
              "functional-code": {
                "insertions": 2,
                "deletions": 2
              }
            }
          },
          {
            "hash": "9fd9146a3be51e9e6a6abc64c7e498953540eecc",
            "messageTitle": "Modify variable names.",
            "messageBody": "",
            "fileTypesAndContributionMap": {
              "functional-code": {
                "insertions": 6,
                "deletions": 6
              }
            }
          }
        ]
      },
      {
        "date": "2020-10-09",
        "commitResults": [
          {
            "hash": "e8fb9561c448c68f5747bf39a3dbcb7f334ab9e1",
            "messageTitle": "Added some OOP",
            "messageBody": "",
            "fileTypesAndContributionMap": {
              "functional-code": {
                "insertions": 27,
                "deletions": 0
              }
            }
          },
          {
            "hash": "3f7f9e6b71bffb1a6f5dc6cdd2590a8986470f50",
            "messageTitle": "More OOP and refactering of Cap Calculator",
            "messageBody": "",
            "fileTypesAndContributionMap": {
              "functional-code": {
                "insertions": 258,
                "deletions": 186
              }
            }
          }
        ]
      },
      {
        "date": "2020-10-10",
        "commitResults": [
          {
            "hash": "65b3f4e55fca25a77ca446c03a72ec75f5d43d3e",
            "messageTitle": "Added some JUnit test for Cap Calculator parser.",
            "messageBody": "",
            "fileTypesAndContributionMap": {
              "functional-code": {
                "insertions": 1,
                "deletions": 1
              },
              "test-code": {
                "insertions": 78,
                "deletions": 0
              }
            }
          }
        ]
      },
      {
        "date": "2020-10-12",
        "commitResults": [
          {
            "hash": "fafa299a1d2558f8b84254b09b2e2f00f97ca3eb",
            "messageTitle": "Added assertion for set target",
            "messageBody": "",
            "fileTypesAndContributionMap": {
              "functional-code": {
                "insertions": 3,
                "deletions": 0
              }
            }
          },
          {
            "hash": "5ce185fa47f19ba821b5b2ba83df4404befa00d0",
            "messageTitle": "Added assertions and logging to set target command.",
            "messageBody": "",
            "fileTypesAndContributionMap": {
              "functional-code": {
                "insertions": 8,
                "deletions": 0
              }
            }
          },
          {
            "hash": "d7bb4b97203eaeb45b73dd905689106f103b3e2a",
            "messageTitle": "Minor adjustment to pass the gradle tests",
            "messageBody": "",
            "fileTypesAndContributionMap": {
              "functional-code": {
                "insertions": 1,
                "deletions": 1
              }
            }
          },
          {
            "hash": "5f1ade55032599a753082501032ccde2dde40400",
            "messageTitle": "Update UserGuide.md",
            "messageBody": "Added more cautions to set target.",
            "fileTypesAndContributionMap": {
              "docs": {
                "insertions": 2,
                "deletions": 1
              }
            }
          },
          {
            "hash": "55e5a214267befcdd8e6741041b6ad2d8bcf71d8",
            "messageTitle": "Minor debugging",
            "messageBody": "",
            "fileTypesAndContributionMap": {
              "functional-code": {
                "insertions": 5,
                "deletions": 4
              }
            }
          },
          {
            "hash": "0235f35ecf257797846497dc3bb522e0f72e6e8f",
            "messageTitle": "minor debugging",
            "messageBody": "",
            "fileTypesAndContributionMap": {
              "functional-code": {
                "insertions": 7,
                "deletions": 5
              }
            }
          }
        ]
      },
      {
        "date": "2020-10-13",
        "commitResults": [
          {
            "hash": "2ffe6d3ff542b44c4570bbe071072bbddd4ab549",
            "messageTitle": "Fixed a bug when logging are showing to users",
            "messageBody": "",
            "fileTypesAndContributionMap": {
              "functional-code": {
                "insertions": 1,
                "deletions": 0
              }
            }
          }
        ]
      },
      {
        "date": "2020-10-14",
        "commitResults": [
          {
            "hash": "acfc18c123f2f6aab765dc5247e6bdd3b7cb38d7",
            "messageTitle": "Added basic functions of set su commands",
            "messageBody": "",
            "fileTypesAndContributionMap": {
              "functional-code": {
                "insertions": 124,
                "deletions": 16
              },
              "other": {
                "insertions": 2,
                "deletions": 2
              }
            }
          }
        ]
      },
      {
        "date": "2020-10-16",
        "commitResults": [
          {
            "hash": "d3355bced08baad049ddb078bf9aae8c3c8005f1",
            "messageTitle": "Added basic functions to set su command, complete set su utilities.",
            "messageBody": "",
            "fileTypesAndContributionMap": {
              "functional-code": {
                "insertions": 379,
                "deletions": 22
              }
            }
          },
          {
            "hash": "5be5f4562724ec2ed79732ece6a53a256146587e",
            "messageTitle": "Minor adjustments to pass gradle tests",
            "messageBody": "",
            "fileTypesAndContributionMap": {
              "functional-code": {
                "insertions": 10,
                "deletions": 10
              }
            }
          }
        ]
      },
      {
        "date": "2020-10-29",
        "commitResults": [
          {
            "hash": "0d4e40eab2fd93cac6236a0fb46ebe8df3a75ef3",
            "messageTitle": "Update DeveloperGuide.md",
            "messageBody": "fix hyper link",
            "fileTypesAndContributionMap": {
              "docs": {
                "insertions": 5,
                "deletions": 5
              }
            }
          },
          {
            "hash": "fab13086ffb1db8075c7f8f1a2c148daf5bbfaba",
            "messageTitle": "Update DeveloperGuide.md",
            "messageBody": "",
            "fileTypesAndContributionMap": {
              "docs": {
                "insertions": 1,
                "deletions": 1
              }
            }
          }
        ]
      },
      {
        "date": "2020-10-31",
        "commitResults": [
          {
            "hash": "5896407a430dc6c54351d45ba9bb9abf5ea73386",
            "messageTitle": "Minor bug fix after PE dry",
            "messageBody": "",
            "fileTypesAndContributionMap": {
              "functional-code": {
                "insertions": 2,
                "deletions": 2
              },
              "test-code": {
                "insertions": 1,
                "deletions": 1
              }
            }
          }
        ]
      },
      {
        "date": "2020-11-01",
        "commitResults": [
          {
            "hash": "111b7626893582b1c51d08cd25f4558920d7d178",
            "messageTitle": "Update bugs after PE dry run",
            "messageBody": "",
            "fileTypesAndContributionMap": {
              "functional-code": {
                "insertions": 86,
                "deletions": 20
              }
            }
          },
          {
            "hash": "c460edaa03f6ae6c2e8644ba9f730a176d4e0506",
            "messageTitle": "Update to pass gradle tests",
            "messageBody": "",
            "fileTypesAndContributionMap": {
              "functional-code": {
                "insertions": 8,
                "deletions": 4
              },
              "test-code": {
                "insertions": 2,
                "deletions": 2
              }
            }
          },
          {
            "hash": "5aed55acdc08dc99d3dfe11549f563da80923f02",
            "messageTitle": "Tweak the Ui of seu su commands as of PE dry run",
            "messageBody": "",
            "fileTypesAndContributionMap": {
              "functional-code": {
                "insertions": 11,
                "deletions": 3
              }
            }
          },
          {
            "hash": "e50ada2cfcc806ffd5a7fdac9d5f91123b7cb984",
            "messageTitle": "Update JUnit testing to pass the tests",
            "messageBody": "",
            "fileTypesAndContributionMap": {
              "test-code": {
                "insertions": 2,
                "deletions": 1
              }
            }
          }
        ]
      }
    ],
    "Khenus": [
      {
        "date": "2020-09-28",
        "commitResults": [
          {
            "hash": "d0893a736bf90cd4bdc178d7927a3098e4ae2930",
            "messageTitle": "V0.1 Added Module Initializer",
            "messageBody": "",
            "fileTypesAndContributionMap": {
              "functional-code": {
                "insertions": 146,
                "deletions": 21
              },
              "other": {
                "insertions": 2,
                "deletions": 0
              }
            }
          }
        ]
      },
      {
        "date": "2020-10-04",
        "commitResults": [
          {
            "hash": "ae385e31091f6bb1d523f993c0bbef75bd123f58",
            "messageTitle": "V0.2 Updated file structure for gradle checks",
            "messageBody": "",
            "fileTypesAndContributionMap": {
              "other": {
                "insertions": 1,
                "deletions": 1
              }
            }
          },
          {
            "hash": "157eee38009b63dd91f3c01fd0aa9f8fc1554680",
            "messageTitle": "V0.2 Updated file structure, updated test output",
            "messageBody": "",
            "fileTypesAndContributionMap": {
              "functional-code": {
                "insertions": 14,
                "deletions": 4
              },
              "other": {
                "insertions": 1,
                "deletions": 1
              }
            }
          },
          {
            "hash": "dbf85f5aee1b2845850a70201cca0f505813cb02",
            "messageTitle": "V0.3 Refactored Update CAP function",
            "messageBody": "",
            "fileTypesAndContributionMap": {
              "functional-code": {
                "insertions": 122,
                "deletions": 79
              }
            }
          },
          {
            "hash": "db6805c5d1bcfabc98c6f320229b99ce06fe9061",
            "messageTitle": "Update AcademicPlanner.java",
            "messageBody": "",
            "fileTypesAndContributionMap": {
              "functional-code": {
                "insertions": 2,
                "deletions": 2
              }
            }
          },
          {
            "hash": "c521bd1dc55575fe7c7280ed44ff6d95c3c0dd55",
            "messageTitle": "Update AcademicPlanner.java",
            "messageBody": "",
            "fileTypesAndContributionMap": {
              "functional-code": {
                "insertions": 2,
                "deletions": 2
              }
            }
          }
        ]
      },
      {
        "date": "2020-10-06",
        "commitResults": [
          {
            "hash": "eb15ee9bcedec335e20a7121fcaec1a2f277cd9a",
            "messageTitle": "V0.4 WIP Parser and UI",
            "messageBody": "",
            "fileTypesAndContributionMap": {
              "functional-code": {
                "insertions": 197,
                "deletions": 35
              },
              "other": {
                "insertions": 25,
                "deletions": 12
              }
            }
          }
        ]
      },
      {
        "date": "2020-10-07",
        "commitResults": [
          {
            "hash": "4b716aabb342b01e5868caf9199a3f4086736ed4",
            "messageTitle": "V0.5 Added Parser and Ui for centralised Scanner",
            "messageBody": "",
            "fileTypesAndContributionMap": {
              "functional-code": {
                "insertions": 57,
                "deletions": 113
              },
              "other": {
                "insertions": 1,
                "deletions": 5
              }
            }
          },
          {
            "hash": "0267b6eaeea9ee21b0e10827891f8b57d40d9b99",
            "messageTitle": "V0.5 Added Parser and Ui for centralised Scanner",
            "messageBody": "",
            "fileTypesAndContributionMap": {
              "functional-code": {
                "insertions": 2,
                "deletions": 2
              },
              "other": {
                "insertions": 9,
                "deletions": 0
              }
            }
          }
        ]
      },
      {
        "date": "2020-10-09",
        "commitResults": [
          {
            "hash": "0d719bfe63df6768a0945794d25a74b569d1f1ea",
            "messageTitle": "V0.6 Updated Academic Planner with different command and parser",
            "messageBody": "",
            "fileTypesAndContributionMap": {
              "functional-code": {
                "insertions": 653,
                "deletions": 640
              },
              "other": {
                "insertions": 20,
                "deletions": 58
              }
            }
          },
          {
            "hash": "0aa5041e380f99edf508fbbf2453ea84720f240b",
            "messageTitle": "V0.6.2 Updated gradlew check",
            "messageBody": "",
            "fileTypesAndContributionMap": {
              "functional-code": {
                "insertions": 1,
                "deletions": 8
              }
            }
          }
        ]
      },
      {
        "date": "2020-10-11",
        "commitResults": [
          {
            "hash": "91664762668a492efa9e8ac5259df0d7ccc4a956",
            "messageTitle": "V0.7 Added test for Module initializer",
            "messageBody": "",
            "fileTypesAndContributionMap": {
              "functional-code": {
                "insertions": 17,
                "deletions": 1
              },
              "other": {
                "insertions": 9,
                "deletions": 1
              },
              "test-code": {
                "insertions": 47,
                "deletions": 0
              }
            }
          },
          {
            "hash": "6218ad2219058e841fa1ba5d96c4da4261ca2361",
            "messageTitle": "V0.7 Added test for Module initializer",
            "messageBody": "",
            "fileTypesAndContributionMap": {
              "functional-code": {
                "insertions": 3,
                "deletions": 1
              },
              "test-code": {
                "insertions": 5,
                "deletions": 2
              }
            }
          },
          {
            "hash": "c3078fac4edb641f976de34305c739f6cb45a6ac",
            "messageTitle": "V0.7 Updated style for Module Initializer test",
            "messageBody": "",
            "fileTypesAndContributionMap": {
              "functional-code": {
                "insertions": 1,
                "deletions": 1
              },
              "test-code": {
                "insertions": 9,
                "deletions": 9
              }
            }
          },
          {
            "hash": "e0c47fbacc038aa4b99e8d551ef641ea10cdcf51",
            "messageTitle": "V0.7 Updated style for Module Initializer test",
            "messageBody": "",
            "fileTypesAndContributionMap": {
              "functional-code": {
                "insertions": 0,
                "deletions": 2
              },
              "other": {
                "insertions": 0,
                "deletions": 2
              }
            }
          },
          {
            "hash": "9f951649dc8d79f1a22c257b3e94a45b838ccfd7",
            "messageTitle": "V0.7.1 Added JavaDocs for ModuleInitializer",
            "messageBody": "",
            "fileTypesAndContributionMap": {
              "functional-code": {
                "insertions": 25,
                "deletions": 4
              }
            }
          }
        ]
      },
      {
        "date": "2020-10-12",
        "commitResults": [
          {
            "hash": "8215393d9f729d2707b3a69e03752c6637a0b340",
            "messageTitle": "V0.8 Added exception for missing or corrupted data file",
            "messageBody": "",
            "fileTypesAndContributionMap": {
              "functional-code": {
                "insertions": 145,
                "deletions": 128
              },
              "other": {
                "insertions": 59,
                "deletions": 38
              },
              "test-code": {
                "insertions": 11,
                "deletions": 6
              }
            }
          },
          {
            "hash": "ba66adeda33051bcba51c39d81388ab5874456aa",
            "messageTitle": "V0.8 Added exception for missing or corrupted data file",
            "messageBody": "",
            "fileTypesAndContributionMap": {
              "functional-code": {
                "insertions": 1,
                "deletions": 0
              }
            }
          }
        ]
      },
      {
        "date": "2020-10-14",
        "commitResults": [
          {
            "hash": "a615fb7265e9aa5e7a44792f49043c647046d9b8",
            "messageTitle": "V0.8 Added logging into module loader",
            "messageBody": "",
            "fileTypesAndContributionMap": {
              "functional-code": {
                "insertions": 7,
                "deletions": 0
              }
            }
          }
        ]
      },
      {
        "date": "2020-10-15",
        "commitResults": [
          {
            "hash": "ae54ccaf3f8115bbff20c22759886d584f84d213",
            "messageTitle": "V1.1 Updated algorithm for module access",
            "messageBody": "",
            "fileTypesAndContributionMap": {
              "functional-code": {
                "insertions": 33,
                "deletions": 39
              }
            }
          }
        ]
      },
      {
        "date": "2020-10-16",
        "commitResults": [
          {
            "hash": "9f07100a8c7576d5fa5317e8fc5293a9f7e1883d",
            "messageTitle": "V1.2 WIP Storage refactoring and bug fixing",
            "messageBody": "",
            "fileTypesAndContributionMap": {
              "functional-code": {
                "insertions": 8,
                "deletions": 4
              },
              "other": {
                "insertions": 2,
                "deletions": 2
              }
            }
          },
          {
            "hash": "e6cf2b64b9fa56a725884d67143522648e62d351",
            "messageTitle": "V1.3 Refactored storage class and bug fixes",
            "messageBody": "",
            "fileTypesAndContributionMap": {
              "functional-code": {
                "insertions": 342,
                "deletions": 87
              }
            }
          },
          {
            "hash": "450693847f5f0c8cfa6a59ac8df52f2d9c52f788",
            "messageTitle": "V1.2 Fixed checkstlye for Storage refactored",
            "messageBody": "",
            "fileTypesAndContributionMap": {
              "functional-code": {
                "insertions": 20,
                "deletions": 18
              }
            }
          }
        ]
      },
      {
        "date": "2020-10-30",
        "commitResults": [
          {
            "hash": "41b7a0b071033a59eb364e8631f8241eb3f92125",
            "messageTitle": "Updated global image",
            "messageBody": "",
            "fileTypesAndContributionMap": {
              "docs": {
                "insertions": 5,
                "deletions": 1
              }
            }
          }
        ]
      }
    ]
  },
  "authorFileTypeContributionMap": {
    "jerroldlam": {
      "docs": 366,
      "functional-code": 751,
      "test-code": 438
    },
    "vanessa-kang": {
      "docs": 704,
      "functional-code": 284,
      "test-code": 136,
      "other": 12
    },
    "harryleecp": {
      "docs": 48,
      "functional-code": 468,
      "test-code": 118
    },
    "JuZihao": {
      "docs": 2,
      "functional-code": 1008,
      "test-code": 291
    },
    "Khenus": {
      "docs": 319,
      "functional-code": 1112,
      "test-code": 441,
      "other": 12
    }
  },
  "authorContributionVariance": {
    "jerroldlam": 22680.756,
    "vanessa-kang": 383600.94,
    "harryleecp": 3392.889,
    "JuZihao": 11560.342,
    "Khenus": 60951.305
  },
  "authorDisplayNameMap": {
    "jerroldlam": "CS2113T-F12-1 LAM ..ROLD",
    "vanessa-kang": "CS2113T-F12-1 VANE.. RUI",
    "harryleecp": "CS2113T-F12-1 LEE ..ARRY",
    "JuZihao": "CS2113T-F12-1 JU Z..IHAO",
    "Khenus": "CS2113T-F12-1 KHEN..IANG"
  }
}
