{
  "authorDailyContributionsMap": {
    "syncode98": [
      {
        "date": "2020-09-30",
        "commitResults": [
          {
            "hash": "874ba9815a2c1691ef8bb1716c550b1a201bffef",
            "messageTitle": "Update the portfolio",
            "messageBody": "Added my name and Github lilnk in AboutUs.md.\nAdded a description about myself in johndoe.md.\n",
            "fileTypesAndContributionMap": {
              "docs": {
                "insertions": 3,
                "deletions": 3
              }
            }
          }
        ]
      },
      {
        "date": "2020-10-06",
        "commitResults": [
          {
            "hash": "259ab4290c85a7e4de07bb8fc9d21c129ecd708c",
            "messageTitle": "Integrate the tasks feature into the project",
            "messageBody": "Edited the goToSubject method in ReturnSubjectCommand\nclass to enable the program to detect the task features.\n\nChanged to logo to that of the name of the program.\n",
            "fileTypesAndContributionMap": {
              "functional-code": {
                "insertions": 55,
                "deletions": 21
              }
            }
          },
          {
            "hash": "4696724f4b01af12ff504bf137e11e8182b4cf70",
            "messageTitle": "Add the relevant portfolio pages",
            "messageBody": "",
            "fileTypesAndContributionMap": {
              "docs": {
                "insertions": 0,
                "deletions": 0
              }
            }
          },
          {
            "hash": "bffd89f3d0d998bca11865912aa4e26649b9fea3",
            "messageTitle": "Resolve errors during Gradle Check",
            "messageBody": "",
            "fileTypesAndContributionMap": {
              "functional-code": {
                "insertions": 6,
                "deletions": 6
              }
            }
          },
          {
            "hash": "a67a33b17bed7546f451e6c68d5e1b041d2dadc0",
            "messageTitle": "Moved operand to the start of the next line",
            "messageBody": "",
            "fileTypesAndContributionMap": {
              "functional-code": {
                "insertions": 2,
                "deletions": 2
              }
            }
          },
          {
            "hash": "ad52ee567d18b36e75963366f5dd4fbcddb653bb",
            "messageTitle": "Edit the test files",
            "messageBody": "The random white spaces have been removed\nfrom the logo to ensure that the runtest.bat function does\nnot fail in the gradle checks.\n",
            "fileTypesAndContributionMap": {
              "functional-code": {
                "insertions": 3,
                "deletions": 3
              }
            }
          }
        ]
      },
      {
        "date": "2020-10-13",
        "commitResults": [
          {
            "hash": "34b33894122ae0c6199c877c1958728cf65c20ce",
            "messageTitle": "Instantiate necessary classes for quiz function",
            "messageBody": "The SubjectQuiz and TopicQuiz classes instantiates the\nquiz feature for the topic or subject which it is called for.\n\nThe Result class checks the result that the user had obtained for the quiz.\nThe ResultList class stores all of the results from the quizzes for each subject/topic.\n",
            "fileTypesAndContributionMap": {
              "functional-code": {
                "insertions": 287,
                "deletions": 0
              }
            }
          },
          {
            "hash": "71ef0745ce067db483c7b2ee1c94e4b20a12a03e",
            "messageTitle": "Add exceptions to code",
            "messageBody": "",
            "fileTypesAndContributionMap": {
              "functional-code": {
                "insertions": 24,
                "deletions": 5
              }
            }
          },
          {
            "hash": "a0900590d49f9c30fc7f1b12355b50efed10b90c",
            "messageTitle": "Integrating the quiz and result features of a subject into the application",
            "messageBody": "The QuizSubjectCommand.class instantiated the quiz feature while\nthe ResultSubjectCommand.class instantiates the results feature\nfor the subject.\n",
            "fileTypesAndContributionMap": {
              "functional-code": {
                "insertions": 79,
                "deletions": 8
              }
            }
          },
          {
            "hash": "b53e30159e22c73f8a0950015e7274fb7750cbea",
            "messageTitle": "Integrating the quiz and result features of a topic into the application",
            "messageBody": "The QuizTopicCommand.class instantiated the quiz feature while\nthe ResultTopicCommand.class instantiates the results feature\nfor the topic.\n\nThese commands are added instantiated in the TopicParser.java\nclass.\n",
            "fileTypesAndContributionMap": {
              "functional-code": {
                "insertions": 85,
                "deletions": 17
              }
            }
          },
          {
            "hash": "acb22edf02aaea85dd9e9963f7cd7c6c7728bdd9",
            "messageTitle": "Implementing the test feautres for SubjectQuizTest and TopicQuizTest classes",
            "messageBody": "",
            "fileTypesAndContributionMap": {
              "test-code": {
                "insertions": 152,
                "deletions": 5
              }
            }
          },
          {
            "hash": "d0848e22610a1aece3b79cb6cf34f270eadff382",
            "messageTitle": "Change the command of switching between subjects and topics.",
            "messageBody": "The command to switch between subjects and topics has been changed to\n\"exit\" instead of \"bye\".\n",
            "fileTypesAndContributionMap": {
              "functional-code": {
                "insertions": 6,
                "deletions": 3
              }
            }
          },
          {
            "hash": "db6473e0587851210e8c5673dc2af00e0156c072",
            "messageTitle": "Update Ui.class",
            "messageBody": "The Ui.java class has been updated to include the statements\nwhich have to be printed out.\n",
            "fileTypesAndContributionMap": {
              "functional-code": {
                "insertions": 93,
                "deletions": 2
              }
            }
          },
          {
            "hash": "a3acf4dac70086c80bc58366210796583710ca58",
            "messageTitle": "Integrate the quiz and results functionalities for the subjects",
            "messageBody": "The quiz and results functionalities are called upon\nin the SubjectParser class.\n\nThe relevant ResultList  and result  classe are instantiated in the Subject.java\nclass\n",
            "fileTypesAndContributionMap": {
              "functional-code": {
                "insertions": 25,
                "deletions": 2
              }
            }
          },
          {
            "hash": "7c2a9b2a316dee3edbc0678a90e6314300129605",
            "messageTitle": "Update the UserGuide.md to include quiz and results features",
            "messageBody": "",
            "fileTypesAndContributionMap": {
              "docs": {
                "insertions": 108,
                "deletions": 10
              }
            }
          },
          {
            "hash": "bbb25acbd04022eb175e8f096e8707836890f5e5",
            "messageTitle": "Edit checkstyle errors",
            "messageBody": "",
            "fileTypesAndContributionMap": {
              "functional-code": {
                "insertions": 55,
                "deletions": 36
              },
              "test-code": {
                "insertions": 28,
                "deletions": 18
              }
            }
          },
          {
            "hash": "3302e6858b06d30bd8dca68421a9bff5af72b3f9",
            "messageTitle": "Remove unnecessary methods and members in Classes",
            "messageBody": "",
            "fileTypesAndContributionMap": {
              "functional-code": {
                "insertions": 0,
                "deletions": 16
              },
              "test-code": {
                "insertions": 1,
                "deletions": 2
              }
            }
          },
          {
            "hash": "568d6df60b812e8b9150000ae2293d49910ebeeb",
            "messageTitle": "Handling exceptions",
            "messageBody": "The code previously crashed when user had entered commands\nlike \"results\" without a subject or topic. These exceptions were handled.\n",
            "fileTypesAndContributionMap": {
              "functional-code": {
                "insertions": 75,
                "deletions": 17
              },
              "test-code": {
                "insertions": 2,
                "deletions": 1
              }
            }
          },
          {
            "hash": "3c458cfe7efbe6d161319ee85856e305e36d932c",
            "messageTitle": "New Exceptions",
            "messageBody": "",
            "fileTypesAndContributionMap": {
              "functional-code": {
                "insertions": 8,
                "deletions": 0
              }
            }
          }
        ]
      },
      {
        "date": "2020-10-17",
        "commitResults": [
          {
            "hash": "6950ae702507c2ba1787d6ef01f87fba8fbf90f6",
            "messageTitle": "Implement dateTime functionality for the application",
            "messageBody": "The event and deadline classes now store date and time\nof the task.\n",
            "fileTypesAndContributionMap": {
              "functional-code": {
                "insertions": 38,
                "deletions": 24
              }
            }
          },
          {
            "hash": "427431b84da950def51bdad4eccf36af504b1ad4",
            "messageTitle": "Update the storage classes to read the date and time of the event",
            "messageBody": "The Storage class and the TaskList classes  now\nreads the date and time of the event in the correct format.\nThis is essential to save the data to an external file\nand to load it when the application starts.\n\nThe StorageTest class was modified to accomodate these\nchanges.\n",
            "fileTypesAndContributionMap": {
              "functional-code": {
                "insertions": 16,
                "deletions": 6
              },
              "test-code": {
                "insertions": 5,
                "deletions": 4
              }
            }
          },
          {
            "hash": "ab976fe5ae8149763f04e0c3911edfb45a7ac655",
            "messageTitle": "Add deadline or event to the TaskList",
            "messageBody": "The code now reads the date and time of the\nevent/deadline task to be added.\n\nAn exception is thrown if the user enters\nthe date and time in the wrong format.\n",
            "fileTypesAndContributionMap": {
              "functional-code": {
                "insertions": 32,
                "deletions": 5
              }
            }
          },
          {
            "hash": "271260b9c9b60076f97d7e82a8dffa274af33632",
            "messageTitle": "Refactor the code to move the Ui commands to the Ui classes",
            "messageBody": "Certain Ui commands that were present in the other classes\nwere moved to the Ui class.\n",
            "fileTypesAndContributionMap": {
              "functional-code": {
                "insertions": 49,
                "deletions": 41
              }
            }
          },
          {
            "hash": "f6f4529651fe1a6f82866dab590dff42b8ad486e",
            "messageTitle": "Add JavaDoc to classes",
            "messageBody": "",
            "fileTypesAndContributionMap": {
              "functional-code": {
                "insertions": 42,
                "deletions": 2
              }
            }
          },
          {
            "hash": "46e04047b6e5b4ab0cbae3d0eb5edb707c10f90b",
            "messageTitle": "Implement printing of upcoming tasks",
            "messageBody": "The application now displays the tasks that are due\nwithin a week to the user.\n",
            "fileTypesAndContributionMap": {
              "functional-code": {
                "insertions": 39,
                "deletions": 3
              }
            }
          },
          {
            "hash": "346792db2da47fbaaf05ec8a68e9b06e264c6345",
            "messageTitle": "Rectify the code to tackle failed test cases",
            "messageBody": "Certain tests in the StorageTest.java class failed\nsince the date and time of the event were not instantiated\nproperly . These were rectified.\n",
            "fileTypesAndContributionMap": {
              "test-code": {
                "insertions": 9,
                "deletions": 5
              }
            }
          }
        ]
      },
      {
        "date": "2020-10-21",
        "commitResults": [
          {
            "hash": "e67e476745e28ccee23dea5965cafe6a22eb1079",
            "messageTitle": "Update UserGuide and DeveloperGuide",
            "messageBody": "For the developer guide, the user stories,target profile and\nthe design and implementation segments were updated.\n\nFor the UserGuide, the Initialisation segment was added.\n",
            "fileTypesAndContributionMap": {
              "docs": {
                "insertions": 93,
                "deletions": 2
              }
            }
          },
          {
            "hash": "a21fcccafe03863f315464718e1b4d536fc0b229",
            "messageTitle": "Merge master",
            "messageBody": "Stage log files and exception class\n",
            "fileTypesAndContributionMap": {
              "functional-code": {
                "insertions": 7,
                "deletions": 0
              }
            }
          },
          {
            "hash": "b75db794bc38c3acb8b8a9f99272dca33dd7590f",
            "messageTitle": "Refactored the SubjectCommandTest class",
            "messageBody": "Changed the name of the methods to follow the naming\nconvention of exceptions.\n\nDeleted the QuizSubjectCommand class.\n",
            "fileTypesAndContributionMap": {
              "test-code": {
                "insertions": 30,
                "deletions": 31
              }
            }
          },
          {
            "hash": "e5224d31bed09f52ecd9d698291d790a8e97a167",
            "messageTitle": "Code refactoring",
            "messageBody": "Refactor the printUpcomingTasks\nmethod in Ui class.\n\nChange the exception in the AddTopicCommand class.\n",
            "fileTypesAndContributionMap": {
              "functional-code": {
                "insertions": 36,
                "deletions": 19
              }
            }
          },
          {
            "hash": "cdf940ea5545e3394c2e8cb1c7fb2aa844ccb49a",
            "messageTitle": "Implement Logging",
            "messageBody": "Logging has been added to the Quiz, SubjectQuiz and\nTopicQuiz classes.\n",
            "fileTypesAndContributionMap": {
              "functional-code": {
                "insertions": 34,
                "deletions": 8
              }
            }
          }
        ]
      },
      {
        "date": "2020-10-22",
        "commitResults": [
          {
            "hash": "d907af45be5b56c0d8a58e2c18fab274a0db4152",
            "messageTitle": "Add logging feature",
            "messageBody": "The logging feature has been added to the\nclasses mentioned above.\n",
            "fileTypesAndContributionMap": {
              "functional-code": {
                "insertions": 44,
                "deletions": 11
              }
            }
          },
          {
            "hash": "a16f2db8d91fc926761b3c2a569a5f255a9c8d23",
            "messageTitle": "Update Developer Guide",
            "messageBody": "Add non functional requirements\nand value proposition.\n",
            "fileTypesAndContributionMap": {
              "docs": {
                "insertions": 32,
                "deletions": 8
              }
            }
          },
          {
            "hash": "28208e57c27ee639538eef63f31082ca1f3e3e6e",
            "messageTitle": "Add additional Non-Functional Requirements",
            "messageBody": "",
            "fileTypesAndContributionMap": {
              "docs": {
                "insertions": 8,
                "deletions": 5
              }
            }
          },
          {
            "hash": "cd573f4fb3e4cad9239171e4582035e3dab0203f",
            "messageTitle": "Update README.md file",
            "messageBody": "Include a brief description of the project.\n",
            "fileTypesAndContributionMap": {
              "docs": {
                "insertions": 2,
                "deletions": 2
              }
            }
          },
          {
            "hash": "a56a4ead46ace179938dc6d979c9211783f17cf9",
            "messageTitle": "Update the DeveloperGuide.md",
            "messageBody": "Edit the Instructions and the glossary section.\n",
            "fileTypesAndContributionMap": {
              "docs": {
                "insertions": 121,
                "deletions": 2
              }
            }
          },
          {
            "hash": "62953b98cc1c500e955f328e5653f10ea62fba6e",
            "messageTitle": "Update the UserGuide.md",
            "messageBody": "Change the unicode symbols of the tasks.\n",
            "fileTypesAndContributionMap": {
              "docs": {
                "insertions": 13,
                "deletions": 13
              }
            }
          },
          {
            "hash": "245dbc2f5c35be712d712b7cd089b3030153ad96",
            "messageTitle": "Refactor Ui class",
            "messageBody": "Change the syntax of the logo.\n",
            "fileTypesAndContributionMap": {
              "functional-code": {
                "insertions": 6,
                "deletions": 6
              }
            }
          },
          {
            "hash": "0ff181f8c6dd4f1890c47924cae9ed14210b3ca8",
            "messageTitle": "Code Refactoring",
            "messageBody": "Edit the logo in Ui class.\n\nEdit the command in TopicParser class.\n",
            "fileTypesAndContributionMap": {
              "functional-code": {
                "insertions": 6,
                "deletions": 5
              }
            }
          },
          {
            "hash": "8e76c71d440dd0d39a744847816d3f59e047a9e5",
            "messageTitle": "Edit the code in TopicParser class.",
            "messageBody": "",
            "fileTypesAndContributionMap": {
              "functional-code": {
                "insertions": 5,
                "deletions": 0
              }
            }
          },
          {
            "hash": "6627e362328b5c78eab7a8fb1a76a43578885205",
            "messageTitle": "Identify tasks with Repeated Date and Time",
            "messageBody": "The RepeatedDateTimeException class\nis called if the user enters tasks with repeated date\nand time. This exception is called in AddEventCommand\nclass and the AddTaskCommand class.\n",
            "fileTypesAndContributionMap": {
              "functional-code": {
                "insertions": 23,
                "deletions": 5
              }
            }
          },
          {
            "hash": "605bf0dbe279d61a807d6b4b8a49a3b1564cd8b2",
            "messageTitle": "Refactor code in TopicParser and Ui classes",
            "messageBody": "",
            "fileTypesAndContributionMap": {
              "functional-code": {
                "insertions": 3,
                "deletions": 6
              }
            }
          },
          {
            "hash": "b06d4b4199adda553f5910bd8c71768b5be41077",
            "messageTitle": "Checkstyle errors",
            "messageBody": "",
            "fileTypesAndContributionMap": {
              "functional-code": {
                "insertions": 9,
                "deletions": 11
              },
              "test-code": {
                "insertions": 2,
                "deletions": 1
              }
            }
          },
          {
            "hash": "10bbc47ce6298c4bac33702d83b7dfdddc177522",
            "messageTitle": "Edit code to address checkstyle errors",
            "messageBody": "",
            "fileTypesAndContributionMap": {
              "test-code": {
                "insertions": 3,
                "deletions": 0
              }
            }
          },
          {
            "hash": "b69db4a1287fb1a3daa09065678b13369a7e448e",
            "messageTitle": "Update text-Ui folder to pass testing",
            "messageBody": "",
            "fileTypesAndContributionMap": {
              "functional-code": {
                "insertions": 3,
                "deletions": 3
              }
            }
          }
        ]
      },
      {
        "date": "2020-10-26",
        "commitResults": [
          {
            "hash": "d2764e84a61833385f46c15756f7533ddc292e94",
            "messageTitle": "Update UserGuide",
            "messageBody": "",
            "fileTypesAndContributionMap": {
              "docs": {
                "insertions": 64,
                "deletions": 33
              }
            }
          }
        ]
      }
    ],
    "sugandha929": [
      {
        "date": "2020-09-30",
        "commitResults": [
          {
            "hash": "cfd169f68174d961047f7022a38fbca324c0d820",
            "messageTitle": "Update AboutUs.md",
            "messageBody": "",
            "fileTypesAndContributionMap": {
              "docs": {
                "insertions": 1,
                "deletions": 1
              }
            }
          }
        ]
      },
      {
        "date": "2020-10-12",
        "commitResults": [
          {
            "hash": "ad88b776a9f31518efd4ac15862679c627108456",
            "messageTitle": "flashcard classes",
            "messageBody": "",
            "fileTypesAndContributionMap": {
              "functional-code": {
                "insertions": 73,
                "deletions": 0
              }
            }
          },
          {
            "hash": "529d634845aaa524d982c9c0b69bd4601f8b8263",
            "messageTitle": "Flashcard complete",
            "messageBody": "",
            "fileTypesAndContributionMap": {
              "functional-code": {
                "insertions": 159,
                "deletions": 28
              }
            }
          },
          {
            "hash": "670725ff93b790f15dee691ecccb68d4635d3aef",
            "messageTitle": "resolve checkerrors",
            "messageBody": "",
            "fileTypesAndContributionMap": {
              "functional-code": {
                "insertions": 278,
                "deletions": 267
              }
            }
          },
          {
            "hash": "867c42251bbbac04a24184478aaac7c78f7fb297",
            "messageTitle": "edit indentations",
            "messageBody": "",
            "fileTypesAndContributionMap": {
              "functional-code": {
                "insertions": 369,
                "deletions": 369
              }
            }
          },
          {
            "hash": "dfe0ff1d319eaebd196b9aa2079bb2e1102a7b29",
            "messageTitle": "change method name addFlashCard",
            "messageBody": "",
            "fileTypesAndContributionMap": {
              "functional-code": {
                "insertions": 2,
                "deletions": 2
              }
            }
          },
          {
            "hash": "0dafed1e836c2e5181d2535773a86562e855cebb",
            "messageTitle": "change method name in storage",
            "messageBody": "",
            "fileTypesAndContributionMap": {
              "functional-code": {
                "insertions": 2,
                "deletions": 2
              },
              "test-code": {
                "insertions": 1,
                "deletions": 1
              }
            }
          }
        ]
      },
      {
        "date": "2020-10-21",
        "commitResults": [
          {
            "hash": "c7c669f889ae0a8d6e7f670950b764a72a958986",
            "messageTitle": "add help command",
            "messageBody": "",
            "fileTypesAndContributionMap": {
              "functional-code": {
                "insertions": 176,
                "deletions": 42
              }
            }
          },
          {
            "hash": "285f2ed5ee29258748a6fb1811ddccf335146c72",
            "messageTitle": "edit checkstyle",
            "messageBody": "",
            "fileTypesAndContributionMap": {
              "functional-code": {
                "insertions": 60,
                "deletions": 59
              }
            }
          },
          {
            "hash": "153e2588d086403286f36e57f1d8014910a368ab",
            "messageTitle": "Update UserGuide.md",
            "messageBody": "",
            "fileTypesAndContributionMap": {
              "docs": {
                "insertions": 3,
                "deletions": 11
              }
            }
          },
          {
            "hash": "c531abb328c5cf899f37432f19a006ccc5002146",
            "messageTitle": "update table of contents, UG",
            "messageBody": "",
            "fileTypesAndContributionMap": {
              "functional-code": {
                "insertions": 6,
                "deletions": 6
              },
              "docs": {
                "insertions": 181,
                "deletions": 35
              }
            }
          },
          {
            "hash": "900b2873035b424a021501cd3c3ac5dfc9e05f2f",
            "messageTitle": "edit spaces",
            "messageBody": "",
            "fileTypesAndContributionMap": {
              "docs": {
                "insertions": 8,
                "deletions": 8
              }
            }
          },
          {
            "hash": "544981c90bab3eaadfc01c817294c7965cf30f19",
            "messageTitle": "Update UserGuide.md",
            "messageBody": "",
            "fileTypesAndContributionMap": {
              "docs": {
                "insertions": 1,
                "deletions": 1
              }
            }
          },
          {
            "hash": "8b4da5f436ade3b850b435f49f059e2f52acdd87",
            "messageTitle": "Update UserGuide.md",
            "messageBody": "",
            "fileTypesAndContributionMap": {
              "docs": {
                "insertions": 16,
                "deletions": 15
              }
            }
          }
        ]
      }
    ],
    "CookieHoodie": [
      {
        "date": "2020-09-29",
        "commitResults": [
          {
            "hash": "0074d112233de3a9993da0956dc0c4c6b019165f",
            "messageTitle": "Update own profile",
            "messageBody": "",
            "fileTypesAndContributionMap": {
              "docs": {
                "insertions": 7,
                "deletions": 1
              }
            }
          }
        ]
      },
      {
        "date": "2020-10-03",
        "commitResults": [
          {
            "hash": "4742d9793e981acd9a681ecbd35f07cec7650259",
            "messageTitle": "Modified the project structure and fixed task package naming",
            "messageBody": "",
            "fileTypesAndContributionMap": {
              "functional-code": {
                "insertions": 23,
                "deletions": 25
              },
              "other": {
                "insertions": 13,
                "deletions": 7
              }
            }
          },
          {
            "hash": "1cd4ade91a6a24a1cc30ec0c01ea57db2552abb2",
            "messageTitle": "Added Flashcard, Subject, and Topic classes",
            "messageBody": "",
            "fileTypesAndContributionMap": {
              "functional-code": {
                "insertions": 111,
                "deletions": 0
              }
            }
          },
          {
            "hash": "e959f823f4c0a020c72ef376a878dfcaa148bb4c",
            "messageTitle": "Fixed style",
            "messageBody": "",
            "fileTypesAndContributionMap": {
              "functional-code": {
                "insertions": 218,
                "deletions": 180
              }
            }
          },
          {
            "hash": "7a8499ceb222565552299a7ae8c7016f02ae7656",
            "messageTitle": "Fixed tests",
            "messageBody": "",
            "fileTypesAndContributionMap": {
              "functional-code": {
                "insertions": 1,
                "deletions": 1
              },
              "other": {
                "insertions": 1,
                "deletions": 1
              }
            }
          },
          {
            "hash": "096209baa2c5ef5153a5a2fcb2733e140221482f",
            "messageTitle": "Fixed indentation",
            "messageBody": "",
            "fileTypesAndContributionMap": {
              "functional-code": {
                "insertions": 1,
                "deletions": 1
              }
            }
          }
        ]
      },
      {
        "date": "2020-10-08",
        "commitResults": [
          {
            "hash": "fe7b6e8261aa9275d793321f75b000ad564057e9",
            "messageTitle": "Add getter for attributes for access in Storage class",
            "messageBody": "",
            "fileTypesAndContributionMap": {
              "functional-code": {
                "insertions": 17,
                "deletions": 1
              }
            }
          },
          {
            "hash": "20f911bc2c1bbd1d0f98681950192324c1a7faec",
            "messageTitle": "Add Gson dependency",
            "messageBody": "",
            "fileTypesAndContributionMap": {
              "other": {
                "insertions": 1,
                "deletions": 0
              }
            }
          }
        ]
      },
      {
        "date": "2020-10-10",
        "commitResults": [
          {
            "hash": "d285e1a0fc92c80edd9f6874718bb8431c8e54cc",
            "messageTitle": "Modified card classes constructors for more flexibility",
            "messageBody": "",
            "fileTypesAndContributionMap": {
              "functional-code": {
                "insertions": 7,
                "deletions": 2
              }
            }
          },
          {
            "hash": "cbd7a4bdfd3ef6e23df74f2b4aed5d1638b023b4",
            "messageTitle": "Add storage code for data storing and loading",
            "messageBody": "",
            "fileTypesAndContributionMap": {
              "functional-code": {
                "insertions": 229,
                "deletions": 38
              }
            }
          },
          {
            "hash": "2d9d8cf7a0c1399ab3b1a86caa616ab4d9707a65",
            "messageTitle": "Add test code for storage",
            "messageBody": "",
            "fileTypesAndContributionMap": {
              "test-code": {
                "insertions": 226,
                "deletions": 0
              }
            }
          }
        ]
      },
      {
        "date": "2020-10-11",
        "commitResults": [
          {
            "hash": "a5b1c497fccf67f6d7cd51b4e6118848887a4d7d",
            "messageTitle": "Resolved conflicting implementation",
            "messageBody": "",
            "fileTypesAndContributionMap": {
              "functional-code": {
                "insertions": 3,
                "deletions": 3
              },
              "test-code": {
                "insertions": 5,
                "deletions": 5
              }
            }
          },
          {
            "hash": "227b42d392b8bd4e8ed71b4473ee9f400f1c58f6",
            "messageTitle": "Use try-with-resource for file writting",
            "messageBody": "",
            "fileTypesAndContributionMap": {
              "functional-code": {
                "insertions": 16,
                "deletions": 16
              }
            }
          },
          {
            "hash": "ed04058e4848f6f8e87e90cf6b8e783657d0d148",
            "messageTitle": "Upgrade Junit version for @tempDir bug fix",
            "messageBody": "",
            "fileTypesAndContributionMap": {
              "other": {
                "insertions": 2,
                "deletions": 2
              }
            }
          },
          {
            "hash": "ff1c649ecc7da5715eb5b20cf19fd5ea4dbf9c19",
            "messageTitle": "Use try-with-resources in test cases",
            "messageBody": "",
            "fileTypesAndContributionMap": {
              "functional-code": {
                "insertions": 22,
                "deletions": 22
              },
              "test-code": {
                "insertions": 19,
                "deletions": 15
              }
            }
          },
          {
            "hash": "848e52db4ff9c924aa78b4e940c642b978d07273",
            "messageTitle": "Add assertions",
            "messageBody": "",
            "fileTypesAndContributionMap": {
              "functional-code": {
                "insertions": 12,
                "deletions": 4
              }
            }
          }
        ]
      },
      {
        "date": "2020-10-12",
        "commitResults": [
          {
            "hash": "6716d2d09e7f40a845ebf142dac6b034b4e017bb",
            "messageTitle": "Removed unintended output in storage test",
            "messageBody": "",
            "fileTypesAndContributionMap": {
              "test-code": {
                "insertions": 0,
                "deletions": 1
              }
            }
          }
        ]
      },
      {
        "date": "2020-10-13",
        "commitResults": [
          {
            "hash": "5e4437d7413d6b234d3fd735b0d53efbfef20484",
            "messageTitle": "Modify saveSubjects and loadSubjects to include storing and loading of tasks",
            "messageBody": "",
            "fileTypesAndContributionMap": {
              "functional-code": {
                "insertions": 13,
                "deletions": 2
              },
              "test-code": {
                "insertions": 11,
                "deletions": 9
              }
            }
          },
          {
            "hash": "66e818a3ff028956c11f752a088034254338995a",
            "messageTitle": "Remove unused SubjectStorage",
            "messageBody": "",
            "fileTypesAndContributionMap": {
              "functional-code": {
                "insertions": 0,
                "deletions": 80
              }
            }
          },
          {
            "hash": "0fd1efb9d317872b0768ebd9e937687eed8b2d10",
            "messageTitle": "Integrate storage into duke and remove unnecessary member variables and methods",
            "messageBody": "",
            "fileTypesAndContributionMap": {
              "functional-code": {
                "insertions": 41,
                "deletions": 37
              }
            }
          }
        ]
      },
      {
        "date": "2020-10-16",
        "commitResults": [
          {
            "hash": "4adb87ce75d163a9c67f9b9ef5a702fdcc1fba95",
            "messageTitle": "Changed saveFlashcard method to generic method and added resultfile parameter",
            "messageBody": "",
            "fileTypesAndContributionMap": {
              "functional-code": {
                "insertions": 24,
                "deletions": 13
              },
              "test-code": {
                "insertions": 6,
                "deletions": 6
              }
            }
          }
        ]
      },
      {
        "date": "2020-10-17",
        "commitResults": [
          {
            "hash": "915a9c67942a3930a5bb8d31c9352c412fffbc5f",
            "messageTitle": "Enable assertions for gradle run command",
            "messageBody": "",
            "fileTypesAndContributionMap": {
              "other": {
                "insertions": 1,
                "deletions": 0
              }
            }
          },
          {
            "hash": "0e0fc0d990dc4adeeaf93a728eb96481151cf879",
            "messageTitle": "Rename data files for flashcards and resutls",
            "messageBody": "",
            "fileTypesAndContributionMap": {
              "functional-code": {
                "insertions": 2,
                "deletions": 2
              }
            }
          },
          {
            "hash": "5ca35666896579958e06e3d36c6c875e7a6f6571",
            "messageTitle": "Added more constructors and optimized their implementation",
            "messageBody": "",
            "fileTypesAndContributionMap": {
              "functional-code": {
                "insertions": 15,
                "deletions": 20
              }
            }
          },
          {
            "hash": "6b643646bcc3a2700255f76023561af0926b5754",
            "messageTitle": "Implement storing of results into the storage",
            "messageBody": "",
            "fileTypesAndContributionMap": {
              "functional-code": {
                "insertions": 59,
                "deletions": 47
              },
              "test-code": {
                "insertions": 69,
                "deletions": 12
              }
            }
          },
          {
            "hash": "8a9fa7659f291569a46da89e14462b6b7605fdde",
            "messageTitle": "Changed project structure for command and exception package",
            "messageBody": "",
            "fileTypesAndContributionMap": {
              "functional-code": {
                "insertions": 57,
                "deletions": 57
              },
              "other": {
                "insertions": 95,
                "deletions": 99
              },
              "test-code": {
                "insertions": 13,
                "deletions": 13
              }
            }
          },
          {
            "hash": "1eabd49a3a43c65fe8684ef7aa7016d1aaf9f4f6",
            "messageTitle": "Added more arguments for storage class and implemented builder for clarity",
            "messageBody": "",
            "fileTypesAndContributionMap": {
              "functional-code": {
                "insertions": 120,
                "deletions": 19
              },
              "test-code": {
                "insertions": 8,
                "deletions": 1
              }
            }
          },
          {
            "hash": "202b5002c3f18e72ab70b77d6c00771752701b04",
            "messageTitle": "Delete unneeded saveTask method in tasklist",
            "messageBody": "",
            "fileTypesAndContributionMap": {
              "functional-code": {
                "insertions": 0,
                "deletions": 26
              }
            }
          }
        ]
      },
      {
        "date": "2020-10-18",
        "commitResults": [
          {
            "hash": "e08982adf85fe72465fe9246ac86306f4fdf8eee",
            "messageTitle": "Add export functionality",
            "messageBody": "",
            "fileTypesAndContributionMap": {
              "functional-code": {
                "insertions": 25,
                "deletions": 13
              },
              "test-code": {
                "insertions": 31,
                "deletions": 0
              }
            }
          },
          {
            "hash": "fbb427ef584001e055cf749e00b562ae96e10f53",
            "messageTitle": "Integrate export functionality to the application",
            "messageBody": "",
            "fileTypesAndContributionMap": {
              "functional-code": {
                "insertions": 38,
                "deletions": 2
              },
              "test-code": {
                "insertions": 1,
                "deletions": 2
              }
            }
          }
        ]
      },
      {
        "date": "2020-10-19",
        "commitResults": [
          {
            "hash": "5e6e3c4a00cc30a70321a7ce7ef0cde25d7ebe13",
            "messageTitle": "Add storage user guide",
            "messageBody": "",
            "fileTypesAndContributionMap": {
              "functional-code": {
                "insertions": 3,
                "deletions": 5
              },
              "docs": {
                "insertions": 65,
                "deletions": 7
              }
            }
          }
        ]
      },
      {
        "date": "2020-10-20",
        "commitResults": [
          {
            "hash": "744c9271ba430a2f091d16e8cc46ecd1e4f8298a",
            "messageTitle": "Add logging to storage class and main class",
            "messageBody": "",
            "fileTypesAndContributionMap": {
              "functional-code": {
                "insertions": 74,
                "deletions": 10
              },
              "docs": {
                "insertions": 10,
                "deletions": 0
              }
            }
          }
        ]
      },
      {
        "date": "2020-10-21",
        "commitResults": [
          {
            "hash": "f72117713cf361b7ba2cdb0798e267c61f1d8a83",
            "messageTitle": "Touched up data storing section of UG",
            "messageBody": "",
            "fileTypesAndContributionMap": {
              "docs": {
                "insertions": 143,
                "deletions": 43
              }
            }
          },
          {
            "hash": "32ad2a5bb4364ae22a30e67a16cd5b8d063e6178",
            "messageTitle": "Add some storage implementation details to DG",
            "messageBody": "",
            "fileTypesAndContributionMap": {
              "docs": {
                "insertions": 9,
                "deletions": 0
              }
            }
          }
        ]
      },
      {
        "date": "2020-10-25",
        "commitResults": [
          {
            "hash": "e8059598919f0853b03f6c6ff91b8bda41f8c7c9",
            "messageTitle": "Change duplicated strings to constants",
            "messageBody": "",
            "fileTypesAndContributionMap": {
              "functional-code": {
                "insertions": 211,
                "deletions": 194
              }
            }
          },
          {
            "hash": "5e1319de60e130f4627906457b20c00b0e51820f",
            "messageTitle": "Delegate all println to Ui and fixed some ambiguous exception messages",
            "messageBody": "",
            "fileTypesAndContributionMap": {
              "functional-code": {
                "insertions": 105,
                "deletions": 222
              }
            }
          },
          {
            "hash": "1ea85139e4a6fcb14d4f476dd28cac5980d0e5ef",
            "messageTitle": "Fixed IO test descrepancy",
            "messageBody": "",
            "fileTypesAndContributionMap": {
              "functional-code": {
                "insertions": 1,
                "deletions": 1
              }
            }
          },
          {
            "hash": "a73a9f3338a320c9a4ed180140ef28cb476e8418",
            "messageTitle": "Fixed wrong command shown in help",
            "messageBody": "",
            "fileTypesAndContributionMap": {
              "functional-code": {
                "insertions": 1,
                "deletions": 1
              }
            }
          },
          {
            "hash": "3d52fa07a4205296b61dbc316381c9077a88da3a",
            "messageTitle": "Create base class for list classes",
            "messageBody": "",
            "fileTypesAndContributionMap": {
              "functional-code": {
                "insertions": 121,
                "deletions": 195
              },
              "test-code": {
                "insertions": 6,
                "deletions": 4
              }
            }
          },
          {
            "hash": "4b442a443526a50170b7df4e83f1a2220bf63ad1",
            "messageTitle": "Add missing export command",
            "messageBody": "",
            "fileTypesAndContributionMap": {
              "functional-code": {
                "insertions": 1,
                "deletions": 0
              }
            }
          },
          {
            "hash": "417787feb328fdf92be13efb8db41be6e62c61ed",
            "messageTitle": "delegate all logic to command execute method",
            "messageBody": "",
            "fileTypesAndContributionMap": {
              "functional-code": {
                "insertions": 98,
                "deletions": 100
              },
              "other": {
                "insertions": 28,
                "deletions": 25
              },
              "test-code": {
                "insertions": 26,
                "deletions": 20
              }
            }
          },
          {
            "hash": "d77481d9616078ca952aaca4317cb7e029c71be0",
            "messageTitle": "Add more details with diagrams to storage package implementation",
            "messageBody": "",
            "fileTypesAndContributionMap": {
              "docs": {
                "insertions": 53,
                "deletions": 5
              }
            }
          },
          {
            "hash": "48852e643b6fbae26f25db2fd749a35506ae4323",
            "messageTitle": "Corrected some syntax and mistakes",
            "messageBody": "",
            "fileTypesAndContributionMap": {
              "docs": {
                "insertions": 44,
                "deletions": 42
              }
            }
          }
        ]
      },
      {
        "date": "2020-10-26",
        "commitResults": [
          {
            "hash": "2e6251ad5a27c81bc8b284a8d0ac753386932838",
            "messageTitle": "Fixed inconvenient add flashcard spacing after semicolon and make the error messages more pertinent",
            "messageBody": "",
            "fileTypesAndContributionMap": {
              "functional-code": {
                "insertions": 34,
                "deletions": 15
              }
            }
          },
          {
            "hash": "e59f3707f22f0df2d744a80117d98f724f27bb5b",
            "messageTitle": "Fixed topic find command bug when input empty spaces",
            "messageBody": "",
            "fileTypesAndContributionMap": {
              "functional-code": {
                "insertions": 8,
                "deletions": 3
              }
            }
          },
          {
            "hash": "53ec700ba22f806cddcdfce9f4c7406b8ed550d6",
            "messageTitle": "Fixed topic quiz command bug that runs quiz that only contains the keywords or when input spaces",
            "messageBody": "",
            "fileTypesAndContributionMap": {
              "functional-code": {
                "insertions": 4,
                "deletions": 3
              }
            }
          },
          {
            "hash": "cf8897fb0e5f522534b6bda38e61265c7deeadbd",
            "messageTitle": "Fixed topic results command bug that gives incorrect error message and can\u0027t find topic when extra spaces are input",
            "messageBody": "",
            "fileTypesAndContributionMap": {
              "functional-code": {
                "insertions": 4,
                "deletions": 3
              }
            }
          },
          {
            "hash": "a0e59ebaa56d2a358124fa3b63fc7e7d436a42b6",
            "messageTitle": "Allow access topic to find a topic with extra leading or trailing spaces",
            "messageBody": "",
            "fileTypesAndContributionMap": {
              "functional-code": {
                "insertions": 2,
                "deletions": 2
              }
            }
          },
          {
            "hash": "b4cd4dad869bbdcda3d497ed7051b51bb077caae",
            "messageTitle": "Add missed method throw signature for topic tests",
            "messageBody": "",
            "fileTypesAndContributionMap": {
              "test-code": {
                "insertions": 1,
                "deletions": 1
              }
            }
          },
          {
            "hash": "11989fa219f37c164c0cdf9ff4de74e75226a539",
            "messageTitle": "Changed less relavent exception thrown in AddSubjectCommand to more pertinent one",
            "messageBody": "",
            "fileTypesAndContributionMap": {
              "functional-code": {
                "insertions": 13,
                "deletions": 9
              },
              "test-code": {
                "insertions": 1,
                "deletions": 1
              }
            }
          },
          {
            "hash": "236d3aed85dc6d32c5d583f6bece98b645d5bd43",
            "messageTitle": "Changed find subject command to throw more pertinent error",
            "messageBody": "",
            "fileTypesAndContributionMap": {
              "functional-code": {
                "insertions": 7,
                "deletions": 3
              },
              "test-code": {
                "insertions": 1,
                "deletions": 1
              }
            }
          },
          {
            "hash": "a81d75c9951fceea6a20cada1d3d373c257ffee6",
            "messageTitle": "Fixed QuizSubjectCommand bug that starts a non-existing subject",
            "messageBody": "",
            "fileTypesAndContributionMap": {
              "functional-code": {
                "insertions": 5,
                "deletions": 4
              }
            }
          },
          {
            "hash": "b940de5e5a3044851bae2d6f051f0e0cf3366514",
            "messageTitle": "Allow ResultQuizCommand to find subject results when extra spaces are input",
            "messageBody": "",
            "fileTypesAndContributionMap": {
              "functional-code": {
                "insertions": 4,
                "deletions": 4
              }
            }
          },
          {
            "hash": "064818fe6dbfd3a3240509320a6b9a9c0a405c6a",
            "messageTitle": "Add space after . for better visual",
            "messageBody": "",
            "fileTypesAndContributionMap": {
              "functional-code": {
                "insertions": 5,
                "deletions": 5
              }
            }
          },
          {
            "hash": "0564ae8e9e013b4d21155b7ca189ef292502eb25",
            "messageTitle": "Add data storing precaution",
            "messageBody": "",
            "fileTypesAndContributionMap": {
              "docs": {
                "insertions": 2,
                "deletions": 0
              }
            }
          }
        ]
      }
    ],
    "jialerk": [
      {
        "date": "2020-09-30",
        "commitResults": [
          {
            "hash": "44239cb4b85bc7c76c243e9d144309b17bd3b7c1",
            "messageTitle": "Commit change aboutus",
            "messageBody": "",
            "fileTypesAndContributionMap": {
              "docs": {
                "insertions": 1,
                "deletions": 1
              }
            }
          }
        ]
      },
      {
        "date": "2020-10-03",
        "commitResults": [
          {
            "hash": "09620c880438681c12bea6e10bb655ce59bf27dd",
            "messageTitle": "Skeleton code",
            "messageBody": "",
            "fileTypesAndContributionMap": {
              "functional-code": {
                "insertions": 519,
                "deletions": 12
              }
            }
          },
          {
            "hash": "e9392f5330bebc98e266cb0d96b87e3006a4a6ca",
            "messageTitle": "commit 2",
            "messageBody": "",
            "fileTypesAndContributionMap": {
              "functional-code": {
                "insertions": 215,
                "deletions": 2
              }
            }
          }
        ]
      },
      {
        "date": "2020-10-06",
        "commitResults": [
          {
            "hash": "7b80ede561731cc0525799be7c0abe9ff5a51809",
            "messageTitle": "Committed changes in subject and added a few classes for subject commands etc",
            "messageBody": "",
            "fileTypesAndContributionMap": {
              "functional-code": {
                "insertions": 666,
                "deletions": 182
              },
              "other": {
                "insertions": 43,
                "deletions": 29
              }
            }
          },
          {
            "hash": "7d548b7e4598f8a3375b0f6711f5f16ca1477090",
            "messageTitle": "tried to chnage to aline with java",
            "messageBody": "",
            "fileTypesAndContributionMap": {
              "functional-code": {
                "insertions": 9,
                "deletions": 9
              }
            }
          },
          {
            "hash": "3390a359aaa62d303dd1372716bb9a2a24bbeda2",
            "messageTitle": "Commited spaces",
            "messageBody": "",
            "fileTypesAndContributionMap": {
              "functional-code": {
                "insertions": 18,
                "deletions": 18
              }
            }
          },
          {
            "hash": "be9c58aa14404e5aadb85e8e4180159001747bb9",
            "messageTitle": "Commit white spaces",
            "messageBody": "",
            "fileTypesAndContributionMap": {
              "functional-code": {
                "insertions": 11,
                "deletions": 11
              }
            }
          },
          {
            "hash": "1ef6257c347870fff250ea0ea5a9adc2f96a1387",
            "messageTitle": "commit spaces 2",
            "messageBody": "",
            "fileTypesAndContributionMap": {
              "functional-code": {
                "insertions": 40,
                "deletions": 24
              }
            }
          },
          {
            "hash": "790eb2be3ea77e72c08a3e0c2df25e57b912636e",
            "messageTitle": "commit spaces 3",
            "messageBody": "",
            "fileTypesAndContributionMap": {
              "functional-code": {
                "insertions": 1,
                "deletions": 1
              }
            }
          },
          {
            "hash": "f7734bd42a8f75efc897422a01154bf9ccd93b3d",
            "messageTitle": "commit checkstyle",
            "messageBody": "",
            "fileTypesAndContributionMap": {
              "functional-code": {
                "insertions": 6,
                "deletions": 6
              }
            }
          }
        ]
      },
      {
        "date": "2020-10-12",
        "commitResults": [
          {
            "hash": "c3dabb48c96c173aba62a567463d8a4b49cb00cd",
            "messageTitle": "commit tests",
            "messageBody": "",
            "fileTypesAndContributionMap": {
              "functional-code": {
                "insertions": 2,
                "deletions": 1
              },
              "test-code": {
                "insertions": 66,
                "deletions": 0
              }
            }
          },
          {
            "hash": "4821919f470af2c78de83fd711840dac07f58537",
            "messageTitle": "commit fixed syntax errors",
            "messageBody": "",
            "fileTypesAndContributionMap": {
              "test-code": {
                "insertions": 5,
                "deletions": 1
              }
            }
          },
          {
            "hash": "f93bb51f704601467a1e37b28f644e5b305f68dd",
            "messageTitle": "commit syntax error 2",
            "messageBody": "",
            "fileTypesAndContributionMap": {
              "test-code": {
                "insertions": 3,
                "deletions": 3
              }
            }
          }
        ]
      },
      {
        "date": "2020-10-13",
        "commitResults": [
          {
            "hash": "09668a308bd302ca16ab135357813551288ea95d",
            "messageTitle": "Added some assert statements",
            "messageBody": "",
            "fileTypesAndContributionMap": {
              "functional-code": {
                "insertions": 10,
                "deletions": 0
              }
            }
          },
          {
            "hash": "a1785a9b67932419890795af4f40fe255a09c67c",
            "messageTitle": "Corrected some syntax errors",
            "messageBody": "",
            "fileTypesAndContributionMap": {
              "functional-code": {
                "insertions": 23,
                "deletions": 22
              }
            }
          },
          {
            "hash": "8ace5692049cabf8c112919adce22f2b1485396d",
            "messageTitle": "Removed a whitespace",
            "messageBody": "",
            "fileTypesAndContributionMap": {
              "functional-code": {
                "insertions": 0,
                "deletions": 1
              }
            }
          },
          {
            "hash": "6350c3665a935944e0aad97ffb31bba1260a6aa7",
            "messageTitle": "Changed the main class name to Revised",
            "messageBody": "",
            "fileTypesAndContributionMap": {
              "other": {
                "insertions": 4,
                "deletions": 4
              }
            }
          },
          {
            "hash": "6332a59f269abdd606176de6cd366020f0b47121",
            "messageTitle": "Changed package name to revised",
            "messageBody": "",
            "fileTypesAndContributionMap": {
              "functional-code": {
                "insertions": 52,
                "deletions": 53
              },
              "other": {
                "insertions": 309,
                "deletions": 356
              }
            }
          },
          {
            "hash": "9aa36e4f18ee0a3d5945a8eb0bfdcae978f135c0",
            "messageTitle": "renamed gradle build to revised",
            "messageBody": "",
            "fileTypesAndContributionMap": {
              "other": {
                "insertions": 2,
                "deletions": 2
              }
            }
          },
          {
            "hash": "7b90267822bddfdfd98a9b6233efcd257bd3479c",
            "messageTitle": "changed somemore syntax errors",
            "messageBody": "",
            "fileTypesAndContributionMap": {
              "functional-code": {
                "insertions": 2,
                "deletions": 2
              }
            }
          }
        ]
      },
      {
        "date": "2020-10-16",
        "commitResults": [
          {
            "hash": "9d0e7d0ef29a3a43c85a8aaa4d4dac51642a868e",
            "messageTitle": "syntax error",
            "messageBody": "",
            "fileTypesAndContributionMap": {
              "functional-code": {
                "insertions": 16,
                "deletions": 10
              }
            }
          }
        ]
      },
      {
        "date": "2020-10-20",
        "commitResults": [
          {
            "hash": "a75008d71eafb1330da59041d32515b570e8b2fb",
            "messageTitle": "changed the Ui error messages to return Strings instead made the catch phases of exceptions to print the exception error messages instead of from the Ui class Added contructors to many exceptions classes Added a few more exceptions",
            "messageBody": "",
            "fileTypesAndContributionMap": {
              "functional-code": {
                "insertions": 268,
                "deletions": 205
              },
              "test-code": {
                "insertions": 12,
                "deletions": 13
              }
            }
          },
          {
            "hash": "1b057387bda9983f4091b3b0f33ea0a02144c91a",
            "messageTitle": "checkstyle compliance",
            "messageBody": "",
            "fileTypesAndContributionMap": {
              "functional-code": {
                "insertions": 12,
                "deletions": 9
              }
            }
          },
          {
            "hash": "0d208535c76cd5b571491f2a65bbe92241dcebb9",
            "messageTitle": "fixed error where the exception message wont be printed",
            "messageBody": "",
            "fileTypesAndContributionMap": {
              "functional-code": {
                "insertions": 27,
                "deletions": 24
              }
            }
          },
          {
            "hash": "8640407550765bdffec4f2b2529cdbcc92976755",
            "messageTitle": "Added an extra exception Changed a few exceptions",
            "messageBody": "",
            "fileTypesAndContributionMap": {
              "functional-code": {
                "insertions": 19,
                "deletions": 11
              }
            }
          },
          {
            "hash": "f1496a14e670b12e80c11b4251cd0d067d84bb33",
            "messageTitle": "java checkstyle",
            "messageBody": "",
            "fileTypesAndContributionMap": {
              "functional-code": {
                "insertions": 1,
                "deletions": 1
              }
            }
          }
        ]
      },
      {
        "date": "2020-10-21",
        "commitResults": [
          {
            "hash": "a2cdf87befb9401e187b5d13d67f024a011a27c9",
            "messageTitle": "added details in user guide corrected syntax errors in Ui",
            "messageBody": "",
            "fileTypesAndContributionMap": {
              "functional-code": {
                "insertions": 9,
                "deletions": 0
              },
              "docs": {
                "insertions": 95,
                "deletions": 0
              }
            }
          },
          {
            "hash": "263fa8cb9abf8c044295fd8586c7f00615df9eb5",
            "messageTitle": "changed syntax in UG for cohesion",
            "messageBody": "",
            "fileTypesAndContributionMap": {
              "docs": {
                "insertions": 8,
                "deletions": 12
              }
            }
          },
          {
            "hash": "461b2f2ff908139767f0870a385be12c03b30db5",
            "messageTitle": "syntax change",
            "messageBody": "",
            "fileTypesAndContributionMap": {
              "docs": {
                "insertions": 3,
                "deletions": 3
              }
            }
          }
        ]
      },
      {
        "date": "2020-10-22",
        "commitResults": [
          {
            "hash": "db96bf3627a1b543709ec481388ce8dda20ec673",
            "messageTitle": "refined details in sourcetree",
            "messageBody": "",
            "fileTypesAndContributionMap": {
              "docs": {
                "insertions": 29,
                "deletions": 19
              }
            }
          },
          {
            "hash": "b2120033fc2c6531c7a5d173281b1020b5141f6e",
            "messageTitle": "syntax change",
            "messageBody": "",
            "fileTypesAndContributionMap": {
              "docs": {
                "insertions": 10,
                "deletions": 9
              }
            }
          }
        ]
      },
      {
        "date": "2020-10-25",
        "commitResults": [
          {
            "hash": "46694295ea40ab2424a977b2e013aa4f91a1c4cf",
            "messageTitle": "refactored task package to be under command package",
            "messageBody": "",
            "fileTypesAndContributionMap": {
              "functional-code": {
                "insertions": 25,
                "deletions": 30
              },
              "other": {
                "insertions": 5,
                "deletions": 7
              },
              "test-code": {
                "insertions": 4,
                "deletions": 4
              }
            }
          },
          {
            "hash": "4aee755656b22d74dfe3ae6b83e6e0028641e7bb",
            "messageTitle": "error resolution",
            "messageBody": "",
            "fileTypesAndContributionMap": {
              "functional-code": {
                "insertions": 2,
                "deletions": 0
              }
            }
          },
          {
            "hash": "00794e7ea83eef0d74d66a7753a0173efc8c09d5",
            "messageTitle": "error change",
            "messageBody": "",
            "fileTypesAndContributionMap": {
              "functional-code": {
                "insertions": 0,
                "deletions": 1
              }
            }
          },
          {
            "hash": "89abfaa328ff04551c023902b5c74174c5a21721",
            "messageTitle": "error rectification",
            "messageBody": "",
            "fileTypesAndContributionMap": {
              "functional-code": {
                "insertions": 1,
                "deletions": 0
              }
            }
          },
          {
            "hash": "722d9624edc6caa3a9aa0656e96d470ed4d915d3",
            "messageTitle": "Added logging",
            "messageBody": "",
            "fileTypesAndContributionMap": {
              "functional-code": {
                "insertions": 25,
                "deletions": 0
              }
            }
          },
          {
            "hash": "152f968538130d38e8c8897691107f852e8ce763",
            "messageTitle": "Change ExportCommand to ExportSubjectCommand for more coherence",
            "messageBody": "",
            "fileTypesAndContributionMap": {
              "other": {
                "insertions": 1,
                "deletions": 1
              }
            }
          },
          {
            "hash": "365f5b952162d2894c6f56abd2156ca20dedec93",
            "messageTitle": "Removed ExitSubjectCommand execute method",
            "messageBody": "",
            "fileTypesAndContributionMap": {
              "functional-code": {
                "insertions": 3,
                "deletions": 10
              }
            }
          },
          {
            "hash": "4469b2222a53e5646333a8b98e8b89c293dc6a9c",
            "messageTitle": "changed name of ExportCommand in other classes",
            "messageBody": "",
            "fileTypesAndContributionMap": {
              "functional-code": {
                "insertions": 2,
                "deletions": 2
              }
            }
          }
        ]
      },
      {
        "date": "2020-10-26",
        "commitResults": [
          {
            "hash": "c2de66d2fe8b97cbc0fd4c559d165de7e26440d3",
            "messageTitle": "Added a few javadoc for classes",
            "messageBody": "",
            "fileTypesAndContributionMap": {
              "functional-code": {
                "insertions": 13,
                "deletions": 5
              }
            }
          },
          {
            "hash": "edbed3052684abcb3af102b972af547e1775f73a",
            "messageTitle": "Added a method that was missing from ResultSubjectCommand",
            "messageBody": "",
            "fileTypesAndContributionMap": {
              "functional-code": {
                "insertions": 10,
                "deletions": 1
              }
            }
          },
          {
            "hash": "66dbbc11670de98a8d666fb70687725470f5d2e2",
            "messageTitle": "added more javadoc",
            "messageBody": "",
            "fileTypesAndContributionMap": {
              "functional-code": {
                "insertions": 32,
                "deletions": 2
              }
            }
          },
          {
            "hash": "12e3f55f4da29fb290d90bd431573dd3b11e74c3",
            "messageTitle": "Changed some code errors for ReturnTopicCommand",
            "messageBody": "",
            "fileTypesAndContributionMap": {
              "functional-code": {
                "insertions": 5,
                "deletions": 8
              }
            }
          },
          {
            "hash": "d3fa836f581fdc0f34c2fbb2d889e5504b1b6f28",
            "messageTitle": "changed code error for ReturnSubjectCommand",
            "messageBody": "",
            "fileTypesAndContributionMap": {
              "functional-code": {
                "insertions": 1,
                "deletions": 2
              }
            }
          },
          {
            "hash": "87e23aa8c49cacabb05128cf6e06e6fb356d3223",
            "messageTitle": "deleted unused code in QuizSubjectCommand",
            "messageBody": "",
            "fileTypesAndContributionMap": {
              "functional-code": {
                "insertions": 0,
                "deletions": 1
              }
            }
          },
          {
            "hash": "9bc74686271253b817a7cf86f36f236bd5c18508",
            "messageTitle": "Added javadoc for all subject command classes Edited some syntax errors",
            "messageBody": "",
            "fileTypesAndContributionMap": {
              "functional-code": {
                "insertions": 84,
                "deletions": 39
              },
              "other": {
                "insertions": 25,
                "deletions": 6
              },
              "test-code": {
                "insertions": 4,
                "deletions": 4
              }
            }
          },
          {
            "hash": "879dbeac8b5fbd12880069d12da52e07537e78ad",
            "messageTitle": "changed some coding errors for ResultSubjectCommand Added a javadoc for ExportSubjectCommand and QuizSubjectCommand",
            "messageBody": "",
            "fileTypesAndContributionMap": {
              "functional-code": {
                "insertions": 27,
                "deletions": 1
              }
            }
          },
          {
            "hash": "ed8d5064b1b354cd0e3d7272da5b9fdf695259c5",
            "messageTitle": "Added logging for more subject classes",
            "messageBody": "",
            "fileTypesAndContributionMap": {
              "functional-code": {
                "insertions": 19,
                "deletions": 10
              }
            }
          }
        ]
      }
    ],
    "rashien3": [
      {
        "date": "2020-09-30",
        "commitResults": [
          {
            "hash": "053a9dfc97b1fb426da367285c250b6c4f2dd6de",
            "messageTitle": "add name to AboutUs",
            "messageBody": "",
            "fileTypesAndContributionMap": {
              "docs": {
                "insertions": 2,
                "deletions": 1
              }
            }
          },
          {
            "hash": "0c3ed4ac2c23ab938e748bdc0c0ac92b038ef0d5",
            "messageTitle": "add spacing to AboutUs",
            "messageBody": "",
            "fileTypesAndContributionMap": {
              "docs": {
                "insertions": 5,
                "deletions": 5
              }
            }
          }
        ]
      },
      {
        "date": "2020-10-09",
        "commitResults": [
          {
            "hash": "6c9513d33d1b91b59b2cc9bf9d54e81a81697123",
            "messageTitle": "add topic functions",
            "messageBody": "",
            "fileTypesAndContributionMap": {
              "functional-code": {
                "insertions": 463,
                "deletions": 39
              }
            }
          },
          {
            "hash": "3ac195eef4ae1b8c18ad1f788c4e4cbe8d475553",
            "messageTitle": "fix format error",
            "messageBody": "",
            "fileTypesAndContributionMap": {
              "functional-code": {
                "insertions": 12,
                "deletions": 5
              }
            }
          },
          {
            "hash": "404d0370019fb54766a22f00db4668f48f13e7b0",
            "messageTitle": "remove inheritance from Topic",
            "messageBody": "",
            "fileTypesAndContributionMap": {
              "functional-code": {
                "insertions": 19,
                "deletions": 8
              }
            }
          },
          {
            "hash": "a855db7956cd8ca5442c76ff7846239ffd576471",
            "messageTitle": "fix comment indentation",
            "messageBody": "",
            "fileTypesAndContributionMap": {
              "functional-code": {
                "insertions": 1,
                "deletions": 1
              }
            }
          },
          {
            "hash": "9cd096eb43fec5f7fedc38baf95a78fceb0f4e79",
            "messageTitle": "fix comment indent",
            "messageBody": "",
            "fileTypesAndContributionMap": {
              "functional-code": {
                "insertions": 4,
                "deletions": 4
              }
            }
          },
          {
            "hash": "2ff0e307e94d917d7bb30fef91aa37b6b790ba70",
            "messageTitle": "add task functions under subject",
            "messageBody": "",
            "fileTypesAndContributionMap": {
              "functional-code": {
                "insertions": 100,
                "deletions": 42
              }
            }
          },
          {
            "hash": "53118185e4886fe5320ee10de5429cec63bd4390",
            "messageTitle": "add full stop",
            "messageBody": "",
            "fileTypesAndContributionMap": {
              "functional-code": {
                "insertions": 6,
                "deletions": 6
              }
            }
          },
          {
            "hash": "103f4d5a2a159d9c3f5bec5259e9b4f8c77af0bc",
            "messageTitle": "remove fallthrough switch-case",
            "messageBody": "",
            "fileTypesAndContributionMap": {
              "functional-code": {
                "insertions": 4,
                "deletions": 0
              }
            }
          },
          {
            "hash": "db90122ad326710c4fcd9edb360b40f38ef44b80",
            "messageTitle": "remove import *",
            "messageBody": "",
            "fileTypesAndContributionMap": {
              "functional-code": {
                "insertions": 11,
                "deletions": 2
              }
            }
          }
        ]
      },
      {
        "date": "2020-10-12",
        "commitResults": [
          {
            "hash": "be89bf7bc8e481317f14f7ed80f3fef5718ff3f7",
            "messageTitle": "Update Ui.java",
            "messageBody": "",
            "fileTypesAndContributionMap": {
              "functional-code": {
                "insertions": 1,
                "deletions": 1
              }
            }
          }
        ]
      },
      {
        "date": "2020-10-21",
        "commitResults": [
          {
            "hash": "96e4fd72f8f497fb88343df50076469931c2ddfa",
            "messageTitle": "add topic test",
            "messageBody": "",
            "fileTypesAndContributionMap": {
              "test-code": {
                "insertions": 66,
                "deletions": 0
              }
            }
          },
          {
            "hash": "547efb74741acfd0ef56a813a5d1432b20c05a10",
            "messageTitle": "add user guide topics",
            "messageBody": "",
            "fileTypesAndContributionMap": {
              "docs": {
                "insertions": 200,
                "deletions": 13
              }
            }
          },
          {
            "hash": "0b360e378aa088fef1d5c55883011459d01e00b9",
            "messageTitle": "edit user guide",
            "messageBody": "",
            "fileTypesAndContributionMap": {
              "docs": {
                "insertions": 80,
                "deletions": 58
              }
            }
          }
        ]
      },
      {
        "date": "2020-10-26",
        "commitResults": [
          {
            "hash": "1faf0504b75afb8f036e7d23f822427a17d286ef",
            "messageTitle": "add ListAllCommand",
            "messageBody": "",
            "fileTypesAndContributionMap": {
              "functional-code": {
                "insertions": 37,
                "deletions": 0
              }
            }
          }
        ]
      },
      {
        "date": "2020-10-27",
        "commitResults": [
          {
            "hash": "cac21893d84d8ad5d45b01e0aad4d4724049c402",
            "messageTitle": "add list all",
            "messageBody": "",
            "fileTypesAndContributionMap": {
              "functional-code": {
                "insertions": 163,
                "deletions": 5
              },
              "other": {
                "insertions": 4,
                "deletions": 5
              }
            }
          },
          {
            "hash": "37fbbe456342b1d9514a3b7c399ecfb50c90d6c5",
            "messageTitle": "fix gradle checkstyle main",
            "messageBody": "",
            "fileTypesAndContributionMap": {
              "functional-code": {
                "insertions": 74,
                "deletions": 65
              }
            }
          }
        ]
      }
    ]
  },
  "authorFileTypeContributionMap": {
    "syncode98": {
      "docs": 375,
      "functional-code": 678,
      "test-code": 147
    },
    "sugandha929": {
      "docs": 131,
      "functional-code": 229,
      "test-code": 1
    },
    "CookieHoodie": {
      "docs": 253,
      "functional-code": 1284,
      "test-code": 345,
      "other": 5
    },
    "jialerk": {
      "docs": 102,
      "functional-code": 1135,
      "test-code": 78,
      "other": 2
    },
    "rashien3": {
      "docs": 210,
      "functional-code": 481,
      "test-code": 61
    }
  },
  "authorContributionVariance": {
    "syncode98": 48842.902,
    "sugandha929": 85563.66,
    "CookieHoodie": 94434.0,
    "jialerk": 77513.73,
    "rashien3": 23550.633
  },
  "authorDisplayNameMap": {
    "syncode98": "CS2113T-W13-1 I MU..UMAR",
    "sugandha929": "CS2113T-W13-1 TUTE..NDHA",
    "CookieHoodie": "CS2113T-W13-1 ONG ..HANG",
    "jialerk": "CS2113T-W13-1 GAN ..LERK",
    "rashien3": "CS2113T-W13-1 HERM.. HAN"
  }
}
