{
  "authorDailyContributionsMap": {
    "leonlowzd": [
      {
        "date": "2020-10-01",
        "commitResults": [
          {
            "hash": "268e841e846674e5489759d4952ebf52612be9cc",
            "messageTitle": "Updated AboutUs.md",
            "messageBody": "",
            "fileTypesAndContributionMap": {
              "docs": {
                "insertions": 1,
                "deletions": 1
              }
            }
          }
        ]
      },
      {
        "date": "2020-10-05",
        "commitResults": [
          {
            "hash": "89d3049a8ae6defe3dcbadf440be936b102881db",
            "messageTitle": "Added appliances to SmartHomeBot",
            "messageBody": "",
            "fileTypesAndContributionMap": {
              "functional-code": {
                "insertions": 236,
                "deletions": 21
              },
              "other": {
                "insertions": 1,
                "deletions": 1
              }
            }
          },
          {
            "hash": "75d0fb17ae4ffd38a99e6546402da1011d78d8b0",
            "messageTitle": "Added more tests of appliances manipulation and printed out status of appliances for user to see.",
            "messageBody": "",
            "fileTypesAndContributionMap": {
              "functional-code": {
                "insertions": 16,
                "deletions": 4
              }
            }
          },
          {
            "hash": "a421c06d78db142e70df85883b49f7c69fd18cdf",
            "messageTitle": "Added whitespace to toString() function.",
            "messageBody": "",
            "fileTypesAndContributionMap": {
              "functional-code": {
                "insertions": 1,
                "deletions": 1
              }
            }
          },
          {
            "hash": "945bd236bb2a4c58b38c1a2ed3ad571f086cb258",
            "messageTitle": "Fixed runtest bug",
            "messageBody": "",
            "fileTypesAndContributionMap": {
              "other": {
                "insertions": 1,
                "deletions": 2
              }
            }
          }
        ]
      },
      {
        "date": "2020-10-07",
        "commitResults": [
          {
            "hash": "dc97ede3da951921cd5303b4d4e48a61b255db5f",
            "messageTitle": "Added Unique Names for appliances and tested unique locations",
            "messageBody": "",
            "fileTypesAndContributionMap": {
              "functional-code": {
                "insertions": 16,
                "deletions": 1
              },
              "other": {
                "insertions": 2,
                "deletions": 7
              },
              "test-code": {
                "insertions": 9,
                "deletions": 3
              }
            }
          },
          {
            "hash": "a7016a5c8932a56de769013cb7ac52ba6feff00d",
            "messageTitle": "Fixed variable name violation on addLocationTest",
            "messageBody": "",
            "fileTypesAndContributionMap": {
              "test-code": {
                "insertions": 5,
                "deletions": 5
              }
            }
          }
        ]
      },
      {
        "date": "2020-10-08",
        "commitResults": [
          {
            "hash": "dc90be9b7137530454133a18454023533946315f",
            "messageTitle": "Added new exception types for repeated location and appliances. Modified the way user prints output in UI, still WIP though. Separating out the printout to the message class instead.",
            "messageBody": "",
            "fileTypesAndContributionMap": {
              "functional-code": {
                "insertions": 4,
                "deletions": 0
              },
              "other": {
                "insertions": 0,
                "deletions": 0
              }
            }
          },
          {
            "hash": "cd63e3e9d531066aeec1a98caed7cb7402f3f5ee",
            "messageTitle": "Changed printouts from System.out to ui.showToUser",
            "messageBody": "",
            "fileTypesAndContributionMap": {
              "functional-code": {
                "insertions": 73,
                "deletions": 49
              },
              "other": {
                "insertions": 3,
                "deletions": 3
              },
              "test-code": {
                "insertions": 24,
                "deletions": 2
              }
            }
          }
        ]
      },
      {
        "date": "2020-10-09",
        "commitResults": [
          {
            "hash": "e7008b3f2849b4d42e2051cad12ca4cf8d35a28a",
            "messageTitle": "Merged with Cheng Jun\u0027s UI work and preliminary exception works on the program. Not fully stress tested yet. Though some are not handled by exceptions though.... Handled exceptions for: 1. Existing Home locations 2. Existing appliances 3. removal of locations: Small modifications 4. removal of appliances: changed removeAppliance from taking in index to String, looks neater for this to be handled in applianceList instead imo. 5. file corruptions -\u003e also separated the code into smaller function for better readability",
            "messageBody": "",
            "fileTypesAndContributionMap": {
              "functional-code": {
                "insertions": 2,
                "deletions": 2
              },
              "test-code": {
                "insertions": 8,
                "deletions": 38
              }
            }
          },
          {
            "hash": "af971c4c8e9aaa6784717dc71624e6af2550cf24",
            "messageTitle": "Merged with Cheng Jun\u0027s UI work and preliminary exception works on the program.",
            "messageBody": "Not fully stress tested yet. Though some are not handled by exceptions though....\nHandled exceptions for:\n1. Existing Home locations\n2. Existing appliances\n3. removal of locations: Small modifications\n4. removal of appliances: changed removeAppliance from taking in index to String, looks neater for this to be handled in applianceList instead imo.\n5. file corruptions -\u003e also separated the code into smaller function for better readability\n\nAlso, modified Junits test\n",
            "fileTypesAndContributionMap": {
              "test-code": {
                "insertions": 3,
                "deletions": 8
              }
            }
          }
        ]
      },
      {
        "date": "2020-10-10",
        "commitResults": [
          {
            "hash": "9b0ec4cecd4e25c16e4c06a98fdf8470e68e8a95",
            "messageTitle": "preliminary work on V0.2 for manipulation of parameters of appliances: added for fan and ac only.",
            "messageBody": "",
            "fileTypesAndContributionMap": {
              "functional-code": {
                "insertions": 80,
                "deletions": 10
              },
              "other": {
                "insertions": 5,
                "deletions": 2
              }
            }
          }
        ]
      },
      {
        "date": "2020-10-13",
        "commitResults": [
          {
            "hash": "cb9bce758afa6fc365286b017172f0e41d97608d",
            "messageTitle": "Fixed textui printout for addCommand",
            "messageBody": "",
            "fileTypesAndContributionMap": {
              "functional-code": {
                "insertions": 25,
                "deletions": 16
              }
            }
          }
        ]
      },
      {
        "date": "2020-10-14",
        "commitResults": [
          {
            "hash": "fa15c28e58354eaeecf61893e124134d8b2f3505",
            "messageTitle": "Adds comments for the methods and classes in data package.",
            "messageBody": "Updated some of the variable and method names to better represent what they do.\n",
            "fileTypesAndContributionMap": {
              "functional-code": {
                "insertions": 147,
                "deletions": 81
              },
              "other": {
                "insertions": 6,
                "deletions": 4
              }
            }
          },
          {
            "hash": "e2f0ab47ec68e4c2a747e7170c73c9e02469b504",
            "messageTitle": "Minor improvements of code in Power class.",
            "messageBody": "",
            "fileTypesAndContributionMap": {
              "functional-code": {
                "insertions": 3,
                "deletions": 6
              },
              "other": {
                "insertions": 4,
                "deletions": 3
              }
            }
          }
        ]
      },
      {
        "date": "2020-10-15",
        "commitResults": [
          {
            "hash": "b4fd7d00228f91560b4ff92006450027bf61260d",
            "messageTitle": "Rename packages names and minor code improvements for on/off commands",
            "messageBody": "",
            "fileTypesAndContributionMap": {
              "other": {
                "insertions": 167,
                "deletions": 196
              }
            }
          },
          {
            "hash": "6c34fa518f48ced1acbc61369dda08670916872e",
            "messageTitle": "Renamed build.gradle",
            "messageBody": "",
            "fileTypesAndContributionMap": {
              "other": {
                "insertions": 2,
                "deletions": 2
              }
            }
          },
          {
            "hash": "a2f1b93a943dcd7bce9d353944e61984f98c801c",
            "messageTitle": "Changed package name to lower case",
            "messageBody": "",
            "fileTypesAndContributionMap": {
              "other": {
                "insertions": 164,
                "deletions": 164
              }
            }
          },
          {
            "hash": "8dbb0fc39a556c98a706fd1cb8ca4f32a6187cb1",
            "messageTitle": "Added assertion test for ON/OFF command and minor improvement to code for better readability",
            "messageBody": "",
            "fileTypesAndContributionMap": {
              "functional-code": {
                "insertions": 10,
                "deletions": 8
              }
            }
          }
        ]
      },
      {
        "date": "2020-10-17",
        "commitResults": [
          {
            "hash": "375538f33f6e86f9f391f9bfa12ec93f3f513ec6",
            "messageTitle": "Updates to set parameters",
            "messageBody": "",
            "fileTypesAndContributionMap": {
              "functional-code": {
                "insertions": 278,
                "deletions": 105
              },
              "test-code": {
                "insertions": 2,
                "deletions": 2
              }
            }
          }
        ]
      },
      {
        "date": "2020-10-18",
        "commitResults": [
          {
            "hash": "5a086fbdce9ee76f6c2221692404abc2b06c9525",
            "messageTitle": "Minor updated code to setting appliance",
            "messageBody": "",
            "fileTypesAndContributionMap": {
              "functional-code": {
                "insertions": 7,
                "deletions": 2
              }
            }
          },
          {
            "hash": "3883881214f79e84c5b374840c0cefae57308119",
            "messageTitle": "Fixed coding violation",
            "messageBody": "",
            "fileTypesAndContributionMap": {
              "functional-code": {
                "insertions": 60,
                "deletions": 53
              }
            }
          },
          {
            "hash": "d958bf1b73b6653cf347b3f7891ea437c9927a8d",
            "messageTitle": "Fixed coding violation: Indentations",
            "messageBody": "",
            "fileTypesAndContributionMap": {
              "functional-code": {
                "insertions": 52,
                "deletions": 53
              }
            }
          },
          {
            "hash": "6c14feb6e4a1c86f3a593c26d4b731e38f102053",
            "messageTitle": "Fixed coding violation: Indentations and messages",
            "messageBody": "",
            "fileTypesAndContributionMap": {
              "functional-code": {
                "insertions": 5,
                "deletions": 2
              }
            }
          },
          {
            "hash": "cf0d7ce6893b0df21b5bab4f405e54ac4a9c103e",
            "messageTitle": "fixed test code",
            "messageBody": "",
            "fileTypesAndContributionMap": {
              "test-code": {
                "insertions": 2,
                "deletions": 2
              }
            }
          }
        ]
      }
    ],
    "Ang-Cheng-Jun": [
      {
        "date": "2020-10-01",
        "commitResults": [
          {
            "hash": "398dc75c4c25db1c70467866ee81bac01e09d1c8",
            "messageTitle": "Updated docs/AboutUS.md",
            "messageBody": "",
            "fileTypesAndContributionMap": {
              "docs": {
                "insertions": 2,
                "deletions": 2
              }
            }
          }
        ]
      },
      {
        "date": "2020-10-05",
        "commitResults": [
          {
            "hash": "252ab989105918fb5366172620cac7568308e21d",
            "messageTitle": "Added TextUi class and edited the SmartHomeBot class",
            "messageBody": "",
            "fileTypesAndContributionMap": {
              "functional-code": {
                "insertions": 143,
                "deletions": 21
              },
              "other": {
                "insertions": 6,
                "deletions": 2
              }
            }
          }
        ]
      },
      {
        "date": "2020-10-06",
        "commitResults": [
          {
            "hash": "50e86b0bcdcdf77f306614d84ab3d94a864cefa7",
            "messageTitle": "Added InvalidCommand and ExitCommand class",
            "messageBody": "",
            "fileTypesAndContributionMap": {
              "functional-code": {
                "insertions": 47,
                "deletions": 4
              }
            }
          },
          {
            "hash": "adedfcf7ede92b098af80e0d483e77611eb19390",
            "messageTitle": "Added ListCommand",
            "messageBody": "",
            "fileTypesAndContributionMap": {
              "functional-code": {
                "insertions": 71,
                "deletions": 3
              }
            }
          },
          {
            "hash": "a8b95b773e2996fbeee3c941571fbb2c6a2c47f3",
            "messageTitle": "Add OnCommand and OffCommand Class",
            "messageBody": "",
            "fileTypesAndContributionMap": {
              "functional-code": {
                "insertions": 92,
                "deletions": 4
              }
            }
          },
          {
            "hash": "25ca9bbaba3f2e4bfa0abea8ea5d52ef729615eb",
            "messageTitle": "Added HelpCommand Class",
            "messageBody": "",
            "fileTypesAndContributionMap": {
              "functional-code": {
                "insertions": 28,
                "deletions": 0
              }
            }
          }
        ]
      },
      {
        "date": "2020-10-09",
        "commitResults": [
          {
            "hash": "6a3b2263bd8d83e011158af56d53eaf0b3566521",
            "messageTitle": "Centralised all the static messages in the Message Class",
            "messageBody": "",
            "fileTypesAndContributionMap": {
              "functional-code": {
                "insertions": 104,
                "deletions": 61
              },
              "other": {
                "insertions": 1,
                "deletions": 1
              }
            }
          },
          {
            "hash": "22823b06ab1602de2588b5e77d682f6185799624",
            "messageTitle": "Added RemoveLocation Test in the test file",
            "messageBody": "",
            "fileTypesAndContributionMap": {
              "test-code": {
                "insertions": 29,
                "deletions": 0
              }
            }
          }
        ]
      },
      {
        "date": "2020-10-11",
        "commitResults": [
          {
            "hash": "6b8c6a0aa9ea5832e981a65c64c7322f47b00326",
            "messageTitle": "Completed UI for CreateCommand, DeleteCommand, ExitCommand, HelpCommand, InvalidCommand, ListCommand, OffCommand, OnCommand, OffCommand, RemoveCommand and UsageCommand.",
            "messageBody": "",
            "fileTypesAndContributionMap": {
              "functional-code": {
                "insertions": 25,
                "deletions": 7
              },
              "other": {
                "insertions": 2,
                "deletions": 2
              }
            }
          }
        ]
      },
      {
        "date": "2020-10-12",
        "commitResults": [
          {
            "hash": "2850c640e072dba182abbb72482761e68577e007",
            "messageTitle": "Edited the Messages part based on the comment on the pull request",
            "messageBody": "",
            "fileTypesAndContributionMap": {
              "functional-code": {
                "insertions": 1,
                "deletions": 3
              }
            }
          }
        ]
      },
      {
        "date": "2020-10-14",
        "commitResults": [
          {
            "hash": "2776ca14e7bc226c887829c454375fa03e4e5e31",
            "messageTitle": "Completed the framework of UserGuide",
            "messageBody": "",
            "fileTypesAndContributionMap": {
              "docs": {
                "insertions": 96,
                "deletions": 23
              }
            }
          },
          {
            "hash": "4f2923918f65fe8ee6dab006b76e307bd1264c7b",
            "messageTitle": "Added JUnitTest for RemoveCommand and DeleteCommand",
            "messageBody": "",
            "fileTypesAndContributionMap": {
              "test-code": {
                "insertions": 88,
                "deletions": 30
              }
            }
          },
          {
            "hash": "c3152d365aa9bf6d2b8afe909f7f3c3e682fee9e",
            "messageTitle": "Fix the Gradle Error",
            "messageBody": "",
            "fileTypesAndContributionMap": {
              "test-code": {
                "insertions": 14,
                "deletions": 8
              }
            }
          },
          {
            "hash": "168fad3d77703a6e7a88f1fd92acd5bf7930d704",
            "messageTitle": "Second Fix on Gradle Error",
            "messageBody": "",
            "fileTypesAndContributionMap": {
              "test-code": {
                "insertions": 4,
                "deletions": 4
              }
            }
          }
        ]
      },
      {
        "date": "2020-10-15",
        "commitResults": [
          {
            "hash": "2bb274b07026a2192d74977a7c49f50ac3a90e50",
            "messageTitle": "Third Fix on the Gradle Error",
            "messageBody": "",
            "fileTypesAndContributionMap": {
              "functional-code": {
                "insertions": 4,
                "deletions": 0
              },
              "test-code": {
                "insertions": 3,
                "deletions": 13
              }
            }
          },
          {
            "hash": "dac737468686e1a22f1511545e4201bd105e1add",
            "messageTitle": "Added CommandResult class",
            "messageBody": "",
            "fileTypesAndContributionMap": {
              "functional-code": {
                "insertions": 152,
                "deletions": 145
              },
              "other": {
                "insertions": 1,
                "deletions": 3
              },
              "test-code": {
                "insertions": 10,
                "deletions": 10
              }
            }
          },
          {
            "hash": "378695158c322fedd287178f34b46f070cba39f3",
            "messageTitle": "Completed CreateCommand, RemoveCommand, AddCommand, DeleteCommand with CommandResults. In progress for ListCommand, OnCommand, OffCommand and UsageCommand",
            "messageBody": "",
            "fileTypesAndContributionMap": {
              "functional-code": {
                "insertions": 181,
                "deletions": 146
              },
              "test-code": {
                "insertions": 5,
                "deletions": 4
              }
            }
          },
          {
            "hash": "263a4c6496b844b9fd7811c3ad5e63230404263e",
            "messageTitle": "Fifth Fix on runtest.bat",
            "messageBody": "",
            "fileTypesAndContributionMap": {
              "functional-code": {
                "insertions": 4,
                "deletions": 4
              }
            }
          },
          {
            "hash": "c6463763a97443e7096bf4689b2e21d1e48a4d8a",
            "messageTitle": "Create Assertion for Remove and Delete Case Paser Class",
            "messageBody": "",
            "fileTypesAndContributionMap": {
              "functional-code": {
                "insertions": 3,
                "deletions": 1
              }
            }
          },
          {
            "hash": "7eda06a848222e4a5aa0f267aa8e4dd430e3f3ea",
            "messageTitle": "Fix Gradle Error",
            "messageBody": "",
            "fileTypesAndContributionMap": {
              "functional-code": {
                "insertions": 2,
                "deletions": 2
              }
            }
          }
        ]
      },
      {
        "date": "2020-10-19",
        "commitResults": [
          {
            "hash": "173e6090bc4bad2b97d21f1936714a60481c0259",
            "messageTitle": "Completed the ON/OFF Filter",
            "messageBody": "",
            "fileTypesAndContributionMap": {
              "functional-code": {
                "insertions": 148,
                "deletions": 45
              },
              "test-code": {
                "insertions": 2,
                "deletions": 2
              }
            }
          },
          {
            "hash": "9097695b993772548941f5b5476e0e95dd21e8e3",
            "messageTitle": "Completed List Filter",
            "messageBody": "",
            "fileTypesAndContributionMap": {
              "functional-code": {
                "insertions": 57,
                "deletions": 17
              }
            }
          },
          {
            "hash": "ab71a863881e32916315661093e9918b4e2416ab",
            "messageTitle": "Fixed Gradlew Error",
            "messageBody": "",
            "fileTypesAndContributionMap": {
              "functional-code": {
                "insertions": 7,
                "deletions": 9
              }
            }
          },
          {
            "hash": "98fc66dec58d6c43927f1e30938438b72c68b499",
            "messageTitle": "Modified the List Filter",
            "messageBody": "",
            "fileTypesAndContributionMap": {
              "functional-code": {
                "insertions": 40,
                "deletions": 56
              },
              "test-code": {
                "insertions": 2,
                "deletions": 2
              }
            }
          }
        ]
      },
      {
        "date": "2020-10-21",
        "commitResults": [
          {
            "hash": "a96e0884a4d609879beceb29f13bd133da550b39",
            "messageTitle": "Modified the code in ListCommand, OnCommand, OffCommand to make it more readable and name the varible based on Java coding standard",
            "messageBody": "",
            "fileTypesAndContributionMap": {
              "functional-code": {
                "insertions": 82,
                "deletions": 72
              }
            }
          },
          {
            "hash": "f6afa92394699b24e669df1bda7826352e63455f",
            "messageTitle": "Fixed Gradle Styling error",
            "messageBody": "",
            "fileTypesAndContributionMap": {
              "functional-code": {
                "insertions": 8,
                "deletions": 5
              }
            }
          }
        ]
      }
    ],
    "TanLeeWei": [
      {
        "date": "2020-10-01",
        "commitResults": [
          {
            "hash": "450ff9ccabb5739e3ff2973ccc4caf5a73caa08e",
            "messageTitle": "AboutUs change",
            "messageBody": "",
            "fileTypesAndContributionMap": {
              "docs": {
                "insertions": 1,
                "deletions": 1
              }
            }
          }
        ]
      },
      {
        "date": "2020-10-07",
        "commitResults": [
          {
            "hash": "e11863e4f8fc501ffa474285bfa9438484254493",
            "messageTitle": "Save and write",
            "messageBody": "",
            "fileTypesAndContributionMap": {
              "functional-code": {
                "insertions": 133,
                "deletions": 0
              }
            }
          },
          {
            "hash": "0d8ef43c662a60da217ffbed4e878b8bbbbc74ad",
            "messageTitle": "Update for EXPECTED.TXT",
            "messageBody": "",
            "fileTypesAndContributionMap": {
              "other": {
                "insertions": 7,
                "deletions": 0
              }
            }
          },
          {
            "hash": "7e5c5b6e3d3af4eb5ff0876c2dd41c1eb94d61e7",
            "messageTitle": "update power consumption save file",
            "messageBody": "",
            "fileTypesAndContributionMap": {
              "functional-code": {
                "insertions": 7,
                "deletions": 5
              },
              "other": {
                "insertions": 2,
                "deletions": 7
              }
            }
          }
        ]
      },
      {
        "date": "2020-10-09",
        "commitResults": [
          {
            "hash": "a5ae7b1b695b1b24c85aa0d9681f82b95fe71d3a",
            "messageTitle": "JUnit test for Airconditioner Class",
            "messageBody": "",
            "fileTypesAndContributionMap": {
              "test-code": {
                "insertions": 23,
                "deletions": 0
              }
            }
          }
        ]
      },
      {
        "date": "2020-10-11",
        "commitResults": [
          {
            "hash": "0b9c89eed39da0d2e42c28e943a55772b63c307e",
            "messageTitle": "Changed add command and create command for saving and reading files",
            "messageBody": "",
            "fileTypesAndContributionMap": {
              "functional-code": {
                "insertions": 13,
                "deletions": 5
              },
              "other": {
                "insertions": 2,
                "deletions": 1
              }
            }
          },
          {
            "hash": "bb8ec3453257a5bf7c611481816e354d5ccf2c52",
            "messageTitle": "Updated addcommand and createcommand for read save",
            "messageBody": "",
            "fileTypesAndContributionMap": {
              "other": {
                "insertions": 1,
                "deletions": 3
              }
            }
          },
          {
            "hash": "3b4c8e38f7a7ef79b4464e785af577813795bdd5",
            "messageTitle": "updated add command and create command for read save files",
            "messageBody": "",
            "fileTypesAndContributionMap": {
              "other": {
                "insertions": 2,
                "deletions": 1
              }
            }
          }
        ]
      },
      {
        "date": "2020-10-12",
        "commitResults": [
          {
            "hash": "1bcb92453ba0e9022a89c5fc37d6ea8a34a70c76",
            "messageTitle": "Updated AddCommand UI",
            "messageBody": "",
            "fileTypesAndContributionMap": {
              "functional-code": {
                "insertions": 1,
                "deletions": 0
              }
            }
          },
          {
            "hash": "f9114c9605f91c4d1360922945660cb6d1f231e7",
            "messageTitle": "Updated AddCommand to prevent printing add message when error are caught",
            "messageBody": "",
            "fileTypesAndContributionMap": {
              "functional-code": {
                "insertions": 9,
                "deletions": 1
              }
            }
          }
        ]
      },
      {
        "date": "2020-10-15",
        "commitResults": [
          {
            "hash": "dd475a39d1d318ae3f943e1d993f7c560aa864f4",
            "messageTitle": "Junit test for fan and light types",
            "messageBody": "",
            "fileTypesAndContributionMap": {
              "test-code": {
                "insertions": 32,
                "deletions": 0
              }
            }
          },
          {
            "hash": "50e5db711a56cde0e7901926a489304226080a58",
            "messageTitle": "Junit test for Fan and Light type",
            "messageBody": "",
            "fileTypesAndContributionMap": {
              "test-code": {
                "insertions": 3,
                "deletions": 3
              }
            }
          },
          {
            "hash": "353804111680727caf1c84bcf9084f11f3464e73",
            "messageTitle": "Assertion test for total power consumption",
            "messageBody": "",
            "fileTypesAndContributionMap": {
              "functional-code": {
                "insertions": 1,
                "deletions": 0
              }
            }
          }
        ]
      },
      {
        "date": "2020-10-19",
        "commitResults": [
          {
            "hash": "e9004d2baf38bcf934f7d3254a506f8919816169",
            "messageTitle": "Added parameters for WaterHeater and in OnCommand and add parameters into savefile",
            "messageBody": "",
            "fileTypesAndContributionMap": {
              "functional-code": {
                "insertions": 61,
                "deletions": 57
              }
            }
          },
          {
            "hash": "e08f9a79069e6856eb77becff481c0bdd95a1b5b",
            "messageTitle": "Edited parameters",
            "messageBody": "",
            "fileTypesAndContributionMap": {
              "functional-code": {
                "insertions": 6,
                "deletions": 1
              }
            }
          }
        ]
      },
      {
        "date": "2020-10-20",
        "commitResults": [
          {
            "hash": "f9fd388129dd426d12384f92d1b45a4a7a9dd989",
            "messageTitle": "Added date and time into saveFile",
            "messageBody": "",
            "fileTypesAndContributionMap": {
              "functional-code": {
                "insertions": 17,
                "deletions": 8
              }
            }
          }
        ]
      }
    ],
    "zongxian-ctrl": [
      {
        "date": "2020-10-01",
        "commitResults": [
          {
            "hash": "bd914d92b679dec05d50d9868bb7187e0a4abf05",
            "messageTitle": "Changes in AboutUs",
            "messageBody": "",
            "fileTypesAndContributionMap": {
              "functional-code": {
                "insertions": 1,
                "deletions": 1
              },
              "docs": {
                "insertions": 1,
                "deletions": 1
              }
            }
          }
        ]
      },
      {
        "date": "2020-10-06",
        "commitResults": [
          {
            "hash": "0fd9a1dcd6e15bed1c7ef0fb8a3c61d98f348fad",
            "messageTitle": "Create base Command \u0026 Parser Class.",
            "messageBody": "",
            "fileTypesAndContributionMap": {
              "functional-code": {
                "insertions": 36,
                "deletions": 0
              }
            }
          },
          {
            "hash": "41e9b09bcffc00e40d61c95214cd7b1b22a5a6f8",
            "messageTitle": "Removed Switch Case for Build Test",
            "messageBody": "",
            "fileTypesAndContributionMap": {
              "functional-code": {
                "insertions": 0,
                "deletions": 3
              }
            }
          },
          {
            "hash": "a1b970f8927f4fde29b891aaf4383f1f53ef10a0",
            "messageTitle": "Created AddCommand \u0026 update Parser to accept \u0027Add\u0027",
            "messageBody": "",
            "fileTypesAndContributionMap": {
              "functional-code": {
                "insertions": 67,
                "deletions": 1
              }
            }
          },
          {
            "hash": "8a4036c286479352950681302214f82181ebfde1",
            "messageTitle": "Created DeleteCommand \u0026 update Parser to accept \u0027delete\u0027",
            "messageBody": "",
            "fileTypesAndContributionMap": {
              "functional-code": {
                "insertions": 31,
                "deletions": 0
              }
            }
          },
          {
            "hash": "9dd73c84a9b53f3d4a25641853e8af35556b81b9",
            "messageTitle": "Created CreateCommand \u0026 update Parser to accept \u0027create\u0027",
            "messageBody": "",
            "fileTypesAndContributionMap": {
              "functional-code": {
                "insertions": 24,
                "deletions": 0
              }
            }
          },
          {
            "hash": "47155a395dae05495cc96d39d97dfa1863ad2b06",
            "messageTitle": "Created RemoveCommand \u0026 update Parser to accept \u0027remove\u0027",
            "messageBody": "",
            "fileTypesAndContributionMap": {
              "functional-code": {
                "insertions": 25,
                "deletions": 6
              }
            }
          },
          {
            "hash": "1e6ee7d82fc0180a42ae171181010024d8175973",
            "messageTitle": "Update * form of import to single import",
            "messageBody": "",
            "fileTypesAndContributionMap": {
              "functional-code": {
                "insertions": 7,
                "deletions": 1
              }
            }
          }
        ]
      },
      {
        "date": "2020-10-08",
        "commitResults": [
          {
            "hash": "66d0b7362302478a7f7d8c0805e935685b509024",
            "messageTitle": "Changed parameters for Switch Case in AddCommand to constant",
            "messageBody": "",
            "fileTypesAndContributionMap": {
              "functional-code": {
                "insertions": 16,
                "deletions": 8
              }
            }
          },
          {
            "hash": "ad425ace614e427701498ca85792f274da7bca95",
            "messageTitle": "Update ListCommand to print either locations or appliances only.",
            "messageBody": "",
            "fileTypesAndContributionMap": {
              "functional-code": {
                "insertions": 28,
                "deletions": 4
              }
            }
          },
          {
            "hash": "f5c1818a25b9161b1f2e3335e55752e176ff2d30",
            "messageTitle": "Updated Parser extraction style w/ Exception if empty parameter for certain commands",
            "messageBody": "",
            "fileTypesAndContributionMap": {
              "functional-code": {
                "insertions": 95,
                "deletions": 86
              }
            }
          }
        ]
      },
      {
        "date": "2020-10-09",
        "commitResults": [
          {
            "hash": "03dc8fba29cc2d338378408e25a797a0df7ef998",
            "messageTitle": "ParserTest Class for JUnit Test",
            "messageBody": "",
            "fileTypesAndContributionMap": {
              "test-code": {
                "insertions": 106,
                "deletions": 0
              }
            }
          },
          {
            "hash": "e6ad784094f1ef445cdccc3b945f6a3bf1171aa2",
            "messageTitle": "Removed removeLocationTest()",
            "messageBody": "",
            "fileTypesAndContributionMap": {
              "test-code": {
                "insertions": 1,
                "deletions": 24
              }
            }
          },
          {
            "hash": "ba8a596a285e5a5ab2ecea2ff4d0c074ddab604d",
            "messageTitle": "Update JUnit Test and repackage for windows error",
            "messageBody": "",
            "fileTypesAndContributionMap": {
              "functional-code": {
                "insertions": 4,
                "deletions": 4
              },
              "other": {
                "insertions": 7,
                "deletions": 7
              },
              "test-code": {
                "insertions": 83,
                "deletions": 68
              }
            }
          }
        ]
      },
      {
        "date": "2020-10-14",
        "commitResults": [
          {
            "hash": "25f8f8f45dd36af5ee8690b002592b53a701467d",
            "messageTitle": "Removed \\n for formatting messages.",
            "messageBody": "",
            "fileTypesAndContributionMap": {
              "functional-code": {
                "insertions": 4,
                "deletions": 4
              }
            }
          },
          {
            "hash": "cf5873f9da90be847b1d574ee571676530406d87",
            "messageTitle": "Edited UserGuide for v1.",
            "messageBody": "",
            "fileTypesAndContributionMap": {
              "docs": {
                "insertions": 172,
                "deletions": 19
              }
            }
          }
        ]
      },
      {
        "date": "2020-10-15",
        "commitResults": [
          {
            "hash": "dcb2dc3f49a4c52323400e474689e8f59166121b",
            "messageTitle": "Update UserGuide.md",
            "messageBody": "",
            "fileTypesAndContributionMap": {
              "docs": {
                "insertions": 12,
                "deletions": 12
              }
            }
          },
          {
            "hash": "d33bb243cb4ae197d01e3c825ba8141be3477f7d",
            "messageTitle": "Update UserGuide.md",
            "messageBody": "",
            "fileTypesAndContributionMap": {
              "docs": {
                "insertions": 11,
                "deletions": 11
              }
            }
          },
          {
            "hash": "105cffeca746672ad6bfd295e6877dc42964cecb",
            "messageTitle": "Update UserGuide.md",
            "messageBody": "",
            "fileTypesAndContributionMap": {
              "docs": {
                "insertions": 2,
                "deletions": 2
              }
            }
          },
          {
            "hash": "8253f8b3f3b328efb92abe8879ca44037c01b01b",
            "messageTitle": "Update UserGuide.md",
            "messageBody": "",
            "fileTypesAndContributionMap": {
              "docs": {
                "insertions": 12,
                "deletions": 12
              }
            }
          },
          {
            "hash": "9fef6513981e6e6a4d3e557eac8eb43d3c2203f1",
            "messageTitle": "Update README.md",
            "messageBody": "",
            "fileTypesAndContributionMap": {
              "docs": {
                "insertions": 2,
                "deletions": 2
              }
            }
          },
          {
            "hash": "94f384d35b3431155902b74368a585100fc5831c",
            "messageTitle": "Update UserGuide.md",
            "messageBody": "",
            "fileTypesAndContributionMap": {
              "docs": {
                "insertions": 3,
                "deletions": 3
              }
            }
          },
          {
            "hash": "321dd1c3495dbce6dcf2316c91f8757e3efcdce7",
            "messageTitle": "Update UserGuide.md",
            "messageBody": "",
            "fileTypesAndContributionMap": {
              "docs": {
                "insertions": 4,
                "deletions": 4
              }
            }
          },
          {
            "hash": "8f92fdc838eb1bb8f939256ee31683338389f6c7",
            "messageTitle": "Update UserGuide.md",
            "messageBody": "",
            "fileTypesAndContributionMap": {
              "docs": {
                "insertions": 12,
                "deletions": 12
              }
            }
          },
          {
            "hash": "a6374721235d8ca9ddfc7af675b9591705cd6490",
            "messageTitle": "Update UserGuide.md",
            "messageBody": "",
            "fileTypesAndContributionMap": {
              "docs": {
                "insertions": 1,
                "deletions": 2
              }
            }
          },
          {
            "hash": "83c9761d398d45f2521c6b3c380aaba8dcbfb1e4",
            "messageTitle": "OOP writing file method to Appliance Class.",
            "messageBody": "",
            "fileTypesAndContributionMap": {
              "functional-code": {
                "insertions": 26,
                "deletions": 7
              }
            }
          },
          {
            "hash": "ca585406bbbfcdc6ffa319245808a8b449baa20f",
            "messageTitle": "Update gitignore",
            "messageBody": "",
            "fileTypesAndContributionMap": {
              "other": {
                "insertions": 0,
                "deletions": 7
              }
            }
          },
          {
            "hash": "53a1b6a639517ee8638f702e9b454a01143d542e",
            "messageTitle": "Update gitignore",
            "messageBody": "",
            "fileTypesAndContributionMap": {
              "test-code": {
                "insertions": 2,
                "deletions": 1
              }
            }
          },
          {
            "hash": "fa585b9559a83b3b6312885a730c39be617a4b4a",
            "messageTitle": "Assertions for StorageFile",
            "messageBody": "",
            "fileTypesAndContributionMap": {
              "functional-code": {
                "insertions": 4,
                "deletions": 1
              },
              "other": {
                "insertions": 2,
                "deletions": 1
              }
            }
          }
        ]
      },
      {
        "date": "2020-10-19",
        "commitResults": [
          {
            "hash": "29aaa6dab6b0f9e463ea444ba40ff363985418ef",
            "messageTitle": "Changed Exception name to fit coding standard and remove duplicates",
            "messageBody": "",
            "fileTypesAndContributionMap": {
              "functional-code": {
                "insertions": 4,
                "deletions": 12
              },
              "other": {
                "insertions": 0,
                "deletions": 0
              }
            }
          },
          {
            "hash": "d6bf7f71d9c181392ab2d8cfcaeab44a7888e3c6",
            "messageTitle": "Updated Parser to prevent \"space\" or \"/ \" as a character for input, as well as emptyParameter for create,remove,delete.",
            "messageBody": "",
            "fileTypesAndContributionMap": {
              "functional-code": {
                "insertions": 79,
                "deletions": 37
              }
            }
          },
          {
            "hash": "fb1ed3f1ae1038d4f0a6819c11a91360a1a54c4e",
            "messageTitle": "Change onCommand, offCommand, ListCommand .contain to .equals to prevent errors.",
            "messageBody": "",
            "fileTypesAndContributionMap": {
              "functional-code": {
                "insertions": 8,
                "deletions": 8
              }
            }
          },
          {
            "hash": "25d8748f51b789677a1d1b298a5603556876922c",
            "messageTitle": "Additional messages in Messages class",
            "messageBody": "",
            "fileTypesAndContributionMap": {
              "functional-code": {
                "insertions": 7,
                "deletions": 3
              }
            }
          },
          {
            "hash": "9456255f99ab529cfc118735e888a8aee4022610",
            "messageTitle": "Update Exceptions",
            "messageBody": "",
            "fileTypesAndContributionMap": {
              "functional-code": {
                "insertions": 28,
                "deletions": 28
              },
              "test-code": {
                "insertions": 8,
                "deletions": 10
              }
            }
          }
        ]
      }
    ],
    "fanceso": [
      {
        "date": "2020-10-01",
        "commitResults": [
          {
            "hash": "cd8ae0f70eb3d5c38c28cbe9fdd8b3eeb92ec9dd",
            "messageTitle": "Yang Fan updates team doc",
            "messageBody": "",
            "fileTypesAndContributionMap": {
              "docs": {
                "insertions": 1,
                "deletions": 1
              }
            }
          }
        ]
      },
      {
        "date": "2020-10-06",
        "commitResults": [
          {
            "hash": "3fffbaa864eec4aba5feb903a33e4f5ab1873fe9",
            "messageTitle": "HomeLocation class is created to store SmartHomeBot locations in a list.",
            "messageBody": "",
            "fileTypesAndContributionMap": {
              "functional-code": {
                "insertions": 79,
                "deletions": 4
              }
            }
          },
          {
            "hash": "068f7f19edfd5f1c9d135c7fc5105e8d2d4f6a26",
            "messageTitle": "HomeLocation Class minor fix",
            "messageBody": "",
            "fileTypesAndContributionMap": {
              "functional-code": {
                "insertions": 3,
                "deletions": 3
              }
            }
          }
        ]
      },
      {
        "date": "2020-10-07",
        "commitResults": [
          {
            "hash": "78c76c16af1bf331e4a50ef6084bd226b5ee4156",
            "messageTitle": "Created Power class and Usage command to compute the power consumption for appliances.",
            "messageBody": "",
            "fileTypesAndContributionMap": {
              "functional-code": {
                "insertions": 197,
                "deletions": 35
              }
            }
          },
          {
            "hash": "e586b2c67ef2323ebc55b5a423ad42ed4ee0ba8d",
            "messageTitle": "Added Usage Command and Power class for computation of the total consumption.",
            "messageBody": "",
            "fileTypesAndContributionMap": {
              "functional-code": {
                "insertions": 16,
                "deletions": 11
              },
              "other": {
                "insertions": 1,
                "deletions": 2
              }
            }
          }
        ]
      },
      {
        "date": "2020-10-08",
        "commitResults": [
          {
            "hash": "ca803c25c5071089829a86dbac2c977a82c9e7e9",
            "messageTitle": "Refined ui on Power, Usage, List, Help, On and Off commands and added common Messages class",
            "messageBody": "",
            "fileTypesAndContributionMap": {
              "functional-code": {
                "insertions": 105,
                "deletions": 52
              },
              "other": {
                "insertions": 3,
                "deletions": 2
              }
            }
          }
        ]
      },
      {
        "date": "2020-10-10",
        "commitResults": [
          {
            "hash": "e0e493b5f9ce5cfc423380c1695b2bf414d7a750",
            "messageTitle": "Added JunitTest for Power class",
            "messageBody": "",
            "fileTypesAndContributionMap": {
              "functional-code": {
                "insertions": 6,
                "deletions": 7
              },
              "other": {
                "insertions": 1,
                "deletions": 1
              },
              "test-code": {
                "insertions": 64,
                "deletions": 2
              }
            }
          },
          {
            "hash": "04c33b4bbf7af3fd0f5afbecadd840761ee0df84",
            "messageTitle": "fixed gradler builder with Junit-test",
            "messageBody": "",
            "fileTypesAndContributionMap": {
              "test-code": {
                "insertions": 18,
                "deletions": 18
              }
            }
          },
          {
            "hash": "9a50ef9804ba07211bb6d9cedb556c7d2e377d41",
            "messageTitle": "Move PowerUsageTest out of data package",
            "messageBody": "",
            "fileTypesAndContributionMap": {
              "other": {
                "insertions": 5,
                "deletions": 5
              }
            }
          }
        ]
      },
      {
        "date": "2020-10-13",
        "commitResults": [
          {
            "hash": "fc1ddae085cd00c75195d1c5521edbebbcb25f14",
            "messageTitle": "Added auto format method for print result of Usage and List commands. Added new exception to handle power validity. Fixed minor Storage File issue. Import all Messages as static.",
            "messageBody": "",
            "fileTypesAndContributionMap": {
              "functional-code": {
                "insertions": 220,
                "deletions": 141
              },
              "other": {
                "insertions": 4,
                "deletions": 2
              },
              "test-code": {
                "insertions": 2,
                "deletions": 4
              }
            }
          },
          {
            "hash": "8b907a5d69e14493dc859f728dc9ba2dfa64be86",
            "messageTitle": "Fixed style and indentation with Gradle",
            "messageBody": "",
            "fileTypesAndContributionMap": {
              "functional-code": {
                "insertions": 21,
                "deletions": 7
              }
            }
          }
        ]
      },
      {
        "date": "2020-10-15",
        "commitResults": [
          {
            "hash": "ab2e06b5bb22579d44ee7e5d38feb93ddae92a6f",
            "messageTitle": "Delete SmartHomeBot.txt",
            "messageBody": "Removing SmartHomeBot.txt from remote and add \"\\data\\SmartHomeBot.txt\" to gitignore",
            "fileTypesAndContributionMap": {
              "other": {
                "insertions": 0,
                "deletions": 7
              }
            }
          },
          {
            "hash": "f9c9054bfcebfd7ed42555131776607ed90b5beb",
            "messageTitle": "Modify power value and power consumption from dobule to integer. Added assertion for power class.",
            "messageBody": "",
            "fileTypesAndContributionMap": {
              "functional-code": {
                "insertions": 15,
                "deletions": 10
              },
              "other": {
                "insertions": 1,
                "deletions": 1
              },
              "test-code": {
                "insertions": 3,
                "deletions": 3
              }
            }
          }
        ]
      },
      {
        "date": "2020-10-16",
        "commitResults": [
          {
            "hash": "e42875294085b62f7d5c96f7193c8845a6781018",
            "messageTitle": "Enhance the method of auto format printing for ListCommand and UsageCommand classes, added utf-8 encode for read and write of the data file in Storage class.",
            "messageBody": "",
            "fileTypesAndContributionMap": {
              "functional-code": {
                "insertions": 81,
                "deletions": 100
              },
              "docs": {
                "insertions": 5,
                "deletions": 5
              },
              "test-code": {
                "insertions": 1,
                "deletions": 1
              }
            }
          }
        ]
      },
      {
        "date": "2020-10-19",
        "commitResults": [
          {
            "hash": "4752e82ce876290b8d853a27268d14202e6c7539",
            "messageTitle": "Modify power consumption methods, every new day the power usage will be reset and recompute if the status remains on overnight.",
            "messageBody": "",
            "fileTypesAndContributionMap": {
              "functional-code": {
                "insertions": 92,
                "deletions": 58
              },
              "test-code": {
                "insertions": 4,
                "deletions": 4
              }
            }
          }
        ]
      },
      {
        "date": "2020-10-20",
        "commitResults": [
          {
            "hash": "9b6534679d38ec7355c0a71716fd235109b842a0",
            "messageTitle": "Reduced redundant code",
            "messageBody": "",
            "fileTypesAndContributionMap": {
              "functional-code": {
                "insertions": 19,
                "deletions": 22
              },
              "test-code": {
                "insertions": 1,
                "deletions": 1
              }
            }
          },
          {
            "hash": "e06585e115652a0776ffc202a9d7a55f511299e9",
            "messageTitle": "Created new Reset Command to reset the power usage of each appliance and the total consumption.",
            "messageBody": "",
            "fileTypesAndContributionMap": {
              "functional-code": {
                "insertions": 152,
                "deletions": 145
              },
              "test-code": {
                "insertions": 101,
                "deletions": 48
              }
            }
          },
          {
            "hash": "708d7f72e661243f7d87909c45a99a5c45101fc1",
            "messageTitle": "Added reset command and reset message to messages class.",
            "messageBody": "",
            "fileTypesAndContributionMap": {
              "functional-code": {
                "insertions": 74,
                "deletions": 59
              },
              "docs": {
                "insertions": 55,
                "deletions": 21
              },
              "test-code": {
                "insertions": 48,
                "deletions": 7
              }
            }
          },
          {
            "hash": "d337b910f88e668839c67cffa9728c24cb102606",
            "messageTitle": "Minor touch up for coding style",
            "messageBody": "",
            "fileTypesAndContributionMap": {
              "functional-code": {
                "insertions": 1,
                "deletions": 1
              }
            }
          }
        ]
      }
    ]
  },
  "authorFileTypeContributionMap": {
    "leonlowzd": {
      "docs": 1,
      "functional-code": 497,
      "test-code": 20,
      "other": 2
    },
    "Ang-Cheng-Jun": {
      "docs": 71,
      "functional-code": 628,
      "test-code": 61,
      "other": 5
    },
    "TanLeeWei": {
      "docs": 0,
      "functional-code": 131,
      "test-code": 29
    },
    "zongxian-ctrl": {
      "docs": 154,
      "functional-code": 249,
      "test-code": 134
    },
    "fanceso": {
      "docs": 58,
      "functional-code": 520,
      "test-code": 158,
      "other": 1
    }
  },
  "authorContributionVariance": {
    "leonlowzd": 27742.133,
    "Ang-Cheng-Jun": 26852.0,
    "TanLeeWei": 1530.9666,
    "zongxian-ctrl": 9550.022,
    "fanceso": 28876.484
  },
  "authorDisplayNameMap": {
    "leonlowzd": "CS2113-T14-1 LOW ..LEON",
    "Ang-Cheng-Jun": "CS2113-T14-1 ANG .. JUN",
    "TanLeeWei": "CS2113-T14-1 TAN .. WEI",
    "zongxian-ctrl": "CS2113-T14-1 ONG ..XIAN",
    "fanceso": "CS2113-T14-1 YANG.. FAN"
  }
}
