{
  "authorDailyContributionsMap": {
    "Colin386": [
      {
        "date": "2020-10-01",
        "commitResults": [
          {
            "hash": "101b4b611f75df89b7d52a3f41e6aff43e34277e",
            "messageTitle": "Change readme and About us Colin Ng",
            "messageBody": "",
            "fileTypesAndContributionMap": {
              "docs": {
                "insertions": 8,
                "deletions": 7
              }
            }
          }
        ]
      },
      {
        "date": "2020-10-06",
        "commitResults": [
          {
            "hash": "65f73dcab2c558403e518e78ba9da18b2052e180",
            "messageTitle": "Add parser class Add skeletal structure of the parser class",
            "messageBody": "",
            "fileTypesAndContributionMap": {
              "functional-code": {
                "insertions": 57,
                "deletions": 0
              }
            }
          },
          {
            "hash": "9c2f215e6e7b382c80177dfca9d169364f6bb524",
            "messageTitle": "Interface parser with command class Refactored parser into separate module and interfaced the parser to be able to generate commands",
            "messageBody": "",
            "fileTypesAndContributionMap": {
              "other": {
                "insertions": 13,
                "deletions": 10
              }
            }
          },
          {
            "hash": "ab3b8a9bb694dbbcb894728ddaf86042c7168ced",
            "messageTitle": "Formatted code made modification to the code after checking with checkstyle",
            "messageBody": "",
            "fileTypesAndContributionMap": {
              "functional-code": {
                "insertions": 12,
                "deletions": 4
              }
            }
          },
          {
            "hash": "eefb853be5663b8f1f2afe85d3a9fa6889d35023",
            "messageTitle": "Add Javadoc to Parser Added java documentation to the parser class",
            "messageBody": "",
            "fileTypesAndContributionMap": {
              "functional-code": {
                "insertions": 6,
                "deletions": 1
              }
            }
          }
        ]
      },
      {
        "date": "2020-10-07",
        "commitResults": [
          {
            "hash": "ee6b4681a42c9d9c1b3809e121695e2b74257c26",
            "messageTitle": "Modify Storage constructor Allows for user to input the string of where the file directory is located before it generates the correct path objects",
            "messageBody": "",
            "fileTypesAndContributionMap": {
              "functional-code": {
                "insertions": 60,
                "deletions": 6
              }
            }
          },
          {
            "hash": "92b14933d40a4638d1bdacc0e20171c1be4cabde",
            "messageTitle": "Implement main function storage function have additional getter functions for obtaining the directory and file location strings program can now run with components worrking",
            "messageBody": "",
            "fileTypesAndContributionMap": {
              "functional-code": {
                "insertions": 54,
                "deletions": 9
              }
            }
          },
          {
            "hash": "1a21b5d771376a7efec63d47150eedea818f9d1f",
            "messageTitle": "update text ui test simplify test to follow basic printing and termination of the program",
            "messageBody": "",
            "fileTypesAndContributionMap": {
              "other": {
                "insertions": 1,
                "deletions": 1
              }
            }
          },
          {
            "hash": "1e28e2ca947215f2f7607390a784a067f453b8bd",
            "messageTitle": "add newline to end of text ui test files",
            "messageBody": "",
            "fileTypesAndContributionMap": {
              "other": {
                "insertions": 1,
                "deletions": 1
              }
            }
          },
          {
            "hash": "bada50a1895de2d31db5de5249e859f228e28f4b",
            "messageTitle": "Add repeatStatus method",
            "messageBody": "",
            "fileTypesAndContributionMap": {
              "functional-code": {
                "insertions": 37,
                "deletions": 0
              }
            }
          },
          {
            "hash": "b48e4255553f88877678ef9fa66aafe27a66cfad",
            "messageTitle": "Implement Repeat command Add getter functions for eventlist",
            "messageBody": "",
            "fileTypesAndContributionMap": {
              "functional-code": {
                "insertions": 67,
                "deletions": 0
              }
            }
          },
          {
            "hash": "4e2fd7ebca57f3d671fafb1c0aafb797ff507ac9",
            "messageTitle": "Implement Repeat Command Junit test for testing successful repeat command scenario has been implemented.",
            "messageBody": "",
            "fileTypesAndContributionMap": {
              "functional-code": {
                "insertions": 33,
                "deletions": 8
              },
              "test-code": {
                "insertions": 34,
                "deletions": 0
              }
            }
          },
          {
            "hash": "7432414be812c62688f18b4246c986466e228f0e",
            "messageTitle": "Resolve Checkstyle errors in repeatCommand",
            "messageBody": "",
            "fileTypesAndContributionMap": {
              "functional-code": {
                "insertions": 3,
                "deletions": 2
              },
              "test-code": {
                "insertions": 0,
                "deletions": 1
              }
            }
          },
          {
            "hash": "37481919afae7579c5bb59d71f9e370001256948",
            "messageTitle": "Resolve CheckStyleMain errors",
            "messageBody": "",
            "fileTypesAndContributionMap": {
              "functional-code": {
                "insertions": 3,
                "deletions": 1
              }
            }
          },
          {
            "hash": "b57df70c36c952563142fb183defe43dca1d82c1",
            "messageTitle": "Resolve checkstyletest errors",
            "messageBody": "",
            "fileTypesAndContributionMap": {
              "test-code": {
                "insertions": 2,
                "deletions": 2
              }
            }
          }
        ]
      },
      {
        "date": "2020-10-08",
        "commitResults": [
          {
            "hash": "f07a483fe932f586527f1ec2c5897213128fe6e1",
            "messageTitle": "Add DateStatusPair structure Used for repeated events",
            "messageBody": "",
            "fileTypesAndContributionMap": {
              "functional-code": {
                "insertions": 87,
                "deletions": 0
              }
            }
          },
          {
            "hash": "1970f08111bf4baae6b7545c07c854eaee181a6f",
            "messageTitle": "Add getter functions for date, time and status Getter functions can work regardless of repeat status.",
            "messageBody": "",
            "fileTypesAndContributionMap": {
              "functional-code": {
                "insertions": 83,
                "deletions": 0
              }
            }
          }
        ]
      },
      {
        "date": "2020-10-09",
        "commitResults": [
          {
            "hash": "2744d81dc707851f33a4e32f58658e536e8685c0",
            "messageTitle": "Implement Repeat Command Supports only 1 repeat command operation per event Contains ArrayList to store repeated date information Junit test also implemented",
            "messageBody": "",
            "fileTypesAndContributionMap": {
              "functional-code": {
                "insertions": 61,
                "deletions": 1
              },
              "test-code": {
                "insertions": 61,
                "deletions": 1
              }
            }
          },
          {
            "hash": "93e4022c34faa5c71d0a276c44326bbb4500dded",
            "messageTitle": "Resolve gradle checkstyles",
            "messageBody": "",
            "fileTypesAndContributionMap": {
              "functional-code": {
                "insertions": 2,
                "deletions": 2
              }
            }
          },
          {
            "hash": "3433f6f06e8b51b2748fcedf1a5002176c441bc5",
            "messageTitle": "Add JavaDoc and Resolve checkstyles",
            "messageBody": "",
            "fileTypesAndContributionMap": {
              "functional-code": {
                "insertions": 29,
                "deletions": 0
              }
            }
          }
        ]
      },
      {
        "date": "2020-10-11",
        "commitResults": [
          {
            "hash": "6886f015313aa43395e7a8e62fb537679c695101",
            "messageTitle": "Add Javadoc For RepeatCommand and Repeat",
            "messageBody": "",
            "fileTypesAndContributionMap": {
              "functional-code": {
                "insertions": 38,
                "deletions": 0
              },
              "test-code": {
                "insertions": 7,
                "deletions": 0
              }
            }
          }
        ]
      },
      {
        "date": "2020-10-12",
        "commitResults": [
          {
            "hash": "2ea29bf344526129848716c810170232d9349b97",
            "messageTitle": "Add Junit test operation Add Junit test for checking if the command repeats event from user input",
            "messageBody": "",
            "fileTypesAndContributionMap": {
              "test-code": {
                "insertions": 72,
                "deletions": 3
              }
            }
          },
          {
            "hash": "126607e5bdb5143b903f4a4ded752273f134538f",
            "messageTitle": "Junit date verify Junit test now verifies that the date increments for the repeat operations are correct",
            "messageBody": "",
            "fileTypesAndContributionMap": {
              "test-code": {
                "insertions": 49,
                "deletions": 1
              }
            }
          },
          {
            "hash": "e2b734ba2de2c0bbbc1a8338eb695d774168a8bf",
            "messageTitle": "Add change repeat test Test can now verify if changing the repeat status is successful",
            "messageBody": "",
            "fileTypesAndContributionMap": {
              "test-code": {
                "insertions": 45,
                "deletions": 0
              }
            }
          },
          {
            "hash": "bd49493763c07bedbad58b37ae05bc15e1769c7a",
            "messageTitle": "Resolve checkstylemain",
            "messageBody": "",
            "fileTypesAndContributionMap": {
              "functional-code": {
                "insertions": 1,
                "deletions": 1
              }
            }
          }
        ]
      },
      {
        "date": "2020-10-13",
        "commitResults": [
          {
            "hash": "edb3b30dfa04323f9bea2f56adeb02c0ad7e669f",
            "messageTitle": "Add WrongNumberOfArgumentException",
            "messageBody": "",
            "fileTypesAndContributionMap": {
              "functional-code": {
                "insertions": 33,
                "deletions": 6
              }
            }
          }
        ]
      },
      {
        "date": "2020-10-14",
        "commitResults": [
          {
            "hash": "d3dd3fc3c7eeac1f53d4a98a94ea4ffc33526155",
            "messageTitle": "Restructure Error Handling",
            "messageBody": "",
            "fileTypesAndContributionMap": {
              "functional-code": {
                "insertions": 38,
                "deletions": 26
              }
            }
          },
          {
            "hash": "691c661b033c44dc85ac2e34c8f0a4a0d23dd139",
            "messageTitle": "Add Exceptions Additional Exceptions for handling various errors in the repeat command have been added",
            "messageBody": "",
            "fileTypesAndContributionMap": {
              "functional-code": {
                "insertions": 102,
                "deletions": 39
              },
              "test-code": {
                "insertions": 34,
                "deletions": 0
              }
            }
          },
          {
            "hash": "e7a46add1c22f12f651ddb97f32bf0e29fa36840",
            "messageTitle": "Add Exception Testing",
            "messageBody": "",
            "fileTypesAndContributionMap": {
              "functional-code": {
                "insertions": 1,
                "deletions": 1
              },
              "test-code": {
                "insertions": 65,
                "deletions": 0
              }
            }
          },
          {
            "hash": "caf9de399234f241e5801fe2ef360e43966f188e",
            "messageTitle": "Resolve checkstyle errors",
            "messageBody": "",
            "fileTypesAndContributionMap": {
              "functional-code": {
                "insertions": 10,
                "deletions": 9
              },
              "other": {
                "insertions": 9,
                "deletions": 9
              },
              "test-code": {
                "insertions": 4,
                "deletions": 2
              }
            }
          },
          {
            "hash": "493a2dcc314e5eb7042e687191edeadb2c3b6853",
            "messageTitle": "Refactor Exceptions Refactored exception handling code and tests",
            "messageBody": "",
            "fileTypesAndContributionMap": {
              "functional-code": {
                "insertions": 82,
                "deletions": 140
              },
              "test-code": {
                "insertions": 40,
                "deletions": 57
              }
            }
          }
        ]
      },
      {
        "date": "2020-10-15",
        "commitResults": [
          {
            "hash": "11781acb99a9924d476639f38bde98a9ddc0b488",
            "messageTitle": "Add repeatList assert Checks to see if all the entries are indeed recorded when we give a repeat command",
            "messageBody": "",
            "fileTypesAndContributionMap": {
              "functional-code": {
                "insertions": 1,
                "deletions": 0
              }
            }
          }
        ]
      },
      {
        "date": "2020-10-20",
        "commitResults": [
          {
            "hash": "5afc96d6dd2067012d49b785e3bbd8756b4cfd29",
            "messageTitle": "Add Storage Parser Allows for personal events to be reconstructed from text files",
            "messageBody": "",
            "fileTypesAndContributionMap": {
              "functional-code": {
                "insertions": 140,
                "deletions": 8
              }
            }
          },
          {
            "hash": "f0d10e47543f070457c3a1b9295ced70a97f9ada",
            "messageTitle": "Add LoadAll LoadAll allows for files to be loaded from data directory For testing purposes, the storageTest folder is done as a sample to test file loading",
            "messageBody": "",
            "fileTypesAndContributionMap": {
              "functional-code": {
                "insertions": 116,
                "deletions": 30
              },
              "other": {
                "insertions": 6,
                "deletions": 0
              },
              "test-code": {
                "insertions": 48,
                "deletions": 0
              }
            }
          },
          {
            "hash": "0b6dba36312b3f327ed897e23271558cd735625a",
            "messageTitle": "Add JunitTest Files have been tested to be able to load all three datat types for now",
            "messageBody": "",
            "fileTypesAndContributionMap": {
              "other": {
                "insertions": 8,
                "deletions": 0
              },
              "test-code": {
                "insertions": 26,
                "deletions": 0
              }
            }
          },
          {
            "hash": "d300bcc28cc97a065b44ae5fbf13801484a5ff98",
            "messageTitle": "intialise Save",
            "messageBody": "",
            "fileTypesAndContributionMap": {
              "functional-code": {
                "insertions": 29,
                "deletions": 10
              }
            }
          },
          {
            "hash": "0ec9d6b5320bdfdf716aedc73cfaa7da91e5ab37",
            "messageTitle": "Change Load Command Load Command changed to work with new implementation of repeat data structures",
            "messageBody": "",
            "fileTypesAndContributionMap": {
              "functional-code": {
                "insertions": 36,
                "deletions": 16
              }
            }
          }
        ]
      },
      {
        "date": "2020-10-21",
        "commitResults": [
          {
            "hash": "f7da83d89d88d751946e4d8f19d14a77654be7c9",
            "messageTitle": "Add Save Command Save program information onto data directory of the computer",
            "messageBody": "",
            "fileTypesAndContributionMap": {
              "functional-code": {
                "insertions": 215,
                "deletions": 10
              },
              "other": {
                "insertions": 8,
                "deletions": 7
              }
            }
          },
          {
            "hash": "29a677614e4a5ba18850eeebbf88d543398bb530",
            "messageTitle": "Basic Save Load test",
            "messageBody": "",
            "fileTypesAndContributionMap": {
              "functional-code": {
                "insertions": 3,
                "deletions": 3
              },
              "other": {
                "insertions": 18,
                "deletions": 11
              },
              "test-code": {
                "insertions": 78,
                "deletions": 1
              }
            }
          },
          {
            "hash": "a6d8decf252dfb094aa849ed2de0b583efadd858",
            "messageTitle": "Complete Checkstyletest",
            "messageBody": "",
            "fileTypesAndContributionMap": {
              "functional-code": {
                "insertions": 38,
                "deletions": 21
              },
              "test-code": {
                "insertions": 6,
                "deletions": 5
              }
            }
          },
          {
            "hash": "e4de391650c42d12ca8d7f9589bf7da8d03270a7",
            "messageTitle": "Add dg for repeat Started writing DG for repeat",
            "messageBody": "",
            "fileTypesAndContributionMap": {
              "docs": {
                "insertions": 8,
                "deletions": 0
              }
            }
          },
          {
            "hash": "8bc68f4bcb5e3f73b21f82da1e555479bfeaeb12",
            "messageTitle": "Add text description Complete text description of the implementation of the Repeat command is added",
            "messageBody": "",
            "fileTypesAndContributionMap": {
              "docs": {
                "insertions": 45,
                "deletions": 2
              }
            }
          },
          {
            "hash": "76c838eac635e8a0946004468f850c576eaea348",
            "messageTitle": "Add Pictures added images for the repeat command Developer guide",
            "messageBody": "",
            "fileTypesAndContributionMap": {
              "docs": {
                "insertions": 17,
                "deletions": 3
              }
            }
          }
        ]
      },
      {
        "date": "2020-10-22",
        "commitResults": [
          {
            "hash": "2ac30848bc2156d914626a8611492332b009f73a",
            "messageTitle": "Change Save command Saving will now be done should any file be changed Save parser used to check what command was run Storage now requires using the UI for printing certain messages as well Storage will create files if non existent",
            "messageBody": "",
            "fileTypesAndContributionMap": {
              "functional-code": {
                "insertions": 55,
                "deletions": 22
              },
              "other": {
                "insertions": 0,
                "deletions": 8
              },
              "test-code": {
                "insertions": 15,
                "deletions": 13
              }
            }
          },
          {
            "hash": "530b58f917aac75d1bc123a22bd47d410e7a4e19",
            "messageTitle": "Checkstyletest changes",
            "messageBody": "",
            "fileTypesAndContributionMap": {
              "functional-code": {
                "insertions": 4,
                "deletions": 4
              }
            }
          },
          {
            "hash": "179264955bd2e1ccc4971d945d7d40fc723ba710",
            "messageTitle": "Storage goal Save",
            "messageBody": "",
            "fileTypesAndContributionMap": {
              "functional-code": {
                "insertions": 27,
                "deletions": 5
              },
              "other": {
                "insertions": 2,
                "deletions": 0
              },
              "test-code": {
                "insertions": 21,
                "deletions": 3
              }
            }
          },
          {
            "hash": "e86e1b1dc5a521cbac805a035987654e6a0b8c50",
            "messageTitle": "change bat and shell test will now delete all data files first before running to simulate a test when the program is first run",
            "messageBody": "",
            "fileTypesAndContributionMap": {
              "other": {
                "insertions": 4,
                "deletions": 1
              }
            }
          }
        ]
      },
      {
        "date": "2020-10-23",
        "commitResults": [
          {
            "hash": "c038bfdca6dd1ae8c207f8fe318ec9c71d789e13",
            "messageTitle": "Remove Save message",
            "messageBody": "",
            "fileTypesAndContributionMap": {
              "functional-code": {
                "insertions": 0,
                "deletions": 1
              }
            }
          },
          {
            "hash": "48266b9974ed012f0ac2eaf081949af30e75f77d",
            "messageTitle": "Change Save behaviour Program now will save only when the list has changed. It will also save once more when the program terminates",
            "messageBody": "",
            "fileTypesAndContributionMap": {
              "functional-code": {
                "insertions": 47,
                "deletions": 16
              },
              "other": {
                "insertions": 7,
                "deletions": 0
              },
              "test-code": {
                "insertions": 8,
                "deletions": 5
              }
            }
          }
        ]
      }
    ],
    "marcursor": [
      {
        "date": "2020-10-01",
        "commitResults": [
          {
            "hash": "516acc3e76a2a1811ecdb22de6dabbec71dd4389",
            "messageTitle": "Update about us section",
            "messageBody": "",
            "fileTypesAndContributionMap": {
              "docs": {
                "insertions": 2,
                "deletions": 2
              }
            }
          },
          {
            "hash": "809564a9af8398865317ddc1e764f3f8188b1d01",
            "messageTitle": "Fix table in about us",
            "messageBody": "",
            "fileTypesAndContributionMap": {
              "docs": {
                "insertions": 0,
                "deletions": 1
              }
            }
          }
        ]
      },
      {
        "date": "2020-10-06",
        "commitResults": [
          {
            "hash": "3adf32613631c516f3a8517901767f67598ab40e",
            "messageTitle": "Implement Storage class",
            "messageBody": "",
            "fileTypesAndContributionMap": {
              "functional-code": {
                "insertions": 66,
                "deletions": 0
              }
            }
          }
        ]
      },
      {
        "date": "2020-10-07",
        "commitResults": [
          {
            "hash": "e18b4646605347996160e5ee6d557b1913a02b5f",
            "messageTitle": "Add functions to parse date and time",
            "messageBody": "",
            "fileTypesAndContributionMap": {
              "functional-code": {
                "insertions": 86,
                "deletions": 4
              }
            }
          },
          {
            "hash": "682b235f6cbb2dcb488e571a60518d4a8e9065d3",
            "messageTitle": "Modify function for checking events",
            "messageBody": "",
            "fileTypesAndContributionMap": {
              "functional-code": {
                "insertions": 34,
                "deletions": 11
              }
            }
          },
          {
            "hash": "6ca2262638ab19abafb438df516409da303b46d4",
            "messageTitle": "Add a temporary function in CheckCommand to print events",
            "messageBody": "",
            "fileTypesAndContributionMap": {
              "functional-code": {
                "insertions": 10,
                "deletions": 24
              }
            }
          },
          {
            "hash": "bd502d19aadc164103cab880141ce36b99006053",
            "messageTitle": "Remove unnecessary initialisation",
            "messageBody": "",
            "fileTypesAndContributionMap": {
              "functional-code": {
                "insertions": 2,
                "deletions": 3
              }
            }
          },
          {
            "hash": "b7d73acef0d7c056f749244f1c80c4b869bcf8ab",
            "messageTitle": "Implement check command",
            "messageBody": "",
            "fileTypesAndContributionMap": {
              "functional-code": {
                "insertions": 26,
                "deletions": 15
              },
              "test-code": {
                "insertions": 74,
                "deletions": 0
              }
            }
          }
        ]
      },
      {
        "date": "2020-10-12",
        "commitResults": [
          {
            "hash": "7ec536d34544f77e611089bb6f5f7f7b7d4bd215",
            "messageTitle": "Implement Ui printList function in CheckCommand, update JUnit to match",
            "messageBody": "",
            "fileTypesAndContributionMap": {
              "functional-code": {
                "insertions": 5,
                "deletions": 13
              },
              "test-code": {
                "insertions": 7,
                "deletions": 2
              }
            }
          }
        ]
      },
      {
        "date": "2020-10-13",
        "commitResults": [
          {
            "hash": "6fc2f763f0375d1e445d0956989e8e15392f67f6",
            "messageTitle": "Modify check command date and time parsers, add exception package and classes",
            "messageBody": "",
            "fileTypesAndContributionMap": {
              "functional-code": {
                "insertions": 112,
                "deletions": 42
              }
            }
          },
          {
            "hash": "738286b56b2ff2b0addc90db650e8c5d5b42164c",
            "messageTitle": "Update check command to handle date and time inputs with missing fields, add exception handling",
            "messageBody": "",
            "fileTypesAndContributionMap": {
              "functional-code": {
                "insertions": 30,
                "deletions": 22
              },
              "test-code": {
                "insertions": 21,
                "deletions": 15
              }
            }
          },
          {
            "hash": "3a7d9614c8a2e56ecb64b3ae574f4f653720111e",
            "messageTitle": "Corrected JUnit input strings for CheckCommandTest",
            "messageBody": "",
            "fileTypesAndContributionMap": {
              "functional-code": {
                "insertions": 0,
                "deletions": 2
              },
              "test-code": {
                "insertions": 2,
                "deletions": 2
              }
            }
          },
          {
            "hash": "72b0153222babd5451c95e17e6ee26b76e98bf80",
            "messageTitle": "Change JUnit newline to be cross system compatible",
            "messageBody": "",
            "fileTypesAndContributionMap": {
              "test-code": {
                "insertions": 3,
                "deletions": 3
              }
            }
          }
        ]
      },
      {
        "date": "2020-10-14",
        "commitResults": [
          {
            "hash": "4cd915ca6b690aa7e5c33a20258189dccb8aa102",
            "messageTitle": "Refactor checkEventsInTimeRange function from EventsList to CheckCommand, modify getTime function to handle time formats correctly",
            "messageBody": "",
            "fileTypesAndContributionMap": {
              "functional-code": {
                "insertions": 38,
                "deletions": 30
              }
            }
          },
          {
            "hash": "c7616d244a27b397413c56863c242dbd15f4241e",
            "messageTitle": "Edit to correct checkstyle violation",
            "messageBody": "",
            "fileTypesAndContributionMap": {
              "functional-code": {
                "insertions": 2,
                "deletions": 1
              }
            }
          }
        ]
      },
      {
        "date": "2020-10-15",
        "commitResults": [
          {
            "hash": "49dc8a3437d0cdf4b25a5eb7d7988224492ed228",
            "messageTitle": "Handle invalid check input, enable Java assertions",
            "messageBody": "",
            "fileTypesAndContributionMap": {
              "functional-code": {
                "insertions": 17,
                "deletions": 16
              },
              "other": {
                "insertions": 1,
                "deletions": 0
              }
            }
          },
          {
            "hash": "dfbe40e6f0d2ea07ac4baecfbda866613d3de20a",
            "messageTitle": "Change * import to single imports",
            "messageBody": "",
            "fileTypesAndContributionMap": {
              "functional-code": {
                "insertions": 5,
                "deletions": 1
              }
            }
          },
          {
            "hash": "a51f61261a2c4e98be3822ad835e7389464b6c8e",
            "messageTitle": "Add assert statements for CheckCommand",
            "messageBody": "",
            "fileTypesAndContributionMap": {
              "functional-code": {
                "insertions": 4,
                "deletions": 0
              }
            }
          }
        ]
      },
      {
        "date": "2020-10-19",
        "commitResults": [
          {
            "hash": "5a0678f974426e61f04a67771130b912efb636ec",
            "messageTitle": "Add javadoc for CheckCommand",
            "messageBody": "",
            "fileTypesAndContributionMap": {
              "functional-code": {
                "insertions": 32,
                "deletions": 0
              }
            }
          }
        ]
      },
      {
        "date": "2020-10-20",
        "commitResults": [
          {
            "hash": "d2edf1a7203bfbf6d2855ce636be4c9c08ae2438",
            "messageTitle": "Edit Developer Guide format",
            "messageBody": "",
            "fileTypesAndContributionMap": {
              "docs": {
                "insertions": 14,
                "deletions": 6
              }
            }
          },
          {
            "hash": "129804dc66246cb26ce70f37d91493d32a453827",
            "messageTitle": "Edit developer guide format",
            "messageBody": "",
            "fileTypesAndContributionMap": {
              "docs": {
                "insertions": 4,
                "deletions": 0
              }
            }
          },
          {
            "hash": "2e5e6eb95aa17b0694e8c9babb37901a70ffef29",
            "messageTitle": "Allow CheckCommand to take in years in either yy or yyyy format",
            "messageBody": "",
            "fileTypesAndContributionMap": {
              "functional-code": {
                "insertions": 3,
                "deletions": 3
              }
            }
          }
        ]
      },
      {
        "date": "2020-10-21",
        "commitResults": [
          {
            "hash": "36a8bed08309afcda00108b52c06d4aae2ca01ee",
            "messageTitle": "Add dev guide entry for the check feature",
            "messageBody": "",
            "fileTypesAndContributionMap": {
              "docs": {
                "insertions": 32,
                "deletions": 0
              }
            }
          },
          {
            "hash": "5469c28d1213bbf4d49aea8a57d359f6275f916e",
            "messageTitle": "Add getDate seq diagram, edit dev guide entry",
            "messageBody": "",
            "fileTypesAndContributionMap": {
              "docs": {
                "insertions": 8,
                "deletions": 6
              }
            }
          }
        ]
      },
      {
        "date": "2020-10-24",
        "commitResults": [
          {
            "hash": "837c82d669211683261acad27a733a666d1be6d8",
            "messageTitle": "Add Done and Undone command, edit CheckCommand method to be private",
            "messageBody": "",
            "fileTypesAndContributionMap": {
              "functional-code": {
                "insertions": 180,
                "deletions": 5
              },
              "test-code": {
                "insertions": 0,
                "deletions": 5
              }
            }
          }
        ]
      }
    ],
    "matthewgani": [
      {
        "date": "2020-10-01",
        "commitResults": [
          {
            "hash": "7967a11121c382ed26c62b32043e31f33579c740",
            "messageTitle": "Edited aboutus and added matthewgani.md",
            "messageBody": "",
            "fileTypesAndContributionMap": {
              "docs": {
                "insertions": 1,
                "deletions": 1
              }
            }
          }
        ]
      },
      {
        "date": "2020-10-06",
        "commitResults": [
          {
            "hash": "1b374e8ba8729619e207e75652aa317a846a9613",
            "messageTitle": "Implemented Ui basic structure",
            "messageBody": "",
            "fileTypesAndContributionMap": {
              "functional-code": {
                "insertions": 87,
                "deletions": 0
              }
            }
          }
        ]
      },
      {
        "date": "2020-10-07",
        "commitResults": [
          {
            "hash": "fec4cc1a328a07048d719a8f0233f1dfec28d5cc",
            "messageTitle": "Added toString methods for all event types and finished listCommand and byeCommand. Halfway done with addCommand",
            "messageBody": "",
            "fileTypesAndContributionMap": {
              "functional-code": {
                "insertions": 144,
                "deletions": 18
              }
            }
          },
          {
            "hash": "df51c9f56bae7ae1f21b736e07a9524c811d9e6e",
            "messageTitle": "Implemented AddCommand and listCommand fully",
            "messageBody": "",
            "fileTypesAndContributionMap": {
              "functional-code": {
                "insertions": 196,
                "deletions": 47
              }
            }
          },
          {
            "hash": "1127b3b35c9c766410e6e99eb18feceaccab6604",
            "messageTitle": "Fixed byeMessage repetition",
            "messageBody": "",
            "fileTypesAndContributionMap": {
              "functional-code": {
                "insertions": 0,
                "deletions": 1
              }
            }
          },
          {
            "hash": "3936a05db1644b84589127f3f6b57b1dc1c95b81",
            "messageTitle": "Edited code to pass checkstyle",
            "messageBody": "",
            "fileTypesAndContributionMap": {
              "functional-code": {
                "insertions": 15,
                "deletions": 10
              }
            }
          },
          {
            "hash": "2be7d70937fc076c182b97da1423dc9344e247b0",
            "messageTitle": "Fixed case for when specific list is empty and is printed, Added 2 cases for Junit for ListCommand.",
            "messageBody": "",
            "fileTypesAndContributionMap": {
              "functional-code": {
                "insertions": 11,
                "deletions": 4
              },
              "test-code": {
                "insertions": 79,
                "deletions": 0
              }
            }
          },
          {
            "hash": "4c2587e05d14e27d2d326c66a40ca9668f5404f5",
            "messageTitle": "Edited to fix checkstyle",
            "messageBody": "",
            "fileTypesAndContributionMap": {
              "functional-code": {
                "insertions": 1,
                "deletions": 1
              },
              "test-code": {
                "insertions": 12,
                "deletions": 12
              }
            }
          }
        ]
      },
      {
        "date": "2020-10-09",
        "commitResults": [
          {
            "hash": "7967101d1e58f62f67da69bb8508e322ca20c268",
            "messageTitle": "Refactored addcommand, added javadocs, Changed the way addCommand is called for consistency, started with Junit tests",
            "messageBody": "",
            "fileTypesAndContributionMap": {
              "functional-code": {
                "insertions": 122,
                "deletions": 74
              },
              "test-code": {
                "insertions": 41,
                "deletions": 8
              }
            }
          },
          {
            "hash": "aac2e09076732d1fcf96a437aae753f181118733",
            "messageTitle": "Fixed checkstyle problems and completed AddCommandTest",
            "messageBody": "",
            "fileTypesAndContributionMap": {
              "functional-code": {
                "insertions": 15,
                "deletions": 10
              },
              "test-code": {
                "insertions": 33,
                "deletions": 3
              }
            }
          }
        ]
      },
      {
        "date": "2020-10-14",
        "commitResults": [
          {
            "hash": "36e7e3ca81971881b8d7b643146e4a456055e2a5",
            "messageTitle": "Added exceptions for Addcommand",
            "messageBody": "",
            "fileTypesAndContributionMap": {
              "functional-code": {
                "insertions": 58,
                "deletions": 54
              },
              "test-code": {
                "insertions": 1,
                "deletions": 3
              }
            }
          }
        ]
      },
      {
        "date": "2020-10-15",
        "commitResults": [
          {
            "hash": "697cd30f2a1f39b56baf91d0e36aefc89152e28c",
            "messageTitle": "Added some assertions for time and date",
            "messageBody": "",
            "fileTypesAndContributionMap": {
              "functional-code": {
                "insertions": 9,
                "deletions": 0
              }
            }
          }
        ]
      },
      {
        "date": "2020-10-21",
        "commitResults": [
          {
            "hash": "63777a5ddb48ebd616f4af64b33d34a350f9812f",
            "messageTitle": "Added Developer Guide for addCommand feature",
            "messageBody": "",
            "fileTypesAndContributionMap": {
              "docs": {
                "insertions": 46,
                "deletions": 0
              }
            }
          }
        ]
      }
    ],
    "ninggggx99": [
      {
        "date": "2020-10-01",
        "commitResults": [
          {
            "hash": "cff84b66e1476fafe05b63cfd6b258db5b787878",
            "messageTitle": "Updated about us",
            "messageBody": "",
            "fileTypesAndContributionMap": {
              "docs": {
                "insertions": 2,
                "deletions": 2
              }
            }
          }
        ]
      },
      {
        "date": "2020-10-06",
        "commitResults": [
          {
            "hash": "34651533e3c80dd675e3a356eaff489179f6712a",
            "messageTitle": "Implemented command-BaseStructure",
            "messageBody": "Commented out the execute function to avoid pushing errors\n",
            "fileTypesAndContributionMap": {
              "functional-code": {
                "insertions": 167,
                "deletions": 0
              }
            }
          },
          {
            "hash": "c074e80b4c4281af66d53bd833d8b50b1f4ee933",
            "messageTitle": "Fixed the ByeCommand isExit",
            "messageBody": "",
            "fileTypesAndContributionMap": {
              "functional-code": {
                "insertions": 1,
                "deletions": 1
              }
            }
          }
        ]
      },
      {
        "date": "2020-10-07",
        "commitResults": [
          {
            "hash": "673f8f8a0535108182db7c9b4929d230e7dd9002",
            "messageTitle": "Implemented Deadline Command with Junit tests",
            "messageBody": "",
            "fileTypesAndContributionMap": {
              "functional-code": {
                "insertions": 112,
                "deletions": 6
              },
              "test-code": {
                "insertions": 59,
                "deletions": 0
              }
            }
          },
          {
            "hash": "795034b424db1d899215ad4eb0fdaf28f7af012d",
            "messageTitle": "removed /r causing ubuntu junit errors",
            "messageBody": "",
            "fileTypesAndContributionMap": {
              "test-code": {
                "insertions": 6,
                "deletions": 6
              }
            }
          },
          {
            "hash": "8cb854e2647f44ef3c5ba9de63ccbd66f141a6ab",
            "messageTitle": "changed to StringWriter for junit test",
            "messageBody": "",
            "fileTypesAndContributionMap": {
              "test-code": {
                "insertions": 29,
                "deletions": 12
              }
            }
          },
          {
            "hash": "0f160d44991fcb555ab0ef900ba5458345135ef8",
            "messageTitle": "fixed checkstyle",
            "messageBody": "",
            "fileTypesAndContributionMap": {
              "test-code": {
                "insertions": 1,
                "deletions": 0
              }
            }
          },
          {
            "hash": "e4e2b4bed3e51be71fe9d27961e59f50f86aedc0",
            "messageTitle": "adding a 0 for time",
            "messageBody": "",
            "fileTypesAndContributionMap": {
              "functional-code": {
                "insertions": 1,
                "deletions": 1
              }
            }
          }
        ]
      },
      {
        "date": "2020-10-08",
        "commitResults": [
          {
            "hash": "7fdd946d28e5e1d6f1bd6fd5348ebbe665ca2908",
            "messageTitle": "Removed the functions in User data and rearranged the codes",
            "messageBody": "",
            "fileTypesAndContributionMap": {
              "functional-code": {
                "insertions": 28,
                "deletions": 55
              }
            }
          }
        ]
      },
      {
        "date": "2020-10-14",
        "commitResults": [
          {
            "hash": "12ddc68e160607166bb0b88063b70707eb873770",
            "messageTitle": "Implemented exception for deadline",
            "messageBody": "",
            "fileTypesAndContributionMap": {
              "functional-code": {
                "insertions": 71,
                "deletions": 44
              }
            }
          }
        ]
      },
      {
        "date": "2020-10-15",
        "commitResults": [
          {
            "hash": "8237c294342ad405442922fc295ce8ec83c5f40a",
            "messageTitle": "Fixed exceptions",
            "messageBody": "",
            "fileTypesAndContributionMap": {
              "functional-code": {
                "insertions": 48,
                "deletions": 12
              },
              "test-code": {
                "insertions": 2,
                "deletions": 4
              }
            }
          },
          {
            "hash": "d563f0f0e5c33b4337ec8312e8989774e72ee9ca",
            "messageTitle": "Implemented Java Assertion for deadline command",
            "messageBody": "",
            "fileTypesAndContributionMap": {
              "functional-code": {
                "insertions": 3,
                "deletions": 0
              }
            }
          }
        ]
      },
      {
        "date": "2020-10-21",
        "commitResults": [
          {
            "hash": "2642723a00f37d544a8a4315a99b33e8571bd664",
            "messageTitle": "Deadline command with design",
            "messageBody": "",
            "fileTypesAndContributionMap": {
              "docs": {
                "insertions": 19,
                "deletions": 3
              }
            }
          },
          {
            "hash": "b58130e2067e5dec58ed4e6287f0af75b13f47d2",
            "messageTitle": "removing square brackets",
            "messageBody": "",
            "fileTypesAndContributionMap": {
              "docs": {
                "insertions": 1,
                "deletions": 1
              }
            }
          },
          {
            "hash": "eaba987ec9e5f25fb3d54b4c4b6c0a72730bd6fe",
            "messageTitle": "header not working",
            "messageBody": "",
            "fileTypesAndContributionMap": {
              "docs": {
                "insertions": 1,
                "deletions": 0
              }
            }
          },
          {
            "hash": "e4fe9ce411371330b93f4d5cbe3342066736963a",
            "messageTitle": "adding a space for header",
            "messageBody": "",
            "fileTypesAndContributionMap": {
              "docs": {
                "insertions": 1,
                "deletions": 1
              }
            }
          },
          {
            "hash": "c0227761720c8407d0345ec5a0db93a9cee3447d",
            "messageTitle": "adding lifeline for activation box",
            "messageBody": "",
            "fileTypesAndContributionMap": {
              "docs": {
                "insertions": 1,
                "deletions": 1
              }
            }
          },
          {
            "hash": "6d3990f8806df5a3b33266e07e0812f57acffa97",
            "messageTitle": "add in deadline scenario",
            "messageBody": "",
            "fileTypesAndContributionMap": {
              "docs": {
                "insertions": 3,
                "deletions": 2
              }
            }
          },
          {
            "hash": "7542f488e7d77117da706362e8d49507539fe4ab",
            "messageTitle": "realiging picture to center",
            "messageBody": "",
            "fileTypesAndContributionMap": {
              "docs": {
                "insertions": 6,
                "deletions": 1
              }
            }
          },
          {
            "hash": "06dbe3e73fe8a392ba24e74bcb78683d946ac12e",
            "messageTitle": "resizing the picture",
            "messageBody": "",
            "fileTypesAndContributionMap": {
              "docs": {
                "insertions": 1,
                "deletions": 1
              }
            }
          },
          {
            "hash": "8745e71083a78524ad7cd4e59943a7c9bf7c06d8",
            "messageTitle": "Removing unused parameters",
            "messageBody": "",
            "fileTypesAndContributionMap": {
              "functional-code": {
                "insertions": 2,
                "deletions": 2
              }
            }
          },
          {
            "hash": "5f96f04d8065c7db72b331f7520d1668bcbebbb9",
            "messageTitle": "Deadline Junit test done",
            "messageBody": "",
            "fileTypesAndContributionMap": {
              "test-code": {
                "insertions": 52,
                "deletions": 0
              }
            }
          }
        ]
      },
      {
        "date": "2020-10-23",
        "commitResults": [
          {
            "hash": "65b5fd1151305b54563f2fc5914e529cedb194f9",
            "messageTitle": "Reminder Command - sorted by time - filtered by date - works for repeated and one-off events",
            "messageBody": "",
            "fileTypesAndContributionMap": {
              "functional-code": {
                "insertions": 119,
                "deletions": 11
              },
              "other": {
                "insertions": 6,
                "deletions": 0
              }
            }
          },
          {
            "hash": "7d397a5456715b5443d3d2c42cf91e011fcf1517",
            "messageTitle": "Checkstyle passed",
            "messageBody": "",
            "fileTypesAndContributionMap": {
              "functional-code": {
                "insertions": 34,
                "deletions": 17
              }
            }
          }
        ]
      },
      {
        "date": "2020-10-25",
        "commitResults": [
          {
            "hash": "345b3f308623049506143ca91188d0489a0ba72c",
            "messageTitle": "Remove data files and add Junit test for reminder command",
            "messageBody": "",
            "fileTypesAndContributionMap": {
              "functional-code": {
                "insertions": 13,
                "deletions": 8
              },
              "other": {
                "insertions": 0,
                "deletions": 6
              },
              "test-code": {
                "insertions": 97,
                "deletions": 0
              }
            }
          },
          {
            "hash": "04b40f478565098fbdc283965a4d6bcf70050a5a",
            "messageTitle": "resolved checkstyle error",
            "messageBody": "",
            "fileTypesAndContributionMap": {
              "functional-code": {
                "insertions": 1,
                "deletions": 0
              }
            }
          }
        ]
      }
    ],
    "Reinbowl": [
      {
        "date": "2020-10-01",
        "commitResults": [
          {
            "hash": "89c21aa05b3394ad1254bb0c36265bde18cf596c",
            "messageTitle": "Update docs/AboutUs.md",
            "messageBody": "",
            "fileTypesAndContributionMap": {
              "docs": {
                "insertions": 2,
                "deletions": 2
              }
            }
          }
        ]
      },
      {
        "date": "2020-10-06",
        "commitResults": [
          {
            "hash": "9fa0870f220fe8b4c699556239dda64166a3c567",
            "messageTitle": "Add Event class and subclasses",
            "messageBody": "",
            "fileTypesAndContributionMap": {
              "functional-code": {
                "insertions": 136,
                "deletions": 0
              }
            }
          },
          {
            "hash": "b65e8fb8688c920025efbaa05300dbeeeb8ada58",
            "messageTitle": "Add UserData and EventList class",
            "messageBody": "",
            "fileTypesAndContributionMap": {
              "functional-code": {
                "insertions": 59,
                "deletions": 0
              }
            }
          },
          {
            "hash": "d7e5da76f64f9bd5e35fddf534a10d3075101171",
            "messageTitle": "Fix indentation",
            "messageBody": "",
            "fileTypesAndContributionMap": {
              "functional-code": {
                "insertions": 1,
                "deletions": 1
              }
            }
          }
        ]
      },
      {
        "date": "2020-10-07",
        "commitResults": [
          {
            "hash": "b8e613f349b6add7372aa6e8d99471633456349b",
            "messageTitle": "Add DateTimeParser class",
            "messageBody": "",
            "fileTypesAndContributionMap": {
              "functional-code": {
                "insertions": 51,
                "deletions": 0
              }
            }
          },
          {
            "hash": "4a4adab504a4a170ca944e5d3f9d49e554bda1a9",
            "messageTitle": "Fix checkstyle issues",
            "messageBody": "",
            "fileTypesAndContributionMap": {
              "functional-code": {
                "insertions": 11,
                "deletions": 7
              }
            }
          },
          {
            "hash": "6ccfd84bc9ef66e5c3ae3ee8cc785c1de2e78058",
            "messageTitle": "Implement Goal command",
            "messageBody": "",
            "fileTypesAndContributionMap": {
              "functional-code": {
                "insertions": 122,
                "deletions": 33
              }
            }
          },
          {
            "hash": "45be140c73972c3d7f7570209556805a5f431a46",
            "messageTitle": "Fix goal command and add JUnit test for it",
            "messageBody": "",
            "fileTypesAndContributionMap": {
              "functional-code": {
                "insertions": 13,
                "deletions": 12
              },
              "test-code": {
                "insertions": 67,
                "deletions": 0
              }
            }
          },
          {
            "hash": "52d0a23972180747c1ef88ffa4e84ccfe7f0027d",
            "messageTitle": "Fix checkstyle in GoalCommandTest",
            "messageBody": "",
            "fileTypesAndContributionMap": {
              "test-code": {
                "insertions": 4,
                "deletions": 4
              }
            }
          },
          {
            "hash": "8cc8bf805a2901464099aa9586e971841435d7f2",
            "messageTitle": "Fix JUnit test to be platform independent",
            "messageBody": "",
            "fileTypesAndContributionMap": {
              "test-code": {
                "insertions": 10,
                "deletions": 6
              }
            }
          }
        ]
      },
      {
        "date": "2020-10-09",
        "commitResults": [
          {
            "hash": "7a51d4fc9ac8b0549d85cd0457331977cffb7c4e",
            "messageTitle": "Update list command",
            "messageBody": "",
            "fileTypesAndContributionMap": {
              "functional-code": {
                "insertions": 55,
                "deletions": 62
              }
            }
          },
          {
            "hash": "4e2d5fd6fdbfb4fd3226e994a2ba5194cf980647",
            "messageTitle": "Update JUnit test for list command",
            "messageBody": "",
            "fileTypesAndContributionMap": {
              "functional-code": {
                "insertions": 5,
                "deletions": 4
              },
              "test-code": {
                "insertions": 24,
                "deletions": 24
              }
            }
          }
        ]
      },
      {
        "date": "2020-10-10",
        "commitResults": [
          {
            "hash": "e7539fce3b1f39b4b471ef304e1f6d594090ac28",
            "messageTitle": "Add Repeat class in event",
            "messageBody": "",
            "fileTypesAndContributionMap": {
              "functional-code": {
                "insertions": 41,
                "deletions": 0
              }
            }
          },
          {
            "hash": "104f4b849cfdbd20b4641500fe1548b188305b9c",
            "messageTitle": "Update repeat command",
            "messageBody": "",
            "fileTypesAndContributionMap": {
              "functional-code": {
                "insertions": 76,
                "deletions": 285
              }
            }
          },
          {
            "hash": "8f6296de1c8b63bd0d2fd9a02fe130ec92a8c7d8",
            "messageTitle": "Update repeat command",
            "messageBody": "",
            "fileTypesAndContributionMap": {
              "functional-code": {
                "insertions": 55,
                "deletions": 21
              },
              "test-code": {
                "insertions": 0,
                "deletions": 75
              }
            }
          }
        ]
      },
      {
        "date": "2020-10-14",
        "commitResults": [
          {
            "hash": "b63eeb16ea087f1fdd1ca28636713013d9bfcba3",
            "messageTitle": "Update goal command, test and assertion",
            "messageBody": "",
            "fileTypesAndContributionMap": {
              "functional-code": {
                "insertions": 18,
                "deletions": 4
              },
              "test-code": {
                "insertions": 23,
                "deletions": 6
              }
            }
          },
          {
            "hash": "55e2e72c71c6dcb0d7733e4656b5b8485a739adf",
            "messageTitle": "Update list command to support repeat",
            "messageBody": "",
            "fileTypesAndContributionMap": {
              "functional-code": {
                "insertions": 7,
                "deletions": 0
              }
            }
          },
          {
            "hash": "ba1b8d81b86c5a3f96188ca60b4ca8d06d857d34",
            "messageTitle": "Update exception handling",
            "messageBody": "",
            "fileTypesAndContributionMap": {
              "functional-code": {
                "insertions": 9,
                "deletions": 28
              }
            }
          }
        ]
      },
      {
        "date": "2020-10-15",
        "commitResults": [
          {
            "hash": "3cac402430d07b16e1c7de087eef78392d503016",
            "messageTitle": "Add assertion for UserData and DateTimeParser",
            "messageBody": "",
            "fileTypesAndContributionMap": {
              "functional-code": {
                "insertions": 3,
                "deletions": 0
              }
            }
          }
        ]
      },
      {
        "date": "2020-10-19",
        "commitResults": [
          {
            "hash": "1074399c323b8c8d28332e1b2dc01cb3dcbdc8b4",
            "messageTitle": "Add calendar command",
            "messageBody": "",
            "fileTypesAndContributionMap": {
              "functional-code": {
                "insertions": 81,
                "deletions": 0
              },
              "test-code": {
                "insertions": 56,
                "deletions": 0
              }
            }
          }
        ]
      },
      {
        "date": "2020-10-20",
        "commitResults": [
          {
            "hash": "926a878136ab4fe4cb271e1158151532418acf0a",
            "messageTitle": "Update goal command, required to update repeat command",
            "messageBody": "",
            "fileTypesAndContributionMap": {
              "functional-code": {
                "insertions": 8,
                "deletions": 2
              }
            }
          },
          {
            "hash": "6b112e685d7ecac43c0cb1e4708af3af0dc47914",
            "messageTitle": "Update repeat command, required to implement calendar command",
            "messageBody": "",
            "fileTypesAndContributionMap": {
              "functional-code": {
                "insertions": 88,
                "deletions": 29
              }
            }
          },
          {
            "hash": "7f112f4a3d39e8a5e916c5d13b328058631ff6ad",
            "messageTitle": "Remove DateStatusPair class and Repeat class",
            "messageBody": "",
            "fileTypesAndContributionMap": {
              "functional-code": {
                "insertions": 0,
                "deletions": 148
              }
            }
          }
        ]
      },
      {
        "date": "2020-10-21",
        "commitResults": [
          {
            "hash": "f74439572d6131389f26db02a2b55d9db302df3b",
            "messageTitle": "Add developer guide for goal feature",
            "messageBody": "",
            "fileTypesAndContributionMap": {
              "docs": {
                "insertions": 37,
                "deletions": 0
              }
            }
          }
        ]
      },
      {
        "date": "2020-10-22",
        "commitResults": [
          {
            "hash": "803dc9731276ae0988be5e96c62e38b75ab33ab0",
            "messageTitle": "Fix image display on github pages",
            "messageBody": "",
            "fileTypesAndContributionMap": {
              "docs": {
                "insertions": 16,
                "deletions": 19
              }
            }
          }
        ]
      },
      {
        "date": "2020-10-23",
        "commitResults": [
          {
            "hash": "5db730c80d073c1d0e407d2869201f5a40141989",
            "messageTitle": "Update calendar command and test",
            "messageBody": "",
            "fileTypesAndContributionMap": {
              "functional-code": {
                "insertions": 61,
                "deletions": 25
              },
              "test-code": {
                "insertions": 74,
                "deletions": 11
              }
            }
          }
        ]
      }
    ]
  },
  "authorFileTypeContributionMap": {
    "Colin386": {
      "docs": 65,
      "functional-code": 877,
      "test-code": 472,
      "other": 28
    },
    "marcursor": {
      "docs": 50,
      "functional-code": 455,
      "test-code": 87,
      "other": 1
    },
    "matthewgani": {
      "docs": 46,
      "functional-code": 357,
      "test-code": 114
    },
    "ninggggx99": {
      "docs": 27,
      "functional-code": 434,
      "test-code": 223
    },
    "Reinbowl": {
      "docs": 49,
      "functional-code": 651,
      "test-code": 225
    }
  },
  "authorContributionVariance": {
    "Colin386": 29876.252,
    "marcursor": 5584.71,
    "matthewgani": 13015.14,
    "ninggggx99": 4400.5796,
    "Reinbowl": 16721.736
  },
  "authorDisplayNameMap": {
    "Colin386": "CS2113T-T12-4 NG N..OLIN",
    "marcursor": "CS2113T-T12-4 MARC.. TAN",
    "matthewgani": "CS2113T-T12-4 MATT..GANI",
    "ninggggx99": "CS2113T-T12-4 LOW ..NING",
    "Reinbowl": "CS2113T-T12-4 MARC..YONG"
  }
}
