{
  "repoSenseVersion": "60de623703",
  "reportGeneratedTime": "Sat Dec 12 08:19:56 2020 UTC+08:00",
  "reportGenerationTime": " 1 minute(s) 31.04 second(s)",
  "zoneId": "UTC+08:00",
  "reportTitle": "RepoSense Report",
  "repos": [
    {
      "location": {
        "location": "https://github.com/AY2021S1-CS2113-T14-4/tp.git",
        "repoName": "tp",
        "organization": "AY2021S1-CS2113-T14-4"
      },
      "branch": "master",
      "displayName": "AY2021S1-CS2113-T14-4/tp[master]",
      "outputFolderName": "AY2021S1-CS2113-T14-4_tp_master"
    },
    {
      "location": {
        "location": "https://github.com/AY2021S1-CS2113-T14-3/tp.git",
        "repoName": "tp",
        "organization": "AY2021S1-CS2113-T14-3"
      },
      "branch": "master",
      "displayName": "AY2021S1-CS2113-T14-3/tp[master]",
      "outputFolderName": "AY2021S1-CS2113-T14-3_tp_master"
    },
    {
      "location": {
        "location": "https://github.com/AY2021S1-CS2113-T13-4/tp.git",
        "repoName": "tp",
        "organization": "AY2021S1-CS2113-T13-4"
      },
      "branch": "master",
      "displayName": "AY2021S1-CS2113-T13-4/tp[master]",
      "outputFolderName": "AY2021S1-CS2113-T13-4_tp_master"
    },
    {
      "location": {
        "location": "https://github.com/AY2021S1-CS2113-T14-2/tp.git",
        "repoName": "tp",
        "organization": "AY2021S1-CS2113-T14-2"
      },
      "branch": "master",
      "displayName": "AY2021S1-CS2113-T14-2/tp[master]",
      "outputFolderName": "AY2021S1-CS2113-T14-2_tp_master"
    },
    {
      "location": {
        "location": "https://github.com/AY2021S1-CS2113-T13-3/tp.git",
        "repoName": "tp",
        "organization": "AY2021S1-CS2113-T13-3"
      },
      "branch": "master",
      "displayName": "AY2021S1-CS2113-T13-3/tp[master]",
      "outputFolderName": "AY2021S1-CS2113-T13-3_tp_master"
    },
    {
      "location": {
        "location": "https://github.com/AY2021S1-CS2113-T16-1/tp.git",
        "repoName": "tp",
        "organization": "AY2021S1-CS2113-T16-1"
      },
      "branch": "master",
      "displayName": "AY2021S1-CS2113-T16-1/tp[master]",
      "outputFolderName": "AY2021S1-CS2113-T16-1_tp_master"
    },
    {
      "location": {
        "location": "https://github.com/AY2021S1-CS2113-T13-1/tp.git",
        "repoName": "tp",
        "organization": "AY2021S1-CS2113-T13-1"
      },
      "branch": "master",
      "displayName": "AY2021S1-CS2113-T13-1/tp[master]",
      "outputFolderName": "AY2021S1-CS2113-T13-1_tp_master"
    },
    {
      "location": {
        "location": "https://github.com/AY2021S1-CS2113-T13-2/tp.git",
        "repoName": "tp",
        "organization": "AY2021S1-CS2113-T13-2"
      },
      "branch": "master",
      "displayName": "AY2021S1-CS2113-T13-2/tp[master]",
      "outputFolderName": "AY2021S1-CS2113-T13-2_tp_master"
    },
    {
      "location": {
        "location": "https://github.com/AY2021S1-CS2113-T14-1/tp.git",
        "repoName": "tp",
        "organization": "AY2021S1-CS2113-T14-1"
      },
      "branch": "master",
      "displayName": "AY2021S1-CS2113-T14-1/tp[master]",
      "outputFolderName": "AY2021S1-CS2113-T14-1_tp_master"
    },
    {
      "location": {
        "location": "https://github.com/AY2021S1-CS2113-T16-3/tp.git",
        "repoName": "tp",
        "organization": "AY2021S1-CS2113-T16-3"
      },
      "branch": "master",
      "displayName": "AY2021S1-CS2113-T16-3/tp[master]",
      "outputFolderName": "AY2021S1-CS2113-T16-3_tp_master"
    },
    {
      "location": {
        "location": "https://github.com/AY2021S1-CS2113-T16-4/tp.git",
        "repoName": "tp",
        "organization": "AY2021S1-CS2113-T16-4"
      },
      "branch": "master",
      "displayName": "AY2021S1-CS2113-T16-4/tp[master]",
      "outputFolderName": "AY2021S1-CS2113-T16-4_tp_master"
    },
    {
      "location": {
        "location": "https://github.com/AY2021S1-CS2113-T16-2/tp.git",
        "repoName": "tp",
        "organization": "AY2021S1-CS2113-T16-2"
      },
      "branch": "master",
      "displayName": "AY2021S1-CS2113-T16-2/tp[master]",
      "outputFolderName": "AY2021S1-CS2113-T16-2_tp_master"
    },
    {
      "location": {
        "location": "https://github.com/AY2021S1-CS2113T-T09-2/tp.git",
        "repoName": "tp",
        "organization": "AY2021S1-CS2113T-T09-2"
      },
      "branch": "master",
      "displayName": "AY2021S1-CS2113T-T09-2/tp[master]",
      "outputFolderName": "AY2021S1-CS2113T-T09-2_tp_master"
    },
    {
      "location": {
        "location": "https://github.com/AY2021S1-CS2113T-F12-3/tp.git",
        "repoName": "tp",
        "organization": "AY2021S1-CS2113T-F12-3"
      },
      "branch": "master",
      "displayName": "AY2021S1-CS2113T-F12-3/tp[master]",
      "outputFolderName": "AY2021S1-CS2113T-F12-3_tp_master"
    },
    {
      "location": {
        "location": "https://github.com/AY2021S1-CS2113T-W13-3/tp.git",
        "repoName": "tp",
        "organization": "AY2021S1-CS2113T-W13-3"
      },
      "branch": "master",
      "displayName": "AY2021S1-CS2113T-W13-3/tp[master]",
      "outputFolderName": "AY2021S1-CS2113T-W13-3_tp_master"
    },
    {
      "location": {
        "location": "https://github.com/AY2021S1-CS2113T-F14-2/tp.git",
        "repoName": "tp",
        "organization": "AY2021S1-CS2113T-F14-2"
      },
      "branch": "master",
      "displayName": "AY2021S1-CS2113T-F14-2/tp[master]",
      "outputFolderName": "AY2021S1-CS2113T-F14-2_tp_master"
    },
    {
      "location": {
        "location": "https://github.com/AY2021S1-CS2113T-F12-4/tp.git",
        "repoName": "tp",
        "organization": "AY2021S1-CS2113T-F12-4"
      },
      "branch": "master",
      "displayName": "AY2021S1-CS2113T-F12-4/tp[master]",
      "outputFolderName": "AY2021S1-CS2113T-F12-4_tp_master"
    },
    {
      "location": {
        "location": "https://github.com/AY2021S1-CS2113T-W12-2/tp.git",
        "repoName": "tp",
        "organization": "AY2021S1-CS2113T-W12-2"
      },
      "branch": "master",
      "displayName": "AY2021S1-CS2113T-W12-2/tp[master]",
      "outputFolderName": "AY2021S1-CS2113T-W12-2_tp_master"
    },
    {
      "location": {
        "location": "https://github.com/AY2021S1-CS2113T-W13-2/tp.git",
        "repoName": "tp",
        "organization": "AY2021S1-CS2113T-W13-2"
      },
      "branch": "master",
      "displayName": "AY2021S1-CS2113T-W13-2/tp[master]",
      "outputFolderName": "AY2021S1-CS2113T-W13-2_tp_master"
    },
    {
      "location": {
        "location": "https://github.com/AY2021S1-CS2113T-F11-1/tp.git",
        "repoName": "tp",
        "organization": "AY2021S1-CS2113T-F11-1"
      },
      "branch": "master",
      "displayName": "AY2021S1-CS2113T-F11-1/tp[master]",
      "outputFolderName": "AY2021S1-CS2113T-F11-1_tp_master"
    },
    {
      "location": {
        "location": "https://github.com/AY2021S1-CS2113T-W13-4/tp.git",
        "repoName": "tp",
        "organization": "AY2021S1-CS2113T-W13-4"
      },
      "branch": "master",
      "displayName": "AY2021S1-CS2113T-W13-4/tp[master]",
      "outputFolderName": "AY2021S1-CS2113T-W13-4_tp_master"
    },
    {
      "location": {
        "location": "https://github.com/AY2021S1-CS2113T-W12-3/tp.git",
        "repoName": "tp",
        "organization": "AY2021S1-CS2113T-W12-3"
      },
      "branch": "master",
      "displayName": "AY2021S1-CS2113T-W12-3/tp[master]",
      "outputFolderName": "AY2021S1-CS2113T-W12-3_tp_master"
    },
    {
      "location": {
        "location": "https://github.com/AY2021S1-CS2113T-F12-2/tp.git",
        "repoName": "tp",
        "organization": "AY2021S1-CS2113T-F12-2"
      },
      "branch": "master",
      "displayName": "AY2021S1-CS2113T-F12-2/tp[master]",
      "outputFolderName": "AY2021S1-CS2113T-F12-2_tp_master"
    },
    {
      "location": {
        "location": "https://github.com/AY2021S1-CS2113T-W12-4/tp.git",
        "repoName": "tp",
        "organization": "AY2021S1-CS2113T-W12-4"
      },
      "branch": "master",
      "displayName": "AY2021S1-CS2113T-W12-4/tp[master]",
      "outputFolderName": "AY2021S1-CS2113T-W12-4_tp_master"
    },
    {
      "location": {
        "location": "https://github.com/AY2021S1-CS2113T-T12-2/tp.git",
        "repoName": "tp",
        "organization": "AY2021S1-CS2113T-T12-2"
      },
      "branch": "master",
      "displayName": "AY2021S1-CS2113T-T12-2/tp[master]",
      "outputFolderName": "AY2021S1-CS2113T-T12-2_tp_master"
    },
    {
      "location": {
        "location": "https://github.com/AY2021S1-CS2113T-F11-2/tp.git",
        "repoName": "tp",
        "organization": "AY2021S1-CS2113T-F11-2"
      },
      "branch": "master",
      "displayName": "AY2021S1-CS2113T-F11-2/tp[master]",
      "outputFolderName": "AY2021S1-CS2113T-F11-2_tp_master"
    },
    {
      "location": {
        "location": "https://github.com/AY2021S1-CS2113T-F14-1/tp.git",
        "repoName": "tp",
        "organization": "AY2021S1-CS2113T-F14-1"
      },
      "branch": "master",
      "displayName": "AY2021S1-CS2113T-F14-1/tp[master]",
      "outputFolderName": "AY2021S1-CS2113T-F14-1_tp_master"
    },
    {
      "location": {
        "location": "https://github.com/AY2021S1-CS2113T-F11-3/tp.git",
        "repoName": "tp",
        "organization": "AY2021S1-CS2113T-F11-3"
      },
      "branch": "master",
      "displayName": "AY2021S1-CS2113T-F11-3/tp[master]",
      "outputFolderName": "AY2021S1-CS2113T-F11-3_tp_master"
    },
    {
      "location": {
        "location": "https://github.com/AY2021S1-CS2113T-T09-1/tp.git",
        "repoName": "tp",
        "organization": "AY2021S1-CS2113T-T09-1"
      },
      "branch": "master",
      "displayName": "AY2021S1-CS2113T-T09-1/tp[master]",
      "outputFolderName": "AY2021S1-CS2113T-T09-1_tp_master"
    },
    {
      "location": {
        "location": "https://github.com/AY2021S1-CS2113T-T12-4/tp.git",
        "repoName": "tp",
        "organization": "AY2021S1-CS2113T-T12-4"
      },
      "branch": "master",
      "displayName": "AY2021S1-CS2113T-T12-4/tp[master]",
      "outputFolderName": "AY2021S1-CS2113T-T12-4_tp_master"
    },
    {
      "location": {
        "location": "https://github.com/AY2021S1-CS2113T-W12-1/tp.git",
        "repoName": "tp",
        "organization": "AY2021S1-CS2113T-W12-1"
      },
      "branch": "master",
      "displayName": "AY2021S1-CS2113T-W12-1/tp[master]",
      "outputFolderName": "AY2021S1-CS2113T-W12-1_tp_master"
    },
    {
      "location": {
        "location": "https://github.com/AY2021S1-CS2113T-T09-4/tp.git",
        "repoName": "tp",
        "organization": "AY2021S1-CS2113T-T09-4"
      },
      "branch": "master",
      "displayName": "AY2021S1-CS2113T-T09-4/tp[master]",
      "outputFolderName": "AY2021S1-CS2113T-T09-4_tp_master"
    },
    {
      "location": {
        "location": "https://github.com/AY2021S1-CS2113T-T12-1/tp.git",
        "repoName": "tp",
        "organization": "AY2021S1-CS2113T-T12-1"
      },
      "branch": "master",
      "displayName": "AY2021S1-CS2113T-T12-1/tp[master]",
      "outputFolderName": "AY2021S1-CS2113T-T12-1_tp_master"
    },
    {
      "location": {
        "location": "https://github.com/AY2021S1-CS2113T-F11-4/tp.git",
        "repoName": "tp",
        "organization": "AY2021S1-CS2113T-F11-4"
      },
      "branch": "master",
      "displayName": "AY2021S1-CS2113T-F11-4/tp[master]",
      "outputFolderName": "AY2021S1-CS2113T-F11-4_tp_master"
    },
    {
      "location": {
        "location": "https://github.com/AY2021S1-CS2113T-W11-3/tp.git",
        "repoName": "tp",
        "organization": "AY2021S1-CS2113T-W11-3"
      },
      "branch": "master",
      "displayName": "AY2021S1-CS2113T-W11-3/tp[master]",
      "outputFolderName": "AY2021S1-CS2113T-W11-3_tp_master"
    },
    {
      "location": {
        "location": "https://github.com/AY2021S1-CS2113T-F12-1/tp.git",
        "repoName": "tp",
        "organization": "AY2021S1-CS2113T-F12-1"
      },
      "branch": "master",
      "displayName": "AY2021S1-CS2113T-F12-1/tp[master]",
      "outputFolderName": "AY2021S1-CS2113T-F12-1_tp_master"
    },
    {
      "location": {
        "location": "https://github.com/AY2021S1-CS2113T-F14-4/tp.git",
        "repoName": "tp",
        "organization": "AY2021S1-CS2113T-F14-4"
      },
      "branch": "master",
      "displayName": "AY2021S1-CS2113T-F14-4/tp[master]",
      "outputFolderName": "AY2021S1-CS2113T-F14-4_tp_master"
    },
    {
      "location": {
        "location": "https://github.com/AY2021S1-CS2113T-F14-3/tp.git",
        "repoName": "tp",
        "organization": "AY2021S1-CS2113T-F14-3"
      },
      "branch": "master",
      "displayName": "AY2021S1-CS2113T-F14-3/tp[master]",
      "outputFolderName": "AY2021S1-CS2113T-F14-3_tp_master"
    },
    {
      "location": {
        "location": "https://github.com/AY2021S1-CS2113T-T12-3/tp.git",
        "repoName": "tp",
        "organization": "AY2021S1-CS2113T-T12-3"
      },
      "branch": "master",
      "displayName": "AY2021S1-CS2113T-T12-3/tp[master]",
      "outputFolderName": "AY2021S1-CS2113T-T12-3_tp_master"
    },
    {
      "location": {
        "location": "https://github.com/AY2021S1-CS2113T-W11-2/tp.git",
        "repoName": "tp",
        "organization": "AY2021S1-CS2113T-W11-2"
      },
      "branch": "master",
      "displayName": "AY2021S1-CS2113T-W11-2/tp[master]",
      "outputFolderName": "AY2021S1-CS2113T-W11-2_tp_master"
    },
    {
      "location": {
        "location": "https://github.com/AY2021S1-CS2113T-W11-1/tp.git",
        "repoName": "tp",
        "organization": "AY2021S1-CS2113T-W11-1"
      },
      "branch": "master",
      "displayName": "AY2021S1-CS2113T-W11-1/tp[master]",
      "outputFolderName": "AY2021S1-CS2113T-W11-1_tp_master"
    },
    {
      "location": {
        "location": "https://github.com/AY2021S1-CS2113T-W11-4/tp.git",
        "repoName": "tp",
        "organization": "AY2021S1-CS2113T-W11-4"
      },
      "branch": "master",
      "displayName": "AY2021S1-CS2113T-W11-4/tp[master]",
      "outputFolderName": "AY2021S1-CS2113T-W11-4_tp_master"
    },
    {
      "location": {
        "location": "https://github.com/AY2021S1-CS2113T-T09-3/tp.git",
        "repoName": "tp",
        "organization": "AY2021S1-CS2113T-T09-3"
      },
      "branch": "master",
      "displayName": "AY2021S1-CS2113T-T09-3/tp[master]",
      "outputFolderName": "AY2021S1-CS2113T-T09-3_tp_master"
    },
    {
      "location": {
        "location": "https://github.com/AY2021S1-CS2113T-W13-1/tp.git",
        "repoName": "tp",
        "organization": "AY2021S1-CS2113T-W13-1"
      },
      "branch": "master",
      "displayName": "AY2021S1-CS2113T-W13-1/tp[master]",
      "outputFolderName": "AY2021S1-CS2113T-W13-1_tp_master"
    }
  ],
  "errorList": [],
  "sinceDate": "2020-09-27",
  "untilDate": "2020-11-19",
  "isSinceDateProvided": true,
  "isUntilDateProvided": true
}
