{
  "authorDailyContributionsMap": {
    "xingrong123": [
      {
        "date": "2020-09-30",
        "commitResults": [
          {
            "hash": "aacdbd8e4a86cb70b26e8fc0d34f4e49a874abcb",
            "messageTitle": "test",
            "messageBody": "",
            "fileTypesAndContributionMap": {
              "functional-code": {
                "insertions": 5,
                "deletions": 0
              }
            }
          },
          {
            "hash": "fc47ca4c3c7631f491e33b6c184a014a8cacb4cd",
            "messageTitle": "Add About Us",
            "messageBody": "",
            "fileTypesAndContributionMap": {
              "functional-code": {
                "insertions": 0,
                "deletions": 4
              },
              "docs": {
                "insertions": 1,
                "deletions": 1
              }
            }
          }
        ]
      },
      {
        "date": "2020-10-05",
        "commitResults": [
          {
            "hash": "80ccda9e008b614b7089f0c78ac4e4c1c222e5d7",
            "messageTitle": "Add IP classes as base of TP",
            "messageBody": "",
            "fileTypesAndContributionMap": {
              "functional-code": {
                "insertions": 1386,
                "deletions": 19
              }
            }
          },
          {
            "hash": "e7f176582577bfc13dc6bf8dc5d2ba1e28c2f576",
            "messageTitle": "Update TP base code",
            "messageBody": "",
            "fileTypesAndContributionMap": {
              "functional-code": {
                "insertions": 177,
                "deletions": 1069
              },
              "test-code": {
                "insertions": 43,
                "deletions": 0
              }
            }
          },
          {
            "hash": "2dd59ad2b51d89cf4b71cd156bd36345ff3c649c",
            "messageTitle": "fix checkstyle",
            "messageBody": "",
            "fileTypesAndContributionMap": {
              "test-code": {
                "insertions": 1,
                "deletions": 1
              }
            }
          },
          {
            "hash": "232b185b9cec3407ad4bfef4c553fae6b4aab6c8",
            "messageTitle": "update input.txt and EXPECTED.TXT to pass checkstyle",
            "messageBody": "",
            "fileTypesAndContributionMap": {
              "other": {
                "insertions": 2,
                "deletions": 1
              }
            }
          }
        ]
      },
      {
        "date": "2020-10-08",
        "commitResults": [
          {
            "hash": "7bb44a12bca7598238d8bc5ebd76b913f66b9c30",
            "messageTitle": "Add support for labelling bookmarks",
            "messageBody": "",
            "fileTypesAndContributionMap": {
              "functional-code": {
                "insertions": 84,
                "deletions": 84
              }
            }
          },
          {
            "hash": "daf893a87f3ca993639b6c3b6c4b45a17fa95fe7",
            "messageTitle": "Add exception handling for bookmarks",
            "messageBody": "",
            "fileTypesAndContributionMap": {
              "functional-code": {
                "insertions": 47,
                "deletions": 32
              }
            }
          },
          {
            "hash": "5cd7b9ea42f7a7662adeac3082708ca54e31d95e",
            "messageTitle": "Update JUnit test and text-ui testing",
            "messageBody": "",
            "fileTypesAndContributionMap": {
              "other": {
                "insertions": 12,
                "deletions": 0
              },
              "test-code": {
                "insertions": 110,
                "deletions": 47
              }
            }
          },
          {
            "hash": "908b42caa3e6adf593c53f9690eb17bfd83775a5",
            "messageTitle": "Update Javadocs",
            "messageBody": "",
            "fileTypesAndContributionMap": {
              "functional-code": {
                "insertions": 7,
                "deletions": 14
              }
            }
          },
          {
            "hash": "72b694cb69ae5786ef0b924e9f8b7257370664f1",
            "messageTitle": "Fix JUnit test",
            "messageBody": "",
            "fileTypesAndContributionMap": {
              "test-code": {
                "insertions": 2,
                "deletions": 2
              }
            }
          }
        ]
      },
      {
        "date": "2020-10-10",
        "commitResults": [
          {
            "hash": "1c56c7bd7596ad2e279de180fcfca2f3f2f1edd5",
            "messageTitle": "Fix support linux support for launching bookmark url",
            "messageBody": "",
            "fileTypesAndContributionMap": {
              "functional-code": {
                "insertions": 7,
                "deletions": 7
              },
              "other": {
                "insertions": 2,
                "deletions": 1
              },
              "test-code": {
                "insertions": 13,
                "deletions": 0
              }
            }
          }
        ]
      },
      {
        "date": "2020-10-12",
        "commitResults": [
          {
            "hash": "d38e9cc4c27607deefc134d0326ad21592b00704",
            "messageTitle": "organize command branch",
            "messageBody": "",
            "fileTypesAndContributionMap": {
              "other": {
                "insertions": 1,
                "deletions": 1
              }
            }
          },
          {
            "hash": "7522ff146321632be78e1ca03cf492f9b976f5eb",
            "messageTitle": "update docs",
            "messageBody": "",
            "fileTypesAndContributionMap": {
              "docs": {
                "insertions": 51,
                "deletions": 4
              }
            }
          },
          {
            "hash": "d0c6b69448b5db7af10dbac18f510f992003b3fb",
            "messageTitle": "add assertions",
            "messageBody": "",
            "fileTypesAndContributionMap": {
              "functional-code": {
                "insertions": 6,
                "deletions": 2
              },
              "other": {
                "insertions": 8,
                "deletions": 4
              }
            }
          },
          {
            "hash": "7780458d00adcd7cda0cdced632817bed718197c",
            "messageTitle": "update imports and javadocs",
            "messageBody": "",
            "fileTypesAndContributionMap": {
              "functional-code": {
                "insertions": 32,
                "deletions": 24
              }
            }
          },
          {
            "hash": "04f4d068b9cdb89908906193d57a3f2fc82e23c4",
            "messageTitle": "update exception",
            "messageBody": "",
            "fileTypesAndContributionMap": {
              "functional-code": {
                "insertions": 18,
                "deletions": 8
              },
              "other": {
                "insertions": 3,
                "deletions": 0
              },
              "test-code": {
                "insertions": 1,
                "deletions": 1
              }
            }
          },
          {
            "hash": "5d7f8c607b3e0453bdcb0019284d491020e59bc8",
            "messageTitle": "add logging",
            "messageBody": "",
            "fileTypesAndContributionMap": {
              "functional-code": {
                "insertions": 6,
                "deletions": 2
              }
            }
          },
          {
            "hash": "0c0cf26bd1256696f644feadf22bc90043eef044",
            "messageTitle": "Remove unnecessary line \"enableAssertions \u003d true\"",
            "messageBody": "",
            "fileTypesAndContributionMap": {
              "other": {
                "insertions": 0,
                "deletions": 1
              }
            }
          },
          {
            "hash": "aa1a96ed648ffabaf8fc8643e31d0569c293b022",
            "messageTitle": "Update assertions and logs",
            "messageBody": "",
            "fileTypesAndContributionMap": {
              "functional-code": {
                "insertions": 4,
                "deletions": 6
              }
            }
          },
          {
            "hash": "6695b81836988bf570bd9a05d874507d4ab0d309",
            "messageTitle": "Update exception throwing for bookmarks",
            "messageBody": "",
            "fileTypesAndContributionMap": {
              "functional-code": {
                "insertions": 88,
                "deletions": 64
              }
            }
          },
          {
            "hash": "09643b3829281ddaf763f3759f589d7ff2040522",
            "messageTitle": "Add junit test for bookmarks",
            "messageBody": "",
            "fileTypesAndContributionMap": {
              "test-code": {
                "insertions": 68,
                "deletions": 10
              }
            }
          },
          {
            "hash": "99bb997f1b3b1b9933a795e4f91742c9d5d56c44",
            "messageTitle": "update javadocs",
            "messageBody": "",
            "fileTypesAndContributionMap": {
              "functional-code": {
                "insertions": 48,
                "deletions": 23
              }
            }
          },
          {
            "hash": "fadc1fbd8cef7ccc1589dd1ef02eabd8ce234965",
            "messageTitle": "Update junit test",
            "messageBody": "",
            "fileTypesAndContributionMap": {
              "functional-code": {
                "insertions": 2,
                "deletions": 2
              }
            }
          }
        ]
      },
      {
        "date": "2020-10-17",
        "commitResults": [
          {
            "hash": "f6138fb3f8050601462ee41462c80044fb372bc9",
            "messageTitle": "add timetable and module class",
            "messageBody": "",
            "fileTypesAndContributionMap": {
              "functional-code": {
                "insertions": 128,
                "deletions": 0
              }
            }
          },
          {
            "hash": "0c0fe5b12ca9633037be3ae35952d4664ad4517d",
            "messageTitle": "change slotlist to timetable",
            "messageBody": "",
            "fileTypesAndContributionMap": {
              "functional-code": {
                "insertions": 33,
                "deletions": 35
              }
            }
          }
        ]
      },
      {
        "date": "2020-10-18",
        "commitResults": [
          {
            "hash": "c96607fb8cfc9859992a12c9a67c5fbe59bf2837",
            "messageTitle": "update methods of classes for timetable mode",
            "messageBody": "",
            "fileTypesAndContributionMap": {
              "functional-code": {
                "insertions": 118,
                "deletions": 3
              }
            }
          },
          {
            "hash": "711be769cb450152c41647d82acbdee27f43e39d",
            "messageTitle": "update add command for timetable mode",
            "messageBody": "",
            "fileTypesAndContributionMap": {
              "functional-code": {
                "insertions": 104,
                "deletions": 22
              }
            }
          },
          {
            "hash": "dc15c6d8f40cc881f240045180fbd7803e6fb10b",
            "messageTitle": "update add slot command",
            "messageBody": "",
            "fileTypesAndContributionMap": {
              "functional-code": {
                "insertions": 30,
                "deletions": 21
              }
            }
          },
          {
            "hash": "d45e890ba102798b376f6963d305ad4fb25443f6",
            "messageTitle": "update delete slot command",
            "messageBody": "",
            "fileTypesAndContributionMap": {
              "functional-code": {
                "insertions": 59,
                "deletions": 19
              }
            }
          },
          {
            "hash": "56a1f4e4540ced44d7ecd5edeb3c5503916da68c",
            "messageTitle": "update show timetable command",
            "messageBody": "",
            "fileTypesAndContributionMap": {
              "functional-code": {
                "insertions": 125,
                "deletions": 22
              }
            }
          },
          {
            "hash": "f9cee506f867e4d8bd242608ec89bbe8fd9680d1",
            "messageTitle": "fix some errors",
            "messageBody": "",
            "fileTypesAndContributionMap": {
              "functional-code": {
                "insertions": 38,
                "deletions": 40
              }
            }
          },
          {
            "hash": "4a2afa4b94eef273a569b6440519fe61c4a9c538",
            "messageTitle": "Fix show message in timetable mode",
            "messageBody": "",
            "fileTypesAndContributionMap": {
              "functional-code": {
                "insertions": 84,
                "deletions": 146
              }
            }
          },
          {
            "hash": "1321bdf1d5a46fa73068ec9162172fca4d556f51",
            "messageTitle": "update show command to display module of the timetable slot",
            "messageBody": "",
            "fileTypesAndContributionMap": {
              "functional-code": {
                "insertions": 35,
                "deletions": 19
              }
            }
          },
          {
            "hash": "619adbd55a7f5af2fa2fd0ea345333cea71505b3",
            "messageTitle": "update delete and show slot commands",
            "messageBody": "",
            "fileTypesAndContributionMap": {
              "functional-code": {
                "insertions": 14,
                "deletions": 12
              }
            }
          },
          {
            "hash": "952b3aaaa99a367d3baf91737a15726fc247cd1f",
            "messageTitle": "update text ui test",
            "messageBody": "",
            "fileTypesAndContributionMap": {
              "other": {
                "insertions": 45,
                "deletions": 18
              }
            }
          },
          {
            "hash": "42f1a2b76d0ae6aabbae56e08428dca1b4d8952a",
            "messageTitle": "disabled some junit test",
            "messageBody": "",
            "fileTypesAndContributionMap": {
              "test-code": {
                "insertions": 152,
                "deletions": 152
              }
            }
          },
          {
            "hash": "a0d87d5075e35d8790eb653a4d9e7b6b0a7812a7",
            "messageTitle": "Improve code readability and remove unused variables",
            "messageBody": "",
            "fileTypesAndContributionMap": {
              "functional-code": {
                "insertions": 23,
                "deletions": 14
              }
            }
          }
        ]
      }
    ],
    "TYS0n1": [
      {
        "date": "2020-09-30",
        "commitResults": [
          {
            "hash": "0fe80e2a46a718672adae360d668c73365c3bc22",
            "messageTitle": "added tys about me",
            "messageBody": "Signed-off-by: tys \u003ctanyushing@outlook.sg\u003e\n",
            "fileTypesAndContributionMap": {
              "docs": {
                "insertions": 1,
                "deletions": 1
              }
            }
          },
          {
            "hash": "b86e28549d6527ab98491cf00e62136ca1de08ed",
            "messageTitle": "Signed-off-by: tys \u003ctanyushing@outlook.sg\u003e",
            "messageBody": "",
            "fileTypesAndContributionMap": {
              "docs": {
                "insertions": 1,
                "deletions": 0
              }
            }
          },
          {
            "hash": "3b48a1fad70e7625e2158ff43de291e09e5ba7c3",
            "messageTitle": "Signed-off-by: tys \u003ctanyushing@outlook.sg\u003e",
            "messageBody": "",
            "fileTypesAndContributionMap": {
              "docs": {
                "insertions": 0,
                "deletions": 1
              }
            }
          },
          {
            "hash": "ad85a69d0d6e40a89c090bfcbc93d503ef8eadeb",
            "messageTitle": "Signed-off-by: tys \u003ctanyushing@outlook.sg\u003e",
            "messageBody": "",
            "fileTypesAndContributionMap": {
              "docs": {
                "insertions": 1,
                "deletions": 0
              }
            }
          }
        ]
      },
      {
        "date": "2020-10-02",
        "commitResults": [
          {
            "hash": "833d4803be8905b074914ecd11a0c6e89dc1f422",
            "messageTitle": "Signed-off-by: tys \u003ctanyushing@outlook.sg\u003e",
            "messageBody": "",
            "fileTypesAndContributionMap": {
              "functional-code": {
                "insertions": 126,
                "deletions": 1
              }
            }
          }
        ]
      },
      {
        "date": "2020-10-08",
        "commitResults": [
          {
            "hash": "4c6415060f4d7bd9a185dd784523d67b243ff8cf",
            "messageTitle": "mode changing and show timetable bookmark",
            "messageBody": "",
            "fileTypesAndContributionMap": {
              "functional-code": {
                "insertions": 1095,
                "deletions": 92
              },
              "other": {
                "insertions": 15,
                "deletions": 3
              }
            }
          },
          {
            "hash": "d2db2807ff373cfb1688b1e17a52eab7177085c5",
            "messageTitle": "fixed minor bugs and formatting",
            "messageBody": "Signed-off-by: tys \u003ctanyushing@outlook.sg\u003e\n",
            "fileTypesAndContributionMap": {
              "functional-code": {
                "insertions": 31,
                "deletions": 18
              }
            }
          }
        ]
      },
      {
        "date": "2020-10-10",
        "commitResults": [
          {
            "hash": "90895ac8e6ecd32f9066c8dd140e0e75a3ebc0c7",
            "messageTitle": "minor fix",
            "messageBody": "Signed-off-by: tys \u003ctanyushing@outlook.sg\u003e\n",
            "fileTypesAndContributionMap": {
              "functional-code": {
                "insertions": 0,
                "deletions": 2
              }
            }
          },
          {
            "hash": "4f33b96593cdfaf9234a2912e15ef88584b7a06b",
            "messageTitle": "add new line",
            "messageBody": "Signed-off-by: tys \u003ctanyushing@outlook.sg\u003e\n",
            "fileTypesAndContributionMap": {
              "functional-code": {
                "insertions": 2,
                "deletions": 0
              }
            }
          },
          {
            "hash": "933d6929d5567b249d23a55b6c9fb7157809b4ac",
            "messageTitle": "Merge and resolve problems",
            "messageBody": "Signed-off-by: tys \u003ctanyushing@outlook.sg\u003e\n",
            "fileTypesAndContributionMap": {
              "functional-code": {
                "insertions": 732,
                "deletions": 231
              },
              "test-code": {
                "insertions": 139,
                "deletions": 0
              }
            }
          },
          {
            "hash": "ecad719530cfb0a0966b87333206bb5b489669de",
            "messageTitle": "Signed-off-by: tys \u003ctanyushing@outlook.sg\u003e",
            "messageBody": "",
            "fileTypesAndContributionMap": {
              "functional-code": {
                "insertions": 5,
                "deletions": 1
              },
              "other": {
                "insertions": 20,
                "deletions": 1
              }
            }
          },
          {
            "hash": "d8853e5b4ae220c339f751f8184cac57e4ab9ec6",
            "messageTitle": "Signed-off-by: tys \u003ctanyushing@outlook.sg\u003e",
            "messageBody": "",
            "fileTypesAndContributionMap": {
              "functional-code": {
                "insertions": 1,
                "deletions": 1
              }
            }
          },
          {
            "hash": "24dfdb49c29ce50d38440f331d0b6aa4e862e432",
            "messageTitle": "Signed-off-by: tys \u003ctanyushing@outlook.sg\u003e",
            "messageBody": "",
            "fileTypesAndContributionMap": {
              "functional-code": {
                "insertions": 3,
                "deletions": 3
              },
              "other": {
                "insertions": 1,
                "deletions": 1
              }
            }
          },
          {
            "hash": "d197c417208753a2f441abc31196e12fe5e1dd91",
            "messageTitle": "Update Ui.java",
            "messageBody": "",
            "fileTypesAndContributionMap": {
              "functional-code": {
                "insertions": 3,
                "deletions": 3
              }
            }
          },
          {
            "hash": "81af72e80c92eda0942a69f086402e641e091f13",
            "messageTitle": "Update Ui.java",
            "messageBody": "",
            "fileTypesAndContributionMap": {
              "functional-code": {
                "insertions": 1,
                "deletions": 1
              }
            }
          },
          {
            "hash": "b7281cc47e9457a5aa12b2b46d53fbb80103e5fe",
            "messageTitle": "Update Command.java",
            "messageBody": "",
            "fileTypesAndContributionMap": {
              "functional-code": {
                "insertions": 2,
                "deletions": 2
              }
            }
          },
          {
            "hash": "c3cd25563eb476368f2d25f195cf5d85a6e43efa",
            "messageTitle": "Update DeleteBookmarkCommand.java",
            "messageBody": "",
            "fileTypesAndContributionMap": {
              "functional-code": {
                "insertions": 2,
                "deletions": 2
              }
            }
          },
          {
            "hash": "5ae16e4f7ab7636faf95617936d5b13f224b44b6",
            "messageTitle": "Update ExitCommand.java",
            "messageBody": "",
            "fileTypesAndContributionMap": {
              "functional-code": {
                "insertions": 0,
                "deletions": 1
              }
            }
          },
          {
            "hash": "1b2cdef0f74e98abed37be75afd5fe9b72f03894",
            "messageTitle": "Update LaunchBookmarkCommand.java",
            "messageBody": "",
            "fileTypesAndContributionMap": {
              "functional-code": {
                "insertions": 2,
                "deletions": 2
              }
            }
          },
          {
            "hash": "813be5108b731d7c3307a461c31af663e5b04434",
            "messageTitle": "Update ListCommand.java",
            "messageBody": "",
            "fileTypesAndContributionMap": {
              "functional-code": {
                "insertions": 2,
                "deletions": 2
              }
            }
          },
          {
            "hash": "c6788da02de49ede9d9ff47f52eb41ecd857c9ac",
            "messageTitle": "Update ShowTimetableCommand.java",
            "messageBody": "",
            "fileTypesAndContributionMap": {
              "functional-code": {
                "insertions": 3,
                "deletions": 2
              }
            }
          },
          {
            "hash": "b13a0b6552532cad3e64c4073d0265bb335d1504",
            "messageTitle": "Update ShowTimetableCommand.java",
            "messageBody": "",
            "fileTypesAndContributionMap": {
              "functional-code": {
                "insertions": 1,
                "deletions": 1
              }
            }
          },
          {
            "hash": "ae39985407a5292b650f8a8313fb5d1a83f77c4b",
            "messageTitle": "Update SlotList.java",
            "messageBody": "",
            "fileTypesAndContributionMap": {
              "functional-code": {
                "insertions": 2,
                "deletions": 2
              }
            }
          }
        ]
      },
      {
        "date": "2020-10-12",
        "commitResults": [
          {
            "hash": "a5cbae77785d16733f78dedaa72bbe9d01656ef1",
            "messageTitle": "Signed-off-by: tys \u003ctanyushing@outlook.sg\u003e",
            "messageBody": "",
            "fileTypesAndContributionMap": {
              "functional-code": {
                "insertions": 59,
                "deletions": 36
              },
              "other": {
                "insertions": 36,
                "deletions": 29
              },
              "test-code": {
                "insertions": 28,
                "deletions": 1
              }
            }
          },
          {
            "hash": "2e701452f52b83d052301029deedd77e58658b46",
            "messageTitle": "Signed-off-by: tys \u003ctanyushing@outlook.sg\u003e",
            "messageBody": "",
            "fileTypesAndContributionMap": {
              "functional-code": {
                "insertions": 96,
                "deletions": 85
              },
              "other": {
                "insertions": 11,
                "deletions": 0
              },
              "docs": {
                "insertions": 51,
                "deletions": 4
              },
              "test-code": {
                "insertions": 206,
                "deletions": 31
              }
            }
          },
          {
            "hash": "dfef1cee76755dab4f3c45309f7a395b1cfe00ae",
            "messageTitle": "Signed-off-by: tys \u003ctanyushing@outlook.sg\u003e",
            "messageBody": "",
            "fileTypesAndContributionMap": {
              "test-code": {
                "insertions": 27,
                "deletions": 57
              }
            }
          },
          {
            "hash": "4ff78cdfa2578416269af048c4da36aced4b84de",
            "messageTitle": "Signed-off-by: tys \u003ctanyushing@outlook.sg\u003e",
            "messageBody": "",
            "fileTypesAndContributionMap": {
              "functional-code": {
                "insertions": 9,
                "deletions": 1
              }
            }
          }
        ]
      }
    ],
    "fchensan": [
      {
        "date": "2020-09-30",
        "commitResults": [
          {
            "hash": "5c584694a2fa5ee3cfba64d68462478c3998a024",
            "messageTitle": "Add Francisco to AboutUs document",
            "messageBody": "",
            "fileTypesAndContributionMap": {
              "docs": {
                "insertions": 1,
                "deletions": 1
              }
            }
          }
        ]
      },
      {
        "date": "2020-10-10",
        "commitResults": [
          {
            "hash": "db76a63ed4579819aacf4940fe74f8a1a70b95ea",
            "messageTitle": "Implement AddSlotCommand and DeleteSlotCommand",
            "messageBody": "",
            "fileTypesAndContributionMap": {
              "functional-code": {
                "insertions": 171,
                "deletions": 20
              }
            }
          },
          {
            "hash": "1806cb580f43a26f6ef12a2004292c7490dc8697",
            "messageTitle": "Update text-ui-test",
            "messageBody": "",
            "fileTypesAndContributionMap": {
              "other": {
                "insertions": 4,
                "deletions": 0
              }
            }
          }
        ]
      },
      {
        "date": "2020-10-12",
        "commitResults": [
          {
            "hash": "68d1911965dfe4f43435d1f32e954faf8877ca18",
            "messageTitle": "Add Zoomaster wordmark",
            "messageBody": "",
            "fileTypesAndContributionMap": {
              "functional-code": {
                "insertions": 3,
                "deletions": 5
              }
            }
          },
          {
            "hash": "487e44dea36f9a7a1727847ea9673fc2eed95f8a",
            "messageTitle": "Trim slot description",
            "messageBody": "",
            "fileTypesAndContributionMap": {
              "functional-code": {
                "insertions": 1,
                "deletions": 1
              }
            }
          },
          {
            "hash": "93cbd6713e584e504ac46fd3cc3a4f5d23e8165f",
            "messageTitle": "Add AddSlotCommand constructor JUnit test",
            "messageBody": "",
            "fileTypesAndContributionMap": {
              "test-code": {
                "insertions": 38,
                "deletions": 0
              }
            }
          },
          {
            "hash": "2fb724260e9d7c1a4917bc0ca821fc36fb717efc",
            "messageTitle": "Add AddSlotCommand execute JUnit test",
            "messageBody": "",
            "fileTypesAndContributionMap": {
              "test-code": {
                "insertions": 31,
                "deletions": 0
              }
            }
          },
          {
            "hash": "13165e349e5ab8dd1858e1819daf4f7f996d282d",
            "messageTitle": "Add DeleteSlotCommand constructor JUnit test",
            "messageBody": "",
            "fileTypesAndContributionMap": {
              "test-code": {
                "insertions": 27,
                "deletions": 0
              }
            }
          },
          {
            "hash": "de4d93177bc7c7224eced912b997235ce49e2dbd",
            "messageTitle": "Add DeleteSlotCommand execute JUnit test",
            "messageBody": "",
            "fileTypesAndContributionMap": {
              "test-code": {
                "insertions": 24,
                "deletions": 0
              }
            }
          },
          {
            "hash": "0fd16cbbddf70377d3ff8843bc290cf599b099da",
            "messageTitle": "Fix AddSlot and DeleteSlot JUnit tests",
            "messageBody": "",
            "fileTypesAndContributionMap": {
              "test-code": {
                "insertions": 4,
                "deletions": 2
              }
            }
          },
          {
            "hash": "830dbdb2da553adec9e8f7c90bfefb90455a662d",
            "messageTitle": "Fix star import",
            "messageBody": "",
            "fileTypesAndContributionMap": {
              "test-code": {
                "insertions": 4,
                "deletions": 2
              }
            }
          },
          {
            "hash": "488362377c85676d6cd2e654fa390d9ae719746e",
            "messageTitle": "Add assertions to AddSlot and DeleteSlotCommand",
            "messageBody": "",
            "fileTypesAndContributionMap": {
              "functional-code": {
                "insertions": 4,
                "deletions": 0
              }
            }
          },
          {
            "hash": "15458632adc6da2b6f1f2b2c9290765e807cbfda",
            "messageTitle": "Fix AddSlotCommand comments",
            "messageBody": "",
            "fileTypesAndContributionMap": {
              "functional-code": {
                "insertions": 3,
                "deletions": 4
              }
            }
          },
          {
            "hash": "d20c5eefe223968d635c72e411c36f8a75a52a08",
            "messageTitle": "Fix execute in DeleteSlotCommand",
            "messageBody": "",
            "fileTypesAndContributionMap": {
              "functional-code": {
                "insertions": 2,
                "deletions": 3
              }
            }
          },
          {
            "hash": "32cecfeb7e59b445cf7a0b74204f4d756ad683db",
            "messageTitle": "Fix param name in comment",
            "messageBody": "",
            "fileTypesAndContributionMap": {
              "functional-code": {
                "insertions": 1,
                "deletions": 1
              }
            }
          }
        ]
      },
      {
        "date": "2020-10-13",
        "commitResults": [
          {
            "hash": "87e37963cf023c743bf740b8865f562e96132dc5",
            "messageTitle": "Update Ui unknown input message",
            "messageBody": "",
            "fileTypesAndContributionMap": {
              "functional-code": {
                "insertions": 22,
                "deletions": 12
              }
            }
          },
          {
            "hash": "c23338be7a15ec742e77dd0188ba08e6e7ea3810",
            "messageTitle": "Update keywords for add and delete slot",
            "messageBody": "",
            "fileTypesAndContributionMap": {
              "functional-code": {
                "insertions": 2,
                "deletions": 2
              }
            }
          },
          {
            "hash": "d7b9fb2f77e7678b1763a34dd6e2f92a43c6de0d",
            "messageTitle": "Update text-ui-test",
            "messageBody": "",
            "fileTypesAndContributionMap": {
              "other": {
                "insertions": 4,
                "deletions": 4
              }
            }
          },
          {
            "hash": "a7b8af16aee5cad2f56c8d6521388bb26bcdc063",
            "messageTitle": "Add timetable add command to user guide",
            "messageBody": "",
            "fileTypesAndContributionMap": {
              "docs": {
                "insertions": 16,
                "deletions": 2
              }
            }
          }
        ]
      }
    ],
    "jusufnathanael": [
      {
        "date": "2020-09-30",
        "commitResults": [
          {
            "hash": "ee9d49051da5bddd35796478d0d78dd4ce5181df",
            "messageTitle": "Test",
            "messageBody": "",
            "fileTypesAndContributionMap": {
              "functional-code": {
                "insertions": 2,
                "deletions": 0
              }
            }
          },
          {
            "hash": "42351776b98b69e7850c255792b843227b7d045f",
            "messageTitle": "Test",
            "messageBody": "",
            "fileTypesAndContributionMap": {
              "functional-code": {
                "insertions": 2,
                "deletions": 2
              }
            }
          },
          {
            "hash": "8f717b3e7b308a1a874af64ed7a49b03b71d5303",
            "messageTitle": "Test-Jusuf",
            "messageBody": "",
            "fileTypesAndContributionMap": {
              "functional-code": {
                "insertions": 1,
                "deletions": 1
              }
            }
          },
          {
            "hash": "5f45a32df49bf13058035d853128bed7edffeccf",
            "messageTitle": "Update about us",
            "messageBody": "",
            "fileTypesAndContributionMap": {
              "docs": {
                "insertions": 1,
                "deletions": 5
              }
            }
          }
        ]
      },
      {
        "date": "2020-10-08",
        "commitResults": [
          {
            "hash": "daa176239912bc05b4e8dcd1f4ce92f4e0fe9a76",
            "messageTitle": "create slot",
            "messageBody": "",
            "fileTypesAndContributionMap": {
              "functional-code": {
                "insertions": 82,
                "deletions": 0
              },
              "test-code": {
                "insertions": 16,
                "deletions": 0
              }
            }
          },
          {
            "hash": "5264b50b31701eb50adf59e7cdc6c2e54c468f2a",
            "messageTitle": "update slot",
            "messageBody": "",
            "fileTypesAndContributionMap": {
              "functional-code": {
                "insertions": 2,
                "deletions": 2
              },
              "test-code": {
                "insertions": 1,
                "deletions": 1
              }
            }
          }
        ]
      },
      {
        "date": "2020-10-10",
        "commitResults": [
          {
            "hash": "0a28172b601a3e060cfd3f97b39499200f995d6b",
            "messageTitle": "Fix5",
            "messageBody": "",
            "fileTypesAndContributionMap": {
              "functional-code": {
                "insertions": 246,
                "deletions": 53
              }
            }
          }
        ]
      },
      {
        "date": "2020-10-13",
        "commitResults": [
          {
            "hash": "ce5657be03dc6d749cb1a4cb68d76a6769c95a41",
            "messageTitle": "SlotList JUnit Test",
            "messageBody": "",
            "fileTypesAndContributionMap": {
              "functional-code": {
                "insertions": 45,
                "deletions": 42
              },
              "test-code": {
                "insertions": 78,
                "deletions": 0
              }
            }
          },
          {
            "hash": "8a059b67269a81bb555e08a6e97fadfa26b98555",
            "messageTitle": "SlotList JUnit Test",
            "messageBody": "",
            "fileTypesAndContributionMap": {
              "functional-code": {
                "insertions": 1,
                "deletions": 1
              }
            }
          },
          {
            "hash": "9d4ef91c45673cd497e8c4784fbe23626452c51e",
            "messageTitle": "Updated User Guide + change data.txt -\u003e bookmarks.txt",
            "messageBody": "",
            "fileTypesAndContributionMap": {
              "functional-code": {
                "insertions": 1,
                "deletions": 1
              },
              "docs": {
                "insertions": 110,
                "deletions": 93
              }
            }
          },
          {
            "hash": "629d848ea44cc807416190a9db3b266fe6b8d58c",
            "messageTitle": "Update UserGuide.md",
            "messageBody": "",
            "fileTypesAndContributionMap": {
              "docs": {
                "insertions": 7,
                "deletions": 7
              }
            }
          },
          {
            "hash": "62bb951b011c5eec2a8d67c6e5200acf494acfd7",
            "messageTitle": "Update UserGuide.md",
            "messageBody": "",
            "fileTypesAndContributionMap": {
              "docs": {
                "insertions": 15,
                "deletions": 15
              }
            }
          },
          {
            "hash": "822ee0f8895423520a378b65cd9be41661b09f26",
            "messageTitle": "Update UserGuide.md",
            "messageBody": "",
            "fileTypesAndContributionMap": {
              "docs": {
                "insertions": 2,
                "deletions": 2
              }
            }
          },
          {
            "hash": "33655e8f96b4a3e29b0da7c1f5260946520e2e6a",
            "messageTitle": "Update UserGuide.md",
            "messageBody": "",
            "fileTypesAndContributionMap": {
              "docs": {
                "insertions": 1,
                "deletions": 1
              }
            }
          }
        ]
      }
    ],
    "Speedweener": [
      {
        "date": "2020-09-30",
        "commitResults": [
          {
            "hash": "231ccf0ad5bc91909dcc476bcb733d462d483732",
            "messageTitle": "Testing",
            "messageBody": "",
            "fileTypesAndContributionMap": {
              "functional-code": {
                "insertions": 4,
                "deletions": 0
              }
            }
          },
          {
            "hash": "396909218b5210ea091b76626bf668ccbc8b5a1e",
            "messageTitle": "test",
            "messageBody": "",
            "fileTypesAndContributionMap": {
              "docs": {
                "insertions": 1,
                "deletions": 1
              }
            }
          }
        ]
      },
      {
        "date": "2020-10-05",
        "commitResults": [
          {
            "hash": "40f5a99cc4c9395da4b0fb3532eae4edd1c81750",
            "messageTitle": "ijew",
            "messageBody": "",
            "fileTypesAndContributionMap": {
              "functional-code": {
                "insertions": 57,
                "deletions": 22
              }
            }
          }
        ]
      },
      {
        "date": "2020-10-06",
        "commitResults": [
          {
            "hash": "7051e30930c1fbe0f403707343ce232215d3104f",
            "messageTitle": "Add basic adding and launching of bookmarks",
            "messageBody": "",
            "fileTypesAndContributionMap": {
              "functional-code": {
                "insertions": 518,
                "deletions": 812
              },
              "other": {
                "insertions": 3,
                "deletions": 1
              },
              "test-code": {
                "insertions": 43,
                "deletions": 0
              }
            }
          },
          {
            "hash": "3a67d94eed66a5290e0359e50cf06e062a58f91e",
            "messageTitle": "haiz",
            "messageBody": "",
            "fileTypesAndContributionMap": {
              "functional-code": {
                "insertions": 1,
                "deletions": 0
              }
            }
          },
          {
            "hash": "0d7f89fd72e83a54173cf96b71b406f4bc688ce9",
            "messageTitle": "whooops",
            "messageBody": "",
            "fileTypesAndContributionMap": {
              "functional-code": {
                "insertions": 3,
                "deletions": 1
              },
              "other": {
                "insertions": 3,
                "deletions": 1
              }
            }
          }
        ]
      },
      {
        "date": "2020-10-09",
        "commitResults": [
          {
            "hash": "ec73d4da68263adbd4ea71c1f20ae06d85b518c0",
            "messageTitle": "before merge",
            "messageBody": "",
            "fileTypesAndContributionMap": {
              "functional-code": {
                "insertions": 2,
                "deletions": 1
              }
            }
          }
        ]
      },
      {
        "date": "2020-10-10",
        "commitResults": [
          {
            "hash": "b00769839e337314a75438d5de643a920946ac25",
            "messageTitle": "Finding bookmarks and Launch of multiple bookmarks",
            "messageBody": "",
            "fileTypesAndContributionMap": {
              "functional-code": {
                "insertions": 191,
                "deletions": 16
              },
              "other": {
                "insertions": 6,
                "deletions": 1
              }
            }
          }
        ]
      },
      {
        "date": "2020-10-11",
        "commitResults": [
          {
            "hash": "bf93cbccbad2bd58ecd4b8f31eb6a18528266900",
            "messageTitle": "itemlist",
            "messageBody": "",
            "fileTypesAndContributionMap": {
              "functional-code": {
                "insertions": 3,
                "deletions": 4
              },
              "other": {
                "insertions": 1,
                "deletions": 1
              }
            }
          },
          {
            "hash": "041ad66586c5a2cbbd623d00d5fbef2926f62c66",
            "messageTitle": "fix bookmarklist issues",
            "messageBody": "",
            "fileTypesAndContributionMap": {
              "functional-code": {
                "insertions": 410,
                "deletions": 196
              },
              "other": {
                "insertions": 3,
                "deletions": 1
              }
            }
          }
        ]
      },
      {
        "date": "2020-10-12",
        "commitResults": [
          {
            "hash": "553269a519a0fcfc476def47c20db2d9df7f9cb1",
            "messageTitle": "Add BookmarkList JUnit tests",
            "messageBody": "",
            "fileTypesAndContributionMap": {
              "functional-code": {
                "insertions": 60,
                "deletions": 60
              },
              "other": {
                "insertions": 30,
                "deletions": 37
              },
              "test-code": {
                "insertions": 148,
                "deletions": 4
              }
            }
          },
          {
            "hash": "6c41146b02dcf66bcd90424aeed136f22d38f02a",
            "messageTitle": "Add UI mode description",
            "messageBody": "",
            "fileTypesAndContributionMap": {
              "functional-code": {
                "insertions": 16,
                "deletions": 1
              }
            }
          },
          {
            "hash": "df4fbec61b3e6b6722c135c0f11fc199ad0faa7d",
            "messageTitle": "Pashed checkstyle test",
            "messageBody": "",
            "fileTypesAndContributionMap": {
              "functional-code": {
                "insertions": 19,
                "deletions": 17
              },
              "test-code": {
                "insertions": 15,
                "deletions": 14
              }
            }
          },
          {
            "hash": "38ccb958435cfd444064491ef660512872bb267f",
            "messageTitle": "Update BookmarkList.java",
            "messageBody": "",
            "fileTypesAndContributionMap": {
              "functional-code": {
                "insertions": 2,
                "deletions": 1
              }
            }
          },
          {
            "hash": "2948ef7f9a67a53ec26833aa7e0e046fad96826b",
            "messageTitle": "Update DeleteSlotCommand.java",
            "messageBody": "",
            "fileTypesAndContributionMap": {
              "functional-code": {
                "insertions": 3,
                "deletions": 1
              }
            }
          },
          {
            "hash": "c80e33ba5c4d650088e96fe6833f85c42e8c778c",
            "messageTitle": "Update AddSlotCommand.java",
            "messageBody": "",
            "fileTypesAndContributionMap": {
              "functional-code": {
                "insertions": 3,
                "deletions": 1
              }
            }
          },
          {
            "hash": "de1c24a3d7b7e8153b0d2830e8043fb15548546f",
            "messageTitle": "Delete ListCommand.java",
            "messageBody": "",
            "fileTypesAndContributionMap": {
              "functional-code": {
                "insertions": 0,
                "deletions": 37
              }
            }
          },
          {
            "hash": "640e2e82a1bc065631b1dffb6f0e192e7b601306",
            "messageTitle": "Update runtest.sh",
            "messageBody": "",
            "fileTypesAndContributionMap": {
              "other": {
                "insertions": 1,
                "deletions": 1
              }
            }
          },
          {
            "hash": "9f59103b2425f2f2063b7dce5238ab56de4847cd",
            "messageTitle": "Update runtest.sh",
            "messageBody": "",
            "fileTypesAndContributionMap": {
              "other": {
                "insertions": 1,
                "deletions": 1
              }
            }
          },
          {
            "hash": "335b4e97bd3d683f2c58b50fdde2f18fa1a9f8e0",
            "messageTitle": "before merge",
            "messageBody": "",
            "fileTypesAndContributionMap": {
              "functional-code": {
                "insertions": 6,
                "deletions": 0
              },
              "other": {
                "insertions": 0,
                "deletions": 1
              }
            }
          }
        ]
      },
      {
        "date": "2020-10-13",
        "commitResults": [
          {
            "hash": "2770bd07ab539807e411e095c1616953f2a193fa",
            "messageTitle": "Fix nullrange and changed some execeptions",
            "messageBody": "",
            "fileTypesAndContributionMap": {
              "functional-code": {
                "insertions": 26,
                "deletions": 23
              },
              "test-code": {
                "insertions": 8,
                "deletions": 9
              }
            }
          },
          {
            "hash": "5416621a51b60066985eacaaca850eaaa54c9bee",
            "messageTitle": "fixed unclear messages",
            "messageBody": "",
            "fileTypesAndContributionMap": {
              "functional-code": {
                "insertions": 29,
                "deletions": 8
              }
            }
          },
          {
            "hash": "0422a7aff91071c0f16e27db59aa99be4a40289d",
            "messageTitle": "Made error messages more descriptive",
            "messageBody": "",
            "fileTypesAndContributionMap": {
              "functional-code": {
                "insertions": 29,
                "deletions": 1
              },
              "test-code": {
                "insertions": 1,
                "deletions": 1
              }
            }
          },
          {
            "hash": "d4f9252767563faa165a1ac208d0b7aef8efa5b3",
            "messageTitle": "markdown for userguide",
            "messageBody": "",
            "fileTypesAndContributionMap": {
              "docs": {
                "insertions": 164,
                "deletions": 81
              }
            }
          },
          {
            "hash": "c734fbcd671a1edbdc5051a30852f935df3e031d",
            "messageTitle": "markdown.gmd",
            "messageBody": "",
            "fileTypesAndContributionMap": {
              "docs": {
                "insertions": 25,
                "deletions": 16
              }
            }
          },
          {
            "hash": "da4e30384adaae150d147fa2c33950c70974742b",
            "messageTitle": "Update UserGuide.md",
            "messageBody": "",
            "fileTypesAndContributionMap": {
              "docs": {
                "insertions": 2,
                "deletions": 2
              }
            }
          }
        ]
      },
      {
        "date": "2020-10-20",
        "commitResults": [
          {
            "hash": "ed3eaabcb8fbaf2ffeec401e7e8276bdf5cbd26b",
            "messageTitle": "checkstyle pass",
            "messageBody": "",
            "fileTypesAndContributionMap": {
              "functional-code": {
                "insertions": 100,
                "deletions": 45
              },
              "other": {
                "insertions": 1,
                "deletions": 0
              }
            }
          },
          {
            "hash": "49581135e541dc7466bbbb67796478a2fd57000a",
            "messageTitle": "clearing command",
            "messageBody": "",
            "fileTypesAndContributionMap": {
              "functional-code": {
                "insertions": 41,
                "deletions": 1
              }
            }
          },
          {
            "hash": "86d68c91f8a830c055fe8fb8a2e0624df008387d",
            "messageTitle": "fix clear",
            "messageBody": "",
            "fileTypesAndContributionMap": {
              "functional-code": {
                "insertions": 1,
                "deletions": 1
              }
            }
          }
        ]
      }
    ]
  },
  "authorFileTypeContributionMap": {
    "xingrong123": {
      "docs": 30,
      "functional-code": 938,
      "test-code": 321,
      "other": 46
    },
    "TYS0n1": {
      "docs": 2,
      "functional-code": 622,
      "test-code": 27,
      "other": 2
    },
    "fchensan": {
      "docs": 10,
      "functional-code": 77,
      "test-code": 29
    },
    "jusufnathanael": {
      "docs": 52,
      "functional-code": 73,
      "test-code": 29
    },
    "Speedweener": {
      "docs": 97,
      "functional-code": 662,
      "test-code": 151,
      "other": 9
    }
  },
  "authorContributionVariance": {
    "xingrong123": 348661.3,
    "TYS0n1": 129350.32,
    "fchensan": 2514.1653,
    "jusufnathanael": 10381.954,
    "Speedweener": 96713.74
  },
  "authorDisplayNameMap": {
    "xingrong123": "CS2113T-W11-1 TEY ..RONG",
    "TYS0n1": "CS2113T-W11-1 TAN ..HING",
    "fchensan": "CS2113T-W11-1 FRAN..NSAN",
    "jusufnathanael": "CS2113T-W11-1 JUSU..NAEL",
    "Speedweener": "CS2113T-W11-1 KWEK.. HAO"
  }
}
