{
  "authorDailyContributionsMap": {
    "xingrong123": [
      {
        "date": "2020-09-30",
        "commitResults": [
          {
            "hash": "aacdbd8e4a86cb70b26e8fc0d34f4e49a874abcb",
            "messageTitle": "test",
            "messageBody": "",
            "fileTypesAndContributionMap": {
              "functional-code": {
                "insertions": 5,
                "deletions": 0
              }
            }
          },
          {
            "hash": "fc47ca4c3c7631f491e33b6c184a014a8cacb4cd",
            "messageTitle": "Add About Us",
            "messageBody": "",
            "fileTypesAndContributionMap": {
              "functional-code": {
                "insertions": 0,
                "deletions": 4
              },
              "docs": {
                "insertions": 1,
                "deletions": 1
              }
            }
          }
        ]
      },
      {
        "date": "2020-10-05",
        "commitResults": [
          {
            "hash": "80ccda9e008b614b7089f0c78ac4e4c1c222e5d7",
            "messageTitle": "Add IP classes as base of TP",
            "messageBody": "",
            "fileTypesAndContributionMap": {
              "functional-code": {
                "insertions": 1386,
                "deletions": 19
              }
            }
          },
          {
            "hash": "e7f176582577bfc13dc6bf8dc5d2ba1e28c2f576",
            "messageTitle": "Update TP base code",
            "messageBody": "",
            "fileTypesAndContributionMap": {
              "functional-code": {
                "insertions": 177,
                "deletions": 1069
              },
              "test-code": {
                "insertions": 43,
                "deletions": 0
              }
            }
          },
          {
            "hash": "2dd59ad2b51d89cf4b71cd156bd36345ff3c649c",
            "messageTitle": "fix checkstyle",
            "messageBody": "",
            "fileTypesAndContributionMap": {
              "test-code": {
                "insertions": 1,
                "deletions": 1
              }
            }
          },
          {
            "hash": "232b185b9cec3407ad4bfef4c553fae6b4aab6c8",
            "messageTitle": "update input.txt and EXPECTED.TXT to pass checkstyle",
            "messageBody": "",
            "fileTypesAndContributionMap": {
              "other": {
                "insertions": 2,
                "deletions": 1
              }
            }
          }
        ]
      }
    ],
    "TYS0n1": [
      {
        "date": "2020-09-30",
        "commitResults": [
          {
            "hash": "0fe80e2a46a718672adae360d668c73365c3bc22",
            "messageTitle": "added tys about me",
            "messageBody": "Signed-off-by: tys \u003ctanyushing@outlook.sg\u003e\n",
            "fileTypesAndContributionMap": {
              "docs": {
                "insertions": 1,
                "deletions": 1
              }
            }
          },
          {
            "hash": "b86e28549d6527ab98491cf00e62136ca1de08ed",
            "messageTitle": "Signed-off-by: tys \u003ctanyushing@outlook.sg\u003e",
            "messageBody": "",
            "fileTypesAndContributionMap": {
              "docs": {
                "insertions": 1,
                "deletions": 0
              }
            }
          }
        ]
      }
    ],
    "fchensan": [
      {
        "date": "2020-09-30",
        "commitResults": [
          {
            "hash": "5c584694a2fa5ee3cfba64d68462478c3998a024",
            "messageTitle": "Add Francisco to AboutUs document",
            "messageBody": "",
            "fileTypesAndContributionMap": {
              "docs": {
                "insertions": 1,
                "deletions": 1
              }
            }
          }
        ]
      }
    ],
    "jusufnathanael": [
      {
        "date": "2020-09-30",
        "commitResults": [
          {
            "hash": "ee9d49051da5bddd35796478d0d78dd4ce5181df",
            "messageTitle": "Test",
            "messageBody": "",
            "fileTypesAndContributionMap": {
              "functional-code": {
                "insertions": 2,
                "deletions": 0
              }
            }
          },
          {
            "hash": "42351776b98b69e7850c255792b843227b7d045f",
            "messageTitle": "Test",
            "messageBody": "",
            "fileTypesAndContributionMap": {
              "functional-code": {
                "insertions": 2,
                "deletions": 2
              }
            }
          },
          {
            "hash": "8f717b3e7b308a1a874af64ed7a49b03b71d5303",
            "messageTitle": "Test-Jusuf",
            "messageBody": "",
            "fileTypesAndContributionMap": {
              "functional-code": {
                "insertions": 1,
                "deletions": 1
              }
            }
          },
          {
            "hash": "5f45a32df49bf13058035d853128bed7edffeccf",
            "messageTitle": "Update about us",
            "messageBody": "",
            "fileTypesAndContributionMap": {
              "docs": {
                "insertions": 1,
                "deletions": 5
              }
            }
          }
        ]
      }
    ],
    "Speedweener": [
      {
        "date": "2020-09-30",
        "commitResults": [
          {
            "hash": "231ccf0ad5bc91909dcc476bcb733d462d483732",
            "messageTitle": "Testing",
            "messageBody": "",
            "fileTypesAndContributionMap": {
              "functional-code": {
                "insertions": 4,
                "deletions": 0
              }
            }
          },
          {
            "hash": "396909218b5210ea091b76626bf668ccbc8b5a1e",
            "messageTitle": "test",
            "messageBody": "",
            "fileTypesAndContributionMap": {
              "docs": {
                "insertions": 1,
                "deletions": 1
              }
            }
          }
        ]
      },
      {
        "date": "2020-10-05",
        "commitResults": [
          {
            "hash": "40f5a99cc4c9395da4b0fb3532eae4edd1c81750",
            "messageTitle": "ijew",
            "messageBody": "",
            "fileTypesAndContributionMap": {
              "functional-code": {
                "insertions": 57,
                "deletions": 22
              }
            }
          }
        ]
      },
      {
        "date": "2020-10-06",
        "commitResults": [
          {
            "hash": "7051e30930c1fbe0f403707343ce232215d3104f",
            "messageTitle": "Add basic adding and launching of bookmarks",
            "messageBody": "",
            "fileTypesAndContributionMap": {
              "functional-code": {
                "insertions": 518,
                "deletions": 812
              },
              "other": {
                "insertions": 3,
                "deletions": 1
              },
              "test-code": {
                "insertions": 43,
                "deletions": 0
              }
            }
          },
          {
            "hash": "3a67d94eed66a5290e0359e50cf06e062a58f91e",
            "messageTitle": "haiz",
            "messageBody": "",
            "fileTypesAndContributionMap": {
              "functional-code": {
                "insertions": 1,
                "deletions": 0
              }
            }
          },
          {
            "hash": "0d7f89fd72e83a54173cf96b71b406f4bc688ce9",
            "messageTitle": "whooops",
            "messageBody": "",
            "fileTypesAndContributionMap": {
              "functional-code": {
                "insertions": 3,
                "deletions": 1
              },
              "other": {
                "insertions": 3,
                "deletions": 1
              }
            }
          }
        ]
      }
    ]
  },
  "authorFileTypeContributionMap": {
    "xingrong123": {
      "docs": 1,
      "functional-code": 302,
      "test-code": 1
    },
    "TYS0n1": {
      "docs": 2,
      "functional-code": 0,
      "test-code": 0
    },
    "fchensan": {
      "docs": 1,
      "functional-code": 0,
      "test-code": 0
    },
    "jusufnathanael": {
      "docs": 1,
      "functional-code": 0,
      "test-code": 0
    },
    "Speedweener": {
      "docs": 1,
      "functional-code": 556,
      "test-code": 46,
      "other": 5
    }
  },
  "authorContributionVariance": {
    "xingrong123": 655031.2,
    "TYS0n1": 0.8100001,
    "fchensan": 0.35999995,
    "jusufnathanael": 17.640005,
    "Speedweener": 171088.9
  },
  "authorDisplayNameMap": {
    "xingrong123": "CS2113T-W11-1 TEY ..RONG",
    "TYS0n1": "CS2113T-W11-1 TAN ..HING",
    "fchensan": "CS2113T-W11-1 FRAN..NSAN",
    "jusufnathanael": "CS2113T-W11-1 JUSU..NAEL",
    "Speedweener": "CS2113T-W11-1 KWEK.. HAO"
  }
}
