{
  "authorDailyContributionsMap": {
    "yeyutong811": [
      {
        "date": "2020-10-02",
        "commitResults": [
          {
            "hash": "6196026bf84e9f54201df4229060f1cc81e6c280",
            "messageTitle": "AboutUs",
            "messageBody": "",
            "fileTypesAndContributionMap": {
              "docs": {
                "insertions": 7,
                "deletions": 1
              }
            }
          }
        ]
      },
      {
        "date": "2020-10-07",
        "commitResults": [
          {
            "hash": "6e7e6a38e6ddb3abd7a87e9aa547cc11b7429ab3",
            "messageTitle": "Added add/delete/list members function. Have not integrate into Duke.main().",
            "messageBody": "",
            "fileTypesAndContributionMap": {
              "functional-code": {
                "insertions": 195,
                "deletions": 0
              }
            }
          }
        ]
      },
      {
        "date": "2020-10-10",
        "commitResults": [
          {
            "hash": "d2d87f916198fa023e807361f3bd3ca1a41405af",
            "messageTitle": "addMember",
            "messageBody": "",
            "fileTypesAndContributionMap": {
              "functional-code": {
                "insertions": 51,
                "deletions": 155
              }
            }
          },
          {
            "hash": "ed5fe5d564e53682480692d410aca83ef020a2fd",
            "messageTitle": "listMembers",
            "messageBody": "",
            "fileTypesAndContributionMap": {
              "functional-code": {
                "insertions": 47,
                "deletions": 1
              }
            }
          }
        ]
      },
      {
        "date": "2020-10-11",
        "commitResults": [
          {
            "hash": "143445d7f36b6b1436aa3d421a1480174dec6547",
            "messageTitle": "delete member",
            "messageBody": "",
            "fileTypesAndContributionMap": {
              "functional-code": {
                "insertions": 52,
                "deletions": 0
              }
            }
          },
          {
            "hash": "2528570daf1050ad5424d05ef96fb33c8e22ce2c",
            "messageTitle": "Debugged and add in comments",
            "messageBody": "",
            "fileTypesAndContributionMap": {
              "functional-code": {
                "insertions": 56,
                "deletions": 6
              }
            }
          },
          {
            "hash": "1e52ee8556bb527dc8d453780fd26f4f7e90748c",
            "messageTitle": "Edited EXPECT.txt and input.txt",
            "messageBody": "",
            "fileTypesAndContributionMap": {
              "functional-code": {
                "insertions": 0,
                "deletions": 1
              },
              "other": {
                "insertions": 3,
                "deletions": 0
              }
            }
          },
          {
            "hash": "1d2c8121b3894f371c3bc42235b2ea293f456d12",
            "messageTitle": "Improved style.",
            "messageBody": "",
            "fileTypesAndContributionMap": {
              "functional-code": {
                "insertions": 12,
                "deletions": 8
              }
            }
          },
          {
            "hash": "1e2e55f03e582b96c3fe410d11600ddd558aa7dd",
            "messageTitle": "checkstyle",
            "messageBody": "",
            "fileTypesAndContributionMap": {
              "functional-code": {
                "insertions": 10,
                "deletions": 9
              }
            }
          },
          {
            "hash": "aa06f33647c062e1f5e42b79956fe464e3e274d0",
            "messageTitle": "checkstyle3",
            "messageBody": "",
            "fileTypesAndContributionMap": {
              "functional-code": {
                "insertions": 2,
                "deletions": 2
              }
            }
          },
          {
            "hash": "a2314944b804d13739ebc8ba9a71ca440ee907ab",
            "messageTitle": "checkstyle4",
            "messageBody": "",
            "fileTypesAndContributionMap": {
              "functional-code": {
                "insertions": 1,
                "deletions": 1
              }
            }
          },
          {
            "hash": "54dea12f78aeaffc7a3f6f30950614872d891cc9",
            "messageTitle": "checkstyle6",
            "messageBody": "",
            "fileTypesAndContributionMap": {
              "functional-code": {
                "insertions": 3,
                "deletions": 3
              }
            }
          }
        ]
      },
      {
        "date": "2020-10-14",
        "commitResults": [
          {
            "hash": "85e6cfcbb5685e595ea9977e74fd518ebfa38c81",
            "messageTitle": "Junit test",
            "messageBody": "",
            "fileTypesAndContributionMap": {
              "functional-code": {
                "insertions": 33,
                "deletions": 6
              },
              "test-code": {
                "insertions": 46,
                "deletions": 0
              }
            }
          },
          {
            "hash": "b485e2b20f320ae6e504ac0a8c6c98f11a3062b6",
            "messageTitle": "exceptions not implemented",
            "messageBody": "",
            "fileTypesAndContributionMap": {
              "functional-code": {
                "insertions": 2,
                "deletions": 2
              }
            }
          },
          {
            "hash": "03d1e6e16fd08ac76b112ec22f6493bb3177a8bf",
            "messageTitle": "checkstye1",
            "messageBody": "",
            "fileTypesAndContributionMap": {
              "test-code": {
                "insertions": 8,
                "deletions": 8
              }
            }
          }
        ]
      },
      {
        "date": "2020-10-18",
        "commitResults": [
          {
            "hash": "6e47d2293e9d7072a763afd1c018a980ccf0c347",
            "messageTitle": "userguide",
            "messageBody": "",
            "fileTypesAndContributionMap": {
              "functional-code": {
                "insertions": 3,
                "deletions": 3
              },
              "docs": {
                "insertions": 30,
                "deletions": 1
              }
            }
          }
        ]
      },
      {
        "date": "2020-10-20",
        "commitResults": [
          {
            "hash": "f4ef7b506544b394c16fb0a89c77d3abb157859b",
            "messageTitle": "Userguide",
            "messageBody": "",
            "fileTypesAndContributionMap": {
              "functional-code": {
                "insertions": 3,
                "deletions": 2
              },
              "docs": {
                "insertions": 1,
                "deletions": 1
              }
            }
          },
          {
            "hash": "ee382fa47d4b20363c266aac17f0166d3f00bc11",
            "messageTitle": "developer guide1",
            "messageBody": "",
            "fileTypesAndContributionMap": {
              "docs": {
                "insertions": 2,
                "deletions": 0
              }
            }
          }
        ]
      },
      {
        "date": "2020-10-21",
        "commitResults": [
          {
            "hash": "d9fd25406f2d4f6df84b301a9b5329e631b26826",
            "messageTitle": "fixed bug: changed phone number fron int to long",
            "messageBody": "",
            "fileTypesAndContributionMap": {
              "functional-code": {
                "insertions": 22,
                "deletions": 10
              }
            }
          },
          {
            "hash": "320d1db9042063f075970d2a3feba4c7f4e0c325",
            "messageTitle": "deleted extra OOP",
            "messageBody": "",
            "fileTypesAndContributionMap": {
              "functional-code": {
                "insertions": 0,
                "deletions": 12
              }
            }
          },
          {
            "hash": "3bcff8ca41a038f8afd15daf4a63530e3d82f1cc",
            "messageTitle": "change member role",
            "messageBody": "",
            "fileTypesAndContributionMap": {
              "functional-code": {
                "insertions": 27,
                "deletions": 0
              }
            }
          },
          {
            "hash": "4dd89512ab9a275448b8ffb0ba272a5f1e1de394",
            "messageTitle": "change member  role",
            "messageBody": "",
            "fileTypesAndContributionMap": {
              "functional-code": {
                "insertions": 61,
                "deletions": 15
              }
            }
          },
          {
            "hash": "87a56da4f4196b8ddfc9037c03a01124effc9891",
            "messageTitle": "checkstyle1",
            "messageBody": "",
            "fileTypesAndContributionMap": {
              "functional-code": {
                "insertions": 15,
                "deletions": 4
              }
            }
          },
          {
            "hash": "4593149114e95fd41a1388b83b065c8d8d71cd84",
            "messageTitle": "Modify change role function to encompass changing of all contacts and role.",
            "messageBody": "",
            "fileTypesAndContributionMap": {
              "functional-code": {
                "insertions": 94,
                "deletions": 59
              }
            }
          },
          {
            "hash": "c2fc6f94c04aa51cb51f33e86c07fa7c1200c561",
            "messageTitle": "checkstyle1",
            "messageBody": "",
            "fileTypesAndContributionMap": {
              "functional-code": {
                "insertions": 1,
                "deletions": 3
              }
            }
          }
        ]
      },
      {
        "date": "2020-10-22",
        "commitResults": [
          {
            "hash": "0af336b3c77cb8f6c4ac9dcf5a46090d240d1dc8",
            "messageTitle": "prevents same name from being added again",
            "messageBody": "",
            "fileTypesAndContributionMap": {
              "functional-code": {
                "insertions": 33,
                "deletions": 3
              }
            }
          },
          {
            "hash": "f18d4a4374ad14f7bf09823e5c08c551cb0bf929",
            "messageTitle": "checkstyle2",
            "messageBody": "",
            "fileTypesAndContributionMap": {
              "functional-code": {
                "insertions": 15,
                "deletions": 14
              }
            }
          },
          {
            "hash": "06ecd6194875469d06d2e0d741803ae011cb4026",
            "messageTitle": "checkstyle3",
            "messageBody": "",
            "fileTypesAndContributionMap": {
              "functional-code": {
                "insertions": 3,
                "deletions": 3
              }
            }
          },
          {
            "hash": "71d1919437004a41075b4f17e9f235180de8c8c1",
            "messageTitle": "userguide",
            "messageBody": "",
            "fileTypesAndContributionMap": {
              "docs": {
                "insertions": 9,
                "deletions": 0
              }
            }
          },
          {
            "hash": "1d69791556cd4df0ef927befff2d16a5d9f4f9a6",
            "messageTitle": "developer guide",
            "messageBody": "",
            "fileTypesAndContributionMap": {
              "docs": {
                "insertions": 104,
                "deletions": 3
              }
            }
          },
          {
            "hash": "ffcdcb29ee53b6345c6e990cff332eaf17004e1c",
            "messageTitle": "organize hr folder",
            "messageBody": "",
            "fileTypesAndContributionMap": {
              "other": {
                "insertions": 0,
                "deletions": 0
              }
            }
          },
          {
            "hash": "3b6ba6c89365146892dbb2caa331588be94d9b11",
            "messageTitle": "update UGDG",
            "messageBody": "",
            "fileTypesAndContributionMap": {
              "docs": {
                "insertions": 3,
                "deletions": 0
              }
            }
          },
          {
            "hash": "0e19af584ae726c6c4778e6f2252ebc0a9b2d6e3",
            "messageTitle": "DG numbering",
            "messageBody": "",
            "fileTypesAndContributionMap": {
              "docs": {
                "insertions": 27,
                "deletions": 27
              }
            }
          },
          {
            "hash": "9c87dba1f6c574438982bf26c57a782228ab4f28",
            "messageTitle": "numbering 2",
            "messageBody": "",
            "fileTypesAndContributionMap": {
              "docs": {
                "insertions": 9,
                "deletions": 9
              }
            }
          }
        ]
      }
    ],
    "WangZixin67": [
      {
        "date": "2020-10-02",
        "commitResults": [
          {
            "hash": "9ff6c6a6bec013bc48d27e9d2820b3186b9f4f19",
            "messageTitle": "first",
            "messageBody": "",
            "fileTypesAndContributionMap": {
              "functional-code": {
                "insertions": 1,
                "deletions": 0
              }
            }
          },
          {
            "hash": "8e386b77757f9b079a693766d4b7451aea9d97db",
            "messageTitle": "first",
            "messageBody": "",
            "fileTypesAndContributionMap": {
              "functional-code": {
                "insertions": 1,
                "deletions": 1
              }
            }
          }
        ]
      },
      {
        "date": "2020-10-05",
        "commitResults": [
          {
            "hash": "011e6075e23bb38692d7c1f2ad4f331d0e09072b",
            "messageTitle": "Finance ver1.0",
            "messageBody": "",
            "fileTypesAndContributionMap": {
              "functional-code": {
                "insertions": 70,
                "deletions": 1
              },
              "docs": {
                "insertions": 1,
                "deletions": 0
              }
            }
          }
        ]
      },
      {
        "date": "2020-10-06",
        "commitResults": [
          {
            "hash": "f99a8bd25f6241c841a54a22ee618aaf9570db79",
            "messageTitle": "finance ver1.1",
            "messageBody": "",
            "fileTypesAndContributionMap": {
              "functional-code": {
                "insertions": 25,
                "deletions": 34
              }
            }
          }
        ]
      },
      {
        "date": "2020-10-09",
        "commitResults": [
          {
            "hash": "03d5fe76825d7bd590b7300d6a5b3b44233edd3b",
            "messageTitle": "complete ver1.0",
            "messageBody": "",
            "fileTypesAndContributionMap": {
              "functional-code": {
                "insertions": 123,
                "deletions": 23
              }
            }
          }
        ]
      },
      {
        "date": "2020-10-11",
        "commitResults": [
          {
            "hash": "b382c26e767d02ef45c678d859f4fe7186b94cd2",
            "messageTitle": "Version 1.0",
            "messageBody": "",
            "fileTypesAndContributionMap": {
              "functional-code": {
                "insertions": 134,
                "deletions": 72
              }
            }
          },
          {
            "hash": "e3ae3918bc06a8f92bc65f287c411559bebc7b80",
            "messageTitle": "Wang Zixin Finance version1.0",
            "messageBody": "",
            "fileTypesAndContributionMap": {
              "functional-code": {
                "insertions": 44,
                "deletions": 43
              },
              "test-code": {
                "insertions": 2,
                "deletions": 2
              }
            }
          },
          {
            "hash": "80689ec19964efe63623237688ea6a897790cb45",
            "messageTitle": "Wang Zixin Finance version 1.0",
            "messageBody": "",
            "fileTypesAndContributionMap": {
              "functional-code": {
                "insertions": 8,
                "deletions": 9
              }
            }
          },
          {
            "hash": "1337448b9da87a0f245b471c1bbd8351c5f84164",
            "messageTitle": "Wang Zixin Finance version 1.0",
            "messageBody": "",
            "fileTypesAndContributionMap": {
              "functional-code": {
                "insertions": 2,
                "deletions": 2
              }
            }
          },
          {
            "hash": "c63b438990b0f34adab81826e16cd291e405c112",
            "messageTitle": "Wang Zixin Finance version1.0",
            "messageBody": "",
            "fileTypesAndContributionMap": {
              "test-code": {
                "insertions": 8,
                "deletions": 8
              }
            }
          }
        ]
      },
      {
        "date": "2020-10-12",
        "commitResults": [
          {
            "hash": "cb32f0aef2907299be76571d0d32f04cc5706e03",
            "messageTitle": "Wang Zixin Finance version1.0",
            "messageBody": "",
            "fileTypesAndContributionMap": {
              "functional-code": {
                "insertions": 2,
                "deletions": 2
              }
            }
          }
        ]
      },
      {
        "date": "2020-10-13",
        "commitResults": [
          {
            "hash": "1b90c0682278109a0c43af917f3b1ec406b3fe46",
            "messageTitle": "Wang Zixin Finance version1.0",
            "messageBody": "",
            "fileTypesAndContributionMap": {
              "functional-code": {
                "insertions": 0,
                "deletions": 1
              }
            }
          }
        ]
      },
      {
        "date": "2020-10-14",
        "commitResults": [
          {
            "hash": "44f238301e67433859239ea1e150a4202c6bf304",
            "messageTitle": "folder change",
            "messageBody": "",
            "fileTypesAndContributionMap": {
              "functional-code": {
                "insertions": 0,
                "deletions": 214
              }
            }
          },
          {
            "hash": "c75f15a06a9e58b5ad4660f09afbfa8a23af48c7",
            "messageTitle": "folder name change complete",
            "messageBody": "",
            "fileTypesAndContributionMap": {
              "functional-code": {
                "insertions": 214,
                "deletions": 0
              }
            }
          },
          {
            "hash": "ff6698fa3018e717249596a2516d04d9fd5f2202",
            "messageTitle": "Make finance more defensive",
            "messageBody": "",
            "fileTypesAndContributionMap": {
              "functional-code": {
                "insertions": 38,
                "deletions": 15
              },
              "other": {
                "insertions": 1,
                "deletions": 0
              },
              "test-code": {
                "insertions": 25,
                "deletions": 20
              }
            }
          },
          {
            "hash": "a4258bddce7853526feca5a06211e8f328310fdf",
            "messageTitle": "Make code more defensive",
            "messageBody": "",
            "fileTypesAndContributionMap": {
              "functional-code": {
                "insertions": 2,
                "deletions": 2
              }
            }
          }
        ]
      },
      {
        "date": "2020-10-15",
        "commitResults": [
          {
            "hash": "50aef7f9cb469739bd14286c9117d1ce6694bcca",
            "messageTitle": "Finance User Guide update and fix bug",
            "messageBody": "",
            "fileTypesAndContributionMap": {
              "functional-code": {
                "insertions": 11,
                "deletions": 2
              },
              "docs": {
                "insertions": 27,
                "deletions": 1
              }
            }
          },
          {
            "hash": "94a5c649c7d92b5127427416b9ef7094d8419993",
            "messageTitle": "Finance User guide update and fix bug",
            "messageBody": "",
            "fileTypesAndContributionMap": {
              "functional-code": {
                "insertions": 1,
                "deletions": 1
              }
            }
          }
        ]
      },
      {
        "date": "2020-10-18",
        "commitResults": [
          {
            "hash": "334f631b80ce5b7a5a05abfd78369f834253bd46",
            "messageTitle": "Add exceptions",
            "messageBody": "",
            "fileTypesAndContributionMap": {
              "functional-code": {
                "insertions": 24,
                "deletions": 3
              }
            }
          }
        ]
      },
      {
        "date": "2020-10-20",
        "commitResults": [
          {
            "hash": "96116585e25326b5745d630f4273d07843d00568",
            "messageTitle": "Finance User Guide",
            "messageBody": "",
            "fileTypesAndContributionMap": {
              "docs": {
                "insertions": 0,
                "deletions": 4
              }
            }
          }
        ]
      },
      {
        "date": "2020-10-21",
        "commitResults": [
          {
            "hash": "970d96f3fcfc7abd7b5ba4d66cd7386ffc00e300",
            "messageTitle": "hr ver 2",
            "messageBody": "",
            "fileTypesAndContributionMap": {
              "functional-code": {
                "insertions": 142,
                "deletions": 0
              },
              "docs": {
                "insertions": 60,
                "deletions": 0
              }
            }
          },
          {
            "hash": "6b49af9db6fcff37289b96c0e4985154dbcb473c",
            "messageTitle": "hr ver2.0",
            "messageBody": "",
            "fileTypesAndContributionMap": {
              "functional-code": {
                "insertions": 1,
                "deletions": 1
              }
            }
          },
          {
            "hash": "f44b00d8736078cbd6bccd363556511cd9969817",
            "messageTitle": "hr version2.0",
            "messageBody": "",
            "fileTypesAndContributionMap": {
              "functional-code": {
                "insertions": 168,
                "deletions": 5
              }
            }
          },
          {
            "hash": "681c12b145b0ba42c79ff91241c0c81dd6afe512",
            "messageTitle": "hr ver2.0",
            "messageBody": "",
            "fileTypesAndContributionMap": {
              "functional-code": {
                "insertions": 3,
                "deletions": 3
              }
            }
          },
          {
            "hash": "7e3c054b78c38650953c77db1129e6bd6f88c6b4",
            "messageTitle": "DG UG update",
            "messageBody": "",
            "fileTypesAndContributionMap": {
              "functional-code": {
                "insertions": 14,
                "deletions": 8
              },
              "other": {
                "insertions": 3,
                "deletions": 5
              },
              "docs": {
                "insertions": 42,
                "deletions": 3
              }
            }
          }
        ]
      },
      {
        "date": "2020-10-22",
        "commitResults": [
          {
            "hash": "4106420db0394b7a9c65c7ecbf2cea625d97990f",
            "messageTitle": "update UG",
            "messageBody": "",
            "fileTypesAndContributionMap": {
              "docs": {
                "insertions": 20,
                "deletions": 19
              }
            }
          },
          {
            "hash": "de77f75f796b0341c72613254ff69cafdcc05bbc",
            "messageTitle": "update",
            "messageBody": "",
            "fileTypesAndContributionMap": {
              "test-code": {
                "insertions": 6,
                "deletions": 5
              }
            }
          },
          {
            "hash": "929937e08798acb28f63a87b5382afc0916befa5",
            "messageTitle": "UG",
            "messageBody": "",
            "fileTypesAndContributionMap": {
              "docs": {
                "insertions": 4,
                "deletions": 4
              }
            }
          }
        ]
      },
      {
        "date": "2020-10-28",
        "commitResults": [
          {
            "hash": "987d05a5f7a529c8ffda3113ebea2334501029ec",
            "messageTitle": "DG UG update",
            "messageBody": "",
            "fileTypesAndContributionMap": {
              "functional-code": {
                "insertions": 5,
                "deletions": 0
              },
              "docs": {
                "insertions": 28,
                "deletions": 10
              }
            }
          },
          {
            "hash": "93d2bbb25720a9e456719b86e47f915ac8c74b18",
            "messageTitle": "update UG",
            "messageBody": "",
            "fileTypesAndContributionMap": {
              "docs": {
                "insertions": 9,
                "deletions": 0
              }
            }
          }
        ]
      }
    ],
    "Varsha3006": [
      {
        "date": "2020-10-02",
        "commitResults": [
          {
            "hash": "839bef0085530d6e16777fc86563d5eef610e7d2",
            "messageTitle": "Varsha-AboutUs",
            "messageBody": "",
            "fileTypesAndContributionMap": {
              "docs": {
                "insertions": 1,
                "deletions": 1
              }
            }
          }
        ]
      },
      {
        "date": "2020-10-10",
        "commitResults": [
          {
            "hash": "2498203b603fa272a84bf680d6e48f5feff6d893",
            "messageTitle": "Did some minor changes",
            "messageBody": "",
            "fileTypesAndContributionMap": {
              "functional-code": {
                "insertions": 71,
                "deletions": 2
              },
              "test-code": {
                "insertions": 5,
                "deletions": 0
              }
            }
          }
        ]
      },
      {
        "date": "2020-10-11",
        "commitResults": [
          {
            "hash": "9b9f08abb8aa08e2774084980067cba7c9c668be",
            "messageTitle": "Done Version 1. Added add,delete and list for event package.",
            "messageBody": "",
            "fileTypesAndContributionMap": {
              "functional-code": {
                "insertions": 154,
                "deletions": 24
              }
            }
          },
          {
            "hash": "8ef83bafe2bd170586bae79c32f1d568f4521d93",
            "messageTitle": "updated code",
            "messageBody": "",
            "fileTypesAndContributionMap": {
              "functional-code": {
                "insertions": 6,
                "deletions": 4
              }
            }
          },
          {
            "hash": "49f85b5890d8cb8578f313af7d1ceceff9826e30",
            "messageTitle": "Update Ui.java",
            "messageBody": "",
            "fileTypesAndContributionMap": {
              "functional-code": {
                "insertions": 1,
                "deletions": 1
              }
            }
          },
          {
            "hash": "41a768a8378f87a472f34153eac5af59be3085e1",
            "messageTitle": "CheckStyle update",
            "messageBody": "",
            "fileTypesAndContributionMap": {
              "functional-code": {
                "insertions": 20,
                "deletions": 18
              }
            }
          },
          {
            "hash": "3e365a9cc968e9ede559ac0e98611f1bec999b37",
            "messageTitle": "checkStyle update",
            "messageBody": "",
            "fileTypesAndContributionMap": {
              "functional-code": {
                "insertions": 5,
                "deletions": 3
              }
            }
          },
          {
            "hash": "3e27a1787f449217627cf2c90403966328083a4c",
            "messageTitle": "CheckStyle2",
            "messageBody": "",
            "fileTypesAndContributionMap": {
              "functional-code": {
                "insertions": 6,
                "deletions": 5
              }
            }
          },
          {
            "hash": "de374b46f76a292c5b0b4da843db103d6a13f422",
            "messageTitle": "checkStyle update",
            "messageBody": "",
            "fileTypesAndContributionMap": {
              "test-code": {
                "insertions": 1,
                "deletions": 0
              }
            }
          },
          {
            "hash": "e7948b387c335c28db8d22e371385d7fdb927e70",
            "messageTitle": "Added one Junit Test",
            "messageBody": "",
            "fileTypesAndContributionMap": {
              "test-code": {
                "insertions": 19,
                "deletions": 0
              }
            }
          }
        ]
      },
      {
        "date": "2020-10-14",
        "commitResults": [
          {
            "hash": "43894a401f68ad506042e6e662fd90d8009927f1",
            "messageTitle": "white space",
            "messageBody": "",
            "fileTypesAndContributionMap": {
              "functional-code": {
                "insertions": 1,
                "deletions": 1
              }
            }
          },
          {
            "hash": "eff28d11f2da6592fade0589aad8ec6a76d83616",
            "messageTitle": "Added Junit tests for event",
            "messageBody": "",
            "fileTypesAndContributionMap": {
              "functional-code": {
                "insertions": 2,
                "deletions": 2
              },
              "test-code": {
                "insertions": 26,
                "deletions": 3
              }
            }
          },
          {
            "hash": "ee5c0888044fcf97b9302d3dfeafa27316af107e",
            "messageTitle": "Junit test update",
            "messageBody": "",
            "fileTypesAndContributionMap": {
              "test-code": {
                "insertions": 6,
                "deletions": 5
              }
            }
          },
          {
            "hash": "3951ecf011103304668a74417db761b05efe5d85",
            "messageTitle": "Changed package name for finance",
            "messageBody": "",
            "fileTypesAndContributionMap": {
              "functional-code": {
                "insertions": 1,
                "deletions": 0
              },
              "test-code": {
                "insertions": 0,
                "deletions": 3
              }
            }
          },
          {
            "hash": "318837cf26a67ba1117a05dbdba7bde8b7b22311",
            "messageTitle": "Deleted Event to change package name later",
            "messageBody": "",
            "fileTypesAndContributionMap": {
              "functional-code": {
                "insertions": 0,
                "deletions": 194
              }
            }
          },
          {
            "hash": "eedc999ff5c415b6a3f8dbb0698c4b3eafec948f",
            "messageTitle": "Changed package name",
            "messageBody": "",
            "fileTypesAndContributionMap": {
              "functional-code": {
                "insertions": 194,
                "deletions": 0
              }
            }
          }
        ]
      },
      {
        "date": "2020-10-15",
        "commitResults": [
          {
            "hash": "63e4162d685d97977de5032cfec6414a94050232",
            "messageTitle": "Added User Guide",
            "messageBody": "",
            "fileTypesAndContributionMap": {
              "docs": {
                "insertions": 74,
                "deletions": 25
              }
            }
          },
          {
            "hash": "4a3926ad0f50d1db37f02a5a76c6e42e7f4dd1e8",
            "messageTitle": "added logger to event code",
            "messageBody": "",
            "fileTypesAndContributionMap": {
              "functional-code": {
                "insertions": 10,
                "deletions": 1
              },
              "other": {
                "insertions": 3,
                "deletions": 0
              }
            }
          },
          {
            "hash": "a71a0deea2deee6a60b9149aaccc50fb2002c050",
            "messageTitle": "added logger to event code",
            "messageBody": "",
            "fileTypesAndContributionMap": {
              "functional-code": {
                "insertions": 1,
                "deletions": 1
              },
              "other": {
                "insertions": 0,
                "deletions": 3
              }
            }
          },
          {
            "hash": "242e0c9c1be9189fe43daf8f3df60bf7b1ea816f",
            "messageTitle": "Updated help command",
            "messageBody": "",
            "fileTypesAndContributionMap": {
              "functional-code": {
                "insertions": 11,
                "deletions": 2
              }
            }
          },
          {
            "hash": "68f87865a7c1a0e67b62ce857329a65d8d6ede38",
            "messageTitle": "Edited input.txt",
            "messageBody": "",
            "fileTypesAndContributionMap": {
              "other": {
                "insertions": 0,
                "deletions": 1
              }
            }
          }
        ]
      },
      {
        "date": "2020-10-18",
        "commitResults": [
          {
            "hash": "69e69451e975de03c60152596f3cf9c000236c9e",
            "messageTitle": "Updated Code for next iteration",
            "messageBody": "",
            "fileTypesAndContributionMap": {
              "functional-code": {
                "insertions": 30,
                "deletions": 2
              }
            }
          },
          {
            "hash": "e1d7fd22cad8187c3515ad8d8664e9e9e20ee95e",
            "messageTitle": "Added version 2 increment- mark event as completed",
            "messageBody": "",
            "fileTypesAndContributionMap": {
              "functional-code": {
                "insertions": 94,
                "deletions": 7
              }
            }
          },
          {
            "hash": "65049c478a30f1788b39a1e390a93d3507794b17",
            "messageTitle": "upaded code for the next iteration",
            "messageBody": "",
            "fileTypesAndContributionMap": {
              "functional-code": {
                "insertions": 4,
                "deletions": 2
              },
              "test-code": {
                "insertions": 18,
                "deletions": 7
              }
            }
          },
          {
            "hash": "12dcc065db4d5bd524576a78920cfbea1da1a793",
            "messageTitle": "User guide update",
            "messageBody": "",
            "fileTypesAndContributionMap": {
              "docs": {
                "insertions": 27,
                "deletions": 1
              }
            }
          }
        ]
      },
      {
        "date": "2020-10-20",
        "commitResults": [
          {
            "hash": "eccd11f388ab88384c555381276d6c8d924902eb",
            "messageTitle": "Added search function, countdown feature and mark as done feature",
            "messageBody": "",
            "fileTypesAndContributionMap": {
              "functional-code": {
                "insertions": 181,
                "deletions": 16
              },
              "docs": {
                "insertions": 32,
                "deletions": 2
              },
              "test-code": {
                "insertions": 1,
                "deletions": 1
              }
            }
          },
          {
            "hash": "8b1f608cde0496966b8c0a233a3489d998226875",
            "messageTitle": "Updated userguide",
            "messageBody": "",
            "fileTypesAndContributionMap": {
              "docs": {
                "insertions": 3,
                "deletions": 3
              }
            }
          },
          {
            "hash": "f9876656292ab9d6464577ea76e7fc0902b78ab6",
            "messageTitle": "Added test for new functions",
            "messageBody": "",
            "fileTypesAndContributionMap": {
              "functional-code": {
                "insertions": 43,
                "deletions": 35
              },
              "test-code": {
                "insertions": 20,
                "deletions": 5
              }
            }
          }
        ]
      },
      {
        "date": "2020-10-21",
        "commitResults": [
          {
            "hash": "f6155ac657dea6727edcdf0c1eb0ca81a861c7ee",
            "messageTitle": "resolved CheckStyle errors",
            "messageBody": "",
            "fileTypesAndContributionMap": {
              "functional-code": {
                "insertions": 67,
                "deletions": 61
              }
            }
          },
          {
            "hash": "e81fc74d28149b14d7d2b34ac5d9ed92a941331a",
            "messageTitle": "Fixed checksyle 2",
            "messageBody": "",
            "fileTypesAndContributionMap": {
              "functional-code": {
                "insertions": 5,
                "deletions": 4
              }
            }
          },
          {
            "hash": "ea48b892ed88055e6acfe889be927b8d230197c0",
            "messageTitle": "Checkstyle fix for test",
            "messageBody": "",
            "fileTypesAndContributionMap": {
              "test-code": {
                "insertions": 4,
                "deletions": 4
              }
            }
          },
          {
            "hash": "d0ad6cecf8f0b7baf7512af29a579a017c450921",
            "messageTitle": "checktyle3 fix for eventTest",
            "messageBody": "",
            "fileTypesAndContributionMap": {
              "test-code": {
                "insertions": 1,
                "deletions": 1
              }
            }
          },
          {
            "hash": "4b977287c8166c30878b19ef07458dfa0e0d07d4",
            "messageTitle": "added architecture diagram to developer guide",
            "messageBody": "",
            "fileTypesAndContributionMap": {
              "docs": {
                "insertions": 13,
                "deletions": 2
              }
            }
          },
          {
            "hash": "2536c534e89682e81a0eef638da995386294b66d",
            "messageTitle": "Fixed bug in shorthand command",
            "messageBody": "",
            "fileTypesAndContributionMap": {
              "functional-code": {
                "insertions": 5,
                "deletions": 7
              },
              "docs": {
                "insertions": 11,
                "deletions": 6
              }
            }
          }
        ]
      },
      {
        "date": "2020-10-22",
        "commitResults": [
          {
            "hash": "258a0256d31221035ac95aa8a58cd18075d1ab54",
            "messageTitle": "Updated developer guide - added TOC and event diagrams",
            "messageBody": "",
            "fileTypesAndContributionMap": {
              "docs": {
                "insertions": 64,
                "deletions": 17
              }
            }
          },
          {
            "hash": "01a92e1859630a507855dce98526dcc4c1fe38d2",
            "messageTitle": "Minor edit in DG",
            "messageBody": "",
            "fileTypesAndContributionMap": {
              "docs": {
                "insertions": 4,
                "deletions": 7
              }
            }
          },
          {
            "hash": "d0481e9bf26b4135907c0899f7b7f723862ba7b4",
            "messageTitle": "UGDG edit",
            "messageBody": "",
            "fileTypesAndContributionMap": {
              "docs": {
                "insertions": 2,
                "deletions": 2
              }
            }
          },
          {
            "hash": "52bf60dcb6c2e0b828dac5b7b9aad5a984f71f9a",
            "messageTitle": "Added TOC for UG",
            "messageBody": "",
            "fileTypesAndContributionMap": {
              "docs": {
                "insertions": 34,
                "deletions": 34
              }
            }
          },
          {
            "hash": "6c83b034ae4a468607131cc3ab0e03aee3f163fd",
            "messageTitle": "updated toc",
            "messageBody": "",
            "fileTypesAndContributionMap": {
              "docs": {
                "insertions": 21,
                "deletions": 21
              }
            }
          },
          {
            "hash": "cf792e577357f202dafb6b674bfc912f855c7d02",
            "messageTitle": "update UG 2",
            "messageBody": "",
            "fileTypesAndContributionMap": {
              "docs": {
                "insertions": 11,
                "deletions": 11
              }
            }
          },
          {
            "hash": "cb56adabd88e59914ad71eeb11438be95c9e8364",
            "messageTitle": "UG toc update 3",
            "messageBody": "",
            "fileTypesAndContributionMap": {
              "docs": {
                "insertions": 13,
                "deletions": 11
              }
            }
          },
          {
            "hash": "50d52f34627c05ce9845cc69a957c5bb6de3e1e3",
            "messageTitle": "DG bug fix",
            "messageBody": "",
            "fileTypesAndContributionMap": {
              "docs": {
                "insertions": 1,
                "deletions": 1
              }
            }
          },
          {
            "hash": "13c54b5aa3278082ade91f27896a0b12bef50c8e",
            "messageTitle": "DG bug fix",
            "messageBody": "",
            "fileTypesAndContributionMap": {
              "docs": {
                "insertions": 1,
                "deletions": 2
              }
            }
          },
          {
            "hash": "5be3d17ac0b087d4632fdb8d4254da818aa990dd",
            "messageTitle": "DG TOC update",
            "messageBody": "",
            "fileTypesAndContributionMap": {
              "docs": {
                "insertions": 15,
                "deletions": 15
              }
            }
          }
        ]
      },
      {
        "date": "2020-10-26",
        "commitResults": [
          {
            "hash": "a81cc8d92ba681a0ba5e8e9c82684ed748c20dac",
            "messageTitle": "Added sequence diagram to developer guide. Updated UG commands Fixed bugs in event search function",
            "messageBody": "",
            "fileTypesAndContributionMap": {
              "functional-code": {
                "insertions": 133,
                "deletions": 30
              },
              "docs": {
                "insertions": 78,
                "deletions": 7
              },
              "test-code": {
                "insertions": 92,
                "deletions": 73
              }
            }
          },
          {
            "hash": "4517f775a1e207c9a6e6b1330fc249a64bd2b54d",
            "messageTitle": "Fixed some formatting issues with DG",
            "messageBody": "",
            "fileTypesAndContributionMap": {
              "docs": {
                "insertions": 5,
                "deletions": 1
              }
            }
          },
          {
            "hash": "dba06161e30fb901eca1eab1b809090fb989931d",
            "messageTitle": "updated DG sequence diagrams",
            "messageBody": "",
            "fileTypesAndContributionMap": {
              "functional-code": {
                "insertions": 12,
                "deletions": 5
              },
              "docs": {
                "insertions": 1,
                "deletions": 0
              }
            }
          },
          {
            "hash": "964ec582041068a9ba279795c6997dd48c7ae77d",
            "messageTitle": "fixed checkstyle for LOGO",
            "messageBody": "",
            "fileTypesAndContributionMap": {
              "functional-code": {
                "insertions": 17,
                "deletions": 8
              }
            }
          }
        ]
      },
      {
        "date": "2020-10-27",
        "commitResults": [
          {
            "hash": "feb46113726ba7123ee95a61a2a0b7f2962dc301",
            "messageTitle": "Update UG",
            "messageBody": "",
            "fileTypesAndContributionMap": {
              "docs": {
                "insertions": 13,
                "deletions": 11
              }
            }
          },
          {
            "hash": "25b6c8dd96174f03567a1c949790e66c95d30323",
            "messageTitle": "Changed logo back to duke",
            "messageBody": "",
            "fileTypesAndContributionMap": {
              "functional-code": {
                "insertions": 5,
                "deletions": 14
              }
            }
          },
          {
            "hash": "4d11d707f83428e465af544954d4a8ab0c6557a5",
            "messageTitle": "Changed logo back to DUKE",
            "messageBody": "",
            "fileTypesAndContributionMap": {
              "other": {
                "insertions": 2,
                "deletions": 2
              }
            }
          },
          {
            "hash": "51fc0087fb5e31b2a4bd833fc8b652d02b8d3833",
            "messageTitle": "Updated UG Added pictures to Event Added a \"about this user guide\" section Changed Command summary to alphabetical order",
            "messageBody": "",
            "fileTypesAndContributionMap": {
              "functional-code": {
                "insertions": 11,
                "deletions": 1
              },
              "docs": {
                "insertions": 132,
                "deletions": 52
              }
            }
          },
          {
            "hash": "2be719315b22c9d1e1b18bce9b69fd617c9162b1",
            "messageTitle": "Changed hyperlinks",
            "messageBody": "",
            "fileTypesAndContributionMap": {
              "docs": {
                "insertions": 7,
                "deletions": 7
              }
            }
          },
          {
            "hash": "cb665e59b9b0cc339dbaf151e7960c417f276c64",
            "messageTitle": "Changed Hyperlinks",
            "messageBody": "",
            "fileTypesAndContributionMap": {
              "docs": {
                "insertions": 7,
                "deletions": 7
              }
            }
          }
        ]
      },
      {
        "date": "2020-10-28",
        "commitResults": [
          {
            "hash": "e9626b9b135b946cf23c59f5c398511a71c66764",
            "messageTitle": "Updated Help command with new commands. Added overall Architecture for Event Updated UGDG",
            "messageBody": "",
            "fileTypesAndContributionMap": {
              "functional-code": {
                "insertions": 25,
                "deletions": 12
              },
              "docs": {
                "insertions": 23,
                "deletions": 4
              },
              "test-code": {
                "insertions": 17,
                "deletions": 14
              }
            }
          },
          {
            "hash": "c262df71097470ce7b394c4d646df2299ce6ec5d",
            "messageTitle": "DG update",
            "messageBody": "",
            "fileTypesAndContributionMap": {
              "docs": {
                "insertions": 4,
                "deletions": 3
              }
            }
          },
          {
            "hash": "14eac89e8d11ac282c7311f59906e1ac6051aaf2",
            "messageTitle": "Updated EventTest",
            "messageBody": "",
            "fileTypesAndContributionMap": {
              "test-code": {
                "insertions": 1,
                "deletions": 1
              }
            }
          }
        ]
      }
    ],
    "JohnNub": [
      {
        "date": "2020-10-02",
        "commitResults": [
          {
            "hash": "b9244c4a8dc4cf3981d217ff798c11dcaf11ddb8",
            "messageTitle": "Update AbountUs.md",
            "messageBody": "",
            "fileTypesAndContributionMap": {
              "docs": {
                "insertions": 1,
                "deletions": 1
              }
            }
          },
          {
            "hash": "31f32090074ee087c0184bf36c204dcaa1a66b7d",
            "messageTitle": "Add Parser and UserInput",
            "messageBody": "Add clasess for parsing and managing user input for handing over\nto other commands.\n",
            "fileTypesAndContributionMap": {
              "functional-code": {
                "insertions": 114,
                "deletions": 0
              }
            }
          },
          {
            "hash": "9cecffdf804050629758b0ab77da17ce479f7b8f",
            "messageTitle": "Modify Parser.java",
            "messageBody": "Corrected javadoc style to fix checkstyle error.\n",
            "fileTypesAndContributionMap": {
              "functional-code": {
                "insertions": 3,
                "deletions": 3
              }
            }
          }
        ]
      },
      {
        "date": "2020-10-09",
        "commitResults": [
          {
            "hash": "3103db49f1b6bd4f0586f572dc2ef8dbdabfdf6c",
            "messageTitle": "Implement Parser, UserInput, UI and Command",
            "messageBody": "Add required backend classes to set up the basic framework\nrequired for the application to function.\n",
            "fileTypesAndContributionMap": {
              "functional-code": {
                "insertions": 239,
                "deletions": 9
              }
            }
          },
          {
            "hash": "c4ec7490ba6ba5281028b75f9a7f3aba4c2cac99",
            "messageTitle": "Resolve coding standard errors.",
            "messageBody": "Tidy up formatting of variables and names.\n",
            "fileTypesAndContributionMap": {
              "functional-code": {
                "insertions": 18,
                "deletions": 14
              }
            }
          },
          {
            "hash": "ce0e9617ea540240e7ee452d413d1d0e3dfc6c45",
            "messageTitle": "Update text-ui-test files.",
            "messageBody": "Correct for compliance with automated testing checks\n",
            "fileTypesAndContributionMap": {
              "other": {
                "insertions": 3,
                "deletions": 1
              }
            }
          }
        ]
      },
      {
        "date": "2020-10-11",
        "commitResults": [
          {
            "hash": "2c409b7dd9916c9e84e752afad6aaf4b812c790b",
            "messageTitle": "Add Exception Classes",
            "messageBody": "Add exception classes to fix a bug when a command fails due to\ninvalid arguments. This new method also provides better\nextensibility of code with dedicated handling routines for\neach type of command result.\n",
            "fileTypesAndContributionMap": {
              "functional-code": {
                "insertions": 22,
                "deletions": 6
              }
            }
          },
          {
            "hash": "56385dabedff149433e748d018c2a730c655c84f",
            "messageTitle": "Resolve merge conflict",
            "messageBody": "",
            "fileTypesAndContributionMap": {
              "functional-code": {
                "insertions": 0,
                "deletions": 3
              }
            }
          },
          {
            "hash": "240f1ba3a43d82c47041977debaf94f5bf03d54e",
            "messageTitle": "Resolve merge conflict",
            "messageBody": "",
            "fileTypesAndContributionMap": {
              "functional-code": {
                "insertions": 3,
                "deletions": 1
              }
            }
          }
        ]
      },
      {
        "date": "2020-10-13",
        "commitResults": [
          {
            "hash": "0502f72d04261fb92bd3add8a57c2451bad30bdb",
            "messageTitle": "Implement JUnit Tests for Parser",
            "messageBody": "Implement JUnit Test cases 1-5 and resolve bug where argument \"\"\nwas not properly trimmed.\n",
            "fileTypesAndContributionMap": {
              "functional-code": {
                "insertions": 4,
                "deletions": 4
              },
              "test-code": {
                "insertions": 71,
                "deletions": 5
              }
            }
          },
          {
            "hash": "2261c5ccbb0bbcfbc2cb3d0b1528917843663b22",
            "messageTitle": "Tidy JUnit Test Code",
            "messageBody": "",
            "fileTypesAndContributionMap": {
              "test-code": {
                "insertions": 15,
                "deletions": 15
              }
            }
          },
          {
            "hash": "747cba24992bfe77e8b5cce6759e1b5a4341da5e",
            "messageTitle": "Fix variable social distancing",
            "messageBody": "",
            "fileTypesAndContributionMap": {
              "test-code": {
                "insertions": 8,
                "deletions": 6
              }
            }
          },
          {
            "hash": "6f450b3ee8272d4be7f5204e5f0e9179b3ead468",
            "messageTitle": "Add getters and setters to Event",
            "messageBody": "",
            "fileTypesAndContributionMap": {
              "functional-code": {
                "insertions": 21,
                "deletions": 2
              }
            }
          }
        ]
      },
      {
        "date": "2020-10-14",
        "commitResults": [
          {
            "hash": "0d1a6eb3b9ac2874ae24065b3da5b108242d8b4c",
            "messageTitle": "Implement FileManager",
            "messageBody": "Initial version of FileManager\n",
            "fileTypesAndContributionMap": {
              "functional-code": {
                "insertions": 187,
                "deletions": 0
              }
            }
          },
          {
            "hash": "59caf7479cd5655a26876a33a369e2a084cf9553",
            "messageTitle": "Implement FileManager",
            "messageBody": "",
            "fileTypesAndContributionMap": {
              "functional-code": {
                "insertions": 27,
                "deletions": 7
              }
            }
          },
          {
            "hash": "e4aa9c8a0e7d93fa782d548d61aac3260b31ea10",
            "messageTitle": "Add basic logging to FileManager",
            "messageBody": "",
            "fileTypesAndContributionMap": {
              "functional-code": {
                "insertions": 10,
                "deletions": 1
              }
            }
          },
          {
            "hash": "5f5ef1e5a55a23691e6f8ec87c03c2e725f641ed",
            "messageTitle": "Correct method name in FileManagerTest.java",
            "messageBody": "",
            "fileTypesAndContributionMap": {
              "test-code": {
                "insertions": 16,
                "deletions": 11
              }
            }
          },
          {
            "hash": "6e5d1cd339f55cbe2b99571054db819b9c357f0a",
            "messageTitle": "Resolve merge conflict",
            "messageBody": "",
            "fileTypesAndContributionMap": {
              "test-code": {
                "insertions": 1,
                "deletions": 22
              }
            }
          },
          {
            "hash": "28f62ff5396814b368c61b65933b5b6625388940",
            "messageTitle": "Corrected text-ui-test to account for saved data",
            "messageBody": "the test cases have been removed for now as the saved data\nwill cause the test case to fail depending on the previous\nstate of the application when saved.\n",
            "fileTypesAndContributionMap": {
              "other": {
                "insertions": 0,
                "deletions": 4
              }
            }
          }
        ]
      },
      {
        "date": "2020-10-16",
        "commitResults": [
          {
            "hash": "e146de3e5f23decd82b97fb978e339a8f698d028",
            "messageTitle": "Implement relative time in Event",
            "messageBody": "",
            "fileTypesAndContributionMap": {
              "functional-code": {
                "insertions": 65,
                "deletions": 5
              }
            }
          },
          {
            "hash": "fdd8808de1eb9e95dd9f30322ac67fe5fbbca6ca",
            "messageTitle": "Correction to setDateTime",
            "messageBody": "",
            "fileTypesAndContributionMap": {
              "functional-code": {
                "insertions": 4,
                "deletions": 1
              }
            }
          },
          {
            "hash": "daf1a2d3402c33fd89b673b4d6caa09a91e14f17",
            "messageTitle": "Corrected the correction of the correction",
            "messageBody": "",
            "fileTypesAndContributionMap": {
              "functional-code": {
                "insertions": 1,
                "deletions": 1
              }
            }
          }
        ]
      },
      {
        "date": "2020-10-17",
        "commitResults": [
          {
            "hash": "f2839e7c3d423c028328454ffb1c4c3ff0393a13",
            "messageTitle": "Add Shorthand Command for Event",
            "messageBody": "",
            "fileTypesAndContributionMap": {
              "functional-code": {
                "insertions": 25,
                "deletions": 9
              }
            }
          },
          {
            "hash": "5f9aeda4e1f93fa563583ebf706f93d6d9ab12e6",
            "messageTitle": "Add shorthand commands to Finance",
            "messageBody": "",
            "fileTypesAndContributionMap": {
              "functional-code": {
                "insertions": 31,
                "deletions": 10
              }
            }
          },
          {
            "hash": "cc4a5f15bd4fa5e237221b8148b2cbcd4796684c",
            "messageTitle": "Add shorthand commands for Member",
            "messageBody": "",
            "fileTypesAndContributionMap": {
              "functional-code": {
                "insertions": 16,
                "deletions": 7
              }
            }
          },
          {
            "hash": "c8d1bc7ea660705b6585724e11fa9813f9f548bf",
            "messageTitle": "Correct input validation for Add Memeber",
            "messageBody": "",
            "fileTypesAndContributionMap": {
              "functional-code": {
                "insertions": 1,
                "deletions": 1
              }
            }
          }
        ]
      },
      {
        "date": "2020-10-19",
        "commitResults": [
          {
            "hash": "82eb55f049155d50ea89d08dfcd52f3d523dd9a5",
            "messageTitle": "Optimized CommandFinanceDel error handling",
            "messageBody": "",
            "fileTypesAndContributionMap": {
              "functional-code": {
                "insertions": 0,
                "deletions": 3
              }
            }
          },
          {
            "hash": "fb35d1a97279d5d756239842b9d3d7fdb525ef3a",
            "messageTitle": "Updated Developer Guide",
            "messageBody": "",
            "fileTypesAndContributionMap": {
              "docs": {
                "insertions": 53,
                "deletions": 4
              }
            }
          }
        ]
      },
      {
        "date": "2020-10-20",
        "commitResults": [
          {
            "hash": "5163fe838c991b3e68dbf5444550061d81b18f96",
            "messageTitle": "Add experimental Table of Contents",
            "messageBody": "",
            "fileTypesAndContributionMap": {
              "docs": {
                "insertions": 4,
                "deletions": 0
              }
            }
          }
        ]
      },
      {
        "date": "2020-10-21",
        "commitResults": [
          {
            "hash": "1abc26c74a4b60a20e2efc2eb2a6924abe772824",
            "messageTitle": "Implement COmmandImportCsv",
            "messageBody": "",
            "fileTypesAndContributionMap": {
              "functional-code": {
                "insertions": 153,
                "deletions": 1
              }
            }
          }
        ]
      },
      {
        "date": "2020-10-27",
        "commitResults": [
          {
            "hash": "3f389f6d9392c15718a7696ada11829b09b6c08d",
            "messageTitle": "Update CommandImportCsv",
            "messageBody": "Push import command live. Bug fixes and improved reliablity.\n",
            "fileTypesAndContributionMap": {
              "functional-code": {
                "insertions": 33,
                "deletions": 23
              }
            }
          }
        ]
      },
      {
        "date": "2020-10-28",
        "commitResults": [
          {
            "hash": "0762dbfa175bd05bb2639a44c9194c957b514df2",
            "messageTitle": "Correct formatting error",
            "messageBody": "",
            "fileTypesAndContributionMap": {
              "functional-code": {
                "insertions": 1,
                "deletions": 1
              }
            }
          },
          {
            "hash": "ebaf394c175e42c35905024459eba73a121800f5",
            "messageTitle": "Fix test case",
            "messageBody": "",
            "fileTypesAndContributionMap": {
              "test-code": {
                "insertions": 1,
                "deletions": 1
              }
            }
          },
          {
            "hash": "3d342a1397106c6bcad53e87634743bc0c43a8a9",
            "messageTitle": "Update Developer Guide",
            "messageBody": "",
            "fileTypesAndContributionMap": {
              "docs": {
                "insertions": 65,
                "deletions": 0
              }
            }
          }
        ]
      }
    ]
  },
  "authorFileTypeContributionMap": {
    "yeyutong811": {
      "docs": 153,
      "functional-code": 420,
      "test-code": 46,
      "other": 3
    },
    "WangZixin67": {
      "docs": 146,
      "functional-code": 591,
      "test-code": 26,
      "other": 1
    },
    "Varsha3006": {
      "docs": 359,
      "functional-code": 603,
      "test-code": 95
    },
    "JohnNub": {
      "docs": 157,
      "functional-code": 959,
      "test-code": 159,
      "other": 1
    }
  },
  "authorContributionVariance": {
    "yeyutong811": 8082.619,
    "WangZixin67": 16924.938,
    "Varsha3006": 19310.557,
    "JohnNub": 5982.65
  },
  "authorDisplayNameMap": {
    "yeyutong811": "CS2113T-F14-1 YE Y..TONG",
    "WangZixin67": "CS2113T-F14-1 WANG..IXIN",
    "Varsha3006": "CS2113T-F14-1 VARS..A MS",
    "JohnNub": "CS2113T-F14-1 JOHN..IANG"
  }
}
