{
  "authorDailyContributionsMap": {
    "jlifah": [
      {
        "date": "2020-10-01",
        "commitResults": [
          {
            "hash": "47dc49fe84485269c7e81f7d763d11d33af17ab4",
            "messageTitle": "updated AboutUS.md-Jenny",
            "messageBody": "",
            "fileTypesAndContributionMap": {
              "functional-code": {
                "insertions": 2,
                "deletions": 2
              },
              "docs": {
                "insertions": 1,
                "deletions": 1
              }
            }
          },
          {
            "hash": "15b00e6ee256b0492b2dbd3224e22d6d605abe02",
            "messageTitle": "updated AboutUS.md-Jenny2",
            "messageBody": "",
            "fileTypesAndContributionMap": {
              "docs": {
                "insertions": 1,
                "deletions": 1
              }
            }
          }
        ]
      },
      {
        "date": "2020-10-06",
        "commitResults": [
          {
            "hash": "48cab9b5ba5472f4e3aa0f0b3e5cd271e280a5b8",
            "messageTitle": "#17 and #13",
            "messageBody": "",
            "fileTypesAndContributionMap": {
              "functional-code": {
                "insertions": 226,
                "deletions": 16
              }
            }
          },
          {
            "hash": "52948f5dfff948d3467f11afc083ff8aced2d725",
            "messageTitle": "fixed checkStyleMain error",
            "messageBody": "",
            "fileTypesAndContributionMap": {
              "functional-code": {
                "insertions": 7,
                "deletions": 6
              },
              "other": {
                "insertions": 29,
                "deletions": 25
              }
            }
          },
          {
            "hash": "dc02bf545a65f51efce6076645101822691b7760",
            "messageTitle": "fixed IO issue",
            "messageBody": "",
            "fileTypesAndContributionMap": {
              "functional-code": {
                "insertions": 31,
                "deletions": 44
              }
            }
          },
          {
            "hash": "008377775c4ec72bb40be79e3492687febfaf472",
            "messageTitle": "ArrayList fix",
            "messageBody": "",
            "fileTypesAndContributionMap": {
              "functional-code": {
                "insertions": 2,
                "deletions": 1
              }
            }
          },
          {
            "hash": "d4d91e151d6e9c7d62db9c9067b0610fa568914e",
            "messageTitle": "ArrayList error",
            "messageBody": "",
            "fileTypesAndContributionMap": {
              "functional-code": {
                "insertions": 2,
                "deletions": 3
              }
            }
          },
          {
            "hash": "897439bf255e10ca9cd95e45693b5514aa909f72",
            "messageTitle": "ArrayList error",
            "messageBody": "",
            "fileTypesAndContributionMap": {
              "functional-code": {
                "insertions": 1,
                "deletions": 0
              }
            }
          }
        ]
      },
      {
        "date": "2020-10-07",
        "commitResults": [
          {
            "hash": "86794eaf408b34dc7b727801e989003af8b47e9a",
            "messageTitle": "Fixed Scanner+CheckStyleError",
            "messageBody": "",
            "fileTypesAndContributionMap": {
              "functional-code": {
                "insertions": 34,
                "deletions": 23
              },
              "other": {
                "insertions": 1,
                "deletions": 1
              }
            }
          },
          {
            "hash": "e585b992c26a02c88c6c5b2a1c38df0ac34784a9",
            "messageTitle": "Fixed Scanner+CheckStyleError2",
            "messageBody": "",
            "fileTypesAndContributionMap": {
              "functional-code": {
                "insertions": 3,
                "deletions": 2
              }
            }
          },
          {
            "hash": "02eef9c00e9b5ade6b14ce7ffaba8e0dd9cde779",
            "messageTitle": "Fixed Scanner+CheckStyleError3",
            "messageBody": "",
            "fileTypesAndContributionMap": {
              "functional-code": {
                "insertions": 0,
                "deletions": 2
              }
            }
          }
        ]
      }
    ],
    "chewyang": [
      {
        "date": "2020-10-01",
        "commitResults": [
          {
            "hash": "cad302976e7dca9ccbf12728c786d94ec83bc308",
            "messageTitle": "updated about us",
            "messageBody": "",
            "fileTypesAndContributionMap": {
              "docs": {
                "insertions": 1,
                "deletions": 1
              }
            }
          },
          {
            "hash": "bf5c997b836199f8b986c419856c5691c07f1bf2",
            "messageTitle": "adjusted table of aboutus",
            "messageBody": "",
            "fileTypesAndContributionMap": {
              "docs": {
                "insertions": 0,
                "deletions": 1
              }
            }
          }
        ]
      },
      {
        "date": "2020-10-02",
        "commitResults": [
          {
            "hash": "24d1e09db315647b1de417c218ec426187d866cd",
            "messageTitle": "added activitymap and activitylist classes and basic getter methods",
            "messageBody": "",
            "fileTypesAndContributionMap": {
              "functional-code": {
                "insertions": 102,
                "deletions": 0
              }
            }
          },
          {
            "hash": "7d622bfdda74e32b8190c44587edacc046fade72",
            "messageTitle": "adjusted comments to fit checkstyle",
            "messageBody": "",
            "fileTypesAndContributionMap": {
              "functional-code": {
                "insertions": 2,
                "deletions": 2
              }
            }
          }
        ]
      },
      {
        "date": "2020-10-05",
        "commitResults": [
          {
            "hash": "7cc1b4a459cd14d5e77ce2a18d79e4744256dee9",
            "messageTitle": "changed naming of ActivityMap to DayMap and some of its methods for clarity, adjusted commands to use DayMap methods instead",
            "messageBody": "",
            "fileTypesAndContributionMap": {
              "functional-code": {
                "insertions": 104,
                "deletions": 79
              }
            }
          },
          {
            "hash": "fc0a5c804182e85ae135a9f3293cf5fb0b7878ab",
            "messageTitle": "adjusted code to fit checkstyle",
            "messageBody": "",
            "fileTypesAndContributionMap": {
              "functional-code": {
                "insertions": 11,
                "deletions": 17
              }
            }
          }
        ]
      },
      {
        "date": "2020-10-07",
        "commitResults": [
          {
            "hash": "4c06cb7117058f44ef7efa70650ba83183977a78",
            "messageTitle": "added java to file storage encoder",
            "messageBody": "",
            "fileTypesAndContributionMap": {
              "functional-code": {
                "insertions": 108,
                "deletions": 3
              }
            }
          }
        ]
      },
      {
        "date": "2020-10-08",
        "commitResults": [
          {
            "hash": "4754cb56979e2b77d7137924428d621d62e093ab",
            "messageTitle": "created super basic command class",
            "messageBody": "",
            "fileTypesAndContributionMap": {
              "functional-code": {
                "insertions": 13,
                "deletions": 0
              }
            }
          },
          {
            "hash": "dcf784d2759fa5f2da5d368790ba32854a0e42df",
            "messageTitle": "adjusted to fit checkstyle",
            "messageBody": "",
            "fileTypesAndContributionMap": {
              "functional-code": {
                "insertions": 3,
                "deletions": 1
              }
            }
          },
          {
            "hash": "0032a46d1adeff7383627a735e6c451dc60207ad",
            "messageTitle": "created ListCommand",
            "messageBody": "",
            "fileTypesAndContributionMap": {
              "functional-code": {
                "insertions": 43,
                "deletions": 0
              },
              "other": {
                "insertions": 2,
                "deletions": 0
              }
            }
          }
        ]
      },
      {
        "date": "2020-10-09",
        "commitResults": [
          {
            "hash": "f8bd1ecb0a128e154c9fc8e95e2148c42d844e0a",
            "messageTitle": "added [F] and [E] tags to activities toString method",
            "messageBody": "",
            "fileTypesAndContributionMap": {
              "functional-code": {
                "insertions": 2,
                "deletions": 2
              }
            }
          },
          {
            "hash": "c8829c5a8cb6e04b9a46870ad06edfde5df10757",
            "messageTitle": "ListCommand to work with the parser, slapped addcommand to test functionality, other commands might work but give unexpected errors",
            "messageBody": "",
            "fileTypesAndContributionMap": {
              "functional-code": {
                "insertions": 141,
                "deletions": 48
              }
            }
          },
          {
            "hash": "bbd1752c65a104d4fcf9c6e8b86ae5cb91876e8a",
            "messageTitle": "adjusted expected.txt and adjusted to fit checkstyle",
            "messageBody": "",
            "fileTypesAndContributionMap": {
              "functional-code": {
                "insertions": 85,
                "deletions": 84
              },
              "other": {
                "insertions": 8,
                "deletions": 11
              }
            }
          }
        ]
      }
    ],
    "e0425705": [
      {
        "date": "2020-10-01",
        "commitResults": [
          {
            "hash": "a30b7fd826b123b2bd42e4b65cec80a118f33804",
            "messageTitle": "add name",
            "messageBody": "",
            "fileTypesAndContributionMap": {
              "docs": {
                "insertions": 1,
                "deletions": 0
              }
            }
          },
          {
            "hash": "f3843d6840855957e327038be20efa09d8e45e41",
            "messageTitle": "remove hello",
            "messageBody": "",
            "fileTypesAndContributionMap": {
              "functional-code": {
                "insertions": 1,
                "deletions": 1
              }
            }
          }
        ]
      },
      {
        "date": "2020-10-04",
        "commitResults": [
          {
            "hash": "dfabe5f871ec1530fbca4915bc429c9fec038d00",
            "messageTitle": "use comments to mark out sections to be done",
            "messageBody": "",
            "fileTypesAndContributionMap": {
              "functional-code": {
                "insertions": 45,
                "deletions": 23
              }
            }
          },
          {
            "hash": "c2220a920cda47941e2c7bb3a7306eef3e90f361",
            "messageTitle": "corrected checkstyle error",
            "messageBody": "",
            "fileTypesAndContributionMap": {
              "functional-code": {
                "insertions": 14,
                "deletions": 14
              }
            }
          },
          {
            "hash": "44dcb547124bd861dce2498735697797337f3133",
            "messageTitle": "add command addActivity",
            "messageBody": "",
            "fileTypesAndContributionMap": {
              "functional-code": {
                "insertions": 76,
                "deletions": 3
              }
            }
          },
          {
            "hash": "df82ef1d1e1885b20a288484d6bd46d358c12572",
            "messageTitle": "corrected checkStyle errors",
            "messageBody": "",
            "fileTypesAndContributionMap": {
              "functional-code": {
                "insertions": 1,
                "deletions": 1
              }
            }
          },
          {
            "hash": "81074aad677ad381df729cb5e464e25ba5b89b44",
            "messageTitle": "change implementation to HashMap",
            "messageBody": "",
            "fileTypesAndContributionMap": {
              "functional-code": {
                "insertions": 46,
                "deletions": 21
              }
            }
          },
          {
            "hash": "51bca2422199c1e39c835137b91c9e09dbc4b0d2",
            "messageTitle": "solve checkstyle error",
            "messageBody": "",
            "fileTypesAndContributionMap": {
              "functional-code": {
                "insertions": 6,
                "deletions": 2
              }
            }
          }
        ]
      },
      {
        "date": "2020-10-05",
        "commitResults": [
          {
            "hash": "42966827d52107efee4f88a036ccc433f662b32c",
            "messageTitle": "corrected presentation of data",
            "messageBody": "",
            "fileTypesAndContributionMap": {
              "functional-code": {
                "insertions": 6,
                "deletions": 6
              }
            }
          },
          {
            "hash": "8f9a903660bc3c8f7cb89e41a53ff61c9ad0fb6d",
            "messageTitle": "updated add commands to print out current number of activities",
            "messageBody": "",
            "fileTypesAndContributionMap": {
              "functional-code": {
                "insertions": 11,
                "deletions": 4
              }
            }
          }
        ]
      }
    ],
    "1-Karthigeyan-1": [
      {
        "date": "2020-10-01",
        "commitResults": [
          {
            "hash": "793c2049c0d0598e695b78aa7ce15b86f6fff21c",
            "messageTitle": "Update AboutUs.md",
            "messageBody": "",
            "fileTypesAndContributionMap": {
              "docs": {
                "insertions": 1,
                "deletions": 1
              }
            }
          },
          {
            "hash": "d8113cb71cd6636426e64f17815fc0df4e8b1fbc",
            "messageTitle": "Remove hello in duke.java",
            "messageBody": "",
            "fileTypesAndContributionMap": {
              "functional-code": {
                "insertions": 1,
                "deletions": 1
              }
            }
          },
          {
            "hash": "0910f356ab7e3ed7c906322b4df82849b3e47873",
            "messageTitle": "Remove spacing in Duke hello message",
            "messageBody": "",
            "fileTypesAndContributionMap": {
              "functional-code": {
                "insertions": 1,
                "deletions": 1
              }
            }
          }
        ]
      },
      {
        "date": "2020-10-06",
        "commitResults": [
          {
            "hash": "4a0fcb6adcb08f799a49237873f01a1af227fc33",
            "messageTitle": "Implemented Parser class",
            "messageBody": "",
            "fileTypesAndContributionMap": {
              "functional-code": {
                "insertions": 107,
                "deletions": 83
              }
            }
          },
          {
            "hash": "267cae8105eaccdb6ee1eabd3a7c4274374579f4",
            "messageTitle": "Fix whitespacing",
            "messageBody": "",
            "fileTypesAndContributionMap": {
              "functional-code": {
                "insertions": 3,
                "deletions": 7
              }
            }
          },
          {
            "hash": "0976cff873b1f7d8ed2d573d9ce72d22e79b14e7",
            "messageTitle": "fix checkstyle error",
            "messageBody": "",
            "fileTypesAndContributionMap": {
              "functional-code": {
                "insertions": 3,
                "deletions": 1
              }
            }
          }
        ]
      },
      {
        "date": "2020-10-07",
        "commitResults": [
          {
            "hash": "30cec3332fc95467b7bdeb86d63a5e4115728d43",
            "messageTitle": "Add exit print message",
            "messageBody": "",
            "fileTypesAndContributionMap": {
              "functional-code": {
                "insertions": 1,
                "deletions": 1
              }
            }
          }
        ]
      },
      {
        "date": "2020-10-08",
        "commitResults": [
          {
            "hash": "76c99583d681a56855582565388b78ea96705f74",
            "messageTitle": "Remove duplicate code in parser class",
            "messageBody": "",
            "fileTypesAndContributionMap": {
              "functional-code": {
                "insertions": 4,
                "deletions": 30
              }
            }
          },
          {
            "hash": "f7435631e55880c43f81f825864b6297b7d5d0de",
            "messageTitle": "Move scanner to main class",
            "messageBody": "",
            "fileTypesAndContributionMap": {
              "functional-code": {
                "insertions": 36,
                "deletions": 35
              }
            }
          },
          {
            "hash": "430df18902b61d0280b6a59001ee5a9625633fea",
            "messageTitle": "Fix text-ui-test",
            "messageBody": "",
            "fileTypesAndContributionMap": {
              "functional-code": {
                "insertions": 10,
                "deletions": 5
              },
              "other": {
                "insertions": 5,
                "deletions": 1
              }
            }
          },
          {
            "hash": "27a2441f95beddf5bb082db2db702711d90864b9",
            "messageTitle": "Fix checkstyle errors",
            "messageBody": "",
            "fileTypesAndContributionMap": {
              "functional-code": {
                "insertions": 2,
                "deletions": 3
              }
            }
          },
          {
            "hash": "b260b736e4715b916f550523cd7360ab9869b65a",
            "messageTitle": "fix add command",
            "messageBody": "",
            "fileTypesAndContributionMap": {
              "functional-code": {
                "insertions": 26,
                "deletions": 28
              }
            }
          },
          {
            "hash": "33fee34e28620ac1b435abd6278ab5785bfab23a",
            "messageTitle": "update text-ui-test and fix bye command",
            "messageBody": "",
            "fileTypesAndContributionMap": {
              "functional-code": {
                "insertions": 5,
                "deletions": 3
              },
              "other": {
                "insertions": 6,
                "deletions": 1
              }
            }
          },
          {
            "hash": "54d2f5c11445487cdd7e6cb4cf516a4fac43baa1",
            "messageTitle": "fix checkstyle errors",
            "messageBody": "",
            "fileTypesAndContributionMap": {
              "functional-code": {
                "insertions": 2,
                "deletions": 1
              }
            }
          }
        ]
      },
      {
        "date": "2020-10-09",
        "commitResults": [
          {
            "hash": "b54a41aee833002ae065fb1fe177d972725d2438",
            "messageTitle": "fix number of items in list after adding",
            "messageBody": "",
            "fileTypesAndContributionMap": {
              "functional-code": {
                "insertions": 8,
                "deletions": 5
              }
            }
          }
        ]
      }
    ],
    "poonchuanan": [
      {
        "date": "2020-10-01",
        "commitResults": [
          {
            "hash": "1c66dd4f96a43554d80f44cfe5a216abe8dbfa53",
            "messageTitle": "update about us ca",
            "messageBody": "",
            "fileTypesAndContributionMap": {
              "docs": {
                "insertions": 1,
                "deletions": 1
              }
            }
          },
          {
            "hash": "4a2aa638e1e40067959352256634c0abfd18ea33",
            "messageTitle": "update about us ca",
            "messageBody": "",
            "fileTypesAndContributionMap": {
              "docs": {
                "insertions": 1,
                "deletions": 1
              }
            }
          },
          {
            "hash": "caadb8d3e1e2df17567c03642571608fdc87bd3d",
            "messageTitle": "update about us again",
            "messageBody": "",
            "fileTypesAndContributionMap": {
              "docs": {
                "insertions": 0,
                "deletions": 1
              }
            }
          }
        ]
      },
      {
        "date": "2020-10-05",
        "commitResults": [
          {
            "hash": "089fd85e74f0ee66df3a19e264dd7ccba25e794f",
            "messageTitle": "add find by description and calorie",
            "messageBody": "",
            "fileTypesAndContributionMap": {
              "functional-code": {
                "insertions": 56,
                "deletions": 34
              }
            }
          },
          {
            "hash": "b7ac45c7b7bdc11249cce88c7fb39b7e7ab3f0dc",
            "messageTitle": "fix checkStyle error",
            "messageBody": "",
            "fileTypesAndContributionMap": {
              "functional-code": {
                "insertions": 4,
                "deletions": 2
              }
            }
          }
        ]
      }
    ]
  },
  "authorFileTypeContributionMap": {
    "jlifah": {
      "docs": 1,
      "functional-code": 174,
      "test-code": 0
    },
    "chewyang": {
      "docs": 1,
      "functional-code": 396,
      "test-code": 0,
      "other": 1
    },
    "e0425705": {
      "docs": 1,
      "functional-code": 73,
      "test-code": 0
    },
    "1-Karthigeyan-1": {
      "docs": 1,
      "functional-code": 124,
      "test-code": 0,
      "other": 10
    },
    "poonchuanan": {
      "docs": 1,
      "functional-code": 7,
      "test-code": 0
    }
  },
  "authorContributionVariance": {
    "jlifah": 10930.226,
    "chewyang": 12179.407,
    "e0425705": 4471.1357,
    "1-Karthigeyan-1": 5303.302,
    "poonchuanan": 650.4853
  },
  "authorDisplayNameMap": {
    "jlifah": "CS2113T-T09-4 JENN.. LIN",
    "chewyang": "CS2113T-T09-4 OWEN..YANG",
    "e0425705": "CS2113T-T09-4 PUAH.. WEN",
    "1-Karthigeyan-1": "CS2113T-T09-4 RANI..UMAR",
    "poonchuanan": "CS2113T-T09-4 POON..N AN"
  }
}
