{
  "authorDailyContributionsMap": {
    "ShawnTanzc": [
      {
        "date": "2020-09-30",
        "commitResults": [
          {
            "hash": "6f87b3f8fefa7621f1863dd8f0730a85de5f15e5",
            "messageTitle": "Add SECTION_BREAK to tidy layout; Add display total expediture function",
            "messageBody": "",
            "fileTypesAndContributionMap": {
              "functional-code": {
                "insertions": 59,
                "deletions": 4
              }
            }
          },
          {
            "hash": "26610c53ef54795c5fb648253de6fc083f05a2ed",
            "messageTitle": "Fix CheckStyle 0.2",
            "messageBody": "",
            "fileTypesAndContributionMap": {
              "functional-code": {
                "insertions": 2,
                "deletions": 1
              }
            }
          },
          {
            "hash": "b20ee2261768d9f92c0ca598b5889bc1c3f56544",
            "messageTitle": "Add details to aboutus",
            "messageBody": "",
            "fileTypesAndContributionMap": {
              "docs": {
                "insertions": 2,
                "deletions": 2
              }
            }
          }
        ]
      },
      {
        "date": "2020-10-05",
        "commitResults": [
          {
            "hash": "981180b0b8880a8139b659aab0c2706e9cc94d2f",
            "messageTitle": "Reorganise Expenditure into Structure incomplete",
            "messageBody": "",
            "fileTypesAndContributionMap": {
              "functional-code": {
                "insertions": 222,
                "deletions": 146
              },
              "docs": {
                "insertions": 1,
                "deletions": 1
              }
            }
          }
        ]
      },
      {
        "date": "2020-10-10",
        "commitResults": [
          {
            "hash": "2e5cd0c116b0285756856acc9aa7bad77468fdd1",
            "messageTitle": "Edit in ivander, felix review - still not executable",
            "messageBody": "",
            "fileTypesAndContributionMap": {
              "functional-code": {
                "insertions": 19,
                "deletions": 22
              }
            }
          },
          {
            "hash": "6b1072587abe41f8e4429751aac64a364817404c",
            "messageTitle": "Change made to structure \u003cnull exception error present\u003e",
            "messageBody": "",
            "fileTypesAndContributionMap": {
              "functional-code": {
                "insertions": 239,
                "deletions": 200
              }
            }
          }
        ]
      },
      {
        "date": "2020-10-11",
        "commitResults": [
          {
            "hash": "0fc05d3dac51a33a33f73ebbacceac6de04aefc5",
            "messageTitle": "Fix Null Pointer Exception",
            "messageBody": "",
            "fileTypesAndContributionMap": {
              "functional-code": {
                "insertions": 33,
                "deletions": 29
              }
            }
          },
          {
            "hash": "915e6a8be08122e1a84a57487fb65fe1680d65ef",
            "messageTitle": "Fix checkstyle except incompete functions",
            "messageBody": "",
            "fileTypesAndContributionMap": {
              "functional-code": {
                "insertions": 7,
                "deletions": 6
              }
            }
          }
        ]
      },
      {
        "date": "2020-10-12",
        "commitResults": [
          {
            "hash": "10bb278abfeb472c8bda1975f70e50988d9ed350",
            "messageTitle": "Fix Gradle Checkstyles",
            "messageBody": "",
            "fileTypesAndContributionMap": {
              "functional-code": {
                "insertions": 1,
                "deletions": 1
              }
            }
          }
        ]
      },
      {
        "date": "2020-10-20",
        "commitResults": [
          {
            "hash": "cf27ccee4cde97b3f3fa387008892610698cf1a6",
            "messageTitle": "add currency calculator; improve expenditure list UI",
            "messageBody": "",
            "fileTypesAndContributionMap": {
              "functional-code": {
                "insertions": 192,
                "deletions": 23
              },
              "other": {
                "insertions": 13,
                "deletions": 0
              }
            }
          },
          {
            "hash": "8997db02589c9c7b805af04212beea9154e29efb",
            "messageTitle": "Fix Storage Expense Issue",
            "messageBody": "",
            "fileTypesAndContributionMap": {
              "functional-code": {
                "insertions": 32,
                "deletions": 19
              }
            }
          }
        ]
      },
      {
        "date": "2020-10-21",
        "commitResults": [
          {
            "hash": "9781c45230d15596ad99e58a80dbd9a5799963af",
            "messageTitle": "Add Testing for CalcuateCurrencyCommand and CurrencyTest; ListExpenseCommandTest incomplete",
            "messageBody": "",
            "fileTypesAndContributionMap": {
              "functional-code": {
                "insertions": 4,
                "deletions": 4
              },
              "other": {
                "insertions": 2,
                "deletions": 2
              },
              "test-code": {
                "insertions": 78,
                "deletions": 0
              }
            }
          },
          {
            "hash": "5e670fb2f84ae74bc0c5fa11e8260a8c8ff3fb41",
            "messageTitle": "Add currency features in UserGuide",
            "messageBody": "",
            "fileTypesAndContributionMap": {
              "docs": {
                "insertions": 47,
                "deletions": 3
              },
              "test-code": {
                "insertions": 3,
                "deletions": 3
              }
            }
          }
        ]
      },
      {
        "date": "2020-10-22",
        "commitResults": [
          {
            "hash": "294704529fb5fe73701e6125f4cf0a058a7aa662",
            "messageTitle": "test gradle check",
            "messageBody": "",
            "fileTypesAndContributionMap": {
              "test-code": {
                "insertions": 4,
                "deletions": 19
              }
            }
          }
        ]
      },
      {
        "date": "2020-10-23",
        "commitResults": [
          {
            "hash": "9b71491679d4f1505d2d752362d3244843a0b0d4",
            "messageTitle": "Add on Developer Guide",
            "messageBody": "",
            "fileTypesAndContributionMap": {
              "docs": {
                "insertions": 27,
                "deletions": 21
              }
            }
          }
        ]
      }
    ],
    "felixhalim": [
      {
        "date": "2020-09-30",
        "commitResults": [
          {
            "hash": "e55d112e9da1df53422998a23e42ad55807f83b7",
            "messageTitle": "Add Felix Halim details",
            "messageBody": "",
            "fileTypesAndContributionMap": {
              "docs": {
                "insertions": 1,
                "deletions": 1
              }
            }
          }
        ]
      },
      {
        "date": "2020-10-11",
        "commitResults": [
          {
            "hash": "e885c5652663c36f0092283b0058887ed1724e61",
            "messageTitle": "Refactor code by moving Ui, PlaceList, and ExpenseList as parameters",
            "messageBody": "",
            "fileTypesAndContributionMap": {
              "functional-code": {
                "insertions": 32,
                "deletions": 38
              }
            }
          },
          {
            "hash": "9536145fca1a1d07ff5c5a5058dafc0097214132",
            "messageTitle": "Implement Exit command",
            "messageBody": "",
            "fileTypesAndContributionMap": {
              "functional-code": {
                "insertions": 25,
                "deletions": 0
              }
            }
          },
          {
            "hash": "ec82099ea6eedb0e0504e8f06a233ba42b08f367",
            "messageTitle": "Implement Add and Delete Place",
            "messageBody": "",
            "fileTypesAndContributionMap": {
              "functional-code": {
                "insertions": 145,
                "deletions": 3
              }
            }
          },
          {
            "hash": "a18bf66a3c401dfd7376e046855fb12ab1089301",
            "messageTitle": "Fix add and delete bug \u0026 Replace - with /",
            "messageBody": "",
            "fileTypesAndContributionMap": {
              "functional-code": {
                "insertions": 20,
                "deletions": 17
              }
            }
          }
        ]
      },
      {
        "date": "2020-10-20",
        "commitResults": [
          {
            "hash": "2d9886de6ead4391b5364254199e14eab2331e99",
            "messageTitle": "Edits documentation for user",
            "messageBody": "",
            "fileTypesAndContributionMap": {
              "docs": {
                "insertions": 181,
                "deletions": 22
              }
            }
          },
          {
            "hash": "4374435cf7404c03713738ea719a1029a6f7a323",
            "messageTitle": "Synchronizes help guide with user guide",
            "messageBody": "",
            "fileTypesAndContributionMap": {
              "functional-code": {
                "insertions": 28,
                "deletions": 23
              }
            }
          },
          {
            "hash": "0a4903169a3e4845c2d315cd4d0b44e5a6566c97",
            "messageTitle": "Handle error and exception of V1.0 features",
            "messageBody": "",
            "fileTypesAndContributionMap": {
              "functional-code": {
                "insertions": 125,
                "deletions": 99
              }
            }
          },
          {
            "hash": "dbc3a58815d8bf37e00c81256771374f0c657f8d",
            "messageTitle": "Edit styling to adhere gradle checkStyle",
            "messageBody": "",
            "fileTypesAndContributionMap": {
              "functional-code": {
                "insertions": 16,
                "deletions": 11
              }
            }
          },
          {
            "hash": "ac45b6cc7001fd346f6ef326830217c5cb794b50",
            "messageTitle": "Try assertion in add command",
            "messageBody": "",
            "fileTypesAndContributionMap": {
              "functional-code": {
                "insertions": 2,
                "deletions": 0
              }
            }
          },
          {
            "hash": "cd6019e28836141433929eb9f608c547de318131",
            "messageTitle": "Fix styling to adhere with gradle Check",
            "messageBody": "",
            "fileTypesAndContributionMap": {
              "functional-code": {
                "insertions": 2,
                "deletions": 3
              }
            }
          }
        ]
      },
      {
        "date": "2020-10-21",
        "commitResults": [
          {
            "hash": "898a741152edacdb05a6823faa624a3ef29f81ce",
            "messageTitle": "Fix text-ui-test",
            "messageBody": "",
            "fileTypesAndContributionMap": {
              "functional-code": {
                "insertions": 1,
                "deletions": 1
              }
            }
          },
          {
            "hash": "0c7035ebda9f19847450e491d6a4d12e9a209c25",
            "messageTitle": "Add JUnit test for AddPlaceCommand",
            "messageBody": "",
            "fileTypesAndContributionMap": {
              "test-code": {
                "insertions": 52,
                "deletions": 0
              }
            }
          },
          {
            "hash": "f7c68df80594f26031b6aaf8938c15c12ea164bd",
            "messageTitle": "Fix Style to adhere with Gradle",
            "messageBody": "",
            "fileTypesAndContributionMap": {
              "test-code": {
                "insertions": 15,
                "deletions": 11
              }
            }
          }
        ]
      },
      {
        "date": "2020-10-23",
        "commitResults": [
          {
            "hash": "bcf84093a131082ad64aba9bc75154dc11d7a10b",
            "messageTitle": "Enable Assertion on build.gradle",
            "messageBody": "",
            "fileTypesAndContributionMap": {
              "other": {
                "insertions": 1,
                "deletions": 0
              }
            }
          },
          {
            "hash": "1f988b25c5bcc4192376c84c1ec0a48d01d2b0ec",
            "messageTitle": "Edit Developer Guide",
            "messageBody": "",
            "fileTypesAndContributionMap": {
              "docs": {
                "insertions": 41,
                "deletions": 1
              }
            }
          }
        ]
      }
    ],
    "tengkianen": [
      {
        "date": "2020-09-30",
        "commitResults": [
          {
            "hash": "20334a8f74959b4ae87d83e2233d3dad082452c0",
            "messageTitle": "Added Kian En\u0027s details to AboutUs.md",
            "messageBody": "",
            "fileTypesAndContributionMap": {
              "docs": {
                "insertions": 2,
                "deletions": 0
              }
            }
          }
        ]
      },
      {
        "date": "2020-10-03",
        "commitResults": [
          {
            "hash": "be73bd0fb5946d30168bf431c846a2721d4b0eb2",
            "messageTitle": "Fix structure",
            "messageBody": "",
            "fileTypesAndContributionMap": {
              "functional-code": {
                "insertions": 125,
                "deletions": 61
              },
              "other": {
                "insertions": 27,
                "deletions": 25
              }
            }
          }
        ]
      },
      {
        "date": "2020-10-05",
        "commitResults": [
          {
            "hash": "ed1fc69926d15cc9cb2f2209a5c874e2c2a7a9fd",
            "messageTitle": "Update Ui to print some messages when called upon",
            "messageBody": "",
            "fileTypesAndContributionMap": {
              "functional-code": {
                "insertions": 16,
                "deletions": 3
              }
            }
          },
          {
            "hash": "e47a261f8bfd74d5b4962c1d2ad9408879846892",
            "messageTitle": "Fix naming errors and implement some commands in Ui",
            "messageBody": "",
            "fileTypesAndContributionMap": {
              "functional-code": {
                "insertions": 1,
                "deletions": 1
              }
            }
          }
        ]
      },
      {
        "date": "2020-10-11",
        "commitResults": [
          {
            "hash": "55cabdd75116dff7091ad905794679a75e6f20bd",
            "messageTitle": "Update variables in Place and AddPlaceCommand",
            "messageBody": "",
            "fileTypesAndContributionMap": {
              "functional-code": {
                "insertions": 56,
                "deletions": 28
              }
            }
          },
          {
            "hash": "ed9103b690a2abf8aa1050a26b69d3dcfa960fae",
            "messageTitle": "no message",
            "messageBody": "",
            "fileTypesAndContributionMap": {
              "functional-code": {
                "insertions": 6,
                "deletions": 1
              }
            }
          },
          {
            "hash": "ab21fab0aece39cf5f02f06bd84cb5c4277483db",
            "messageTitle": "no message",
            "messageBody": "",
            "fileTypesAndContributionMap": {
              "functional-code": {
                "insertions": 12,
                "deletions": 0
              }
            }
          },
          {
            "hash": "2af7b0d83b9e437ee1833b13e378adeb4c1d1939",
            "messageTitle": "Add List command and change some variables in Place class",
            "messageBody": "",
            "fileTypesAndContributionMap": {
              "functional-code": {
                "insertions": 43,
                "deletions": 14
              }
            }
          },
          {
            "hash": "3cef67ece38c93548c760eeedec2736c335030c1",
            "messageTitle": "Fix Trippie error",
            "messageBody": "",
            "fileTypesAndContributionMap": {
              "functional-code": {
                "insertions": 2,
                "deletions": 2
              }
            }
          },
          {
            "hash": "de8c790b4bbc6104a138e15c4ee97549eac711a3",
            "messageTitle": "Add list function to only view specific day",
            "messageBody": "",
            "fileTypesAndContributionMap": {
              "functional-code": {
                "insertions": 27,
                "deletions": 6
              }
            }
          }
        ]
      },
      {
        "date": "2020-10-12",
        "commitResults": [
          {
            "hash": "bc53816dce50026e4ae4e09f2e5a51b69308748d",
            "messageTitle": "Add search function for places",
            "messageBody": "",
            "fileTypesAndContributionMap": {
              "functional-code": {
                "insertions": 45,
                "deletions": 1
              }
            }
          },
          {
            "hash": "b46a6cf8138ddce5ac3cccfaca705e2b6c36b5ce",
            "messageTitle": "Test I/O, Fix bugs",
            "messageBody": "",
            "fileTypesAndContributionMap": {
              "functional-code": {
                "insertions": 36,
                "deletions": 24
              },
              "other": {
                "insertions": 15,
                "deletions": 2
              }
            }
          }
        ]
      },
      {
        "date": "2020-10-19",
        "commitResults": [
          {
            "hash": "a6035f44d50671d36e9817a58781c8993aa09c60",
            "messageTitle": "Add Date to list functions, Update \u0027new trip\u0027 command to prompt users for input",
            "messageBody": "",
            "fileTypesAndContributionMap": {
              "functional-code": {
                "insertions": 28,
                "deletions": 6
              },
              "test-code": {
                "insertions": 45,
                "deletions": 0
              }
            }
          },
          {
            "hash": "80bff9bbd79e14719cfcc34f555868af6406fd74",
            "messageTitle": "Fix gradle errors",
            "messageBody": "",
            "fileTypesAndContributionMap": {
              "functional-code": {
                "insertions": 9,
                "deletions": 8
              },
              "test-code": {
                "insertions": 0,
                "deletions": 45
              }
            }
          },
          {
            "hash": "5760295669eba1c2c244ac0c075c0e3bb5b57206",
            "messageTitle": "Fix bugs in NewTripCommand",
            "messageBody": "",
            "fileTypesAndContributionMap": {
              "functional-code": {
                "insertions": 3,
                "deletions": 3
              }
            }
          }
        ]
      },
      {
        "date": "2020-10-20",
        "commitResults": [
          {
            "hash": "d629f422e052b5b0b3016dbeab98ef5415bb5124",
            "messageTitle": "Update ListPlacesCommand and SearchCommand to handle errors and exceptions",
            "messageBody": "",
            "fileTypesAndContributionMap": {
              "functional-code": {
                "insertions": 30,
                "deletions": 11
              }
            }
          }
        ]
      },
      {
        "date": "2020-10-23",
        "commitResults": [
          {
            "hash": "190ee6b89e83b6977bb61accb073b17cfa51faf4",
            "messageTitle": "Update Developer Guide",
            "messageBody": "",
            "fileTypesAndContributionMap": {
              "docs": {
                "insertions": 35,
                "deletions": 2
              }
            }
          }
        ]
      }
    ],
    "ivanderjmw": [
      {
        "date": "2020-09-30",
        "commitResults": [
          {
            "hash": "f07fb618a77b9db119d62c9c662009b482b38824",
            "messageTitle": "Add Ivander AboutUs",
            "messageBody": "",
            "fileTypesAndContributionMap": {
              "docs": {
                "insertions": 1,
                "deletions": 5
              }
            }
          }
        ]
      },
      {
        "date": "2020-10-12",
        "commitResults": [
          {
            "hash": "2d962bbf800d83d91a1a7aa9cdbae171db7c38b0",
            "messageTitle": "Fix Gradle Build problem",
            "messageBody": "",
            "fileTypesAndContributionMap": {
              "other": {
                "insertions": 4,
                "deletions": 3
              }
            }
          },
          {
            "hash": "edc511829f55b46786a3c1daaed45a10c92ba8a7",
            "messageTitle": "Add budget command",
            "messageBody": "",
            "fileTypesAndContributionMap": {
              "functional-code": {
                "insertions": 56,
                "deletions": 15
              },
              "other": {
                "insertions": 5,
                "deletions": 4
              }
            }
          },
          {
            "hash": "e244492ce0c364f077cc9c734397988890e157b3",
            "messageTitle": "Fix error handling in budget command",
            "messageBody": "",
            "fileTypesAndContributionMap": {
              "functional-code": {
                "insertions": 12,
                "deletions": 2
              }
            }
          },
          {
            "hash": "3297e9c949f1b101c8722ad06da10988333901e1",
            "messageTitle": "Update code style",
            "messageBody": "",
            "fileTypesAndContributionMap": {
              "functional-code": {
                "insertions": 3,
                "deletions": 2
              }
            }
          }
        ]
      },
      {
        "date": "2020-10-18",
        "commitResults": [
          {
            "hash": "c8888850ede10180b49f6c8f5cd4a70e20601d34",
            "messageTitle": "Create storage methods for Master File, and restructured the files",
            "messageBody": "",
            "fileTypesAndContributionMap": {
              "functional-code": {
                "insertions": 291,
                "deletions": 96
              },
              "other": {
                "insertions": 12,
                "deletions": 5
              }
            }
          }
        ]
      },
      {
        "date": "2020-10-19",
        "commitResults": [
          {
            "hash": "a3dd6f3007aeb74d3cc4c2b360ecb03e9b31ded1",
            "messageTitle": "Create new trip and load trip commands.",
            "messageBody": "",
            "fileTypesAndContributionMap": {
              "functional-code": {
                "insertions": 187,
                "deletions": 89
              },
              "other": {
                "insertions": 5,
                "deletions": 2
              }
            }
          },
          {
            "hash": "49cbad13a3bef8c3bf2eab758a872ce44e3f61de",
            "messageTitle": "update gitignore",
            "messageBody": "",
            "fileTypesAndContributionMap": {
              "other": {
                "insertions": 0,
                "deletions": 5
              }
            }
          },
          {
            "hash": "caf873fc8a7935f4f307782f8b2a681dde5ae9fe",
            "messageTitle": "Refactor TripList to TrippieData",
            "messageBody": "",
            "fileTypesAndContributionMap": {
              "functional-code": {
                "insertions": 129,
                "deletions": 96
              },
              "other": {
                "insertions": 3,
                "deletions": 2
              }
            }
          },
          {
            "hash": "2777a12e1a834d1f7f9d0a8ea56b6db2e029af44",
            "messageTitle": "Implement current and default trips. Refactor Command.execute method signature to only include TrippieData and Ui.",
            "messageBody": "",
            "fileTypesAndContributionMap": {
              "functional-code": {
                "insertions": 94,
                "deletions": 68
              }
            }
          },
          {
            "hash": "aa2362f2c832d865d3a79b470bb1882de8d3c268",
            "messageTitle": "Fix I/O redirection test.",
            "messageBody": "",
            "fileTypesAndContributionMap": {
              "functional-code": {
                "insertions": 21,
                "deletions": 9
              },
              "other": {
                "insertions": 16,
                "deletions": 0
              }
            }
          },
          {
            "hash": "b35bb758099587570eadd61f949430a11fecd9fa",
            "messageTitle": "Update windows runtest to delete trippie_data folder first",
            "messageBody": "",
            "fileTypesAndContributionMap": {
              "other": {
                "insertions": 1,
                "deletions": 0
              }
            }
          },
          {
            "hash": "d43ee3238d03ec4e4f5f02920b596349c0c19028",
            "messageTitle": "Remove currentTripIndex",
            "messageBody": "",
            "fileTypesAndContributionMap": {
              "functional-code": {
                "insertions": 7,
                "deletions": 11
              }
            }
          }
        ]
      },
      {
        "date": "2020-10-20",
        "commitResults": [
          {
            "hash": "bffbe28fb2b7c7eae64ad3f2be6c28d41398ed34",
            "messageTitle": "Add assertions",
            "messageBody": "",
            "fileTypesAndContributionMap": {
              "functional-code": {
                "insertions": 12,
                "deletions": 1
              }
            }
          },
          {
            "hash": "d942be2a606145c3d547a4189b5a8bb35ac9dd71",
            "messageTitle": "Remove unwanted assertions",
            "messageBody": "",
            "fileTypesAndContributionMap": {
              "functional-code": {
                "insertions": 0,
                "deletions": 1
              }
            }
          },
          {
            "hash": "31330f15e3ef29ea1f7759afd0fe6db27ab8748e",
            "messageTitle": "Add load master file testing",
            "messageBody": "",
            "fileTypesAndContributionMap": {
              "test-code": {
                "insertions": 65,
                "deletions": 0
              }
            }
          }
        ]
      },
      {
        "date": "2020-10-21",
        "commitResults": [
          {
            "hash": "3294d2519f713fcb8fba7c15ade011f627eb0ecd",
            "messageTitle": "Fix duplicate createBudgetPercentageBar in ListExpenseCommand",
            "messageBody": "",
            "fileTypesAndContributionMap": {
              "functional-code": {
                "insertions": 0,
                "deletions": 23
              }
            }
          },
          {
            "hash": "6c9ebccdd490adc33b3ebe4476fdc1e5a150bcd6",
            "messageTitle": "Fix IO redirection test",
            "messageBody": "",
            "fileTypesAndContributionMap": {
              "functional-code": {
                "insertions": 4,
                "deletions": 2
              },
              "other": {
                "insertions": 6,
                "deletions": 0
              }
            }
          },
          {
            "hash": "4ed6cbbcc1dd0fe7ffd9b143e0cced95a2c1f346",
            "messageTitle": "Fix code style in StorageTest",
            "messageBody": "",
            "fileTypesAndContributionMap": {
              "functional-code": {
                "insertions": 10,
                "deletions": 6
              },
              "test-code": {
                "insertions": 16,
                "deletions": 16
              }
            }
          },
          {
            "hash": "22204511304bcdf0100ce42afc67841f17edf96c",
            "messageTitle": "Test scanner instead of File in StorageTest",
            "messageBody": "",
            "fileTypesAndContributionMap": {
              "test-code": {
                "insertions": 7,
                "deletions": 30
              }
            }
          },
          {
            "hash": "0344c06d8031af49042802e1db15e388c1ce9e4c",
            "messageTitle": "Add loadTripFile test",
            "messageBody": "",
            "fileTypesAndContributionMap": {
              "functional-code": {
                "insertions": 15,
                "deletions": 10
              },
              "test-code": {
                "insertions": 51,
                "deletions": 2
              }
            }
          },
          {
            "hash": "04dd1ba42e1ce589fb1aa7441afc5e05e24917ca",
            "messageTitle": "Update runtest.bat",
            "messageBody": "",
            "fileTypesAndContributionMap": {
              "other": {
                "insertions": 1,
                "deletions": 1
              }
            }
          },
          {
            "hash": "f328e08fb48b7cad146097cb965376efecfca7cf",
            "messageTitle": "Update assertion tests.",
            "messageBody": "",
            "fileTypesAndContributionMap": {
              "test-code": {
                "insertions": 1,
                "deletions": 1
              }
            }
          },
          {
            "hash": "47b7ec7a7f27e29b575ee6c614d8f97320e7eb8d",
            "messageTitle": "Change windows batch file",
            "messageBody": "",
            "fileTypesAndContributionMap": {
              "other": {
                "insertions": 1,
                "deletions": 1
              }
            }
          },
          {
            "hash": "35d39dac082a849c122664f1330810e3e1686752",
            "messageTitle": "Change windows batch file to delete trippie_data if it exists",
            "messageBody": "",
            "fileTypesAndContributionMap": {
              "other": {
                "insertions": 1,
                "deletions": 1
              }
            }
          },
          {
            "hash": "b81c12240d7253a1fda9acbfe47871667aaa09f7",
            "messageTitle": "Revet changes in previous commit.",
            "messageBody": "",
            "fileTypesAndContributionMap": {
              "other": {
                "insertions": 0,
                "deletions": 1
              }
            }
          }
        ]
      },
      {
        "date": "2020-10-23",
        "commitResults": [
          {
            "hash": "0fd275fe6c350dadd39f34315a671ce61a9d3ec6",
            "messageTitle": "Add use cases in developer guide",
            "messageBody": "",
            "fileTypesAndContributionMap": {
              "docs": {
                "insertions": 34,
                "deletions": 1
              }
            }
          }
        ]
      }
    ],
    "weishuangtan": [
      {
        "date": "2020-09-30",
        "commitResults": [
          {
            "hash": "63e88e1cd3a0a23bf7fb60a68cb05332966d8c4d",
            "messageTitle": "Edited AboutUs",
            "messageBody": "",
            "fileTypesAndContributionMap": {
              "docs": {
                "insertions": 1,
                "deletions": 1
              }
            }
          }
        ]
      },
      {
        "date": "2020-10-11",
        "commitResults": [
          {
            "hash": "b783f0aad87f93e92daf7ccd3124c47f9e286e38",
            "messageTitle": "Added HelpCommand",
            "messageBody": "",
            "fileTypesAndContributionMap": {
              "functional-code": {
                "insertions": 56,
                "deletions": 13
              }
            }
          },
          {
            "hash": "907a89f3873b3234463e28e28d28a4fc61528f02",
            "messageTitle": "Edited Ui line length",
            "messageBody": "",
            "fileTypesAndContributionMap": {
              "functional-code": {
                "insertions": 1,
                "deletions": 1
              }
            }
          },
          {
            "hash": "e908d4e0f4e2f306c2a0fbd4d6066ee65677c3d7",
            "messageTitle": "Fixed checkstyleMain",
            "messageBody": "",
            "fileTypesAndContributionMap": {
              "functional-code": {
                "insertions": 27,
                "deletions": 17
              }
            }
          }
        ]
      },
      {
        "date": "2020-10-12",
        "commitResults": [
          {
            "hash": "aec1732d6d312afa79eb346f80d49126a8f6b31b",
            "messageTitle": "Able to create new file and detect",
            "messageBody": "",
            "fileTypesAndContributionMap": {
              "functional-code": {
                "insertions": 49,
                "deletions": 15
              }
            }
          }
        ]
      },
      {
        "date": "2020-10-13",
        "commitResults": [
          {
            "hash": "dcc8993c6f89942af9dc40736f0931abccecdebc",
            "messageTitle": "Set up file",
            "messageBody": "",
            "fileTypesAndContributionMap": {
              "functional-code": {
                "insertions": 11,
                "deletions": 3
              }
            }
          },
          {
            "hash": "4730104167fd0066cfc2d26776c3835ae1788cf5",
            "messageTitle": "Test FileWriter",
            "messageBody": "",
            "fileTypesAndContributionMap": {
              "functional-code": {
                "insertions": 13,
                "deletions": 12
              }
            }
          },
          {
            "hash": "2dca7f3930a5764a76f7821c4e14b444ae690857",
            "messageTitle": "Added saveList under Storage.java",
            "messageBody": "",
            "fileTypesAndContributionMap": {
              "functional-code": {
                "insertions": 68,
                "deletions": 17
              }
            }
          },
          {
            "hash": "e7b3d200f24bf096432dc4efe93f3a9797b85686",
            "messageTitle": "Implemented automatic saving into text file",
            "messageBody": "",
            "fileTypesAndContributionMap": {
              "functional-code": {
                "insertions": 64,
                "deletions": 25
              },
              "other": {
                "insertions": 3,
                "deletions": 1
              }
            }
          },
          {
            "hash": "0e0b63788cd45cf84f87e61e5cee61c4c35c9b66",
            "messageTitle": "Removed file directory in output",
            "messageBody": "",
            "fileTypesAndContributionMap": {
              "functional-code": {
                "insertions": 1,
                "deletions": 1
              }
            }
          },
          {
            "hash": "eaa42cd4adcbe18fee1fc5c6c83181c9847face2",
            "messageTitle": "Fixed list /p and formatting for expenses",
            "messageBody": "",
            "fileTypesAndContributionMap": {
              "functional-code": {
                "insertions": 3,
                "deletions": 7
              }
            }
          }
        ]
      },
      {
        "date": "2020-10-17",
        "commitResults": [
          {
            "hash": "a604d8334a4b5a00dc9181c49b5a63de6bee7a72",
            "messageTitle": "Error Handling for [buy] command",
            "messageBody": "",
            "fileTypesAndContributionMap": {
              "functional-code": {
                "insertions": 36,
                "deletions": 32
              }
            }
          },
          {
            "hash": "52e5b45674df0639cf1b44f0a80e6da509f097ed",
            "messageTitle": "Error handling for [budget]",
            "messageBody": "",
            "fileTypesAndContributionMap": {
              "functional-code": {
                "insertions": 12,
                "deletions": 14
              }
            }
          },
          {
            "hash": "8948780fcecf2812d5ee3874874d8e885b23e802",
            "messageTitle": "Error handling for [delete /e], Added [budget] into [help] command",
            "messageBody": "",
            "fileTypesAndContributionMap": {
              "functional-code": {
                "insertions": 26,
                "deletions": 20
              }
            }
          },
          {
            "hash": "06244a8caee481f10805877859ba0cd8a0944fe6",
            "messageTitle": "Created exception package, TrippieIllegalCommandException, TrippieInvalidArgumentException, and deleted DisplayTotalExpenditureCommand",
            "messageBody": "",
            "fileTypesAndContributionMap": {
              "functional-code": {
                "insertions": 126,
                "deletions": 107
              }
            }
          },
          {
            "hash": "951e896fcf8fcd3f30b66e927ef896f7abe0fbe5",
            "messageTitle": "Fix gradlew check",
            "messageBody": "",
            "fileTypesAndContributionMap": {
              "functional-code": {
                "insertions": 16,
                "deletions": 14
              }
            }
          }
        ]
      },
      {
        "date": "2020-10-18",
        "commitResults": [
          {
            "hash": "94a6333c2d0575e13300bcd79977edcfd2fcd847",
            "messageTitle": "Added in excpetions for AddExpenseCommand and BudgetCommand",
            "messageBody": "",
            "fileTypesAndContributionMap": {
              "functional-code": {
                "insertions": 11,
                "deletions": 2
              }
            }
          }
        ]
      },
      {
        "date": "2020-10-21",
        "commitResults": [
          {
            "hash": "c8a5470f31cfd75e1ef3c598a0d61259c83de91f",
            "messageTitle": "Added test cases for Parser, AddExpenseCommand and BudgetCommand, didn\u0027t test for execute()",
            "messageBody": "",
            "fileTypesAndContributionMap": {
              "test-code": {
                "insertions": 212,
                "deletions": 0
              }
            }
          },
          {
            "hash": "fd4d3e798ec46f30dc7ae72376d19188c73d9793",
            "messageTitle": "Fix gradle",
            "messageBody": "",
            "fileTypesAndContributionMap": {
              "functional-code": {
                "insertions": 6,
                "deletions": 6
              },
              "test-code": {
                "insertions": 29,
                "deletions": 44
              }
            }
          }
        ]
      },
      {
        "date": "2020-10-23",
        "commitResults": [
          {
            "hash": "4e54654860d55280404ed3bea93f6180b721bd2e",
            "messageTitle": "Add Appendix to Developer Guide",
            "messageBody": "",
            "fileTypesAndContributionMap": {
              "docs": {
                "insertions": 46,
                "deletions": 0
              }
            }
          }
        ]
      }
    ]
  },
  "authorFileTypeContributionMap": {
    "ShawnTanzc": {
      "docs": 74,
      "functional-code": 418,
      "test-code": 66
    },
    "felixhalim": {
      "docs": 217,
      "functional-code": 264,
      "test-code": 56,
      "other": 1
    },
    "tengkianen": {
      "docs": 29,
      "functional-code": 183,
      "test-code": 0,
      "other": 13
    },
    "ivanderjmw": {
      "docs": 33,
      "functional-code": 560,
      "test-code": 91,
      "other": 26
    },
    "weishuangtan": {
      "docs": 43,
      "functional-code": 238,
      "test-code": 194,
      "other": 3
    }
  },
  "authorContributionVariance": {
    "ShawnTanzc": 14713.397,
    "felixhalim": 11764.924,
    "tengkianen": 4134.274,
    "ivanderjmw": 25449.426,
    "weishuangtan": 10076.133
  },
  "authorDisplayNameMap": {
    "ShawnTanzc": "CS2113T-W11-2 TAN ..HAWN",
    "felixhalim": "CS2113T-W11-2 FELI..ALIM",
    "tengkianen": "CS2113T-W11-2 TENG..N EN",
    "ivanderjmw": "CS2113T-W11-2 IVAN..KITO",
    "weishuangtan": "CS2113T-W11-2 TAN ..UANG"
  }
}
