{
  "authorDailyContributionsMap": {
    "domaxi": [
      {
        "date": "2020-09-30",
        "commitResults": [
          {
            "hash": "d2e6691179726fbcf8ef8959106c8ba0837adbb7",
            "messageTitle": "Added individual portfolio and details",
            "messageBody": "",
            "fileTypesAndContributionMap": {
              "docs": {
                "insertions": 9,
                "deletions": 1
              }
            }
          },
          {
            "hash": "54a0992c8763f85b36844557ba44ebbaa8fc9e40",
            "messageTitle": "Updated portfolio",
            "messageBody": "",
            "fileTypesAndContributionMap": {
              "docs": {
                "insertions": 5,
                "deletions": 4
              }
            }
          }
        ]
      },
      {
        "date": "2020-10-07",
        "commitResults": [
          {
            "hash": "19d9965629171a4e10374bd1d4eee0474c16f97e",
            "messageTitle": "Initial commit",
            "messageBody": "Initial commit for CheatSheet class",
            "fileTypesAndContributionMap": {
              "functional-code": {
                "insertions": 2,
                "deletions": 0
              }
            }
          },
          {
            "hash": "e2c533c6a8a7d089733e4455cf1300475fb2391e",
            "messageTitle": "Added class methods to CheatSheet class",
            "messageBody": "",
            "fileTypesAndContributionMap": {
              "functional-code": {
                "insertions": 46,
                "deletions": 1
              }
            }
          }
        ]
      },
      {
        "date": "2020-10-09",
        "commitResults": [
          {
            "hash": "2521585e21b3999dfe6ed53c889c8ed951c12a1e",
            "messageTitle": "Added CheatSheet getter and setter",
            "messageBody": "",
            "fileTypesAndContributionMap": {
              "functional-code": {
                "insertions": 13,
                "deletions": 13
              }
            }
          },
          {
            "hash": "f1c25103980c74edc7806d3646f12a2bdedde442",
            "messageTitle": "Fixed package name for cheatsheet",
            "messageBody": "",
            "fileTypesAndContributionMap": {
              "other": {
                "insertions": 1,
                "deletions": 1
              }
            }
          },
          {
            "hash": "fc56a0d6066268452d7d2d9b0e59d13b30ad3b33",
            "messageTitle": "Added JUnit testing to CheatSheet class",
            "messageBody": "",
            "fileTypesAndContributionMap": {
              "functional-code": {
                "insertions": 1,
                "deletions": 0
              },
              "test-code": {
                "insertions": 47,
                "deletions": 0
              }
            }
          },
          {
            "hash": "c8535dd7485fd6f1fd8d9459a7dcb028ddf3735d",
            "messageTitle": "Fixed import  statement for CheatSheet JUnit testing",
            "messageBody": "",
            "fileTypesAndContributionMap": {
              "test-code": {
                "insertions": 1,
                "deletions": 1
              }
            }
          }
        ]
      }
    ],
    "abnermtj": [
      {
        "date": "2020-09-30",
        "commitResults": [
          {
            "hash": "faec4743f01996ed8ab75c9ba5121a445862b229",
            "messageTitle": "update Abner into Aboutus",
            "messageBody": "",
            "fileTypesAndContributionMap": {
              "docs": {
                "insertions": 2,
                "deletions": 1
              }
            }
          },
          {
            "hash": "87dfac283ab0229d6cad66148a931d351d29ac43",
            "messageTitle": "update formatting",
            "messageBody": "",
            "fileTypesAndContributionMap": {
              "docs": {
                "insertions": 5,
                "deletions": 5
              }
            }
          }
        ]
      },
      {
        "date": "2020-10-07",
        "commitResults": [
          {
            "hash": "ddaa01a8b14405b33d310de5310639b7d8f31872",
            "messageTitle": "Initial commit for parser branch",
            "messageBody": "",
            "fileTypesAndContributionMap": {
              "other": {
                "insertions": 2,
                "deletions": 1
              }
            }
          },
          {
            "hash": "f066754490ded7eec2372947d36f4b73c7f2d79d",
            "messageTitle": "Initial commit for command branch",
            "messageBody": "",
            "fileTypesAndContributionMap": {
              "other": {
                "insertions": 1,
                "deletions": 0
              }
            }
          }
        ]
      },
      {
        "date": "2020-10-09",
        "commitResults": [
          {
            "hash": "3a7fc6ecd14c0ed5a800de02ecb7c4dbaefc06cb",
            "messageTitle": "Add Command class",
            "messageBody": "",
            "fileTypesAndContributionMap": {
              "functional-code": {
                "insertions": 13,
                "deletions": 0
              }
            }
          },
          {
            "hash": "8db9e2958968141d6bdf1b826bcaab767a8e8d9b",
            "messageTitle": "Add Command class",
            "messageBody": "",
            "fileTypesAndContributionMap": {
              "other": {
                "insertions": 5,
                "deletions": 3
              }
            }
          },
          {
            "hash": "615b74a85f22995ac264509cce4b61128c113641",
            "messageTitle": "Rename command dir",
            "messageBody": "",
            "fileTypesAndContributionMap": {
              "other": {
                "insertions": 0,
                "deletions": 0
              }
            }
          },
          {
            "hash": "32a87d2c94b71acbfd20fb846af4127297e115d2",
            "messageTitle": "move Command class",
            "messageBody": "",
            "fileTypesAndContributionMap": {
              "other": {
                "insertions": 1,
                "deletions": 1
              }
            }
          },
          {
            "hash": "13f46d1545329f7e214c83c17422f47dce7c9137",
            "messageTitle": "Update CheatSheetListTest.java",
            "messageBody": "",
            "fileTypesAndContributionMap": {
              "test-code": {
                "insertions": 7,
                "deletions": 7
              }
            }
          },
          {
            "hash": "42adfa0d98279f6d09c41379d0321183e89486c0",
            "messageTitle": "Add command test (#31)",
            "messageBody": "* Add Initial Command and Parser files\r\n\r\n* Add command test\r\n\r\nCo-authored-by: brandontoh \u003cbrandontoh@yahoo.com.sg\u003e",
            "fileTypesAndContributionMap": {
              "functional-code": {
                "insertions": 184,
                "deletions": 0
              },
              "test-code": {
                "insertions": 160,
                "deletions": 0
              }
            }
          }
        ]
      }
    ],
    "theopin": [
      {
        "date": "2020-09-30",
        "commitResults": [
          {
            "hash": "41d286498cc2cb1042e558d69a95b70362030def",
            "messageTitle": "Update AboutUs.md",
            "messageBody": "",
            "fileTypesAndContributionMap": {
              "docs": {
                "insertions": 1,
                "deletions": 1
              }
            }
          },
          {
            "hash": "a20dbed7f01cff98cf5a4a945f9c9836af7586ad",
            "messageTitle": "Create theopin.md",
            "messageBody": "",
            "fileTypesAndContributionMap": {
              "docs": {
                "insertions": 6,
                "deletions": 0
              }
            }
          }
        ]
      },
      {
        "date": "2020-10-07",
        "commitResults": [
          {
            "hash": "e26687a5ddbb9bb9cd2e57fa233b91d8abc06a5d",
            "messageTitle": "Create common base to read/write data",
            "messageBody": "",
            "fileTypesAndContributionMap": {
              "functional-code": {
                "insertions": 22,
                "deletions": 0
              }
            }
          }
        ]
      },
      {
        "date": "2020-10-08",
        "commitResults": [
          {
            "hash": "a4d2f1d9b9fa14041501dc8a4d5c9c17c2931fec",
            "messageTitle": "Add basic ability to read cheatsheet files",
            "messageBody": "",
            "fileTypesAndContributionMap": {
              "functional-code": {
                "insertions": 94,
                "deletions": 0
              }
            }
          },
          {
            "hash": "e542b3565f8ee8b1638d65fbdbb486d7fb043800",
            "messageTitle": "Rework error handling methods",
            "messageBody": "",
            "fileTypesAndContributionMap": {
              "functional-code": {
                "insertions": 24,
                "deletions": 17
              }
            }
          },
          {
            "hash": "37a3bf6ae1af32704e7e08e4a7afe41f5a4e623e",
            "messageTitle": "Shift files into storage package",
            "messageBody": "",
            "fileTypesAndContributionMap": {
              "other": {
                "insertions": 2,
                "deletions": 2
              }
            }
          }
        ]
      },
      {
        "date": "2020-10-09",
        "commitResults": [
          {
            "hash": "36c04ca2e427683372c68cec611db8f2e94042b2",
            "messageTitle": "Reorg parsing structure and add small jUnit test",
            "messageBody": "",
            "fileTypesAndContributionMap": {
              "functional-code": {
                "insertions": 43,
                "deletions": 21
              },
              "test-code": {
                "insertions": 13,
                "deletions": 0
              }
            }
          },
          {
            "hash": "361a001125a9c0ffdaf6939a53dcb972a79cfb4b",
            "messageTitle": "Resolve errors flagged by gradle",
            "messageBody": "",
            "fileTypesAndContributionMap": {
              "functional-code": {
                "insertions": 6,
                "deletions": 7
              }
            }
          },
          {
            "hash": "1fb517e287ee80b3f7d24c5e2baefda59f0cc89d",
            "messageTitle": "Attempt to add cheatsheet to application",
            "messageBody": "",
            "fileTypesAndContributionMap": {
              "other": {
                "insertions": 24,
                "deletions": 8
              }
            }
          },
          {
            "hash": "e88824ab878926bdc53faa8d3b29f438623cce3b",
            "messageTitle": "Resolve minor flag by gradle",
            "messageBody": "",
            "fileTypesAndContributionMap": {
              "functional-code": {
                "insertions": 2,
                "deletions": 2
              }
            }
          },
          {
            "hash": "850f7ac72fe2cff04d5c00607ec45742c7cbcb2f",
            "messageTitle": "Shift location of ReadTest.java",
            "messageBody": "",
            "fileTypesAndContributionMap": {
              "other": {
                "insertions": 1,
                "deletions": 1
              }
            }
          },
          {
            "hash": "e6f292f88576ce09f79a6f5abade876d9d9170cf",
            "messageTitle": "Add support to write files from cheatsheet",
            "messageBody": "",
            "fileTypesAndContributionMap": {
              "functional-code": {
                "insertions": 114,
                "deletions": 10
              },
              "test-code": {
                "insertions": 13,
                "deletions": 0
              }
            }
          },
          {
            "hash": "42feb43ffd10e53f135002c0b112d2c1c9cd5bf4",
            "messageTitle": "Resolve gradle checks",
            "messageBody": "",
            "fileTypesAndContributionMap": {
              "functional-code": {
                "insertions": 5,
                "deletions": 6
              }
            }
          },
          {
            "hash": "e3a2e928d782e04a86653a829da320fe1d05c263",
            "messageTitle": "Update javadoc comments for some methods",
            "messageBody": "",
            "fileTypesAndContributionMap": {
              "functional-code": {
                "insertions": 6,
                "deletions": 6
              }
            }
          },
          {
            "hash": "3a01388e7bd8af572345b4c6d9d58616463ba5fa",
            "messageTitle": "Minor edit",
            "messageBody": "",
            "fileTypesAndContributionMap": {
              "functional-code": {
                "insertions": 0,
                "deletions": 1
              }
            }
          }
        ]
      }
    ],
    "brandontoh": [
      {
        "date": "2020-09-30",
        "commitResults": [
          {
            "hash": "4b06a83e90d949c0b35c3cbc96133f66d10b6281",
            "messageTitle": "Modify third Row",
            "messageBody": "",
            "fileTypesAndContributionMap": {
              "docs": {
                "insertions": 1,
                "deletions": 1
              }
            }
          },
          {
            "hash": "26cbcd4caa2b5cbcd64d0802d2f73d25476befae",
            "messageTitle": "Add TohYongXiangBrandon.md",
            "messageBody": "",
            "fileTypesAndContributionMap": {
              "docs": {
                "insertions": 6,
                "deletions": 0
              }
            }
          }
        ]
      },
      {
        "date": "2020-10-07",
        "commitResults": [
          {
            "hash": "1020ad2aa05a5273819ef3d60870a81a07ed616b",
            "messageTitle": "Initial Commit",
            "messageBody": "",
            "fileTypesAndContributionMap": {
              "functional-code": {
                "insertions": 1,
                "deletions": 0
              }
            }
          }
        ]
      },
      {
        "date": "2020-10-09",
        "commitResults": [
          {
            "hash": "17e6c5bdf394f732f35bc20172608cf708b96bed",
            "messageTitle": "Add Initial Command and Parser files",
            "messageBody": "",
            "fileTypesAndContributionMap": {
              "functional-code": {
                "insertions": 184,
                "deletions": 0
              },
              "test-code": {
                "insertions": 154,
                "deletions": 0
              }
            }
          },
          {
            "hash": "d1ab17435ae875f6240d0f55a2f6ff142ae88d1e",
            "messageTitle": "Modify printcheatsheet() and rename ClearCheatSheetTest",
            "messageBody": "",
            "fileTypesAndContributionMap": {
              "functional-code": {
                "insertions": 8,
                "deletions": 6
              },
              "other": {
                "insertions": 1,
                "deletions": 1
              },
              "test-code": {
                "insertions": 4,
                "deletions": 4
              }
            }
          }
        ]
      }
    ],
    "adhy-p": [
      {
        "date": "2020-09-30",
        "commitResults": [
          {
            "hash": "1e5e92974f17dc85585486aeba760f7db67a7709",
            "messageTitle": "Update AboutUs.md, add personal portfolio for Adhy",
            "messageBody": "",
            "fileTypesAndContributionMap": {
              "docs": {
                "insertions": 7,
                "deletions": 1
              }
            }
          }
        ]
      },
      {
        "date": "2020-10-07",
        "commitResults": [
          {
            "hash": "6884ef1e3c9ffffb232d4aecf88134976369fb11",
            "messageTitle": "Add CheatSheetList",
            "messageBody": "",
            "fileTypesAndContributionMap": {
              "functional-code": {
                "insertions": 3,
                "deletions": 0
              }
            }
          }
        ]
      },
      {
        "date": "2020-10-09",
        "commitResults": [
          {
            "hash": "8875405fc8ac6da655e5232474fb22d557423e48",
            "messageTitle": "Add CheatSheetList and CheatSheetListTest",
            "messageBody": "",
            "fileTypesAndContributionMap": {
              "functional-code": {
                "insertions": 92,
                "deletions": 3
              },
              "test-code": {
                "insertions": 64,
                "deletions": 0
              }
            }
          },
          {
            "hash": "b6a8077af98d2aecd846b8dcc6a3306c5417542f",
            "messageTitle": "Tweak code to pass the checkstyle test",
            "messageBody": "",
            "fileTypesAndContributionMap": {
              "functional-code": {
                "insertions": 7,
                "deletions": 7
              },
              "test-code": {
                "insertions": 11,
                "deletions": 11
              }
            }
          },
          {
            "hash": "e958fdb1d414ec232508eee076797e00bf89b763",
            "messageTitle": "Change printCheatSheetNames to return string instead",
            "messageBody": "",
            "fileTypesAndContributionMap": {
              "functional-code": {
                "insertions": 14,
                "deletions": 13
              }
            }
          }
        ]
      }
    ]
  },
  "authorFileTypeContributionMap": {
    "domaxi": {
      "docs": 10,
      "functional-code": 48,
      "test-code": 47
    },
    "abnermtj": {
      "docs": 6,
      "functional-code": 151,
      "test-code": 12,
      "other": 2
    },
    "theopin": {
      "docs": 6,
      "functional-code": 262,
      "test-code": 26
    },
    "brandontoh": {
      "docs": 6,
      "functional-code": 50,
      "test-code": 154
    },
    "adhy-p": {
      "docs": 6,
      "functional-code": 92,
      "test-code": 58
    }
  },
  "authorContributionVariance": {
    "domaxi": 554.33136,
    "abnermtj": 10243.16,
    "theopin": 6711.8696,
    "brandontoh": 9270.864,
    "adhy-p": 3475.4556
  },
  "authorDisplayNameMap": {
    "domaxi": "CS2113T-W11-3 ALDO..GITO",
    "abnermtj": "CS2113T-W11-3 TOLE..ALES",
    "theopin": "CS2113T-W11-3 THEO..INTO",
    "brandontoh": "CS2113T-W11-3 TOH ..NDON",
    "adhy-p": "CS2113T-W11-3 HUBE..AWAN"
  }
}
