{
  "authorDailyContributionsMap": {
    "dixoncwc": [
      {
        "date": "2020-10-10",
        "commitResults": [
          {
            "hash": "54049b80eb1a0ae94aed56a6db46c4fb17887dda",
            "messageTitle": "Did setting of goals for both expenses and income",
            "messageBody": "",
            "fileTypesAndContributionMap": {
              "functional-code": {
                "insertions": 158,
                "deletions": 1
              }
            }
          }
        ]
      },
      {
        "date": "2020-10-11",
        "commitResults": [
          {
            "hash": "e262368923fc89f816d55550ef0f59dfd300ed93",
            "messageTitle": "Did the checkStyleMain and solved the issue regarding unable to exit goalstracker.",
            "messageBody": "",
            "fileTypesAndContributionMap": {
              "functional-code": {
                "insertions": 66,
                "deletions": 67
              }
            }
          }
        ]
      },
      {
        "date": "2020-10-13",
        "commitResults": [
          {
            "hash": "d15253846ffa3c0d6d68036fbfcb79a3947cae18",
            "messageTitle": "no message",
            "messageBody": "",
            "fileTypesAndContributionMap": {
              "functional-code": {
                "insertions": 1,
                "deletions": 0
              }
            }
          },
          {
            "hash": "19f1103f8881ca0ec6855d4a44b668b22366ff59",
            "messageTitle": "Added revenue and expenses update statement. Resolve some bugs in Goals Tracker",
            "messageBody": "",
            "fileTypesAndContributionMap": {
              "functional-code": {
                "insertions": 127,
                "deletions": 30
              }
            }
          },
          {
            "hash": "0e7002dcccc0125a5af8880bb5be35ea37d1e3c7",
            "messageTitle": "Edited the PrintType for goal status and apply slap to target goal tracker",
            "messageBody": "",
            "fileTypesAndContributionMap": {
              "functional-code": {
                "insertions": 66,
                "deletions": 54
              }
            }
          }
        ]
      },
      {
        "date": "2020-10-14",
        "commitResults": [
          {
            "hash": "eb0c2649002309dc0c79cc4e48542b735977dc27",
            "messageTitle": "Resolved some bugs in Goals Tracker",
            "messageBody": "",
            "fileTypesAndContributionMap": {
              "functional-code": {
                "insertions": 36,
                "deletions": 30
              }
            }
          }
        ]
      }
    ],
    "Feudalord": [
      {
        "date": "2020-10-08",
        "commitResults": [
          {
            "hash": "244a94b6cd45c780592843cf0c85f38ea83f265f",
            "messageTitle": "The beginning",
            "messageBody": "",
            "fileTypesAndContributionMap": {
              "functional-code": {
                "insertions": 21,
                "deletions": 0
              }
            }
          },
          {
            "hash": "a6cacd1a2fd017436a5044763e0e371aa63c31d1",
            "messageTitle": "Readying for pull",
            "messageBody": "",
            "fileTypesAndContributionMap": {
              "functional-code": {
                "insertions": 19,
                "deletions": 10
              }
            }
          }
        ]
      },
      {
        "date": "2020-10-10",
        "commitResults": [
          {
            "hash": "c1cb4968229f5a3fb0b05cbf5bd6b25139ae67b5",
            "messageTitle": "READY FOR PULL",
            "messageBody": "",
            "fileTypesAndContributionMap": {
              "functional-code": {
                "insertions": 80,
                "deletions": 4
              },
              "other": {
                "insertions": 3,
                "deletions": 0
              }
            }
          },
          {
            "hash": "fb3e7a1e23abda719f3f2d8004b227fe6af61e2c",
            "messageTitle": "asdfasdfga",
            "messageBody": "",
            "fileTypesAndContributionMap": {
              "functional-code": {
                "insertions": 1,
                "deletions": 1
              }
            }
          },
          {
            "hash": "ac3259dda558afc6a5b0edeee6d4d4c7c0629b77",
            "messageTitle": "Implemented Save and Load for manual tracker",
            "messageBody": "",
            "fileTypesAndContributionMap": {
              "functional-code": {
                "insertions": 95,
                "deletions": 15
              },
              "other": {
                "insertions": 4,
                "deletions": 2
              }
            }
          }
        ]
      },
      {
        "date": "2020-10-11",
        "commitResults": [
          {
            "hash": "2b91c0a6f597709d4b7b473f9e0d83c6ae3d45a0",
            "messageTitle": "Look nicer and more private members everywhere",
            "messageBody": "",
            "fileTypesAndContributionMap": {
              "functional-code": {
                "insertions": 92,
                "deletions": 80
              }
            }
          }
        ]
      },
      {
        "date": "2020-10-13",
        "commitResults": [
          {
            "hash": "bc4dfbe7fcd937b1a1b658ecedd15f10c5c9b5ff",
            "messageTitle": "SaveManager revamped",
            "messageBody": "",
            "fileTypesAndContributionMap": {
              "functional-code": {
                "insertions": 97,
                "deletions": 4
              },
              "other": {
                "insertions": 28,
                "deletions": 70
              }
            }
          }
        ]
      },
      {
        "date": "2020-10-14",
        "commitResults": [
          {
            "hash": "85dcdc2aba91c2dc012f097746c616d12343fde8",
            "messageTitle": "trivial",
            "messageBody": "",
            "fileTypesAndContributionMap": {
              "other": {
                "insertions": 1,
                "deletions": 1
              }
            }
          },
          {
            "hash": "d8008032b8e59cb5672999d9f5c8edd9c1672a36",
            "messageTitle": "GoalTracker Save",
            "messageBody": "",
            "fileTypesAndContributionMap": {
              "functional-code": {
                "insertions": 38,
                "deletions": 1
              },
              "other": {
                "insertions": 2,
                "deletions": 1
              }
            }
          },
          {
            "hash": "9371871f05ee536af8de0134e91495183eb2c069",
            "messageTitle": "Save Manager for Recurring Tracker",
            "messageBody": "",
            "fileTypesAndContributionMap": {
              "functional-code": {
                "insertions": 54,
                "deletions": 4
              },
              "other": {
                "insertions": 3,
                "deletions": 0
              }
            }
          },
          {
            "hash": "f00bc88626ed237de760a2ae95402b34e65799cf",
            "messageTitle": "Trivial",
            "messageBody": "",
            "fileTypesAndContributionMap": {
              "other": {
                "insertions": 4,
                "deletions": 7
              }
            }
          }
        ]
      }
    ],
    "bqxy": [
      {
        "date": "2020-10-11",
        "commitResults": [
          {
            "hash": "e32619fef84fcc80d36739fe7eaef7652f58fa2c",
            "messageTitle": "Add feature to calculate simple interest earned",
            "messageBody": "",
            "fileTypesAndContributionMap": {
              "functional-code": {
                "insertions": 124,
                "deletions": 0
              },
              "test-code": {
                "insertions": 2,
                "deletions": 0
              }
            }
          },
          {
            "hash": "7ba5ec627d44c6a2b354ecb01ac76c12faa04b85",
            "messageTitle": "Add JUnit tests for calculateSimpleInterest",
            "messageBody": "",
            "fileTypesAndContributionMap": {
              "test-code": {
                "insertions": 23,
                "deletions": 2
              }
            }
          }
        ]
      },
      {
        "date": "2020-10-12",
        "commitResults": [
          {
            "hash": "e5c985c2f181c58918ff65a89b70af2e45bd7e9c",
            "messageTitle": "Add feature to calculate cashback earned",
            "messageBody": "",
            "fileTypesAndContributionMap": {
              "functional-code": {
                "insertions": 104,
                "deletions": 1
              }
            }
          },
          {
            "hash": "ca3031139bc49fa06b5d587869afd1c248752fae",
            "messageTitle": "Add JUnit tests for calculateCashback",
            "messageBody": "",
            "fileTypesAndContributionMap": {
              "test-code": {
                "insertions": 23,
                "deletions": 0
              }
            }
          },
          {
            "hash": "404cafe8cb5603210bf5b4a5517b8196fe45a401",
            "messageTitle": "Add feature to exit FinanceTools subroutine",
            "messageBody": "",
            "fileTypesAndContributionMap": {
              "functional-code": {
                "insertions": 7,
                "deletions": 2
              }
            }
          },
          {
            "hash": "57a4cb5ce61722ac02db743288625caf95bbadfa",
            "messageTitle": "Edit to pass checkStyleMain",
            "messageBody": "",
            "fileTypesAndContributionMap": {
              "functional-code": {
                "insertions": 1,
                "deletions": 0
              }
            }
          }
        ]
      },
      {
        "date": "2020-10-13",
        "commitResults": [
          {
            "hash": "1262cb392f911d3ca3d3365efe7759b745e732c8",
            "messageTitle": "Add feature to calculate miles credit earned",
            "messageBody": "",
            "fileTypesAndContributionMap": {
              "functional-code": {
                "insertions": 77,
                "deletions": 0
              }
            }
          },
          {
            "hash": "e9fb9d25e1782a04fb9f21b7066599c6622a6bcf",
            "messageTitle": "Add JUnit tests for calculateMilesCredit",
            "messageBody": "",
            "fileTypesAndContributionMap": {
              "test-code": {
                "insertions": 23,
                "deletions": 0
              }
            }
          },
          {
            "hash": "d9d0bedc358076ea3a369133d2dda113a24d5f64",
            "messageTitle": "Edit to pass checkStyleMain",
            "messageBody": "",
            "fileTypesAndContributionMap": {
              "functional-code": {
                "insertions": 2,
                "deletions": 8
              }
            }
          },
          {
            "hash": "0f12c8a833e177f31a57f795306764facb546dc5",
            "messageTitle": "Edit to pass Java CI / build",
            "messageBody": "",
            "fileTypesAndContributionMap": {
              "functional-code": {
                "insertions": 1,
                "deletions": 1
              }
            }
          },
          {
            "hash": "bbecdf29d7e7a67b03093d2c658ab00ee3252e1c",
            "messageTitle": "Edit to pass Java CI / build",
            "messageBody": "",
            "fileTypesAndContributionMap": {
              "functional-code": {
                "insertions": 14,
                "deletions": 0
              }
            }
          }
        ]
      },
      {
        "date": "2020-10-14",
        "commitResults": [
          {
            "hash": "936e9e04bdb7011f394450c5310ad726b92c0216",
            "messageTitle": "Add feature to calculate compound interest earned",
            "messageBody": "",
            "fileTypesAndContributionMap": {
              "functional-code": {
                "insertions": 92,
                "deletions": 0
              }
            }
          },
          {
            "hash": "0498764344a6995a4faeb5d09f516ba769f964f5",
            "messageTitle": "Add JUnit tests for calculateCompoundInterest",
            "messageBody": "",
            "fileTypesAndContributionMap": {
              "test-code": {
                "insertions": 23,
                "deletions": 0
              }
            }
          },
          {
            "hash": "eda89f9a7c76fe86162386080dd8a0bf2ba55a4b",
            "messageTitle": "Add list of commands for Finance Tools main menu",
            "messageBody": "",
            "fileTypesAndContributionMap": {
              "functional-code": {
                "insertions": 7,
                "deletions": 5
              }
            }
          },
          {
            "hash": "9276eb9b7df9e164996756565fee9c673a0f2227",
            "messageTitle": "Align user interface design with other features",
            "messageBody": "",
            "fileTypesAndContributionMap": {
              "functional-code": {
                "insertions": 10,
                "deletions": 3
              }
            }
          },
          {
            "hash": "eb4433d061f4e17cf106309e5c28d04ac7cd4320",
            "messageTitle": "Add assertions to features in FinanceTools",
            "messageBody": "",
            "fileTypesAndContributionMap": {
              "functional-code": {
                "insertions": 14,
                "deletions": 0
              }
            }
          },
          {
            "hash": "94e5930cc5fa8a49e899de315960b365c94742a4",
            "messageTitle": "Edit FinanceTools output format",
            "messageBody": "",
            "fileTypesAndContributionMap": {
              "functional-code": {
                "insertions": 5,
                "deletions": 10
              }
            }
          }
        ]
      }
    ],
    "Artemis-Hunt": [
      {
        "date": "2020-10-11",
        "commitResults": [
          {
            "hash": "447a35d20010aee01b6c6a83132f7c5688028ad1",
            "messageTitle": "Added comments and cleaned up code for parsers and various other classes",
            "messageBody": "",
            "fileTypesAndContributionMap": {
              "functional-code": {
                "insertions": 63,
                "deletions": 48
              }
            }
          },
          {
            "hash": "1b9090e33bccdc43b644c8b77ef7f93eb449e921",
            "messageTitle": "Fixed bug related to extraction of param argument, restored functionality of ParamsParser. Rename handleParam to handleSingleParam for clarity. Refactored InputParser.parseInput out of UiManager Refactored \"enter a command\" message into UiManager Skeletal code for RecurringTracker (not functional as of now)",
            "messageBody": "",
            "fileTypesAndContributionMap": {
              "functional-code": {
                "insertions": 51,
                "deletions": 0
              }
            }
          },
          {
            "hash": "0dba07817717375d77d3acda46f972c463f9a225",
            "messageTitle": "Fixed bug related to extraction of param argument, restored functionality of ParamsParser. Rename handleParam to handleSingleParam for clarity. Refactored InputParser.parseInput out of UiManager Refactored \"enter a command\" message into UiManager Skeletal code for RecurringTracker (not functional as of now)",
            "messageBody": "",
            "fileTypesAndContributionMap": {
              "functional-code": {
                "insertions": 156,
                "deletions": 23
              }
            }
          }
        ]
      },
      {
        "date": "2020-10-12",
        "commitResults": [
          {
            "hash": "fddf3361d573ca53882b769df746d6c456a1a959",
            "messageTitle": "Implement initial recurring tracker - support add, list, delete, exit. Add comments for some functions Add functionality for ItemList - insert while maintaining sorted order",
            "messageBody": "",
            "fileTypesAndContributionMap": {
              "functional-code": {
                "insertions": 2,
                "deletions": 0
              }
            }
          },
          {
            "hash": "8b5d6c4ab2e1dd3bf55ed18b2b650a9183ab189c",
            "messageTitle": "Implement initial recurring tracker - support add, list, delete, exit. Add comments for some functions Add functionality for ItemList - insert while maintaining sorted order",
            "messageBody": "",
            "fileTypesAndContributionMap": {
              "functional-code": {
                "insertions": 207,
                "deletions": 48
              }
            }
          }
        ]
      },
      {
        "date": "2020-10-14",
        "commitResults": [
          {
            "hash": "45605b9eb721c7d73893e77dcde1b737e74a94f1",
            "messageTitle": "Add JUnit test for recurringtracker. Add edit entry functionality for recurringtracker Add comments and add assertions",
            "messageBody": "",
            "fileTypesAndContributionMap": {
              "functional-code": {
                "insertions": 92,
                "deletions": 24
              },
              "test-code": {
                "insertions": 30,
                "deletions": 0
              }
            }
          },
          {
            "hash": "88875d7a8a9530a33002990bbcded8a16dc0c84b",
            "messageTitle": "Clean up code to pass checkstyleMain",
            "messageBody": "",
            "fileTypesAndContributionMap": {
              "functional-code": {
                "insertions": 10,
                "deletions": 10
              }
            }
          },
          {
            "hash": "966122a3d28de41153b8145255df0329dfb42c0e",
            "messageTitle": "Added missing required params error message for edit",
            "messageBody": "",
            "fileTypesAndContributionMap": {
              "functional-code": {
                "insertions": 8,
                "deletions": 1
              }
            }
          },
          {
            "hash": "0cf47eafa91fb4e672a0754c5c170cdb390a2a6c",
            "messageTitle": "Enabled assertions Updated help for recurringtracker",
            "messageBody": "",
            "fileTypesAndContributionMap": {
              "functional-code": {
                "insertions": 6,
                "deletions": 5
              },
              "other": {
                "insertions": 1,
                "deletions": 1
              }
            }
          },
          {
            "hash": "2536c421e65945c4a4e8206ae7bf5d5fc785649d",
            "messageTitle": "Updated help for recurringtracker",
            "messageBody": "",
            "fileTypesAndContributionMap": {
              "functional-code": {
                "insertions": 8,
                "deletions": 7
              }
            }
          },
          {
            "hash": "08cf42cf35b81fa2d0a5bba58e09179c853a6e13",
            "messageTitle": "Updated help menu for recurringtracker",
            "messageBody": "",
            "fileTypesAndContributionMap": {
              "functional-code": {
                "insertions": 5,
                "deletions": 3
              }
            }
          },
          {
            "hash": "97164ee7af233948f8750e078078f00786f6ff14",
            "messageTitle": "Fixed bug relating to indexToModify",
            "messageBody": "",
            "fileTypesAndContributionMap": {
              "functional-code": {
                "insertions": 0,
                "deletions": 4
              }
            }
          },
          {
            "hash": "8db795a792e85577b75ef3e49375ca3448a01503",
            "messageTitle": "Fixed display bugs for recurringtracker and financetools",
            "messageBody": "",
            "fileTypesAndContributionMap": {
              "functional-code": {
                "insertions": 12,
                "deletions": 5
              }
            }
          }
        ]
      }
    ],
    "kaiwen98": [
      {
        "date": "2020-10-01",
        "commitResults": [
          {
            "hash": "53681010ffd7d0fd8c027718e8cffba9af4d960a",
            "messageTitle": "Updated Readme Docs",
            "messageBody": "",
            "fileTypesAndContributionMap": {
              "docs": {
                "insertions": 1,
                "deletions": 1
              }
            }
          },
          {
            "hash": "7c314c94ce0fbe6ade471d72d837e0adb28e0489",
            "messageTitle": "Import skeleton code",
            "messageBody": "",
            "fileTypesAndContributionMap": {
              "other": {
                "insertions": 688,
                "deletions": 0
              },
              "docs": {
                "insertions": 1,
                "deletions": 1
              },
              "test-code": {
                "insertions": 1,
                "deletions": 1
              }
            }
          }
        ]
      },
      {
        "date": "2020-10-03",
        "commitResults": [
          {
            "hash": "9d3347f933c7e6fb39418384cbf4a6dfe8d13531",
            "messageTitle": "Configured gradle build to run code, as well as general package housekeeping",
            "messageBody": "",
            "fileTypesAndContributionMap": {
              "other": {
                "insertions": 35,
                "deletions": 27
              }
            }
          },
          {
            "hash": "24e1447c412496725e6df1a6f84a1a8703e950b1",
            "messageTitle": "Fixed parser",
            "messageBody": "",
            "fileTypesAndContributionMap": {
              "functional-code": {
                "insertions": 78,
                "deletions": 45
              }
            }
          },
          {
            "hash": "7a0b3f70ec05b75ee8c84bf4728bf71708f0f703",
            "messageTitle": "Fixed parser and corrected regex process",
            "messageBody": "",
            "fileTypesAndContributionMap": {
              "functional-code": {
                "insertions": 1,
                "deletions": 3
              }
            }
          }
        ]
      },
      {
        "date": "2020-10-04",
        "commitResults": [
          {
            "hash": "998634b00e377efbb3a814f6822d572598babe85",
            "messageTitle": "Ensured compliance with checkstyle requirements, and fixed bug in parser",
            "messageBody": "",
            "fileTypesAndContributionMap": {
              "functional-code": {
                "insertions": 165,
                "deletions": 101
              },
              "other": {
                "insertions": 7,
                "deletions": 3
              }
            }
          }
        ]
      },
      {
        "date": "2020-10-06",
        "commitResults": [
          {
            "hash": "7eb5147bef175127666ffaba3ebf4cda191c0045",
            "messageTitle": "Bug fixed at parser; error parsing when param is at input end",
            "messageBody": "",
            "fileTypesAndContributionMap": {
              "functional-code": {
                "insertions": 5,
                "deletions": 2
              }
            }
          }
        ]
      },
      {
        "date": "2020-10-07",
        "commitResults": [
          {
            "hash": "19b78a5ae85be5e397bb414bd4a5125463eecae4",
            "messageTitle": "Added get method for Entry class",
            "messageBody": "",
            "fileTypesAndContributionMap": {
              "functional-code": {
                "insertions": 14,
                "deletions": 7
              }
            }
          },
          {
            "hash": "18e0a2d2bb8818d5b4f5e15fc1fefe86eae420d9",
            "messageTitle": "Fixed corner case for parser",
            "messageBody": "",
            "fileTypesAndContributionMap": {
              "functional-code": {
                "insertions": 3,
                "deletions": 1
              }
            }
          },
          {
            "hash": "9174c06608d3290d1008e32cdae44e64c58f88a6",
            "messageTitle": "Implemented datetime capabilities",
            "messageBody": "",
            "fileTypesAndContributionMap": {
              "functional-code": {
                "insertions": 160,
                "deletions": 6
              },
              "other": {
                "insertions": 2,
                "deletions": 2
              }
            }
          },
          {
            "hash": "34ee83a92b0c011fc03e6096e9890b68548698a4",
            "messageTitle": "Implemented dynamic table",
            "messageBody": "",
            "fileTypesAndContributionMap": {
              "functional-code": {
                "insertions": 112,
                "deletions": 26
              },
              "other": {
                "insertions": 1,
                "deletions": 1
              }
            }
          },
          {
            "hash": "bb6ddc98682dc62e566189a6ef3139811a79227e",
            "messageTitle": "Demonstrated table in manualtracker",
            "messageBody": "",
            "fileTypesAndContributionMap": {
              "functional-code": {
                "insertions": 20,
                "deletions": 22
              },
              "other": {
                "insertions": 6,
                "deletions": 4
              }
            }
          }
        ]
      },
      {
        "date": "2020-10-08",
        "commitResults": [
          {
            "hash": "f5f7bfc1e5f7105ac1ba628a5ad0465eee0d0279",
            "messageTitle": "Implemented entries management via subroutine and implementing in progress of dynamic wraping in table",
            "messageBody": "",
            "fileTypesAndContributionMap": {
              "functional-code": {
                "insertions": 4,
                "deletions": 0
              },
              "other": {
                "insertions": 8,
                "deletions": 2
              }
            }
          },
          {
            "hash": "925b033d476fcf7855ac690ac62d32b4210c9c50",
            "messageTitle": "Implemented entries management via subroutine and implementing in progress of dynamic wraping in table",
            "messageBody": "",
            "fileTypesAndContributionMap": {
              "functional-code": {
                "insertions": 485,
                "deletions": 121
              }
            }
          },
          {
            "hash": "1d48ff74bd030d5450a9931edd0c0df449b2ca9c",
            "messageTitle": "Fully implemented dynamic table and basic features of the manual tracker",
            "messageBody": "",
            "fileTypesAndContributionMap": {
              "functional-code": {
                "insertions": 142,
                "deletions": 83
              },
              "other": {
                "insertions": 5,
                "deletions": 1
              }
            }
          },
          {
            "hash": "6979fe080efc940ec4a6c044031bb164da4d3579",
            "messageTitle": "Implemented word wrapping for dynamic table",
            "messageBody": "",
            "fileTypesAndContributionMap": {
              "functional-code": {
                "insertions": 75,
                "deletions": 34
              },
              "other": {
                "insertions": 1,
                "deletions": 1
              }
            }
          },
          {
            "hash": "77f83dcce47288a51fdcfab6b8daa5ab7a22cfff",
            "messageTitle": "Sorted out packages to prepare for unit testing",
            "messageBody": "",
            "fileTypesAndContributionMap": {
              "functional-code": {
                "insertions": 21,
                "deletions": 17
              },
              "other": {
                "insertions": 16,
                "deletions": 7
              }
            }
          },
          {
            "hash": "fafc18ec3e979143018e40be149f544aa8d19f1b",
            "messageTitle": "More relocation of packages",
            "messageBody": "",
            "fileTypesAndContributionMap": {
              "functional-code": {
                "insertions": 16,
                "deletions": 10
              },
              "test-code": {
                "insertions": 49,
                "deletions": 0
              }
            }
          }
        ]
      },
      {
        "date": "2020-10-09",
        "commitResults": [
          {
            "hash": "a07ca0a28a4f1583cbbe0d14396a9ff553740fb5",
            "messageTitle": "Implemented exception handling for manual tracker class",
            "messageBody": "",
            "fileTypesAndContributionMap": {
              "functional-code": {
                "insertions": 284,
                "deletions": 218
              },
              "other": {
                "insertions": 32,
                "deletions": 5
              }
            }
          },
          {
            "hash": "61deea379b9d755a5c014c27245cc5148a5a2349",
            "messageTitle": "Implementing entry exceptions",
            "messageBody": "",
            "fileTypesAndContributionMap": {
              "other": {
                "insertions": 0,
                "deletions": 0
              }
            }
          },
          {
            "hash": "f90d7d289cd6bf8ed0abec3056eeb8d0299f24b7",
            "messageTitle": "Implementing exceptions for entry",
            "messageBody": "",
            "fileTypesAndContributionMap": {
              "functional-code": {
                "insertions": 202,
                "deletions": 143
              }
            }
          }
        ]
      },
      {
        "date": "2020-10-10",
        "commitResults": [
          {
            "hash": "76ef566c3b7ecea5986e86dea81f9433b423b856",
            "messageTitle": "Fixed code to comply with checkstylemain checks",
            "messageBody": "",
            "fileTypesAndContributionMap": {
              "functional-code": {
                "insertions": 581,
                "deletions": 407
              },
              "other": {
                "insertions": 9,
                "deletions": 0
              },
              "test-code": {
                "insertions": 40,
                "deletions": 0
              }
            }
          },
          {
            "hash": "7f6733218e49c7698f09d0a9cd2c77fc5d0d3391",
            "messageTitle": "Changed input file in runtest.sh",
            "messageBody": "",
            "fileTypesAndContributionMap": {
              "other": {
                "insertions": 1,
                "deletions": 1
              }
            }
          },
          {
            "hash": "5c385396b31c894d6f4931e8d2049c7819664c12",
            "messageTitle": "Revert \"Changed input file in runtest.sh\"",
            "messageBody": "This reverts commit 7f6733218e49c7698f09d0a9cd2c77fc5d0d3391.\n",
            "fileTypesAndContributionMap": {
              "other": {
                "insertions": 1,
                "deletions": 1
              }
            }
          },
          {
            "hash": "72e32d66d0d4801678dde38d4e10ed708437ab21",
            "messageTitle": "Implementing error message for invalid categories",
            "messageBody": "",
            "fileTypesAndContributionMap": {
              "functional-code": {
                "insertions": 71,
                "deletions": 30
              }
            }
          },
          {
            "hash": "b29621c29c5814be6611200e46dd1cd36d01564a",
            "messageTitle": "Designed classes for param handling and validation",
            "messageBody": "",
            "fileTypesAndContributionMap": {
              "functional-code": {
                "insertions": 291,
                "deletions": 104
              }
            }
          }
        ]
      },
      {
        "date": "2020-10-11",
        "commitResults": [
          {
            "hash": "9a1cb9001718a4ba91c014ee28b05f840eb7ba4f",
            "messageTitle": "Complete restructuring of classes and exception handling for manualtracker",
            "messageBody": "",
            "fileTypesAndContributionMap": {
              "functional-code": {
                "insertions": 269,
                "deletions": 372
              },
              "other": {
                "insertions": 2,
                "deletions": 0
              }
            }
          },
          {
            "hash": "44aa84dd91ef30e0ef415acd08b4deb09aad34e3",
            "messageTitle": "runtest.sh edit to input1.txt",
            "messageBody": "",
            "fileTypesAndContributionMap": {
              "other": {
                "insertions": 1,
                "deletions": 1
              }
            }
          },
          {
            "hash": "e77ecbeaec0e0aac09aaf540c5ca57cc5801acee",
            "messageTitle": "Code changes: Parser can correctly recognised and report params that fail to parse",
            "messageBody": "",
            "fileTypesAndContributionMap": {
              "functional-code": {
                "insertions": 16,
                "deletions": 3
              },
              "other": {
                "insertions": 1,
                "deletions": 1
              }
            }
          },
          {
            "hash": "5dc17f87d6cfa7302103db0207dbcd2842b68968",
            "messageTitle": "ManualTracker now generates ledgers at openLedger if ledger do not exist. Also, Parser now iterates over input params and reports unhandled required paramTypes.",
            "messageBody": "",
            "fileTypesAndContributionMap": {
              "functional-code": {
                "insertions": 9,
                "deletions": 2
              },
              "other": {
                "insertions": 2,
                "deletions": 0
              }
            }
          },
          {
            "hash": "9465c32d0d772a58fae76cfaed7032819c25c5a1",
            "messageTitle": "Fixed output for list param recognition",
            "messageBody": "",
            "fileTypesAndContributionMap": {
              "functional-code": {
                "insertions": 13,
                "deletions": 1
              }
            }
          },
          {
            "hash": "9c140649d7b597f6487a3b2e7cd24eea924aac53",
            "messageTitle": "Resolving merge conflicts",
            "messageBody": "",
            "fileTypesAndContributionMap": {
              "functional-code": {
                "insertions": 3,
                "deletions": 5
              }
            }
          },
          {
            "hash": "b353211ac16dc786e2a569ce519faf7a231e1534",
            "messageTitle": "resolving new changes",
            "messageBody": "",
            "fileTypesAndContributionMap": {
              "functional-code": {
                "insertions": 34,
                "deletions": 7
              }
            }
          }
        ]
      },
      {
        "date": "2020-10-12",
        "commitResults": [
          {
            "hash": "ce122cecb6cd91bf50321b6ac2e1755f4defc5dd",
            "messageTitle": "Refactored DateTime capabilities and dateTime parser",
            "messageBody": "",
            "fileTypesAndContributionMap": {
              "functional-code": {
                "insertions": 311,
                "deletions": 231
              },
              "other": {
                "insertions": 0,
                "deletions": 4
              }
            }
          },
          {
            "hash": "a34803cf814bdd3488ae780616f8e2068f5b38f4",
            "messageTitle": "Sorted out code style to comply with checkStyleMain requirements",
            "messageBody": "",
            "fileTypesAndContributionMap": {
              "functional-code": {
                "insertions": 133,
                "deletions": 126
              }
            }
          },
          {
            "hash": "a6f386ae7c0d73119d46eb3d73f7c41056972fed",
            "messageTitle": "Fixed bug related to accessing itemList by index",
            "messageBody": "",
            "fileTypesAndContributionMap": {
              "functional-code": {
                "insertions": 10,
                "deletions": 8
              },
              "other": {
                "insertions": 1,
                "deletions": 0
              }
            }
          },
          {
            "hash": "ae1db4439d8340816346915c707e4efceb7d4ecc",
            "messageTitle": "Implemented Assertions and Logging on ManualTracker",
            "messageBody": "",
            "fileTypesAndContributionMap": {
              "functional-code": {
                "insertions": 131,
                "deletions": 84
              },
              "other": {
                "insertions": 2,
                "deletions": 1
              }
            }
          },
          {
            "hash": "78ed25c64716f617cb6eb03cb1bfa69b7bca6fb0",
            "messageTitle": "Implemented Assertions and Logging on ManualTracker",
            "messageBody": "",
            "fileTypesAndContributionMap": {
              "functional-code": {
                "insertions": 4,
                "deletions": 3
              }
            }
          },
          {
            "hash": "7cbb401bff644fe871af7cac847079975909bbd0",
            "messageTitle": "Revert \"Implemented assertion on Item and ItemList classes, and logging on ParamChecker\"",
            "messageBody": "",
            "fileTypesAndContributionMap": {
              "functional-code": {
                "insertions": 84,
                "deletions": 132
              },
              "other": {
                "insertions": 1,
                "deletions": 2
              }
            }
          },
          {
            "hash": "dabc435a51c38d9f3293d8eb289ebf43f021226a",
            "messageTitle": "Implemented Assertions and Logging on ManualTracker",
            "messageBody": "",
            "fileTypesAndContributionMap": {
              "functional-code": {
                "insertions": 1,
                "deletions": 1
              }
            }
          },
          {
            "hash": "2d2188db7ae2e73ec74b6c2afe033414e92307c2",
            "messageTitle": "Revert \"Implemented Assertions and Logging on ManualTracker\"",
            "messageBody": "This reverts commit dabc435a51c38d9f3293d8eb289ebf43f021226a.\n",
            "fileTypesAndContributionMap": {
              "functional-code": {
                "insertions": 1,
                "deletions": 1
              }
            }
          },
          {
            "hash": "b4db2053df1965300188b8eb1b281f9922318b24",
            "messageTitle": "Revert \"Implemented Assertions and Logging on ManualTracker\"",
            "messageBody": "This reverts commit ae1db4439d8340816346915c707e4efceb7d4ecc.\n",
            "fileTypesAndContributionMap": {
              "functional-code": {
                "insertions": 1,
                "deletions": 2
              }
            }
          },
          {
            "hash": "7adb630c07eb96aaa0b66368855c9222db362c88",
            "messageTitle": "Implemented Assertions and Logging on ManualTracker",
            "messageBody": "",
            "fileTypesAndContributionMap": {
              "functional-code": {
                "insertions": 131,
                "deletions": 84
              },
              "other": {
                "insertions": 2,
                "deletions": 1
              }
            }
          },
          {
            "hash": "da19cdf3bdc93d3268e47b70ba1af2df36276757",
            "messageTitle": "Implemented Assertion on Item and ItemList and Logging on ParamChecker",
            "messageBody": "",
            "fileTypesAndContributionMap": {
              "functional-code": {
                "insertions": 4,
                "deletions": 4
              }
            }
          },
          {
            "hash": "2f0d7144346326b79b9139d3dde54eb9b3e9a46e",
            "messageTitle": "Changed assertion statement",
            "messageBody": "",
            "fileTypesAndContributionMap": {
              "functional-code": {
                "insertions": 1,
                "deletions": 2
              }
            }
          },
          {
            "hash": "38fab3815db5fd37d574e2fd1fcdcbdadfc1519d",
            "messageTitle": "Added CategoryMap class, and removed conflictingreferenceexception",
            "messageBody": "",
            "fileTypesAndContributionMap": {
              "functional-code": {
                "insertions": 171,
                "deletions": 97
              },
              "other": {
                "insertions": 3,
                "deletions": 3
              }
            }
          }
        ]
      },
      {
        "date": "2020-10-13",
        "commitResults": [
          {
            "hash": "fec1cc24733ebc4f699c62f06ac45ee1c3a63665",
            "messageTitle": "Refactored param handling related attributes",
            "messageBody": "",
            "fileTypesAndContributionMap": {
              "functional-code": {
                "insertions": 140,
                "deletions": 177
              },
              "other": {
                "insertions": 4,
                "deletions": 2
              }
            }
          },
          {
            "hash": "78534c5336307c7a125afd9d790d433454c4ee7f",
            "messageTitle": "Corrected features to implement new workflow",
            "messageBody": "",
            "fileTypesAndContributionMap": {
              "functional-code": {
                "insertions": 36,
                "deletions": 32
              }
            }
          },
          {
            "hash": "85e7cd2524ffb9cb1c812c53214764578886ed8c",
            "messageTitle": "Implemented new param workflow on FinanceTools",
            "messageBody": "",
            "fileTypesAndContributionMap": {
              "functional-code": {
                "insertions": 17,
                "deletions": 38
              },
              "other": {
                "insertions": 0,
                "deletions": 2
              }
            }
          },
          {
            "hash": "8fc31ecd7053deeeec2d7c9002c5251463268969",
            "messageTitle": "Corrected coding style and refactored various methods in SaveStateHandler",
            "messageBody": "",
            "fileTypesAndContributionMap": {
              "functional-code": {
                "insertions": 109,
                "deletions": 98
              },
              "other": {
                "insertions": 14,
                "deletions": 17
              }
            }
          },
          {
            "hash": "451d0737f6c15889ee2cf0315df254a4c801277b",
            "messageTitle": "Fixed bug where params successfully parsed are not cleared after each handling",
            "messageBody": "",
            "fileTypesAndContributionMap": {
              "functional-code": {
                "insertions": 22,
                "deletions": 17
              },
              "other": {
                "insertions": 7,
                "deletions": 0
              }
            }
          }
        ]
      },
      {
        "date": "2020-10-14",
        "commitResults": [
          {
            "hash": "e8de3130729302d361e2292995dc179c8d1ff349",
            "messageTitle": "Update UserGuide.md",
            "messageBody": "Imported skeleton code for user guide",
            "fileTypesAndContributionMap": {
              "docs": {
                "insertions": 638,
                "deletions": 23
              }
            }
          },
          {
            "hash": "57f75d73456632503e9638cedbe3cea3b4abd0af",
            "messageTitle": "Added unit testing for paramChecker",
            "messageBody": "",
            "fileTypesAndContributionMap": {
              "functional-code": {
                "insertions": 115,
                "deletions": 33
              },
              "test-code": {
                "insertions": 68,
                "deletions": 0
              }
            }
          },
          {
            "hash": "fba067a2a7af4afd41e32e02bde9f81f8f350255",
            "messageTitle": "Implemented more extensive unit testing for ParamChecker",
            "messageBody": "",
            "fileTypesAndContributionMap": {
              "functional-code": {
                "insertions": 47,
                "deletions": 27
              },
              "test-code": {
                "insertions": 130,
                "deletions": 8
              }
            }
          },
          {
            "hash": "c6f1171b30cab4ffc940fce784fe44addcc8c8f4",
            "messageTitle": "Fixed error in variable naming",
            "messageBody": "",
            "fileTypesAndContributionMap": {
              "test-code": {
                "insertions": 0,
                "deletions": 1
              }
            }
          },
          {
            "hash": "53c443c19a87ed74620912fa804a759c81a3df93",
            "messageTitle": "Fixed error in variable naming in test class",
            "messageBody": "",
            "fileTypesAndContributionMap": {
              "test-code": {
                "insertions": 3,
                "deletions": 3
              }
            }
          },
          {
            "hash": "cb4d381b83bec61e838c4f7e59de1fad53d0e827",
            "messageTitle": "Made corrections on RecurringTracker",
            "messageBody": "",
            "fileTypesAndContributionMap": {
              "other": {
                "insertions": 0,
                "deletions": 5
              }
            }
          },
          {
            "hash": "a389a91623db9a101c31f8f3efd101ae457e7d6c",
            "messageTitle": "Made changes to recurringchecker",
            "messageBody": "",
            "fileTypesAndContributionMap": {
              "functional-code": {
                "insertions": 100,
                "deletions": 62
              },
              "other": {
                "insertions": 1,
                "deletions": 0
              },
              "test-code": {
                "insertions": 0,
                "deletions": 1
              }
            }
          },
          {
            "hash": "80eae166a23860e1539e1e45a6527d504395045e",
            "messageTitle": "Ready for release",
            "messageBody": "",
            "fileTypesAndContributionMap": {
              "functional-code": {
                "insertions": 4,
                "deletions": 4
              },
              "other": {
                "insertions": 4,
                "deletions": 5
              }
            }
          },
          {
            "hash": "c52d01b4470fd6db306d4d17d66705b054067f93",
            "messageTitle": "Settled formatting issues",
            "messageBody": "",
            "fileTypesAndContributionMap": {
              "functional-code": {
                "insertions": 13,
                "deletions": 14
              },
              "other": {
                "insertions": 1,
                "deletions": 5
              }
            }
          }
        ]
      },
      {
        "date": "2020-10-15",
        "commitResults": [
          {
            "hash": "7190948000b0b46b38b141dc852f153a38c1d801",
            "messageTitle": "Cosmetic adjustments",
            "messageBody": "",
            "fileTypesAndContributionMap": {
              "functional-code": {
                "insertions": 31,
                "deletions": 11
              },
              "other": {
                "insertions": 0,
                "deletions": 1
              }
            }
          },
          {
            "hash": "3ae0a1cbc3cf1ea13ca2c2ef2b1274ae189bc89b",
            "messageTitle": "Assigning code authorship in saveManager to Ling Yue",
            "messageBody": "",
            "fileTypesAndContributionMap": {
              "functional-code": {
                "insertions": 5,
                "deletions": 0
              }
            }
          }
        ]
      }
    ]
  },
  "authorFileTypeContributionMap": {
    "dixoncwc": {
      "docs": 0,
      "functional-code": 266,
      "test-code": 0
    },
    "Feudalord": {
      "docs": 0,
      "functional-code": 308,
      "test-code": 0,
      "other": 4
    },
    "bqxy": {
      "docs": 0,
      "functional-code": 343,
      "test-code": 92
    },
    "Artemis-Hunt": {
      "docs": 0,
      "functional-code": 589,
      "test-code": 30,
      "other": 1
    },
    "kaiwen98": {
      "docs": 636,
      "functional-code": 2388,
      "test-code": 280,
      "other": 50
    }
  },
  "authorContributionVariance": {
    "dixoncwc": 5437.9336,
    "Feudalord": 5167.84,
    "bqxy": 3596.4043,
    "Artemis-Hunt": 10520.849,
    "kaiwen98": 322796.88
  },
  "authorDisplayNameMap": {
    "dixoncwc": "CS2113-T16-1 DIXO..CHUN",
    "Feudalord": "CS2113-T16-1 SUN .. YUE",
    "bqxy": "CS2113-T16-1 BRAN..G YI",
    "Artemis-Hunt": "CS2113-T16-1 DUAN..HANG",
    "kaiwen98": "CS2113-T16-1 LOOI.. WEN"
  }
}
