{
  "authorDailyContributionsMap": {
    "zsk612": [
      {
        "date": "2020-10-02",
        "commitResults": [
          {
            "hash": "f3d9a25849fcbb162dd5aa73ac5137165a0f2f79",
            "messageTitle": "change AboutUs.md",
            "messageBody": "",
            "fileTypesAndContributionMap": {
              "docs": {
                "insertions": 1,
                "deletions": 1
              }
            }
          },
          {
            "hash": "5e8ad42cca5b7ba5da31b9f8f5475b316367c98b",
            "messageTitle": "Add shukai.md and update AboutUs.md",
            "messageBody": "",
            "fileTypesAndContributionMap": {
              "docs": {
                "insertions": 8,
                "deletions": 9
              }
            }
          }
        ]
      },
      {
        "date": "2020-10-06",
        "commitResults": [
          {
            "hash": "4c668551b6960e8ff55619145cd7ffbe9b7e137d",
            "messageTitle": "Add list method for dietSession. Test code for Diet",
            "messageBody": "",
            "fileTypesAndContributionMap": {
              "functional-code": {
                "insertions": 83,
                "deletions": 26
              }
            }
          }
        ]
      },
      {
        "date": "2020-10-07",
        "commitResults": [
          {
            "hash": "6abd962fcd20b8c2276c049a38777554a2d0a5e4",
            "messageTitle": "Adopt hashmap for dietSession. Create classes for commands",
            "messageBody": "",
            "fileTypesAndContributionMap": {
              "functional-code": {
                "insertions": 185,
                "deletions": 41
              },
              "other": {
                "insertions": 2,
                "deletions": 2
              }
            }
          }
        ]
      },
      {
        "date": "2020-10-08",
        "commitResults": [
          {
            "hash": "ee64abc01e7624ad5a84e3eb7921e511c6e6ed28",
            "messageTitle": "Add exceptions for diet. Add Date and time parser for diet session creation.",
            "messageBody": "",
            "fileTypesAndContributionMap": {
              "functional-code": {
                "insertions": 219,
                "deletions": 74
              }
            }
          },
          {
            "hash": "3c2ced01c972dfc8366386a5bb2e1510f7cacad4",
            "messageTitle": "Add list method for dietSession. Test code for Diet",
            "messageBody": "(cherry picked from commit 4c668551b6960e8ff55619145cd7ffbe9b7e137d)\n",
            "fileTypesAndContributionMap": {
              "functional-code": {
                "insertions": 83,
                "deletions": 26
              }
            }
          },
          {
            "hash": "0ff4ca9372ab329e5bc48eec321786a1875e4772",
            "messageTitle": "Adopt hashmap for dietSession. Create classes for commands",
            "messageBody": "(cherry picked from commit 6abd962fcd20b8c2276c049a38777554a2d0a5e4)\n",
            "fileTypesAndContributionMap": {
              "functional-code": {
                "insertions": 185,
                "deletions": 41
              },
              "other": {
                "insertions": 2,
                "deletions": 2
              }
            }
          },
          {
            "hash": "3c4434d3494fe091f818f01985447781f611ee09",
            "messageTitle": "Add exceptions for diet. Add Date and time parser for diet session creation.",
            "messageBody": "(cherry picked from commit ee64abc01e7624ad5a84e3eb7921e511c6e6ed28)\n",
            "fileTypesAndContributionMap": {
              "functional-code": {
                "insertions": 219,
                "deletions": 74
              }
            }
          }
        ]
      },
      {
        "date": "2020-10-14",
        "commitResults": [
          {
            "hash": "39156dc33191a465a7ed5d480061e7ec32a4aa32",
            "messageTitle": "Add JUnit tests for Diet",
            "messageBody": "",
            "fileTypesAndContributionMap": {
              "functional-code": {
                "insertions": 1,
                "deletions": 2
              },
              "test-code": {
                "insertions": 155,
                "deletions": 0
              }
            }
          }
        ]
      },
      {
        "date": "2020-10-15",
        "commitResults": [
          {
            "hash": "19d241995c44389139a5dc2c35877a943d93b266",
            "messageTitle": "Add some JUnit test",
            "messageBody": "",
            "fileTypesAndContributionMap": {
              "functional-code": {
                "insertions": 0,
                "deletions": 88
              },
              "test-code": {
                "insertions": 1,
                "deletions": 1
              }
            }
          },
          {
            "hash": "de841235721c24cfa0ef0db581fc0bd4436bbb69",
            "messageTitle": "Add some jUnit test",
            "messageBody": "",
            "fileTypesAndContributionMap": {
              "functional-code": {
                "insertions": 49,
                "deletions": 28
              },
              "test-code": {
                "insertions": 12,
                "deletions": 20
              }
            }
          },
          {
            "hash": "c47a8b42865fa9825218b4c6c5bcbebcfe47041c",
            "messageTitle": "revert back to initial",
            "messageBody": "",
            "fileTypesAndContributionMap": {
              "functional-code": {
                "insertions": 1640,
                "deletions": 10
              },
              "other": {
                "insertions": 2,
                "deletions": 1
              },
              "docs": {
                "insertions": 30,
                "deletions": 6
              },
              "test-code": {
                "insertions": 161,
                "deletions": 0
              }
            }
          },
          {
            "hash": "707da160b1a8f48dedbc607f71763a4dfbd06d23",
            "messageTitle": "add assertion",
            "messageBody": "",
            "fileTypesAndContributionMap": {
              "functional-code": {
                "insertions": 18,
                "deletions": 77
              }
            }
          },
          {
            "hash": "0eac561cc38d46880ed407ea176ddc858d58617a",
            "messageTitle": "Add assertion. Fix load problem.",
            "messageBody": "",
            "fileTypesAndContributionMap": {
              "functional-code": {
                "insertions": 12,
                "deletions": 6
              },
              "test-code": {
                "insertions": 8,
                "deletions": 20
              }
            }
          },
          {
            "hash": "543b0a27ccbda9ba0c7346515786e20e629f265f",
            "messageTitle": "fix jUnit test",
            "messageBody": "",
            "fileTypesAndContributionMap": {
              "functional-code": {
                "insertions": 24,
                "deletions": 17
              },
              "test-code": {
                "insertions": 22,
                "deletions": 9
              }
            }
          },
          {
            "hash": "8ca2972c5c5b23cef7eeb9fec4971aaa8f33e77e",
            "messageTitle": "merge workout with everything else",
            "messageBody": "",
            "fileTypesAndContributionMap": {
              "functional-code": {
                "insertions": 837,
                "deletions": 1
              }
            }
          },
          {
            "hash": "e2aea222e156ff7b03eb650fa1836dca6c31c63b",
            "messageTitle": "Add delete dietSession",
            "messageBody": "",
            "fileTypesAndContributionMap": {
              "functional-code": {
                "insertions": 28,
                "deletions": 0
              }
            }
          }
        ]
      },
      {
        "date": "2020-10-19",
        "commitResults": [
          {
            "hash": "dcf0ae2af3461a946cc2b9bd595825e6710b0d32",
            "messageTitle": "Add clear and help for diet (clear for dietmanager not done yet)",
            "messageBody": "",
            "fileTypesAndContributionMap": {
              "functional-code": {
                "insertions": 102,
                "deletions": 4
              },
              "other": {
                "insertions": 2,
                "deletions": 2
              }
            }
          }
        ]
      },
      {
        "date": "2020-10-21",
        "commitResults": [
          {
            "hash": "552dc14e53981971d4bd981922ccba6fa0caeef3",
            "messageTitle": "Add more javadoc and loggings",
            "messageBody": "",
            "fileTypesAndContributionMap": {
              "functional-code": {
                "insertions": 186,
                "deletions": 24
              },
              "test-code": {
                "insertions": 38,
                "deletions": 33
              }
            }
          },
          {
            "hash": "3c056206b7af883c993d4b7e829d1bb3d6baeb13",
            "messageTitle": "Add 4.6. diet storage and 4.1.1. main page",
            "messageBody": "",
            "fileTypesAndContributionMap": {
              "docs": {
                "insertions": 50,
                "deletions": 7
              }
            }
          },
          {
            "hash": "99a26659e5ac0657f3c3d9cf52670aefd5941bcd",
            "messageTitle": "Revert \"Add 4.6. diet storage and 4.1.1. main page\"",
            "messageBody": "This reverts commit 3c056206b7af883c993d4b7e829d1bb3d6baeb13.\n",
            "fileTypesAndContributionMap": {
              "docs": {
                "insertions": 7,
                "deletions": 50
              }
            }
          },
          {
            "hash": "3df0979c5d8ca6d3114e46cead3814d8fcab3009",
            "messageTitle": "Add 4.6.2. diet storage and 4.1.1. main",
            "messageBody": "",
            "fileTypesAndContributionMap": {
              "docs": {
                "insertions": 35,
                "deletions": 0
              }
            }
          },
          {
            "hash": "cb9cb32099e129bac3cd77d5f9ed04e441d7f246",
            "messageTitle": "update help in diet",
            "messageBody": "",
            "fileTypesAndContributionMap": {
              "functional-code": {
                "insertions": 51,
                "deletions": 26
              },
              "test-code": {
                "insertions": 3,
                "deletions": 0
              }
            }
          }
        ]
      },
      {
        "date": "2020-10-22",
        "commitResults": [
          {
            "hash": "ce7aaabc69c1844de30dbb64f8cea9e002492a05",
            "messageTitle": "Add sequence diagram",
            "messageBody": "",
            "fileTypesAndContributionMap": {
              "functional-code": {
                "insertions": 1,
                "deletions": 18
              }
            }
          },
          {
            "hash": "dda45174d43e79a7ac776c33b3c8b44499fa58ac",
            "messageTitle": "Update DG",
            "messageBody": "",
            "fileTypesAndContributionMap": {
              "docs": {
                "insertions": 8,
                "deletions": 1
              }
            }
          },
          {
            "hash": "69200441c96c7226f672c52e6b4407a02da377dc",
            "messageTitle": "Add DietSessionSearch and FoodItemSearch Change some UI",
            "messageBody": "",
            "fileTypesAndContributionMap": {
              "functional-code": {
                "insertions": 154,
                "deletions": 44
              }
            }
          },
          {
            "hash": "6ed66f8c4fd9c7e04125b173911fc6e08d5be649",
            "messageTitle": "Add DietSessionSearch and FoodItemSearch Change some UI",
            "messageBody": "",
            "fileTypesAndContributionMap": {
              "functional-code": {
                "insertions": 7,
                "deletions": 14
              }
            }
          }
        ]
      },
      {
        "date": "2020-10-23",
        "commitResults": [
          {
            "hash": "8f400491cade6a52bb9ee0349053b9bbed45648d",
            "messageTitle": "Update diet UI",
            "messageBody": "",
            "fileTypesAndContributionMap": {
              "functional-code": {
                "insertions": 104,
                "deletions": 64
              }
            }
          },
          {
            "hash": "fa545cbe886b40393e3a4d6448922abbd98b3824",
            "messageTitle": "Update UI",
            "messageBody": "",
            "fileTypesAndContributionMap": {
              "functional-code": {
                "insertions": 12,
                "deletions": 16
              },
              "test-code": {
                "insertions": 1,
                "deletions": 1
              }
            }
          }
        ]
      }
    ],
    "yujinyang1998": [
      {
        "date": "2020-10-02",
        "commitResults": [
          {
            "hash": "119d58bfc6b6d39683e31fa6f87507af74d21ba6",
            "messageTitle": "Updated AboutUs.md for Yu Jinyang",
            "messageBody": "",
            "fileTypesAndContributionMap": {
              "docs": {
                "insertions": 7,
                "deletions": 1
              }
            }
          },
          {
            "hash": "e7cee1298cdb4806dd5140103501ee160810abb2",
            "messageTitle": "Updated url in AboutUs.md for Yu Jinyang",
            "messageBody": "",
            "fileTypesAndContributionMap": {
              "docs": {
                "insertions": 1,
                "deletions": 1
              }
            }
          },
          {
            "hash": "b1c528152272eb28b0cdaa3de3a7fb29398ad4ff",
            "messageTitle": "Updated url",
            "messageBody": "",
            "fileTypesAndContributionMap": {
              "docs": {
                "insertions": 1,
                "deletions": 1
              }
            }
          },
          {
            "hash": "7d5f09bf1ce745d75616da53358c6afe3fb1026b",
            "messageTitle": "Resized images in AboutUs.md",
            "messageBody": "",
            "fileTypesAndContributionMap": {
              "docs": {
                "insertions": 5,
                "deletions": 5
              }
            }
          }
        ]
      },
      {
        "date": "2020-10-04",
        "commitResults": [
          {
            "hash": "c73bd894e483da080ec9aad560c37008428fbc67",
            "messageTitle": "working on workout",
            "messageBody": "",
            "fileTypesAndContributionMap": {
              "functional-code": {
                "insertions": 50,
                "deletions": 0
              }
            }
          },
          {
            "hash": "2c895c5066456adb979190f321c198218a8e1505",
            "messageTitle": "Add workoutSession",
            "messageBody": "",
            "tags": [
              "oldcopy"
            ],
            "fileTypesAndContributionMap": {
              "functional-code": {
                "insertions": 127,
                "deletions": 50
              }
            }
          }
        ]
      },
      {
        "date": "2020-10-05",
        "commitResults": [
          {
            "hash": "e4bda933955c06b34d7e6b9623af6b2986cb0764",
            "messageTitle": "Did some gradle changes",
            "messageBody": "",
            "fileTypesAndContributionMap": {
              "functional-code": {
                "insertions": 10,
                "deletions": 10
              }
            }
          }
        ]
      },
      {
        "date": "2020-10-08",
        "commitResults": [
          {
            "hash": "83e4c0134a381b0abce83ae8c8521088f610e83f",
            "messageTitle": "Update storage package",
            "messageBody": "",
            "fileTypesAndContributionMap": {
              "functional-code": {
                "insertions": 88,
                "deletions": 248
              },
              "other": {
                "insertions": 1,
                "deletions": 1
              }
            }
          },
          {
            "hash": "db379d07c27137b2ea3abcbb1243203ec0acfae4",
            "messageTitle": "Update storage class",
            "messageBody": "",
            "fileTypesAndContributionMap": {
              "functional-code": {
                "insertions": 15,
                "deletions": 24
              }
            }
          }
        ]
      },
      {
        "date": "2020-10-10",
        "commitResults": [
          {
            "hash": "f5810ca7656941dbf1f9e75ea5edf3b3d8b21cb4",
            "messageTitle": "update workoutsession",
            "messageBody": "",
            "fileTypesAndContributionMap": {
              "functional-code": {
                "insertions": 1,
                "deletions": 0
              }
            }
          },
          {
            "hash": "b6ab745e4ac1f1ef199b90d411413e931c54f1c3",
            "messageTitle": "update workoutsession to store files",
            "messageBody": "",
            "fileTypesAndContributionMap": {
              "functional-code": {
                "insertions": 22,
                "deletions": 12
              }
            }
          },
          {
            "hash": "a52c4b380694ea67ea99b8166dbc914deb471762",
            "messageTitle": "fixed gradle test",
            "messageBody": "",
            "fileTypesAndContributionMap": {
              "functional-code": {
                "insertions": 1,
                "deletions": 1
              }
            }
          },
          {
            "hash": "2cfbdd93f183dabc403ad9732fbedb0ce9a11b2b",
            "messageTitle": "cleared main",
            "messageBody": "",
            "fileTypesAndContributionMap": {
              "functional-code": {
                "insertions": 0,
                "deletions": 1
              }
            }
          },
          {
            "hash": "1cae33d0460154adeb59744102780c9a309fa6b7",
            "messageTitle": "Revert \"Workout session storage\"",
            "messageBody": "",
            "fileTypesAndContributionMap": {
              "functional-code": {
                "insertions": 0,
                "deletions": 868
              },
              "other": {
                "insertions": 0,
                "deletions": 1
              }
            }
          }
        ]
      },
      {
        "date": "2020-10-15",
        "commitResults": [
          {
            "hash": "fc1614142adae31cc9d62cc9f9c6d6a864964f4c",
            "messageTitle": "add test",
            "messageBody": "",
            "fileTypesAndContributionMap": {
              "functional-code": {
                "insertions": 0,
                "deletions": 4
              },
              "test-code": {
                "insertions": 14,
                "deletions": 0
              }
            }
          },
          {
            "hash": "f0325493c3b23374384fde845c89a6491901abc2",
            "messageTitle": "fix gradle",
            "messageBody": "",
            "fileTypesAndContributionMap": {
              "test-code": {
                "insertions": 1,
                "deletions": 4
              }
            }
          },
          {
            "hash": "7dcfa680139d1161f9e23c0d534f378db73e58fa",
            "messageTitle": "Revert \"Workout pr\"",
            "messageBody": "",
            "fileTypesAndContributionMap": {
              "functional-code": {
                "insertions": 0,
                "deletions": 1
              },
              "test-code": {
                "insertions": 0,
                "deletions": 11
              }
            }
          },
          {
            "hash": "41380c797750abf1e0cf7e6e53354be7b23aaf4f",
            "messageTitle": "v1.0",
            "messageBody": "",
            "fileTypesAndContributionMap": {
              "functional-code": {
                "insertions": 59,
                "deletions": 22
              }
            }
          }
        ]
      },
      {
        "date": "2020-10-19",
        "commitResults": [
          {
            "hash": "1597a47ab9f5848effa2b801cfcd2ac3ab9a41c3",
            "messageTitle": "Refactor workoutsession",
            "messageBody": "",
            "fileTypesAndContributionMap": {
              "functional-code": {
                "insertions": 169,
                "deletions": 60
              },
              "other": {
                "insertions": 7,
                "deletions": 0
              }
            }
          },
          {
            "hash": "052f55e889339ff298bb7e4a9fda74ca1deb9074",
            "messageTitle": "fix gradle code style",
            "messageBody": "",
            "fileTypesAndContributionMap": {
              "functional-code": {
                "insertions": 13,
                "deletions": 7
              }
            }
          },
          {
            "hash": "45b791bbf67dbb53f05080f3eefbb1708c417224",
            "messageTitle": "update userguide",
            "messageBody": "",
            "fileTypesAndContributionMap": {
              "docs": {
                "insertions": 168,
                "deletions": 6
              }
            }
          }
        ]
      },
      {
        "date": "2020-10-20",
        "commitResults": [
          {
            "hash": "5853b09441ef3150d7169f6f356b763058639bd0",
            "messageTitle": "add test for workoutsession",
            "messageBody": "",
            "fileTypesAndContributionMap": {
              "test-code": {
                "insertions": 174,
                "deletions": 0
              }
            }
          }
        ]
      },
      {
        "date": "2020-10-21",
        "commitResults": [
          {
            "hash": "f12f1927582d55e79ed604b89ef08d2c4ec17f8e",
            "messageTitle": "formatted some output for main and workout session",
            "messageBody": "",
            "fileTypesAndContributionMap": {
              "functional-code": {
                "insertions": 72,
                "deletions": 11
              }
            }
          },
          {
            "hash": "6f97c0c0300e1f3025775d3aff1cac373842f907",
            "messageTitle": "gradle checkstyle",
            "messageBody": "",
            "fileTypesAndContributionMap": {
              "functional-code": {
                "insertions": 1,
                "deletions": 1
              }
            }
          },
          {
            "hash": "f2265e3832da3d626ccd05747aef8c05b6c8f19f",
            "messageTitle": "Add search to workoutsession",
            "messageBody": "",
            "fileTypesAndContributionMap": {
              "functional-code": {
                "insertions": 75,
                "deletions": 8
              }
            }
          },
          {
            "hash": "3d4a8fcc663b46b3a9d4e254425ce6c736c5b277",
            "messageTitle": "fix checkstyle",
            "messageBody": "",
            "fileTypesAndContributionMap": {
              "functional-code": {
                "insertions": 6,
                "deletions": 4
              }
            }
          },
          {
            "hash": "5e265974346ca7c968807ce8d6a172778c8c567a",
            "messageTitle": "Refactor variable names, add test",
            "messageBody": "",
            "fileTypesAndContributionMap": {
              "functional-code": {
                "insertions": 29,
                "deletions": 29
              },
              "test-code": {
                "insertions": 21,
                "deletions": 10
              }
            }
          },
          {
            "hash": "0f072b58b0fb3019d84192442ce1ae19a0ed3188",
            "messageTitle": "Update dev guide",
            "messageBody": "",
            "fileTypesAndContributionMap": {
              "docs": {
                "insertions": 1,
                "deletions": 1
              }
            }
          },
          {
            "hash": "432dd46e6d9bb011a1f216f214aa0a27fb713149",
            "messageTitle": "Add new class exerciselist to contain exercise",
            "messageBody": "",
            "fileTypesAndContributionMap": {
              "functional-code": {
                "insertions": 45,
                "deletions": 31
              }
            }
          }
        ]
      },
      {
        "date": "2020-10-22",
        "commitResults": [
          {
            "hash": "8a1c76f1b8adfdab57ac8a8390325df7fa000bb7",
            "messageTitle": "Did DG",
            "messageBody": "",
            "fileTypesAndContributionMap": {
              "functional-code": {
                "insertions": 4,
                "deletions": 10
              },
              "docs": {
                "insertions": 81,
                "deletions": 2
              }
            }
          },
          {
            "hash": "fa0da2aceb9d9044ad234499f99a30eb3585cc88",
            "messageTitle": "Delete redundant line in DG",
            "messageBody": "",
            "fileTypesAndContributionMap": {
              "docs": {
                "insertions": 13,
                "deletions": 21
              }
            }
          },
          {
            "hash": "cf7343242bfecd89da3af132bc3b1eb23e207460",
            "messageTitle": "Renamed some titles for workoutsession in DG",
            "messageBody": "",
            "fileTypesAndContributionMap": {
              "docs": {
                "insertions": 8,
                "deletions": 8
              }
            }
          }
        ]
      }
    ],
    "tienkhoa16": [
      {
        "date": "2020-10-02",
        "commitResults": [
          {
            "hash": "04a7d05afcad2dd6e33ad3dea25a375faf55efa9",
            "messageTitle": "Update About Us",
            "messageBody": "",
            "fileTypesAndContributionMap": {
              "docs": {
                "insertions": 7,
                "deletions": 7
              }
            }
          }
        ]
      },
      {
        "date": "2020-10-06",
        "commitResults": [
          {
            "hash": "02195957408292a3d41d59b3ceb73f1af37dd947",
            "messageTitle": "Add Profile class",
            "messageBody": "",
            "fileTypesAndContributionMap": {
              "functional-code": {
                "insertions": 95,
                "deletions": 0
              }
            }
          }
        ]
      },
      {
        "date": "2020-10-08",
        "commitResults": [
          {
            "hash": "4cb271826acfc308afa11cd5f65297e41dbbe584",
            "messageTitle": "Add Add, Save, Load functions of Profile",
            "messageBody": "",
            "fileTypesAndContributionMap": {
              "functional-code": {
                "insertions": 642,
                "deletions": 49
              }
            }
          },
          {
            "hash": "1e53b8fe7871c6bfa045a87c4dbbaf5f1464150c",
            "messageTitle": "Fix incorrect data file path",
            "messageBody": "",
            "fileTypesAndContributionMap": {
              "functional-code": {
                "insertions": 3,
                "deletions": 3
              }
            }
          }
        ]
      },
      {
        "date": "2020-10-09",
        "commitResults": [
          {
            "hash": "df8f0dbf84bfcad0c377f0ba3468078299abd4e4",
            "messageTitle": "Reorganise packages",
            "messageBody": "",
            "fileTypesAndContributionMap": {
              "functional-code": {
                "insertions": 43,
                "deletions": 41
              }
            }
          }
        ]
      },
      {
        "date": "2020-10-10",
        "commitResults": [
          {
            "hash": "b1c7a4937aae93398babb1d108b823e309e586e9",
            "messageTitle": "Add JUnit tests for decoding profile",
            "messageBody": "",
            "fileTypesAndContributionMap": {
              "functional-code": {
                "insertions": 287,
                "deletions": 156
              },
              "other": {
                "insertions": 19,
                "deletions": 8
              },
              "test-code": {
                "insertions": 35,
                "deletions": 14
              }
            }
          },
          {
            "hash": "23ba16e79e9219c037fe70ae114760c26a50842e",
            "messageTitle": "Add comments",
            "messageBody": "",
            "fileTypesAndContributionMap": {
              "test-code": {
                "insertions": 3,
                "deletions": 0
              }
            }
          },
          {
            "hash": "8841082b16b56170fa86640e0ef2f2b18f359d54",
            "messageTitle": "Add DeleteCommand class to delete user profile",
            "messageBody": "",
            "fileTypesAndContributionMap": {
              "functional-code": {
                "insertions": 59,
                "deletions": 3
              }
            }
          },
          {
            "hash": "ee46633b94495b0a95124d5b70d5d7415a3a927f",
            "messageTitle": "Update comments",
            "messageBody": "",
            "fileTypesAndContributionMap": {
              "functional-code": {
                "insertions": 1,
                "deletions": 1
              }
            }
          },
          {
            "hash": "6a34b0c5cd85e021fb9ec2981d42302445349638",
            "messageTitle": "Add ViewProfile class to view user profile",
            "messageBody": "",
            "fileTypesAndContributionMap": {
              "functional-code": {
                "insertions": 161,
                "deletions": 11
              }
            }
          }
        ]
      },
      {
        "date": "2020-10-12",
        "commitResults": [
          {
            "hash": "b230ce2b2ad29ec4d7f3365f809061b514040c85",
            "messageTitle": "Implement Gson to Storage class",
            "messageBody": "",
            "fileTypesAndContributionMap": {
              "functional-code": {
                "insertions": 52,
                "deletions": 48
              },
              "test-code": {
                "insertions": 19,
                "deletions": 4
              }
            }
          },
          {
            "hash": "8663cc4afa79e509e1b65ff124b37cf01f27b543",
            "messageTitle": "Update build.gradle",
            "messageBody": "",
            "fileTypesAndContributionMap": {
              "other": {
                "insertions": 2,
                "deletions": 1
              }
            }
          },
          {
            "hash": "2fa81bda9738c4ed7fc8c051bcfb6e17cd02c1d0",
            "messageTitle": "Enable assertions in build.gradle",
            "messageBody": "",
            "fileTypesAndContributionMap": {
              "other": {
                "insertions": 1,
                "deletions": 0
              }
            }
          },
          {
            "hash": "6a95d94fe2e8eccf1ca20f670b86fadfe4e89087",
            "messageTitle": "Add Logging to ProfileSession class",
            "messageBody": "",
            "fileTypesAndContributionMap": {
              "functional-code": {
                "insertions": 4,
                "deletions": 4
              },
              "other": {
                "insertions": 17,
                "deletions": 2
              }
            }
          },
          {
            "hash": "da2b76093305c7771b003a658898db0461746aa7",
            "messageTitle": "Add more assertions and logging to code",
            "messageBody": "",
            "fileTypesAndContributionMap": {
              "functional-code": {
                "insertions": 64,
                "deletions": 18
              }
            }
          }
        ]
      },
      {
        "date": "2020-10-13",
        "commitResults": [
          {
            "hash": "c8810c10e5b189e98a39947c630cf7ce437d2ac0",
            "messageTitle": "Update assertions, logging and JUnit tests",
            "messageBody": "",
            "fileTypesAndContributionMap": {
              "functional-code": {
                "insertions": 11,
                "deletions": 102
              },
              "other": {
                "insertions": 6,
                "deletions": 7
              }
            }
          }
        ]
      },
      {
        "date": "2020-10-15",
        "commitResults": [
          {
            "hash": "9c325f73d1b95d3720b61ca0613e3fa4c575f6a8",
            "messageTitle": "Adjust profile saving directory path",
            "messageBody": "",
            "fileTypesAndContributionMap": {
              "functional-code": {
                "insertions": 1,
                "deletions": 1
              }
            }
          }
        ]
      },
      {
        "date": "2020-10-16",
        "commitResults": [
          {
            "hash": "50c94e7f3331c62907e61a32deee5bc79ab81a38",
            "messageTitle": "Remove unnecessary constant",
            "messageBody": "",
            "fileTypesAndContributionMap": {
              "functional-code": {
                "insertions": 0,
                "deletions": 1
              }
            }
          }
        ]
      },
      {
        "date": "2020-10-17",
        "commitResults": [
          {
            "hash": "224c7b9620215ba7d23db08a7c3ae5a09af12d3e",
            "messageTitle": "Add SchwarzeneggerLogger class to log to file",
            "messageBody": "",
            "fileTypesAndContributionMap": {
              "functional-code": {
                "insertions": 38,
                "deletions": 0
              }
            }
          },
          {
            "hash": "339a2ee6c85fb24a36f7f8d19c430e0a2765e443",
            "messageTitle": "Add logger param to ProfileSession class",
            "messageBody": "",
            "fileTypesAndContributionMap": {
              "functional-code": {
                "insertions": 8,
                "deletions": 4
              }
            }
          },
          {
            "hash": "f6497bd4144d7d0fc837457dcd97a574c985b327",
            "messageTitle": "Update logger in AddCommand class",
            "messageBody": "",
            "fileTypesAndContributionMap": {
              "functional-code": {
                "insertions": 4,
                "deletions": 1
              }
            }
          },
          {
            "hash": "d8a4383948072ea171e0d7cc1cc9304948e578fa",
            "messageTitle": "Add comments",
            "messageBody": "",
            "fileTypesAndContributionMap": {
              "functional-code": {
                "insertions": 11,
                "deletions": 0
              }
            }
          },
          {
            "hash": "147bfc79515005675d5e6a1f1a9c09da28e4820d",
            "messageTitle": "Update logger in Command class",
            "messageBody": "",
            "fileTypesAndContributionMap": {
              "functional-code": {
                "insertions": 10,
                "deletions": 1
              }
            }
          },
          {
            "hash": "35e895997c9ec830bec6173b96945b878b7b87e9",
            "messageTitle": "Update logger in DeleteCommand class",
            "messageBody": "",
            "fileTypesAndContributionMap": {
              "functional-code": {
                "insertions": 4,
                "deletions": 1
              }
            }
          },
          {
            "hash": "ed28af0cfb98058fa5c4bf723147ddb86eac29af",
            "messageTitle": "Update logger in ExitCommand class",
            "messageBody": "",
            "fileTypesAndContributionMap": {
              "functional-code": {
                "insertions": 3,
                "deletions": 1
              }
            }
          },
          {
            "hash": "037f3dc178ffbff3cd223efee1a60eeb4fa1f738",
            "messageTitle": "Add comments",
            "messageBody": "",
            "fileTypesAndContributionMap": {
              "functional-code": {
                "insertions": 1,
                "deletions": 0
              }
            }
          },
          {
            "hash": "de3e5b7fc1dbc7ff624aaa816bfe71c2b4df25c8",
            "messageTitle": "Update logger in ViewCommand",
            "messageBody": "",
            "fileTypesAndContributionMap": {
              "functional-code": {
                "insertions": 4,
                "deletions": 1
              }
            }
          },
          {
            "hash": "20de4a5f69eac79a1ea82a3430be673b3fecf16d",
            "messageTitle": "Update logger in ProfileParser, Storage, Duke and StorageTest",
            "messageBody": "",
            "fileTypesAndContributionMap": {
              "functional-code": {
                "insertions": 33,
                "deletions": 16
              },
              "test-code": {
                "insertions": 5,
                "deletions": 2
              }
            }
          },
          {
            "hash": "0a0cebbc67c3e1865c3a4c765e64da248a727adb",
            "messageTitle": "Fix StorageTest",
            "messageBody": "",
            "fileTypesAndContributionMap": {
              "test-code": {
                "insertions": 2,
                "deletions": 2
              }
            }
          },
          {
            "hash": "1ecb36777edf187aefb6df79f1b24650cbd9c040",
            "messageTitle": "Refactor code after v1.0 merging",
            "messageBody": "",
            "fileTypesAndContributionMap": {
              "functional-code": {
                "insertions": 87,
                "deletions": 134
              },
              "other": {
                "insertions": 119,
                "deletions": 121
              },
              "test-code": {
                "insertions": 13,
                "deletions": 14
              }
            }
          }
        ]
      },
      {
        "date": "2020-10-18",
        "commitResults": [
          {
            "hash": "3ea86e173ebfbda215c4fc9588a66eb8e54cf851",
            "messageTitle": "Refactor code to comply coding standard",
            "messageBody": "",
            "fileTypesAndContributionMap": {
              "functional-code": {
                "insertions": 2,
                "deletions": 2
              }
            }
          },
          {
            "hash": "a1360e6c0cfe97434803a056b61520c2d2cbea8c",
            "messageTitle": "Refactor redundant package naming",
            "messageBody": "",
            "fileTypesAndContributionMap": {
              "functional-code": {
                "insertions": 20,
                "deletions": 20
              },
              "other": {
                "insertions": 21,
                "deletions": 21
              },
              "test-code": {
                "insertions": 7,
                "deletions": 7
              }
            }
          },
          {
            "hash": "f0aa1f272ad1a9521cf7cf88f53e2ecc4b721e48",
            "messageTitle": "Remove uncessary import, update _config.yml",
            "messageBody": "",
            "fileTypesAndContributionMap": {
              "functional-code": {
                "insertions": 0,
                "deletions": 2
              }
            }
          }
        ]
      },
      {
        "date": "2020-10-19",
        "commitResults": [
          {
            "hash": "53e1e5cbf72bc49a27125f3cf9c26b12f1a802e7",
            "messageTitle": "Remove data folder",
            "messageBody": "",
            "fileTypesAndContributionMap": {
              "other": {
                "insertions": 0,
                "deletions": 7
              }
            }
          },
          {
            "hash": "58f552bdb4c4833fa68d776e45811bd7e53d61c9",
            "messageTitle": "Remove unnecessary use of \"this\"",
            "messageBody": "",
            "fileTypesAndContributionMap": {
              "functional-code": {
                "insertions": 22,
                "deletions": 24
              }
            }
          },
          {
            "hash": "a2db7caaf32884bce6cfaab024c0ad42d9acc8c7",
            "messageTitle": "Make logger static, move ExecutionResult out to commands package",
            "messageBody": "",
            "fileTypesAndContributionMap": {
              "functional-code": {
                "insertions": 70,
                "deletions": 107
              },
              "other": {
                "insertions": 20,
                "deletions": 28
              },
              "test-code": {
                "insertions": 6,
                "deletions": 6
              }
            }
          }
        ]
      },
      {
        "date": "2020-10-20",
        "commitResults": [
          {
            "hash": "94fc24a0112c3329875973b179becf8bbfef2c09",
            "messageTitle": "Update profile parser",
            "messageBody": "",
            "fileTypesAndContributionMap": {
              "other": {
                "insertions": 98,
                "deletions": 6
              }
            }
          },
          {
            "hash": "490ce1651aef1f5d8ab9b466e1810b590ac2a6a7",
            "messageTitle": "Update command class",
            "messageBody": "",
            "fileTypesAndContributionMap": {
              "functional-code": {
                "insertions": 10,
                "deletions": 0
              }
            }
          },
          {
            "hash": "8fed33822d7636b81466b06c0287293e78d9b26f",
            "messageTitle": "Update AddProfile class",
            "messageBody": "",
            "fileTypesAndContributionMap": {
              "functional-code": {
                "insertions": 56,
                "deletions": 23
              }
            }
          },
          {
            "hash": "c9c74e0ec0dd09280d9dbb0853b846c11b651072",
            "messageTitle": "Update CommandResult and Logger",
            "messageBody": "",
            "fileTypesAndContributionMap": {
              "functional-code": {
                "insertions": 1,
                "deletions": 20
              },
              "other": {
                "insertions": 1,
                "deletions": 1
              }
            }
          },
          {
            "hash": "263d19a0cf7ecf2e1c2fbc53a5294d5b84528913",
            "messageTitle": "Add Exceptions",
            "messageBody": "",
            "fileTypesAndContributionMap": {
              "functional-code": {
                "insertions": 75,
                "deletions": 1
              }
            }
          },
          {
            "hash": "1eb092b217eab9f68db267a67b9a12d562f697d1",
            "messageTitle": "Update ProfileUI",
            "messageBody": "",
            "fileTypesAndContributionMap": {
              "functional-code": {
                "insertions": 2,
                "deletions": 114
              }
            }
          },
          {
            "hash": "8cca12bf52444c121cfd36837df0766d4d7c9d88",
            "messageTitle": "Update Delete, View, End Profile",
            "messageBody": "",
            "fileTypesAndContributionMap": {
              "functional-code": {
                "insertions": 29,
                "deletions": 24
              }
            }
          },
          {
            "hash": "3c6816e3c321bb28c09313a02ee708d48992d2b8",
            "messageTitle": "Update Constants, Profile, Profile Session, Duke, Storage",
            "messageBody": "",
            "fileTypesAndContributionMap": {
              "functional-code": {
                "insertions": 43,
                "deletions": 36
              }
            }
          },
          {
            "hash": "73659f40964066f3a4920415b73a5699993513d2",
            "messageTitle": "Update table of content and command highlighting",
            "messageBody": "",
            "fileTypesAndContributionMap": {
              "docs": {
                "insertions": 85,
                "deletions": 83
              }
            }
          },
          {
            "hash": "65397f67dcdb04a46987b460a97424a39b900f21",
            "messageTitle": "Update linking",
            "messageBody": "",
            "fileTypesAndContributionMap": {
              "docs": {
                "insertions": 6,
                "deletions": 6
              }
            }
          },
          {
            "hash": "e15e2a556fa38045ba4ea1c96434c73b12ae846f",
            "messageTitle": "Add EditProfile class",
            "messageBody": "",
            "fileTypesAndContributionMap": {
              "functional-code": {
                "insertions": 105,
                "deletions": 11
              }
            }
          },
          {
            "hash": "27f9db9276bd5c55e115468bdf540964b0d8a9b9",
            "messageTitle": "Add help command in Profile Menu",
            "messageBody": "",
            "fileTypesAndContributionMap": {
              "functional-code": {
                "insertions": 150,
                "deletions": 117
              }
            }
          },
          {
            "hash": "7a6dd8f0f312c3025934d44881ae73879fa2d6f2",
            "messageTitle": "Fix typo",
            "messageBody": "",
            "fileTypesAndContributionMap": {
              "functional-code": {
                "insertions": 12,
                "deletions": 12
              }
            }
          },
          {
            "hash": "c15f732011348f28f947457d8867f242b7502889",
            "messageTitle": "Add comments",
            "messageBody": "",
            "fileTypesAndContributionMap": {
              "functional-code": {
                "insertions": 41,
                "deletions": 0
              }
            }
          },
          {
            "hash": "c5e319e3dd9614a92b463866b5ca0557759b00e3",
            "messageTitle": "Add spacing",
            "messageBody": "",
            "fileTypesAndContributionMap": {
              "functional-code": {
                "insertions": 20,
                "deletions": 5
              }
            }
          },
          {
            "hash": "d87276be596dbe33051d54250e8b9dc29901c1c2",
            "messageTitle": "Remove unnecessary attribute and method",
            "messageBody": "",
            "fileTypesAndContributionMap": {
              "functional-code": {
                "insertions": 1,
                "deletions": 14
              }
            }
          },
          {
            "hash": "83f0a2bd7c8970a4947ae5e4115a5ea97670b112",
            "messageTitle": "Add Profile Utils Test",
            "messageBody": "",
            "fileTypesAndContributionMap": {
              "other": {
                "insertions": 1,
                "deletions": 2
              },
              "test-code": {
                "insertions": 70,
                "deletions": 0
              }
            }
          },
          {
            "hash": "695e7a8825cd7d8f6d4d731d7606389cc65b30ec",
            "messageTitle": "Update profile storage test",
            "messageBody": "",
            "fileTypesAndContributionMap": {
              "test-code": {
                "insertions": 2,
                "deletions": 2
              }
            }
          },
          {
            "hash": "564e391d0c263b11449642aefebe8a9552f4beb2",
            "messageTitle": "Add BMI classification tests",
            "messageBody": "",
            "fileTypesAndContributionMap": {
              "functional-code": {
                "insertions": 3,
                "deletions": 2
              },
              "test-code": {
                "insertions": 48,
                "deletions": 0
              }
            }
          },
          {
            "hash": "20ad3db75de27e30b54a6ca7af413266d0d84885",
            "messageTitle": "Add Profile Parser tests",
            "messageBody": "",
            "fileTypesAndContributionMap": {
              "functional-code": {
                "insertions": 43,
                "deletions": 1
              },
              "test-code": {
                "insertions": 131,
                "deletions": 0
              }
            }
          }
        ]
      },
      {
        "date": "2020-10-21",
        "commitResults": [
          {
            "hash": "0fc3b3e156dc0733f4a79c79baad3796064993cc",
            "messageTitle": "Update command summary table",
            "messageBody": "",
            "fileTypesAndContributionMap": {
              "docs": {
                "insertions": 29,
                "deletions": 8
              }
            }
          },
          {
            "hash": "73ee1e42ca2e0518a938a62a5925738f24b540ab",
            "messageTitle": "Remove unnecessary coupling between storage and ui",
            "messageBody": "",
            "fileTypesAndContributionMap": {
              "functional-code": {
                "insertions": 4,
                "deletions": 7
              }
            }
          },
          {
            "hash": "846e6bbb6128332f5c080e932e3c4d23577ce008",
            "messageTitle": "Update DG",
            "messageBody": "- table of contents\n- profile-related features implementation\n- loggings\n",
            "fileTypesAndContributionMap": {
              "docs": {
                "insertions": 175,
                "deletions": 538
              }
            }
          }
        ]
      },
      {
        "date": "2020-10-22",
        "commitResults": [
          {
            "hash": "2d164836ddf534e7ad65f2a8e3aebbe6d731ee81",
            "messageTitle": "Add UML Diagram for Add Profile",
            "messageBody": "",
            "fileTypesAndContributionMap": {
              "docs": {
                "insertions": 6,
                "deletions": 3
              }
            }
          },
          {
            "hash": "acbcc0daf20e6422aee8c31f3cac9e33f09e76d1",
            "messageTitle": "Resolved conflict in DG",
            "messageBody": "",
            "fileTypesAndContributionMap": {
              "docs": {
                "insertions": 1,
                "deletions": 15
              }
            }
          },
          {
            "hash": "ddd4a50dc8a9f6fa23954871ab7c7076078b3e4f",
            "messageTitle": "Fix title numbering",
            "messageBody": "",
            "fileTypesAndContributionMap": {
              "docs": {
                "insertions": 11,
                "deletions": 7
              }
            }
          }
        ]
      },
      {
        "date": "2020-10-23",
        "commitResults": [
          {
            "hash": "c3482d0e3299fd19a3f30aa30ec3caaa37516844",
            "messageTitle": "Apply singleton pattern to SchwarzeneggerLogger",
            "messageBody": "",
            "fileTypesAndContributionMap": {
              "functional-code": {
                "insertions": 145,
                "deletions": 107
              },
              "test-code": {
                "insertions": 0,
                "deletions": 3
              }
            }
          },
          {
            "hash": "087e7f1e80119c71fa1e2d10656c6b8c3f007715",
            "messageTitle": "Update Duke.java to greet user with added name",
            "messageBody": "",
            "fileTypesAndContributionMap": {
              "functional-code": {
                "insertions": 74,
                "deletions": 62
              }
            }
          }
        ]
      },
      {
        "date": "2020-10-24",
        "commitResults": [
          {
            "hash": "b1824e533ef1ba9d1d826df8032853fef598d46c",
            "messageTitle": "Change names of Storage classes",
            "messageBody": "",
            "fileTypesAndContributionMap": {
              "functional-code": {
                "insertions": 46,
                "deletions": 49
              },
              "other": {
                "insertions": 6,
                "deletions": 6
              },
              "test-code": {
                "insertions": 3,
                "deletions": 10
              }
            }
          },
          {
            "hash": "e5532f55989fec20a24a05a689fd5dfd96fe3dbd",
            "messageTitle": "Refactor Profile related commands",
            "messageBody": "",
            "fileTypesAndContributionMap": {
              "functional-code": {
                "insertions": 88,
                "deletions": 154
              }
            }
          },
          {
            "hash": "2d8b4e1d70cc5733019a8f14725f99a77d884051",
            "messageTitle": "Add InvalidSaveFormatException catch clause in commands",
            "messageBody": "",
            "fileTypesAndContributionMap": {
              "functional-code": {
                "insertions": 36,
                "deletions": 71
              }
            }
          },
          {
            "hash": "3febf93140ace471783dc2066422bfc04c1dcf09",
            "messageTitle": "Put commands in profile to command lib",
            "messageBody": "",
            "fileTypesAndContributionMap": {
              "functional-code": {
                "insertions": 121,
                "deletions": 114
              },
              "other": {
                "insertions": 33,
                "deletions": 92
              },
              "test-code": {
                "insertions": 131,
                "deletions": 131
              }
            }
          },
          {
            "hash": "84e9b4f4bff6433981a48dc95810b0a255076784",
            "messageTitle": "Add CommandLib test",
            "messageBody": "",
            "fileTypesAndContributionMap": {
              "functional-code": {
                "insertions": 16,
                "deletions": 16
              },
              "test-code": {
                "insertions": 331,
                "deletions": 27
              }
            }
          },
          {
            "hash": "f5d08bf66cbf4a023d7e2049f993d1f87f159281",
            "messageTitle": "Add Profile Parser test",
            "messageBody": "",
            "fileTypesAndContributionMap": {
              "test-code": {
                "insertions": 63,
                "deletions": 131
              }
            }
          },
          {
            "hash": "6310365c97756874d377ed060b45816e44383c26",
            "messageTitle": "Make Exception Handler static",
            "messageBody": "",
            "fileTypesAndContributionMap": {
              "functional-code": {
                "insertions": 13,
                "deletions": 17
              }
            }
          },
          {
            "hash": "854fcb477233fdb89651cb048ab378c8dedd70f8",
            "messageTitle": "Update Javadoc comments",
            "messageBody": "",
            "fileTypesAndContributionMap": {
              "functional-code": {
                "insertions": 276,
                "deletions": 215
              }
            }
          },
          {
            "hash": "b4a0356a71b11b7368f83d28b8e271aa95e80c0b",
            "messageTitle": "Update Javadoc",
            "messageBody": "",
            "fileTypesAndContributionMap": {
              "functional-code": {
                "insertions": 1,
                "deletions": 1
              }
            }
          }
        ]
      }
    ],
    "wgzesg": [
      {
        "date": "2020-10-03",
        "commitResults": [
          {
            "hash": "8df9d7cda977d7a163708bf5e4602c29741846a3",
            "messageTitle": "Update workout session file",
            "messageBody": "",
            "fileTypesAndContributionMap": {
              "functional-code": {
                "insertions": 70,
                "deletions": 0
              },
              "test-code": {
                "insertions": 14,
                "deletions": 0
              }
            }
          },
          {
            "hash": "d2f6c5f6e9c31be877ec11d2be400148646fdb3c",
            "messageTitle": "update about us profile",
            "messageBody": "",
            "fileTypesAndContributionMap": {
              "docs": {
                "insertions": 3,
                "deletions": 7
              }
            }
          }
        ]
      },
      {
        "date": "2020-10-04",
        "commitResults": [
          {
            "hash": "b9853a84a6b90a86a9c36647ad989feef4adfd8e",
            "messageTitle": "fixed style issue",
            "messageBody": "",
            "fileTypesAndContributionMap": {
              "other": {
                "insertions": 6,
                "deletions": 6
              }
            }
          },
          {
            "hash": "b85b3fd9d7c2a891081fb7faa9226acfee6d6baf",
            "messageTitle": "fix checkstyle",
            "messageBody": "",
            "fileTypesAndContributionMap": {
              "test-code": {
                "insertions": 1,
                "deletions": 1
              }
            }
          },
          {
            "hash": "e72837714dcaf106e08a97731f18de635376e952",
            "messageTitle": "Fix test output",
            "messageBody": "",
            "fileTypesAndContributionMap": {
              "test-code": {
                "insertions": 1,
                "deletions": 1
              }
            }
          },
          {
            "hash": "a2fdf4a43967b9fdbeeab053ba1971eebdc9b4c6",
            "messageTitle": "Add WorkoutManager",
            "messageBody": "",
            "fileTypesAndContributionMap": {
              "functional-code": {
                "insertions": 153,
                "deletions": 1
              }
            }
          }
        ]
      },
      {
        "date": "2020-10-08",
        "commitResults": [
          {
            "hash": "fa5a744dce962aa7f608a61cd516708cca339be8",
            "messageTitle": "import gson",
            "messageBody": "",
            "fileTypesAndContributionMap": {
              "functional-code": {
                "insertions": 245,
                "deletions": 0
              },
              "other": {
                "insertions": 1,
                "deletions": 0
              }
            }
          },
          {
            "hash": "507b54e3711878484ee0a236a368b615911f14ed",
            "messageTitle": "added runtime Factory",
            "messageBody": "",
            "fileTypesAndContributionMap": {
              "functional-code": {
                "insertions": 279,
                "deletions": 0
              }
            }
          }
        ]
      },
      {
        "date": "2020-10-10",
        "commitResults": [
          {
            "hash": "8484eced1e15dfe5e36935c2359286e292515c21",
            "messageTitle": "Add local storage to for workout Manager",
            "messageBody": "",
            "fileTypesAndContributionMap": {
              "functional-code": {
                "insertions": 269,
                "deletions": 45
              },
              "other": {
                "insertions": 10,
                "deletions": 8
              }
            }
          }
        ]
      },
      {
        "date": "2020-10-15",
        "commitResults": [
          {
            "hash": "bc92725301f36b0fe1ba8dbaf67e18e5c8d5f34c",
            "messageTitle": "add test cases for WorkoutManager",
            "messageBody": "",
            "fileTypesAndContributionMap": {
              "functional-code": {
                "insertions": 2,
                "deletions": 1
              },
              "other": {
                "insertions": 111,
                "deletions": 103
              },
              "test-code": {
                "insertions": 63,
                "deletions": 0
              }
            }
          }
        ]
      },
      {
        "date": "2020-10-16",
        "commitResults": [
          {
            "hash": "efbeb0a288fcafa19f87d5f8258b0b36795c4efe",
            "messageTitle": "add logging for workout manager",
            "messageBody": "",
            "fileTypesAndContributionMap": {
              "functional-code": {
                "insertions": 28,
                "deletions": 6
              }
            }
          },
          {
            "hash": "5560faeef12ca7fd4fc9b48a31523fe6cae055e5",
            "messageTitle": "correct checkstyle",
            "messageBody": "",
            "fileTypesAndContributionMap": {
              "test-code": {
                "insertions": 4,
                "deletions": 19
              }
            }
          }
        ]
      },
      {
        "date": "2020-10-18",
        "commitResults": [
          {
            "hash": "263ba3dd12555a20d6c41145089abe1d4eada896",
            "messageTitle": "Refactored commands for exercises and diet",
            "messageBody": "",
            "fileTypesAndContributionMap": {
              "functional-code": {
                "insertions": 56,
                "deletions": 111
              },
              "other": {
                "insertions": 30,
                "deletions": 7
              },
              "test-code": {
                "insertions": 6,
                "deletions": 5
              }
            }
          },
          {
            "hash": "b420030fd4a88b6b37ae530211c1ebe6a7931609",
            "messageTitle": "add edit, clear functionality. add command response.",
            "messageBody": "",
            "fileTypesAndContributionMap": {
              "functional-code": {
                "insertions": 261,
                "deletions": 22
              },
              "test-code": {
                "insertions": 5,
                "deletions": 5
              }
            }
          }
        ]
      },
      {
        "date": "2020-10-19",
        "commitResults": [
          {
            "hash": "8ec432b1c727adce4e88a9f3e31f727931e42ece",
            "messageTitle": "add search feature",
            "messageBody": "",
            "fileTypesAndContributionMap": {
              "functional-code": {
                "insertions": 147,
                "deletions": 8
              },
              "test-code": {
                "insertions": 120,
                "deletions": 0
              }
            }
          },
          {
            "hash": "98d247883ad920e61e0b177590da82e037581ac0",
            "messageTitle": "Change ui",
            "messageBody": "",
            "fileTypesAndContributionMap": {
              "functional-code": {
                "insertions": 17,
                "deletions": 3
              }
            }
          },
          {
            "hash": "c9a7ed418c688adc3f447268c7c83485639f389c",
            "messageTitle": "merge conflict fixed",
            "messageBody": "",
            "fileTypesAndContributionMap": {
              "functional-code": {
                "insertions": 1,
                "deletions": 0
              }
            }
          },
          {
            "hash": "7147b6b429cbc6a76118ea7df31b4829a136c616",
            "messageTitle": "update docs",
            "messageBody": "",
            "fileTypesAndContributionMap": {
              "docs": {
                "insertions": 95,
                "deletions": 32
              }
            }
          },
          {
            "hash": "807783b015f76805b88c4321d2f5f42e99bfbf01",
            "messageTitle": "update UG docs",
            "messageBody": "",
            "fileTypesAndContributionMap": {
              "docs": {
                "insertions": 78,
                "deletions": 37
              }
            }
          },
          {
            "hash": "391261288020e1b3c20ba688fa21fa5bfd856f69",
            "messageTitle": "ug for workout manager",
            "messageBody": "",
            "fileTypesAndContributionMap": {
              "docs": {
                "insertions": 170,
                "deletions": 92
              }
            }
          }
        ]
      },
      {
        "date": "2020-10-20",
        "commitResults": [
          {
            "hash": "1d76c1b7eef23f34733dec22c6470c6e1bd20455",
            "messageTitle": "DG for workout manager section",
            "messageBody": "",
            "fileTypesAndContributionMap": {
              "docs": {
                "insertions": 261,
                "deletions": 55
              }
            }
          }
        ]
      },
      {
        "date": "2020-10-21",
        "commitResults": [
          {
            "hash": "5bed9d5cfcf3636e4e684ba21724d302f78e3268",
            "messageTitle": "changed Command-\u003e print structure. Ui half updated. Redo main memu selection",
            "messageBody": "",
            "fileTypesAndContributionMap": {
              "functional-code": {
                "insertions": 362,
                "deletions": 168
              }
            }
          },
          {
            "hash": "6a6ed897f367affa56d86e458004d6da583063f4",
            "messageTitle": "change to follow gradle check",
            "messageBody": "",
            "fileTypesAndContributionMap": {
              "functional-code": {
                "insertions": 13,
                "deletions": 15
              },
              "other": {
                "insertions": 5,
                "deletions": 3
              }
            }
          },
          {
            "hash": "38d6cd02f9fafa085aa765d1008c39bb8a25f641",
            "messageTitle": "minor update",
            "messageBody": "",
            "fileTypesAndContributionMap": {
              "docs": {
                "insertions": 1,
                "deletions": 1
              }
            }
          },
          {
            "hash": "50e9ae58d9709cc8c936ace9e5cc250dcc67943c",
            "messageTitle": "add one diagram",
            "messageBody": "",
            "fileTypesAndContributionMap": {
              "docs": {
                "insertions": 8,
                "deletions": 6
              }
            }
          }
        ]
      },
      {
        "date": "2020-10-22",
        "commitResults": [
          {
            "hash": "22c357587431e4aad3d8fc51669edf6fd6a27396",
            "messageTitle": "update dg",
            "messageBody": "",
            "fileTypesAndContributionMap": {
              "functional-code": {
                "insertions": 2,
                "deletions": 1
              },
              "other": {
                "insertions": 1,
                "deletions": 1
              },
              "test-code": {
                "insertions": 2,
                "deletions": 2
              }
            }
          }
        ]
      },
      {
        "date": "2020-10-23",
        "commitResults": [
          {
            "hash": "5b617d7f881089d500ba5fab1b178b411e676cd7",
            "messageTitle": "Merge branch \u0027master\u0027 of https://github.com/AY2021S1-CS2113T-F11-1/tp",
            "messageBody": "# Conflicts:\n#\tdocs/DeveloperGuide.md\n",
            "fileTypesAndContributionMap": {
              "functional-code": {
                "insertions": 150,
                "deletions": 95
              }
            }
          },
          {
            "hash": "32bcc1ea9673f543ef85a225c12eec48537ba0c8",
            "messageTitle": "remove static modifier",
            "messageBody": "",
            "fileTypesAndContributionMap": {
              "functional-code": {
                "insertions": 3,
                "deletions": 3
              }
            }
          }
        ]
      },
      {
        "date": "2020-10-24",
        "commitResults": [
          {
            "hash": "d6bb3f9a1556aab03e48beca71dde178f00df339",
            "messageTitle": "update JavaDoc. Update logging",
            "messageBody": "",
            "fileTypesAndContributionMap": {
              "functional-code": {
                "insertions": 267,
                "deletions": 74
              },
              "test-code": {
                "insertions": 34,
                "deletions": 0
              }
            }
          }
        ]
      }
    ],
    "CFZeon": [
      {
        "date": "2020-10-02",
        "commitResults": [
          {
            "hash": "2f15ac3df3dcc88ba97a2755503af021e95cd5da",
            "messageTitle": "Add zeon aboutus",
            "messageBody": "",
            "fileTypesAndContributionMap": {
              "docs": {
                "insertions": 7,
                "deletions": 1
              }
            }
          }
        ]
      },
      {
        "date": "2020-10-05",
        "commitResults": [
          {
            "hash": "634108045024f0c30259a00a728edeb4d40c727b",
            "messageTitle": "Add DietManager",
            "messageBody": "",
            "fileTypesAndContributionMap": {
              "functional-code": {
                "insertions": 101,
                "deletions": 0
              }
            }
          },
          {
            "hash": "870fb0421e5de556ae13f3b4aa5e961bb115f910",
            "messageTitle": "Reorganize package",
            "messageBody": "",
            "fileTypesAndContributionMap": {
              "functional-code": {
                "insertions": 19,
                "deletions": 1
              },
              "other": {
                "insertions": 3,
                "deletions": 5
              }
            }
          },
          {
            "hash": "17a91f7f41f3caf45fb277e6094b676377684fa0",
            "messageTitle": "Fix code error in dietmanager",
            "messageBody": "",
            "fileTypesAndContributionMap": {
              "functional-code": {
                "insertions": 8,
                "deletions": 0
              }
            }
          },
          {
            "hash": "564a62dad572e5391d15b62f5e21fde2a654b271",
            "messageTitle": "Add skeleton to diet manager",
            "messageBody": "",
            "fileTypesAndContributionMap": {
              "functional-code": {
                "insertions": 96,
                "deletions": 11
              }
            }
          },
          {
            "hash": "f2e044162128bbe38edfaa2c7895efd999f83a39",
            "messageTitle": "Add function add and delete to dietsession",
            "messageBody": "",
            "fileTypesAndContributionMap": {
              "functional-code": {
                "insertions": 48,
                "deletions": 33
              },
              "other": {
                "insertions": 1,
                "deletions": 1
              }
            }
          }
        ]
      },
      {
        "date": "2020-10-08",
        "commitResults": [
          {
            "hash": "d2b0ce4b169d9ad3b8d97b288c11fca0435e774d",
            "messageTitle": "Add DietManager",
            "messageBody": "(cherry picked from commit 634108045024f0c30259a00a728edeb4d40c727b)\n",
            "fileTypesAndContributionMap": {
              "functional-code": {
                "insertions": 101,
                "deletions": 0
              }
            }
          },
          {
            "hash": "61ee4fe751c190121dcd3eb5f401143b6b51a6e7",
            "messageTitle": "Reorganize package",
            "messageBody": "(cherry picked from commit 870fb0421e5de556ae13f3b4aa5e961bb115f910)\n",
            "fileTypesAndContributionMap": {
              "functional-code": {
                "insertions": 19,
                "deletions": 1
              },
              "other": {
                "insertions": 3,
                "deletions": 5
              }
            }
          },
          {
            "hash": "df5bdbb06decc7ff540c38f0bbc160bf38fad870",
            "messageTitle": "Fix code error in dietmanager",
            "messageBody": "(cherry picked from commit 17a91f7f41f3caf45fb277e6094b676377684fa0)\n",
            "fileTypesAndContributionMap": {
              "functional-code": {
                "insertions": 8,
                "deletions": 0
              }
            }
          },
          {
            "hash": "5b4bc7fbb8e57afa1fa9450474d8e3b4ce385bbb",
            "messageTitle": "Add skeleton to diet manager",
            "messageBody": "(cherry picked from commit 564a62dad572e5391d15b62f5e21fde2a654b271)\n",
            "fileTypesAndContributionMap": {
              "functional-code": {
                "insertions": 96,
                "deletions": 11
              }
            }
          },
          {
            "hash": "8ba858b571a700c8fd4a05ae0e83f21becaafee4",
            "messageTitle": "Add function add and delete to dietsession",
            "messageBody": "(cherry picked from commit f2e044162128bbe38edfaa2c7895efd999f83a39)\n",
            "fileTypesAndContributionMap": {
              "functional-code": {
                "insertions": 48,
                "deletions": 33
              },
              "other": {
                "insertions": 1,
                "deletions": 1
              }
            }
          },
          {
            "hash": "b4d7f1685701fd759a0a2de1de9efa15c29e9e53",
            "messageTitle": "Fix style errors",
            "messageBody": "",
            "fileTypesAndContributionMap": {
              "functional-code": {
                "insertions": 19,
                "deletions": 43
              }
            }
          },
          {
            "hash": "68977c37fbaa5020ece0bcf82dc8e35968652e94",
            "messageTitle": "Fix more style errors",
            "messageBody": "",
            "fileTypesAndContributionMap": {
              "functional-code": {
                "insertions": 6,
                "deletions": 17
              }
            }
          },
          {
            "hash": "e5a0aa77f35cf0f945094a20e403599551090509",
            "messageTitle": "Rectify last style error",
            "messageBody": "",
            "fileTypesAndContributionMap": {
              "functional-code": {
                "insertions": 0,
                "deletions": 3
              }
            }
          },
          {
            "hash": "af3e394da9747ed787b865dff48af956cdb538e9",
            "messageTitle": "Change input and actual in text-ui-test",
            "messageBody": "",
            "fileTypesAndContributionMap": {
              "other": {
                "insertions": 1,
                "deletions": 1
              }
            }
          }
        ]
      },
      {
        "date": "2020-10-14",
        "commitResults": [
          {
            "hash": "093cf5db7e64b9da11fb163b9ad03edb6f48f2ca",
            "messageTitle": "Merge master to branch",
            "messageBody": "",
            "fileTypesAndContributionMap": {
              "functional-code": {
                "insertions": 120,
                "deletions": 1
              }
            }
          },
          {
            "hash": "7241b89a945f4d89df839654e8454fae479ef0ee",
            "messageTitle": "Add new storage format",
            "messageBody": "",
            "fileTypesAndContributionMap": {
              "functional-code": {
                "insertions": 36,
                "deletions": 5
              },
              "other": {
                "insertions": 7,
                "deletions": 6
              }
            }
          },
          {
            "hash": "c3eb1789257ea8c667ec03cae62fe7b392f188cb",
            "messageTitle": "Fix style error",
            "messageBody": "",
            "fileTypesAndContributionMap": {
              "functional-code": {
                "insertions": 71,
                "deletions": 0
              }
            }
          },
          {
            "hash": "72535af259d690b711b108fce4c2695b5b63ce6a",
            "messageTitle": "Rework storage",
            "messageBody": "",
            "fileTypesAndContributionMap": {
              "functional-code": {
                "insertions": 170,
                "deletions": 213
              }
            }
          },
          {
            "hash": "eba8c18d1a580a4da789b10970aed564f8f861df",
            "messageTitle": "Add json save function",
            "messageBody": "",
            "fileTypesAndContributionMap": {
              "functional-code": {
                "insertions": 7,
                "deletions": 6
              }
            }
          }
        ]
      },
      {
        "date": "2020-10-15",
        "commitResults": [
          {
            "hash": "40acf81d13ae0700e256fe7bd267db2dd747c77b",
            "messageTitle": "Add file load command to DietManager",
            "messageBody": "",
            "fileTypesAndContributionMap": {
              "functional-code": {
                "insertions": 76,
                "deletions": 13
              },
              "test-code": {
                "insertions": 4,
                "deletions": 4
              }
            }
          },
          {
            "hash": "62fd2c83c5d18eef0a090f6d0c813ed0a9d47d2b",
            "messageTitle": "Modify load function",
            "messageBody": "",
            "fileTypesAndContributionMap": {
              "functional-code": {
                "insertions": 6,
                "deletions": 21
              }
            }
          }
        ]
      },
      {
        "date": "2020-10-16",
        "commitResults": [
          {
            "hash": "906322c433f9a2ae5c3faa2363ccba48c67d4161",
            "messageTitle": "Add more assertion, logging and junit test",
            "messageBody": "",
            "fileTypesAndContributionMap": {
              "functional-code": {
                "insertions": 36,
                "deletions": 8
              },
              "test-code": {
                "insertions": 73,
                "deletions": 14
              }
            }
          }
        ]
      },
      {
        "date": "2020-10-19",
        "commitResults": [
          {
            "hash": "912c5ba1780d86c05d38efee073c28de06c2c315",
            "messageTitle": "Resolve import error",
            "messageBody": "",
            "fileTypesAndContributionMap": {
              "functional-code": {
                "insertions": 4,
                "deletions": 0
              },
              "test-code": {
                "insertions": 0,
                "deletions": 21
              }
            }
          },
          {
            "hash": "9cb34ede15b4dbcbab6765da86670f3c1cd750a1",
            "messageTitle": "Add schwarzenegger logger into class",
            "messageBody": "",
            "fileTypesAndContributionMap": {
              "functional-code": {
                "insertions": 3,
                "deletions": 0
              }
            }
          },
          {
            "hash": "a70c5f739465f5c9110df99286d1d8b79c429191",
            "messageTitle": "Add skeleton for developer guide",
            "messageBody": "",
            "fileTypesAndContributionMap": {
              "docs": {
                "insertions": 1197,
                "deletions": 16
              }
            }
          },
          {
            "hash": "3c62bdb0ab5642a20db536994ab52d3c8923aba8",
            "messageTitle": "Check in gradle",
            "messageBody": "",
            "fileTypesAndContributionMap": {
              "functional-code": {
                "insertions": 41,
                "deletions": 17
              },
              "other": {
                "insertions": 4,
                "deletions": 4
              },
              "test-code": {
                "insertions": 10,
                "deletions": 31
              }
            }
          },
          {
            "hash": "2ed6f9c0702345fe926f4b30bb817d673aa0f463",
            "messageTitle": "add dietsession and diet manager to user guide",
            "messageBody": "",
            "fileTypesAndContributionMap": {
              "docs": {
                "insertions": 100,
                "deletions": 3
              }
            }
          }
        ]
      },
      {
        "date": "2020-10-20",
        "commitResults": [
          {
            "hash": "de6f0634981abfb58bf6da5572025f0ca336c9c6",
            "messageTitle": "add user story to DG",
            "messageBody": "",
            "fileTypesAndContributionMap": {
              "docs": {
                "insertions": 9,
                "deletions": 4
              }
            }
          },
          {
            "hash": "9fe2d52e5c9064d20ac1ebe933ed43065f14b3e8",
            "messageTitle": "Fix clear command, user input in diet manager",
            "messageBody": "",
            "fileTypesAndContributionMap": {
              "functional-code": {
                "insertions": 18,
                "deletions": 17
              }
            }
          },
          {
            "hash": "bfd5edf5d5d3d9241b401ad0b806820339cd1719",
            "messageTitle": "Fix file not deleting after editing",
            "messageBody": "",
            "fileTypesAndContributionMap": {
              "functional-code": {
                "insertions": 38,
                "deletions": 44
              }
            }
          }
        ]
      },
      {
        "date": "2020-10-21",
        "commitResults": [
          {
            "hash": "c1072d3dacfb567b5404bc6bdc08846df7f7d1ca",
            "messageTitle": "Add junit test for dietsession and dietmanager",
            "messageBody": "",
            "fileTypesAndContributionMap": {
              "functional-code": {
                "insertions": 4,
                "deletions": 4
              },
              "test-code": {
                "insertions": 174,
                "deletions": 0
              }
            }
          },
          {
            "hash": "ed809901847ea988a1cb2e742bc46d4165659b26",
            "messageTitle": "replace * import with single class import",
            "messageBody": "",
            "fileTypesAndContributionMap": {
              "test-code": {
                "insertions": 13,
                "deletions": 2
              }
            }
          },
          {
            "hash": "faef338111d81305f86733b29df9558bcaa06fd7",
            "messageTitle": "update DG",
            "messageBody": "",
            "fileTypesAndContributionMap": {
              "docs": {
                "insertions": 35,
                "deletions": 25
              }
            }
          },
          {
            "hash": "d073013b0ba9566de51289f3632555dbc0d27231",
            "messageTitle": "update dg",
            "messageBody": "",
            "fileTypesAndContributionMap": {
              "docs": {
                "insertions": 6,
                "deletions": 6
              }
            }
          },
          {
            "hash": "6c55bc76e79ccba85f06a74ac6ffc375a20afb97",
            "messageTitle": "update DG",
            "messageBody": "",
            "fileTypesAndContributionMap": {
              "docs": {
                "insertions": 73,
                "deletions": 140
              }
            }
          }
        ]
      },
      {
        "date": "2020-10-22",
        "commitResults": [
          {
            "hash": "3735893aedbca9ba71c0fed56108f564f9ffa9ff",
            "messageTitle": "Update DG for diet and fix DietSession saving",
            "messageBody": "",
            "fileTypesAndContributionMap": {
              "functional-code": {
                "insertions": 18,
                "deletions": 2
              },
              "docs": {
                "insertions": 130,
                "deletions": 40
              }
            }
          },
          {
            "hash": "102a00e60b7230a006af7dee17693049c8ca7199",
            "messageTitle": "remove unused portions in dg",
            "messageBody": "",
            "fileTypesAndContributionMap": {
              "docs": {
                "insertions": 2,
                "deletions": 134
              }
            }
          }
        ]
      }
    ]
  },
  "authorFileTypeContributionMap": {
    "zsk612": {
      "docs": 61,
      "functional-code": 1530,
      "test-code": 189,
      "other": 1
    },
    "yujinyang1998": {
      "docs": 180,
      "functional-code": 346,
      "test-code": 177
    },
    "tienkhoa16": {
      "docs": 288,
      "functional-code": 1833,
      "test-code": 577,
      "other": 2
    },
    "wgzesg": {
      "docs": 384,
      "functional-code": 914,
      "test-code": 195,
      "other": 8
    },
    "CFZeon": {
      "docs": 609,
      "functional-code": 115,
      "test-code": 187
    }
  },
  "authorContributionVariance": {
    "zsk612": 356031.6,
    "yujinyang1998": 39764.75,
    "tienkhoa16": 258884.1,
    "wgzesg": 49483.387,
    "CFZeon": 93005.24
  },
  "authorDisplayNameMap": {
    "zsk612": "CS2113T-F11-1 ZHAN..UKAI",
    "yujinyang1998": "CS2113T-F11-1 YU J..YANG",
    "tienkhoa16": "CS2113T-F11-1 NGUY..KHOA",
    "wgzesg": "CS2113T-F11-1 WANG..SONG",
    "CFZeon": "CS2113T-F11-1 ZEON..EIYI"
  }
}
