{
  "authorDailyContributionsMap": {
    "t170815518": [
      {
        "date": "2020-10-10",
        "commitResults": [
          {
            "hash": "843a5f0a49e5b48aba2c5d15760739bc468b851d",
            "messageTitle": "Add module class",
            "messageBody": "",
            "fileTypesAndContributionMap": {
              "functional-code": {
                "insertions": 43,
                "deletions": 0
              }
            }
          },
          {
            "hash": "9cff8fc23a991194a83f201d2975656bdee125d9",
            "messageTitle": "Add schedule class",
            "messageBody": "",
            "fileTypesAndContributionMap": {
              "functional-code": {
                "insertions": 32,
                "deletions": 0
              }
            }
          },
          {
            "hash": "63998aba4024cddbf510a4d29bdb513646e8f8f1",
            "messageTitle": "Add EditModuleCommand",
            "messageBody": "",
            "fileTypesAndContributionMap": {
              "functional-code": {
                "insertions": 9,
                "deletions": 0
              }
            }
          },
          {
            "hash": "9c3e6f1820ecc71a4a9eaf944d9601ad672f3d18",
            "messageTitle": "Add EditTaskCommand",
            "messageBody": "",
            "fileTypesAndContributionMap": {
              "functional-code": {
                "insertions": 9,
                "deletions": 0
              }
            }
          },
          {
            "hash": "697be3540f9f9e86f81453bfa99716a8c3444c4f",
            "messageTitle": "Add InvalidRangeException",
            "messageBody": "",
            "fileTypesAndContributionMap": {
              "functional-code": {
                "insertions": 4,
                "deletions": 0
              }
            }
          },
          {
            "hash": "540fd19b2f886337559a0dda07fec7ccc4f810d8",
            "messageTitle": "Updata Task",
            "messageBody": "",
            "fileTypesAndContributionMap": {
              "functional-code": {
                "insertions": 52,
                "deletions": 4
              }
            }
          },
          {
            "hash": "9921af7c873a1d52103ab9a11c1b8eaf75227064",
            "messageTitle": "Update Event",
            "messageBody": "",
            "fileTypesAndContributionMap": {
              "functional-code": {
                "insertions": 4,
                "deletions": 0
              }
            }
          },
          {
            "hash": "7424087f5806b82c6148fddf451d889a328f7b34",
            "messageTitle": "Remove InvalidRangeException",
            "messageBody": "",
            "fileTypesAndContributionMap": {
              "functional-code": {
                "insertions": 2,
                "deletions": 7
              }
            }
          },
          {
            "hash": "a5d0f5af00f4171c46c6ed257239581df305d09d",
            "messageTitle": "Add AddModuleCommand",
            "messageBody": "",
            "fileTypesAndContributionMap": {
              "functional-code": {
                "insertions": 7,
                "deletions": 0
              }
            }
          }
        ]
      },
      {
        "date": "2020-10-14",
        "commitResults": [
          {
            "hash": "2400b251ccf3d5ccd2b50d85fbeeb262fe260d49",
            "messageTitle": "Delete DueQuest1",
            "messageBody": "",
            "fileTypesAndContributionMap": {
              "functional-code": {
                "insertions": 0,
                "deletions": 41
              }
            }
          },
          {
            "hash": "1fd7ff97368db4024bbef0dce7dfb7db0db910c4",
            "messageTitle": "Remove test functions from Ui",
            "messageBody": "",
            "fileTypesAndContributionMap": {
              "functional-code": {
                "insertions": 9,
                "deletions": 77
              }
            }
          },
          {
            "hash": "5ba993c55961b6db380d9dafe08ef12313771baa",
            "messageTitle": "Add separator when reading input",
            "messageBody": "",
            "fileTypesAndContributionMap": {
              "functional-code": {
                "insertions": 14,
                "deletions": 5
              }
            }
          },
          {
            "hash": "45b2b0ea9aefcc01b70a316c8875c9a2ffbe72e8",
            "messageTitle": "Add AddModule Method",
            "messageBody": "",
            "fileTypesAndContributionMap": {
              "functional-code": {
                "insertions": 134,
                "deletions": 140
              },
              "docs": {
                "insertions": 33,
                "deletions": 11
              }
            }
          },
          {
            "hash": "79b03b2a6aaafe50580cbb160fef1b75ea544a26",
            "messageTitle": "Fix PR Bug",
            "messageBody": "",
            "fileTypesAndContributionMap": {
              "functional-code": {
                "insertions": 89,
                "deletions": 137
              },
              "docs": {
                "insertions": 5,
                "deletions": 3
              }
            }
          },
          {
            "hash": "f235afb541ec295d4aa3ceec39e6885f4bec3f3d",
            "messageTitle": "Add Exception for module not existing",
            "messageBody": "",
            "fileTypesAndContributionMap": {
              "functional-code": {
                "insertions": 26,
                "deletions": 27
              }
            }
          },
          {
            "hash": "ab141a998271d4f958b0a6ec1526f8af072a87d4",
            "messageTitle": "Improve Module Display",
            "messageBody": "",
            "fileTypesAndContributionMap": {
              "functional-code": {
                "insertions": 143,
                "deletions": 153
              },
              "docs": {
                "insertions": 40,
                "deletions": 16
              },
              "test-code": {
                "insertions": 5,
                "deletions": 24
              }
            }
          },
          {
            "hash": "dc86e2c5ca4a4800c468a6d46ada9f1914f11ac5",
            "messageTitle": "Add fatJar in Gradle",
            "messageBody": "",
            "fileTypesAndContributionMap": {
              "other": {
                "insertions": 33,
                "deletions": 0
              }
            }
          },
          {
            "hash": "6f83d0fdc9184c6862a692bcca3ce19337551373",
            "messageTitle": "Update UG",
            "messageBody": "",
            "fileTypesAndContributionMap": {
              "docs": {
                "insertions": 177,
                "deletions": 89
              }
            }
          },
          {
            "hash": "407cf7831b91a36f22002af4a2f1870cf3f86226",
            "messageTitle": "Remove TODO",
            "messageBody": "",
            "fileTypesAndContributionMap": {
              "functional-code": {
                "insertions": 0,
                "deletions": 5
              }
            }
          },
          {
            "hash": "4da9e4c9857ae1d4c8417d0c2dce58457a276059",
            "messageTitle": "Ignore Exception for Valid Test Case",
            "messageBody": "",
            "fileTypesAndContributionMap": {
              "test-code": {
                "insertions": 36,
                "deletions": 27
              }
            }
          },
          {
            "hash": "5127ecb9d26621b1aadb766ec7a00a801c9672b6",
            "messageTitle": "Update UG",
            "messageBody": "",
            "fileTypesAndContributionMap": {
              "docs": {
                "insertions": 2,
                "deletions": 2
              }
            }
          }
        ]
      },
      {
        "date": "2020-10-15",
        "commitResults": [
          {
            "hash": "d788d7cf3d92089b2ddd83ce8ad4f338b63b0321",
            "messageTitle": "Upload UG",
            "messageBody": "",
            "fileTypesAndContributionMap": {
              "docs": {
                "insertions": 124,
                "deletions": 12
              }
            }
          },
          {
            "hash": "bad284a5c8256c8d2bb79d3a203e1bf4cd99d225",
            "messageTitle": "Fix bug of delete and edit",
            "messageBody": "",
            "fileTypesAndContributionMap": {
              "functional-code": {
                "insertions": 76,
                "deletions": 5
              }
            }
          }
        ]
      },
      {
        "date": "2020-10-24",
        "commitResults": [
          {
            "hash": "baed0490bc1a1a77732eacac9bfbcc0621cda85f",
            "messageTitle": "Add Storage function",
            "messageBody": "",
            "fileTypesAndContributionMap": {
              "functional-code": {
                "insertions": 217,
                "deletions": 174
              },
              "docs": {
                "insertions": 9,
                "deletions": 5
              }
            }
          }
        ]
      },
      {
        "date": "2020-10-29",
        "commitResults": [
          {
            "hash": "ac4f76f59943ef5cf6cf00dc7582606699dd2c20",
            "messageTitle": "Export edit command to file",
            "messageBody": "",
            "fileTypesAndContributionMap": {
              "functional-code": {
                "insertions": 18,
                "deletions": 3
              }
            }
          },
          {
            "hash": "abeca5ced4a89d306108e739be9b436f5b3a16c3",
            "messageTitle": "Add ui message for edit",
            "messageBody": "",
            "fileTypesAndContributionMap": {
              "functional-code": {
                "insertions": 5,
                "deletions": 2
              }
            }
          },
          {
            "hash": "5e9c9b1b27ba757f573d82a817eabb1e4a2f7872",
            "messageTitle": "Change print separator",
            "messageBody": "",
            "fileTypesAndContributionMap": {
              "functional-code": {
                "insertions": 3,
                "deletions": 2
              }
            }
          }
        ]
      }
    ],
    "haroic1997": [
      {
        "date": "2020-10-07",
        "commitResults": [
          {
            "hash": "9707218f6b5ed8102517b69100dd7c626f57d159",
            "messageTitle": "added base code to start off",
            "messageBody": "",
            "fileTypesAndContributionMap": {
              "functional-code": {
                "insertions": 906,
                "deletions": 12
              },
              "other": {
                "insertions": 0,
                "deletions": 0
              }
            }
          }
        ]
      },
      {
        "date": "2020-10-08",
        "commitResults": [
          {
            "hash": "919cff2a5575f2ba5d33079e01424a616f0521b4",
            "messageTitle": "fixed test file error",
            "messageBody": "",
            "fileTypesAndContributionMap": {
              "functional-code": {
                "insertions": 8,
                "deletions": 7
              },
              "other": {
                "insertions": 4,
                "deletions": 2
              }
            }
          },
          {
            "hash": "6b63f08ffa407d53982fa422d9ac43c9ca1f5d02",
            "messageTitle": "clean up checkstyle issue",
            "messageBody": "",
            "fileTypesAndContributionMap": {
              "functional-code": {
                "insertions": 51,
                "deletions": 56
              }
            }
          },
          {
            "hash": "0ccf99ab3adb82eb8bc438cb3d76cb527c134d6d",
            "messageTitle": "added date functionality to event \u0026 Deadline refactor parsing method",
            "messageBody": "",
            "fileTypesAndContributionMap": {
              "functional-code": {
                "insertions": 54,
                "deletions": 68
              }
            }
          },
          {
            "hash": "406a5ac93e7c32fca481ec1cbba3d015a042e60d",
            "messageTitle": "rename variables",
            "messageBody": "",
            "fileTypesAndContributionMap": {
              "functional-code": {
                "insertions": 3,
                "deletions": 3
              }
            }
          }
        ]
      },
      {
        "date": "2020-10-12",
        "commitResults": [
          {
            "hash": "b0fda2fe1c2a0b64cf600cceeaca666644b9e654",
            "messageTitle": "added more type to DueQuestExceptionType",
            "messageBody": "",
            "fileTypesAndContributionMap": {
              "functional-code": {
                "insertions": 1,
                "deletions": 0
              }
            }
          },
          {
            "hash": "2e54e152ff832a0f6e09753de5f6e113b82e2a46",
            "messageTitle": "Standardize List\u003c\u003e with ArrayList\u003c\u003e",
            "messageBody": "",
            "fileTypesAndContributionMap": {
              "functional-code": {
                "insertions": 16,
                "deletions": 3
              }
            }
          },
          {
            "hash": "05786c92e9fa3fb594c61b1413232fba6cf2bab4",
            "messageTitle": "Added AddTaskToModule and Display methods",
            "messageBody": "",
            "fileTypesAndContributionMap": {
              "functional-code": {
                "insertions": 74,
                "deletions": 2
              }
            }
          },
          {
            "hash": "332631307d5dfe20ca8c91a480c4c7406ebe0919",
            "messageTitle": "added method to validate DisplayCommand",
            "messageBody": "",
            "fileTypesAndContributionMap": {
              "functional-code": {
                "insertions": 62,
                "deletions": 15
              }
            }
          },
          {
            "hash": "fce2a83b2059f54d2cc5a9f2de2d12e2af4bf8a3",
            "messageTitle": "Added DisplayMethod for Schedule Manager",
            "messageBody": "",
            "fileTypesAndContributionMap": {
              "functional-code": {
                "insertions": 45,
                "deletions": 6
              }
            }
          },
          {
            "hash": "327c890a60a3b9cc2b0dc5d7742aa86abb1e1f1b",
            "messageTitle": "added print method to Ui class",
            "messageBody": "",
            "fileTypesAndContributionMap": {
              "functional-code": {
                "insertions": 16,
                "deletions": 1
              }
            }
          },
          {
            "hash": "bfca3d9276ad4394f809a19a5e2c68e949c3ecb1",
            "messageTitle": "added preloadData and  testDisplay Functionality for testing",
            "messageBody": "",
            "fileTypesAndContributionMap": {
              "functional-code": {
                "insertions": 42,
                "deletions": 6
              }
            }
          },
          {
            "hash": "25d376d7d57ffdf1f0b7ec09604379b9e44e3f98",
            "messageTitle": "added DisplayCommand Class",
            "messageBody": "",
            "fileTypesAndContributionMap": {
              "functional-code": {
                "insertions": 77,
                "deletions": 0
              }
            }
          },
          {
            "hash": "4d877eeec4bbfea9bfda9843009f6e7da5590089",
            "messageTitle": "override the toString() for Task class",
            "messageBody": "",
            "fileTypesAndContributionMap": {
              "functional-code": {
                "insertions": 7,
                "deletions": 4
              }
            }
          },
          {
            "hash": "796dc51f894747097d813b1b68b45c71b81a9812",
            "messageTitle": "added functionality to convertString to LocalDate object",
            "messageBody": "",
            "fileTypesAndContributionMap": {
              "functional-code": {
                "insertions": 12,
                "deletions": 3
              }
            }
          }
        ]
      },
      {
        "date": "2020-10-13",
        "commitResults": [
          {
            "hash": "ade5ec09a278c9c0f50e1d8a4e0d144f9e165b7a",
            "messageTitle": "added DisplayTodaySchedule Method()",
            "messageBody": "",
            "fileTypesAndContributionMap": {
              "functional-code": {
                "insertions": 82,
                "deletions": 8
              }
            }
          },
          {
            "hash": "2de6d555c256f2c2c0dd5039001f98161ffed28b",
            "messageTitle": "change the semesterSchedule start date to 2020 oct 12",
            "messageBody": "",
            "fileTypesAndContributionMap": {
              "functional-code": {
                "insertions": 2,
                "deletions": 2
              }
            }
          },
          {
            "hash": "32f7760d3ffb1823d7488a0ad120b3c860e9a17b",
            "messageTitle": "change the DisplayTodaySchedule output to be more organize",
            "messageBody": "",
            "fileTypesAndContributionMap": {
              "functional-code": {
                "insertions": 53,
                "deletions": 35
              }
            }
          },
          {
            "hash": "283890e3f1392d250096ab813cab3cb889eda5d2",
            "messageTitle": "update user guide with display command",
            "messageBody": "",
            "fileTypesAndContributionMap": {
              "docs": {
                "insertions": 54,
                "deletions": 1
              }
            }
          }
        ]
      },
      {
        "date": "2020-10-15",
        "commitResults": [
          {
            "hash": "8d06893057f9919917b62136b125d7d4dd349403",
            "messageTitle": "Enable assertion",
            "messageBody": "",
            "fileTypesAndContributionMap": {
              "other": {
                "insertions": 1,
                "deletions": 0
              }
            }
          }
        ]
      },
      {
        "date": "2020-10-18",
        "commitResults": [
          {
            "hash": "d11c47db45192a2892540ecccbb38e190d92c90e",
            "messageTitle": "Fixed #56 display date range to include start and end date",
            "messageBody": "",
            "fileTypesAndContributionMap": {
              "functional-code": {
                "insertions": 18,
                "deletions": 1
              }
            }
          },
          {
            "hash": "97b12cfe4d3b910358da64b495a6c5cdace11979",
            "messageTitle": "fixed the displayToday method which allows for simultaneous event and lesson on same time block",
            "messageBody": "",
            "fileTypesAndContributionMap": {
              "functional-code": {
                "insertions": 49,
                "deletions": 18
              }
            }
          }
        ]
      },
      {
        "date": "2020-10-21",
        "commitResults": [
          {
            "hash": "a95e9e5bbd95f6f107cf509d1de76b5a2df351d0",
            "messageTitle": "Edit the toString method in Deadline",
            "messageBody": "",
            "fileTypesAndContributionMap": {
              "functional-code": {
                "insertions": 1,
                "deletions": 1
              }
            }
          },
          {
            "hash": "31bfa5fdc75c34eaf6e886a94d47f1c9726c3a95",
            "messageTitle": "Edit the toString method in Event",
            "messageBody": "",
            "fileTypesAndContributionMap": {
              "functional-code": {
                "insertions": 1,
                "deletions": 1
              }
            }
          },
          {
            "hash": "2d2ecf86bad7309b985e353f3d136d8b0c84c379",
            "messageTitle": "edit the toString Description on Lesson",
            "messageBody": "",
            "fileTypesAndContributionMap": {
              "functional-code": {
                "insertions": 2,
                "deletions": 2
              }
            }
          },
          {
            "hash": "8520c341d555013e4fa2947821c59b6f8d1b579e",
            "messageTitle": "Added convertDateToStringWithYear for improving Readability",
            "messageBody": "",
            "fileTypesAndContributionMap": {
              "functional-code": {
                "insertions": 14,
                "deletions": 1
              }
            }
          },
          {
            "hash": "ce954972a58a18125903261ab411dc808eab983e",
            "messageTitle": "change the conditional Check to using InstanceOf",
            "messageBody": "",
            "fileTypesAndContributionMap": {
              "functional-code": {
                "insertions": 5,
                "deletions": 8
              }
            }
          },
          {
            "hash": "1f496158140544ffe50ee65217128751dfeeaebe",
            "messageTitle": "change the Conditional check to use InstanceOf",
            "messageBody": "",
            "fileTypesAndContributionMap": {
              "functional-code": {
                "insertions": 1,
                "deletions": 1
              }
            }
          },
          {
            "hash": "d932460483ccfbbd6e239b1f82a9d5fba3e47df0",
            "messageTitle": "update Display Method for specific Module on specific Date",
            "messageBody": "",
            "fileTypesAndContributionMap": {
              "functional-code": {
                "insertions": 12,
                "deletions": 2
              }
            }
          },
          {
            "hash": "3c01a8beed4ac635f21744d896b02b8a53f4c0c1",
            "messageTitle": "remove redundant updateSchedule Method",
            "messageBody": "",
            "fileTypesAndContributionMap": {
              "functional-code": {
                "insertions": 0,
                "deletions": 15
              }
            }
          },
          {
            "hash": "8aba0f4946c66dc320ef5a5b8f1cf1f093d38c6b",
            "messageTitle": "Change the output for the DIsplay with Range for more readability",
            "messageBody": "",
            "fileTypesAndContributionMap": {
              "functional-code": {
                "insertions": 4,
                "deletions": 4
              }
            }
          },
          {
            "hash": "3a98d71aab28472ff688773915d724d470c8d4fd",
            "messageTitle": "refactor moduleManager.addTaskToModule into: - addEvent - addDeadine - addLessons",
            "messageBody": "",
            "fileTypesAndContributionMap": {
              "functional-code": {
                "insertions": 8,
                "deletions": 3
              }
            }
          },
          {
            "hash": "a6fb01ac8a25957337686dbfe46ab6c1885cc21f",
            "messageTitle": "remove redundant addLessonToSpecificDays()",
            "messageBody": "",
            "fileTypesAndContributionMap": {
              "functional-code": {
                "insertions": 2,
                "deletions": 11
              }
            }
          },
          {
            "hash": "54d81695d964acc1cf76dfe4ce5bfb5247156257",
            "messageTitle": "remove redundant addTaskToModule() - there is another version of it",
            "messageBody": "",
            "fileTypesAndContributionMap": {
              "functional-code": {
                "insertions": 0,
                "deletions": 8
              }
            }
          },
          {
            "hash": "0dc48a153affed2e912af33b54f3c3746583653c",
            "messageTitle": "import new classes",
            "messageBody": "",
            "fileTypesAndContributionMap": {
              "functional-code": {
                "insertions": 5,
                "deletions": 0
              }
            }
          },
          {
            "hash": "cbba6f8ed6ad7a3400e4e420fc80776e8061e8e5",
            "messageTitle": "update UG for display method",
            "messageBody": "",
            "fileTypesAndContributionMap": {
              "docs": {
                "insertions": 35,
                "deletions": 26
              }
            }
          },
          {
            "hash": "25c6c2f921830f5125accfcf4006b323b9cea8d4",
            "messageTitle": "update the task to return \"unMod\" for task with no module code",
            "messageBody": "",
            "fileTypesAndContributionMap": {
              "functional-code": {
                "insertions": 3,
                "deletions": 0
              }
            }
          },
          {
            "hash": "4c59b2eb3ff97bd91f9807a71cd2bde1fb17ce8d",
            "messageTitle": "added Junit Test for ScheduleManager",
            "messageBody": "",
            "fileTypesAndContributionMap": {
              "functional-code": {
                "insertions": 18,
                "deletions": 11
              },
              "test-code": {
                "insertions": 18,
                "deletions": 0
              }
            }
          },
          {
            "hash": "fdd616ff4663fc4256559a61449b36923ce229b8",
            "messageTitle": "Update the DisplayCommand Class to include InvalidDateRangeException",
            "messageBody": "",
            "fileTypesAndContributionMap": {
              "functional-code": {
                "insertions": 19,
                "deletions": 9
              },
              "test-code": {
                "insertions": 3,
                "deletions": 2
              }
            }
          },
          {
            "hash": "8e1eaab1c22d40509d99a54d4584a084186343ef",
            "messageTitle": "Added Junit Test for Detecting Invalid Start and End date - exception occurs when start date comes after end date",
            "messageBody": "",
            "fileTypesAndContributionMap": {
              "functional-code": {
                "insertions": 19,
                "deletions": 2
              },
              "test-code": {
                "insertions": 10,
                "deletions": 0
              }
            }
          }
        ]
      },
      {
        "date": "2020-10-25",
        "commitResults": [
          {
            "hash": "29d7a6eef9b125dae0732035abe5b14d1e3b7fc8",
            "messageTitle": "Remove Unused Display Method",
            "messageBody": "",
            "fileTypesAndContributionMap": {
              "functional-code": {
                "insertions": 1,
                "deletions": 21
              }
            }
          }
        ]
      },
      {
        "date": "2020-10-26",
        "commitResults": [
          {
            "hash": "192d73df9999180bf9647dcb3e255e0fdbe79df3",
            "messageTitle": "Added more Junit Test",
            "messageBody": "",
            "fileTypesAndContributionMap": {
              "test-code": {
                "insertions": 6,
                "deletions": 0
              }
            }
          },
          {
            "hash": "549e6ab90d3308f7005e0b7bffedd321f18debcf",
            "messageTitle": "added Junit test for moduleManager",
            "messageBody": "",
            "fileTypesAndContributionMap": {
              "test-code": {
                "insertions": 16,
                "deletions": 0
              }
            }
          },
          {
            "hash": "b1a0930619acc5a5b854cad545144e0e4f09a3d3",
            "messageTitle": "change the border from \"\u003d\u003d\u003d\u003d\" to \"\u003c---\u003e\"",
            "messageBody": "",
            "fileTypesAndContributionMap": {
              "functional-code": {
                "insertions": 2,
                "deletions": 2
              }
            }
          },
          {
            "hash": "0639e9d3bfae31fc651653e5e8003a0e6ce1a947",
            "messageTitle": "remove duke logo",
            "messageBody": "",
            "fileTypesAndContributionMap": {
              "functional-code": {
                "insertions": 0,
                "deletions": 6
              }
            }
          },
          {
            "hash": "b22fd4616130ce47b4baf51aa07412a6374ab168",
            "messageTitle": "added comments for  method",
            "messageBody": "",
            "fileTypesAndContributionMap": {
              "functional-code": {
                "insertions": 5,
                "deletions": 0
              }
            }
          },
          {
            "hash": "9be04b106f3a5e9d9835a1dbd733a8c759b85f26",
            "messageTitle": "added help command",
            "messageBody": "",
            "fileTypesAndContributionMap": {
              "functional-code": {
                "insertions": 37,
                "deletions": 0
              }
            }
          },
          {
            "hash": "3d8f9aac3c61363fa47e4f5b785b62f4825ddbd8",
            "messageTitle": "remove wildcard import",
            "messageBody": "",
            "fileTypesAndContributionMap": {
              "functional-code": {
                "insertions": 16,
                "deletions": 6
              }
            }
          },
          {
            "hash": "3d294322f3004a1e08801b49034e98a4af187098",
            "messageTitle": "Remove redundant separator",
            "messageBody": "",
            "fileTypesAndContributionMap": {
              "functional-code": {
                "insertions": 1,
                "deletions": 3
              }
            }
          }
        ]
      }
    ],
    "sunxiuqi-stacked": [],
    "teachyourselfcoding": [
      {
        "date": "2020-10-13",
        "commitResults": [
          {
            "hash": "cf127020ea2e9de50d173b29c8ad06604bb0c853",
            "messageTitle": "Delete Task",
            "messageBody": "",
            "fileTypesAndContributionMap": {
              "functional-code": {
                "insertions": 43,
                "deletions": 5
              }
            }
          }
        ]
      },
      {
        "date": "2020-10-14",
        "commitResults": [
          {
            "hash": "99cfceaa5f59f24c11568ae5c114035f5aa60e57",
            "messageTitle": "Edit and Delete working",
            "messageBody": "",
            "fileTypesAndContributionMap": {
              "functional-code": {
                "insertions": 110,
                "deletions": 17
              }
            }
          },
          {
            "hash": "ef575b08911c8a642f31d467970a5de28e5be156",
            "messageTitle": "Edit and Delete working2.0",
            "messageBody": "",
            "fileTypesAndContributionMap": {
              "functional-code": {
                "insertions": 44,
                "deletions": 45
              }
            }
          },
          {
            "hash": "056c5f4b6af9bfd62325f65bfec4823561d81df0",
            "messageTitle": "Updated UserGuide with Edit \u0026 Delete",
            "messageBody": "",
            "fileTypesAndContributionMap": {
              "docs": {
                "insertions": 23,
                "deletions": 0
              }
            }
          }
        ]
      },
      {
        "date": "2020-10-29",
        "commitResults": [
          {
            "hash": "c3acc30de2aa14cc59b2b3ccf77688b489863733",
            "messageTitle": "Debugged edit and delete",
            "messageBody": "",
            "fileTypesAndContributionMap": {
              "functional-code": {
                "insertions": 326,
                "deletions": 32
              },
              "test-code": {
                "insertions": 7,
                "deletions": 3
              }
            }
          },
          {
            "hash": "8f06c6199aab3aa0cda23d9b5e3c3d66cbd3700a",
            "messageTitle": "Added editCommand",
            "messageBody": "",
            "fileTypesAndContributionMap": {
              "functional-code": {
                "insertions": 17,
                "deletions": 0
              }
            }
          },
          {
            "hash": "e7a85797cd7e7299bc3bc7c3c042ed8275581e43",
            "messageTitle": "Changed frequency to int from int[]",
            "messageBody": "",
            "fileTypesAndContributionMap": {
              "functional-code": {
                "insertions": 5,
                "deletions": 5
              }
            }
          }
        ]
      }
    ],
    "acyang97": [
      {
        "date": "2020-10-03",
        "commitResults": [
          {
            "hash": "f5f0f33d30fc98ed959b19fac83df1f81cd2a186",
            "messageTitle": "Update README.md",
            "messageBody": "",
            "fileTypesAndContributionMap": {
              "docs": {
                "insertions": 1,
                "deletions": 1
              }
            }
          }
        ]
      },
      {
        "date": "2020-10-08",
        "commitResults": [
          {
            "hash": "070268d6e985fed55617b5d1e95c4f31fbeed529",
            "messageTitle": "Renamed Duke to DueQuest",
            "messageBody": "",
            "fileTypesAndContributionMap": {
              "functional-code": {
                "insertions": 31,
                "deletions": 31
              },
              "other": {
                "insertions": 9,
                "deletions": 10
              }
            }
          },
          {
            "hash": "6e6d5fac76d5781f122d83dce3a3107619db90cc",
            "messageTitle": "rename duke to duequest",
            "messageBody": "",
            "fileTypesAndContributionMap": {
              "functional-code": {
                "insertions": 1,
                "deletions": 1
              },
              "other": {
                "insertions": 0,
                "deletions": 0
              }
            }
          }
        ]
      },
      {
        "date": "2020-10-11",
        "commitResults": [
          {
            "hash": "12554791370d6fdd77abaa6312a0ffb05a441c79",
            "messageTitle": "Added stuff just to ensure code can run",
            "messageBody": "",
            "fileTypesAndContributionMap": {
              "functional-code": {
                "insertions": 46,
                "deletions": 5
              }
            }
          },
          {
            "hash": "4d0327420f93f24e58b8f70654c1868a8c887e37",
            "messageTitle": "Renamed Schedule to Scheduele Manager and added consturctor for ScheduleManager",
            "messageBody": "",
            "fileTypesAndContributionMap": {
              "functional-code": {
                "insertions": 59,
                "deletions": 31
              }
            }
          },
          {
            "hash": "a18dd04a05c47d1e63a4627da86e1094de9b089f",
            "messageTitle": "Added a ModuleManager class",
            "messageBody": "",
            "fileTypesAndContributionMap": {
              "functional-code": {
                "insertions": 21,
                "deletions": 0
              }
            }
          },
          {
            "hash": "cb1e93b462e68eb2232bbc40e49293b87cda83ce",
            "messageTitle": "Added a Lesson class",
            "messageBody": "",
            "fileTypesAndContributionMap": {
              "functional-code": {
                "insertions": 11,
                "deletions": 0
              }
            }
          },
          {
            "hash": "672e379e006501dc496096d9cbc568ebbbcc7d61",
            "messageTitle": "just for testing purposes",
            "messageBody": "",
            "fileTypesAndContributionMap": {
              "functional-code": {
                "insertions": 16,
                "deletions": 0
              }
            }
          },
          {
            "hash": "71487face7fcf65ed461bb21dc397d867f67cb3e",
            "messageTitle": "Handled checkstyles",
            "messageBody": "",
            "fileTypesAndContributionMap": {
              "functional-code": {
                "insertions": 34,
                "deletions": 25
              }
            }
          },
          {
            "hash": "4179934a0038ed27d62e9368f1f5cb77f7eb9f55",
            "messageTitle": "Added constructor for Module class",
            "messageBody": "",
            "fileTypesAndContributionMap": {
              "functional-code": {
                "insertions": 19,
                "deletions": 2
              }
            }
          },
          {
            "hash": "f8c7a6aa9c0ce6fa40d1cf395e82c1d174b402f7",
            "messageTitle": "Changed constructor for ScheduleManager",
            "messageBody": "",
            "fileTypesAndContributionMap": {
              "functional-code": {
                "insertions": 4,
                "deletions": 5
              }
            }
          },
          {
            "hash": "35204b99e06984136355752c2336302784c61f5e",
            "messageTitle": "Added another method to execute commands on the ScheduleManager instead of the TaskList",
            "messageBody": "",
            "fileTypesAndContributionMap": {
              "functional-code": {
                "insertions": 60,
                "deletions": 0
              }
            }
          },
          {
            "hash": "879075abac2981b6a640bec0dedfd20712898490",
            "messageTitle": "Added comments at the top to explain why this class is no longer necessary, but may need to see how methods are implemented her for our ScheduleManager",
            "messageBody": "",
            "fileTypesAndContributionMap": {
              "functional-code": {
                "insertions": 5,
                "deletions": 0
              }
            }
          },
          {
            "hash": "f1b504666c8519963d84d34b88980fadb42a62c1",
            "messageTitle": "Added methods and comments",
            "messageBody": "",
            "fileTypesAndContributionMap": {
              "functional-code": {
                "insertions": 43,
                "deletions": 20
              }
            }
          },
          {
            "hash": "c0be0bbe7598bc52524e31f43f585674d4806e90",
            "messageTitle": "Slight change in the abstract execute method for the schedule manager",
            "messageBody": "",
            "fileTypesAndContributionMap": {
              "functional-code": {
                "insertions": 23,
                "deletions": 15
              }
            }
          },
          {
            "hash": "7211f283a841737598600a6702bc2241563a685a",
            "messageTitle": "Changed constructor so start time and end time is seperated in the constructor",
            "messageBody": "",
            "fileTypesAndContributionMap": {
              "functional-code": {
                "insertions": 9,
                "deletions": 4
              }
            }
          },
          {
            "hash": "d38e9192d67bbe4500970f30cc93ed8a48ecefe1",
            "messageTitle": "made properties private",
            "messageBody": "",
            "fileTypesAndContributionMap": {
              "functional-code": {
                "insertions": 10,
                "deletions": 6
              }
            }
          },
          {
            "hash": "0621843a7b2d741a182044f306631e1b193e5350",
            "messageTitle": "Just did some testing",
            "messageBody": "",
            "fileTypesAndContributionMap": {
              "functional-code": {
                "insertions": 25,
                "deletions": 2
              }
            }
          },
          {
            "hash": "f13653beb1f6ccfb58105bade180912ecdc25027",
            "messageTitle": "Added parse method for lesson",
            "messageBody": "",
            "fileTypesAndContributionMap": {
              "functional-code": {
                "insertions": 29,
                "deletions": 1
              }
            }
          },
          {
            "hash": "edf0552674e980d6b2607a83d291f9b06df87850",
            "messageTitle": "made code nicer",
            "messageBody": "",
            "fileTypesAndContributionMap": {
              "functional-code": {
                "insertions": 12,
                "deletions": 16
              }
            }
          },
          {
            "hash": "3d4900abc5f5452421dbc7fbcf1a855a32ed8c3f",
            "messageTitle": "Change code to debug some errors for validateLesson method",
            "messageBody": "",
            "fileTypesAndContributionMap": {
              "functional-code": {
                "insertions": 127,
                "deletions": 22
              }
            }
          },
          {
            "hash": "01351273a4d2d992c558173ad638a9a4026623c3",
            "messageTitle": "added some comments on what we needa do",
            "messageBody": "",
            "fileTypesAndContributionMap": {
              "functional-code": {
                "insertions": 6,
                "deletions": 2
              }
            }
          },
          {
            "hash": "39d5f465655b3c31f318c80f033bb3b1814ac522",
            "messageTitle": "Debugged ScheduleManager constructor. Had infinite for loop just now",
            "messageBody": "",
            "fileTypesAndContributionMap": {
              "functional-code": {
                "insertions": 2,
                "deletions": 4
              }
            }
          },
          {
            "hash": "4b292b30070e4952f1f6710e55e866c9d27b4036",
            "messageTitle": "Changed this.frequncy[1] to this.frequncy[0], because first number in the array indicates frequency, not second",
            "messageBody": "",
            "fileTypesAndContributionMap": {
              "functional-code": {
                "insertions": 4,
                "deletions": 2
              }
            }
          },
          {
            "hash": "b1aa5e31dd6202ea0b86954b5542dde1b928f856",
            "messageTitle": "changed Duke to DueQuest",
            "messageBody": "",
            "fileTypesAndContributionMap": {
              "other": {
                "insertions": 2,
                "deletions": 2
              }
            }
          }
        ]
      },
      {
        "date": "2020-10-12",
        "commitResults": [
          {
            "hash": "316f5a9bdbd16b7bf394e4d7bbc064d028b25f1e",
            "messageTitle": "Added functionality so that the Lesson can be added into the ModuleManager as well",
            "messageBody": "",
            "fileTypesAndContributionMap": {
              "functional-code": {
                "insertions": 79,
                "deletions": 2
              }
            }
          },
          {
            "hash": "a846fe6e56d6f13172d598249478a05a221b0079",
            "messageTitle": "Tried to solve some checkstyles",
            "messageBody": "",
            "fileTypesAndContributionMap": {
              "functional-code": {
                "insertions": 191,
                "deletions": 190
              }
            }
          },
          {
            "hash": "8c5343f31839225ba8ed05523d091f4888d7b69f",
            "messageTitle": "Updated user guide",
            "messageBody": "",
            "fileTypesAndContributionMap": {
              "docs": {
                "insertions": 38,
                "deletions": 4
              }
            }
          },
          {
            "hash": "fba27f43a0968819f444ad13f74e4e8d1b461800",
            "messageTitle": "updated User Guide on how to add a Lesson and an Event",
            "messageBody": "",
            "fileTypesAndContributionMap": {
              "docs": {
                "insertions": 7,
                "deletions": 5
              }
            }
          },
          {
            "hash": "f3ffcacd542a7472b07dbe0bdc2d305df253ec1a",
            "messageTitle": "Commented out load() method from Storage, handle functionality of storage later",
            "messageBody": "",
            "fileTypesAndContributionMap": {
              "functional-code": {
                "insertions": 4,
                "deletions": 0
              }
            }
          },
          {
            "hash": "30ca75127b1fb2c134410ea9eac0a6c19ac6f4a4",
            "messageTitle": "Added some comments on top of method",
            "messageBody": "",
            "fileTypesAndContributionMap": {
              "functional-code": {
                "insertions": 3,
                "deletions": 3
              }
            }
          },
          {
            "hash": "2192f2cc088f4f3b52d5cffc5fe989997bdaa2d6",
            "messageTitle": "added method to validate an Event for DueQuest. The validateEvent method for Duke is commented out for reference",
            "messageBody": "",
            "fileTypesAndContributionMap": {
              "functional-code": {
                "insertions": 96,
                "deletions": 1
              }
            }
          },
          {
            "hash": "50332bdde3092e1f429b6128e1c647f6e827e94c",
            "messageTitle": "Added method for ScheduleManager to add an Event",
            "messageBody": "",
            "fileTypesAndContributionMap": {
              "functional-code": {
                "insertions": 2,
                "deletions": 0
              }
            }
          },
          {
            "hash": "a705f322197df635e7a1f68210c0dd709f604bd7",
            "messageTitle": "removed extra properties",
            "messageBody": "",
            "fileTypesAndContributionMap": {
              "functional-code": {
                "insertions": 30,
                "deletions": 11
              }
            }
          },
          {
            "hash": "577d43ed73e57999bd4a71e1c6cecd03ced942ce",
            "messageTitle": "Added code to execute so that tasks that are of type Event can be added to ScheduleManager and ModuleManager",
            "messageBody": "",
            "fileTypesAndContributionMap": {
              "functional-code": {
                "insertions": 16,
                "deletions": 5
              }
            }
          },
          {
            "hash": "edfd703b7ebc11f3219ca9e7ac378da1588897a6",
            "messageTitle": "Added back location property because required in Storage class.",
            "messageBody": "",
            "fileTypesAndContributionMap": {
              "functional-code": {
                "insertions": 6,
                "deletions": 1
              }
            }
          },
          {
            "hash": "d82e65ce4882d880ae517dffadccc80f9980ef92",
            "messageTitle": "no message",
            "messageBody": "",
            "fileTypesAndContributionMap": {
              "functional-code": {
                "insertions": 9,
                "deletions": 3
              }
            }
          }
        ]
      },
      {
        "date": "2020-10-13",
        "commitResults": [
          {
            "hash": "79cec137767e1214c144e8a68d1644344c185320",
            "messageTitle": "resolve bug",
            "messageBody": "",
            "fileTypesAndContributionMap": {
              "functional-code": {
                "insertions": 5,
                "deletions": 0
              }
            }
          }
        ]
      },
      {
        "date": "2020-10-14",
        "commitResults": [
          {
            "hash": "e3dee0a30e996230a3d8ea606a77f54a61634e61",
            "messageTitle": "Added INVALID_MODULE as a type of exception",
            "messageBody": "",
            "fileTypesAndContributionMap": {
              "functional-code": {
                "insertions": 3,
                "deletions": 3
              }
            }
          },
          {
            "hash": "d7bedb8cab5f8eae08cf1da9917d354055a21c2a",
            "messageTitle": "added a toString method and an equals method to check if 2 modules are the same",
            "messageBody": "",
            "fileTypesAndContributionMap": {
              "functional-code": {
                "insertions": 14,
                "deletions": 6
              }
            }
          },
          {
            "hash": "07bb1b428dc764457e384452a7157ce38e6feaec",
            "messageTitle": "Added methods to add a module into the ModuleManager",
            "messageBody": "",
            "fileTypesAndContributionMap": {
              "functional-code": {
                "insertions": 26,
                "deletions": 17
              }
            }
          },
          {
            "hash": "36e0e7e3214b8ba0fc4cd4dddc67e5af0b35e15c",
            "messageTitle": "Added methods to validate a Module and changed validateDeadline method to suit our TP.",
            "messageBody": "",
            "fileTypesAndContributionMap": {
              "functional-code": {
                "insertions": 98,
                "deletions": 52
              }
            }
          },
          {
            "hash": "87d91fee63c2154443bad44f2029283f6193335c",
            "messageTitle": "Added another display method to display schedule for a single date.",
            "messageBody": "",
            "fileTypesAndContributionMap": {
              "functional-code": {
                "insertions": 124,
                "deletions": 67
              }
            }
          },
          {
            "hash": "15712ce04a74594051871f5c689242904d0a5ef7",
            "messageTitle": "Modified printListGenericType method so that it will inform user that there are no tasks if there isn\u0027t any.",
            "messageBody": "",
            "fileTypesAndContributionMap": {
              "functional-code": {
                "insertions": 4,
                "deletions": 4
              }
            }
          },
          {
            "hash": "466c1e4817fdccf0df388970118267c2b6224533",
            "messageTitle": "Modified AddCommand to include handling of adding deadlines to ScheduleManager and ModuleManager",
            "messageBody": "",
            "fileTypesAndContributionMap": {
              "functional-code": {
                "insertions": 15,
                "deletions": 11
              }
            }
          },
          {
            "hash": "d0960fde45b4de223ed88261d3d9655a4ba8b4e1",
            "messageTitle": "added method to the execute method",
            "messageBody": "",
            "fileTypesAndContributionMap": {
              "functional-code": {
                "insertions": 19,
                "deletions": 1
              }
            }
          },
          {
            "hash": "6fc38199d95ffcf82bdf74e3896f8c8e309282fc",
            "messageTitle": "handled checkstyles",
            "messageBody": "",
            "fileTypesAndContributionMap": {
              "functional-code": {
                "insertions": 2,
                "deletions": 2
              }
            }
          },
          {
            "hash": "6f8b973fae7548ee705dfd9d2991a93f0d8891c7",
            "messageTitle": "commented out the preloadData methods. Now can try checking without adding in data",
            "messageBody": "",
            "fileTypesAndContributionMap": {
              "functional-code": {
                "insertions": 6,
                "deletions": 7
              }
            }
          },
          {
            "hash": "1804fb17532cfa88524f5f221273677b89ad629f",
            "messageTitle": "Added another consturctor and modified the toString method.",
            "messageBody": "",
            "fileTypesAndContributionMap": {
              "functional-code": {
                "insertions": 7,
                "deletions": 3
              }
            }
          },
          {
            "hash": "534c3409046cca9d3ea6b25fee7c9f1e373595c4",
            "messageTitle": "Added endTime as another property for Event so that easier for scheduleManager to handle.",
            "messageBody": "",
            "fileTypesAndContributionMap": {
              "functional-code": {
                "insertions": 23,
                "deletions": 8
              }
            }
          },
          {
            "hash": "f0b22beae82e151a24a8aad5af2fa0143c8948d9",
            "messageTitle": "Modified toString method.",
            "messageBody": "",
            "fileTypesAndContributionMap": {
              "functional-code": {
                "insertions": 1,
                "deletions": 2
              }
            }
          },
          {
            "hash": "cd63cc714e92ca68d72e02f9140b535624ce60e8",
            "messageTitle": "removed FIXME",
            "messageBody": "",
            "fileTypesAndContributionMap": {
              "functional-code": {
                "insertions": 1,
                "deletions": 1
              }
            }
          },
          {
            "hash": "d088ff6c50c892d811143894bddb09e3ca4a6b94",
            "messageTitle": "Added stuff to user guide.",
            "messageBody": "",
            "fileTypesAndContributionMap": {
              "docs": {
                "insertions": 22,
                "deletions": 4
              }
            }
          },
          {
            "hash": "3e337a37db04d076c3fdbe30edb8097e5a547c3e",
            "messageTitle": "Added more exception types",
            "messageBody": "",
            "fileTypesAndContributionMap": {
              "functional-code": {
                "insertions": 3,
                "deletions": 1
              }
            }
          },
          {
            "hash": "c8a49541de4595b496189462870dfb4560292a36",
            "messageTitle": "debugged equals method",
            "messageBody": "",
            "fileTypesAndContributionMap": {
              "functional-code": {
                "insertions": 6,
                "deletions": 8
              }
            }
          },
          {
            "hash": "fda685847a5e68b3d254dc14b496ffeb36e8b8df",
            "messageTitle": "modified methods to handle more exceptions",
            "messageBody": "",
            "fileTypesAndContributionMap": {
              "functional-code": {
                "insertions": 23,
                "deletions": 9
              }
            }
          },
          {
            "hash": "cb47a1cb5f8d197429f626e730f9accac2511c0b",
            "messageTitle": "Added method to get date in LocalDate format",
            "messageBody": "",
            "fileTypesAndContributionMap": {
              "functional-code": {
                "insertions": 11,
                "deletions": 0
              }
            }
          },
          {
            "hash": "665f22f54562d52d6b1391a119e4a6165f126ce4",
            "messageTitle": "Added some JUnit tests for the Parser class",
            "messageBody": "",
            "fileTypesAndContributionMap": {
              "test-code": {
                "insertions": 141,
                "deletions": 0
              }
            }
          },
          {
            "hash": "01fe822385c19d70369b7fe683f89f03647f5382",
            "messageTitle": "Debugged addModule method to add module only if it does not exist in module manager",
            "messageBody": "",
            "fileTypesAndContributionMap": {
              "functional-code": {
                "insertions": 6,
                "deletions": 1
              }
            }
          },
          {
            "hash": "e2689ac53c99425ac9f66df1b0bbd4cd583d41bd",
            "messageTitle": "Added JUnit test class for ModuleManager",
            "messageBody": "",
            "fileTypesAndContributionMap": {
              "test-code": {
                "insertions": 45,
                "deletions": 0
              }
            }
          },
          {
            "hash": "10f7fafa60f1d00aa26d0c20f612b76dce85f0ef",
            "messageTitle": "debugged display method",
            "messageBody": "",
            "fileTypesAndContributionMap": {
              "functional-code": {
                "insertions": 6,
                "deletions": 6
              }
            }
          },
          {
            "hash": "cc577fa321fcdbede8a331805702cec9a3e32e39",
            "messageTitle": "updated add module",
            "messageBody": "",
            "fileTypesAndContributionMap": {
              "docs": {
                "insertions": 3,
                "deletions": 3
              }
            }
          },
          {
            "hash": "a712c751e0d434387974b376fd387f9d8d514c68",
            "messageTitle": "slight modification of constructor",
            "messageBody": "",
            "fileTypesAndContributionMap": {
              "functional-code": {
                "insertions": 1,
                "deletions": 0
              }
            }
          },
          {
            "hash": "94c77c6a11146b33599a316dc7036f0359060327",
            "messageTitle": "checkstyle",
            "messageBody": "",
            "fileTypesAndContributionMap": {
              "functional-code": {
                "insertions": 0,
                "deletions": 1
              }
            }
          },
          {
            "hash": "47346b5e74696608775289eecde9f30dc50df11a",
            "messageTitle": "modified toString method so will display DayOfWeek of lesson too",
            "messageBody": "",
            "fileTypesAndContributionMap": {
              "functional-code": {
                "insertions": 2,
                "deletions": 1
              }
            }
          },
          {
            "hash": "ee857d4442698ac4efa8adb6e1e5c1d485687827",
            "messageTitle": "Added throw exceptions",
            "messageBody": "",
            "fileTypesAndContributionMap": {
              "test-code": {
                "insertions": 7,
                "deletions": 3
              }
            }
          }
        ]
      },
      {
        "date": "2020-10-21",
        "commitResults": [
          {
            "hash": "b9625e8aebbe5011da85f811f0388dd7b5d4b941",
            "messageTitle": "add assert",
            "messageBody": "",
            "fileTypesAndContributionMap": {
              "functional-code": {
                "insertions": 1,
                "deletions": 0
              }
            }
          },
          {
            "hash": "5f6c830dcf2885409160d36e6c2e8179838091b0",
            "messageTitle": "Changed frequncy property from an array to an integer. Assumption is lesson is held every week",
            "messageBody": "",
            "fileTypesAndContributionMap": {
              "functional-code": {
                "insertions": 19,
                "deletions": 18
              },
              "docs": {
                "insertions": 2,
                "deletions": 2
              }
            }
          },
          {
            "hash": "dbe2ab92d0e3f1a68d852999d193e91302b6830e",
            "messageTitle": "Tried to make consturctors neater and removed unnecessary properties",
            "messageBody": "",
            "fileTypesAndContributionMap": {
              "functional-code": {
                "insertions": 11,
                "deletions": 64
              }
            }
          },
          {
            "hash": "e33a8c5442e43fc05bdfb41540ab937e6094cc58",
            "messageTitle": "made properties private",
            "messageBody": "",
            "fileTypesAndContributionMap": {
              "functional-code": {
                "insertions": 7,
                "deletions": 8
              }
            }
          },
          {
            "hash": "7ae40960bef49fd9fce224d5ffedfca5f9fa118c",
            "messageTitle": "changed frequency from an array to an integer",
            "messageBody": "",
            "fileTypesAndContributionMap": {
              "functional-code": {
                "insertions": 7,
                "deletions": 10
              }
            }
          },
          {
            "hash": "dc776d23803e885c1a8c29d0f4483bb2a0b9b982",
            "messageTitle": "changed frequncy from an array to an itneger",
            "messageBody": "",
            "fileTypesAndContributionMap": {
              "functional-code": {
                "insertions": 3,
                "deletions": 2
              }
            }
          },
          {
            "hash": "9bc17d766aae250bc0719fb9df3209f0c6955c4d",
            "messageTitle": "Updated user guide on adding lesson",
            "messageBody": "",
            "fileTypesAndContributionMap": {
              "docs": {
                "insertions": 2,
                "deletions": 2
              }
            }
          },
          {
            "hash": "6bd4d4d15b126ec3135b0927fb7bd3b1834994fd",
            "messageTitle": "changed frequncy from an array to an integer",
            "messageBody": "",
            "fileTypesAndContributionMap": {
              "functional-code": {
                "insertions": 1,
                "deletions": 1
              }
            }
          },
          {
            "hash": "e22b2764ebdaa0a6f07ce584a679787499551007",
            "messageTitle": "modifed constructors",
            "messageBody": "",
            "fileTypesAndContributionMap": {
              "functional-code": {
                "insertions": 15,
                "deletions": 11
              }
            }
          },
          {
            "hash": "96ea7d0a174ecd814bf69a370060935d99fee146",
            "messageTitle": "modified adding lessons so it will not add into reading week, examination weeks, and vaction dates",
            "messageBody": "",
            "fileTypesAndContributionMap": {
              "functional-code": {
                "insertions": 37,
                "deletions": 10
              },
              "docs": {
                "insertions": 3,
                "deletions": 1
              }
            }
          },
          {
            "hash": "1ee73a8d9c36dfa01c42fb2cbfb43eab85947b58",
            "messageTitle": "Added another example for adding event without a module type",
            "messageBody": "",
            "fileTypesAndContributionMap": {
              "docs": {
                "insertions": 1,
                "deletions": 0
              }
            }
          },
          {
            "hash": "bc073d4e3c5e0e0ec6f2a89a23851680b7fc7b7f",
            "messageTitle": "added methods",
            "messageBody": "",
            "fileTypesAndContributionMap": {
              "functional-code": {
                "insertions": 153,
                "deletions": 29
              }
            }
          },
          {
            "hash": "25577cbb0b6a960777641e954e6498d66987d668",
            "messageTitle": "debugged",
            "messageBody": "",
            "fileTypesAndContributionMap": {
              "functional-code": {
                "insertions": 1,
                "deletions": 1
              }
            }
          },
          {
            "hash": "d65a2dbebf6959e94795b995295deb519c318aea",
            "messageTitle": "debug by changing import name",
            "messageBody": "",
            "fileTypesAndContributionMap": {
              "functional-code": {
                "insertions": 1,
                "deletions": 1
              }
            }
          },
          {
            "hash": "ba7bba7efbf62061e5df4bd369058686fb5ee8e3",
            "messageTitle": "Changed HashMap to TreeMap. Reason is such that can display upcoming deadliens in chronological order",
            "messageBody": "",
            "fileTypesAndContributionMap": {
              "functional-code": {
                "insertions": 82,
                "deletions": 14
              }
            }
          },
          {
            "hash": "ef2e30c26f20f766ebb239fc051e8a0b00a84569",
            "messageTitle": "Transferred some of the lines into ScheduleManager",
            "messageBody": "",
            "fileTypesAndContributionMap": {
              "functional-code": {
                "insertions": 1,
                "deletions": 21
              }
            }
          },
          {
            "hash": "d943b96231971f7f66aaa6233f2340e784c79241",
            "messageTitle": "updated",
            "messageBody": "",
            "fileTypesAndContributionMap": {
              "functional-code": {
                "insertions": 1,
                "deletions": 7
              },
              "docs": {
                "insertions": 0,
                "deletions": 1
              }
            }
          },
          {
            "hash": "79f86e11a5db5449b8efac02beb0d65456a7cd77",
            "messageTitle": "updated UG",
            "messageBody": "",
            "fileTypesAndContributionMap": {
              "docs": {
                "insertions": 4,
                "deletions": 3
              }
            }
          },
          {
            "hash": "bf5583dacb78732585b63a2ca9067087d90a0979",
            "messageTitle": "Added more catch clauses",
            "messageBody": "",
            "fileTypesAndContributionMap": {
              "functional-code": {
                "insertions": 14,
                "deletions": 12
              }
            }
          },
          {
            "hash": "3a1536c82b24435eeb82a3cd2ac3644f2e4108cb",
            "messageTitle": "Added more print messages",
            "messageBody": "",
            "fileTypesAndContributionMap": {
              "functional-code": {
                "insertions": 12,
                "deletions": 0
              }
            }
          },
          {
            "hash": "00a5fd0396892c28f69e915a5da6e6b579182aa8",
            "messageTitle": "Added new kinds of exceptions",
            "messageBody": "",
            "fileTypesAndContributionMap": {
              "functional-code": {
                "insertions": 8,
                "deletions": 0
              }
            }
          },
          {
            "hash": "4c8c6c2ca08a77d2dfc68f55f7edd2a0e409b439",
            "messageTitle": "removed some redundant lines",
            "messageBody": "",
            "fileTypesAndContributionMap": {
              "functional-code": {
                "insertions": 3,
                "deletions": 5
              }
            }
          }
        ]
      },
      {
        "date": "2020-10-22",
        "commitResults": [
          {
            "hash": "3c26aa2dbee1a8cd091f4293f26bbb9456300395",
            "messageTitle": "Added equals method in classes to do some JUnit tests in ParserTest class",
            "messageBody": "",
            "fileTypesAndContributionMap": {
              "functional-code": {
                "insertions": 40,
                "deletions": 5
              },
              "test-code": {
                "insertions": 48,
                "deletions": 22
              }
            }
          }
        ]
      },
      {
        "date": "2020-10-25",
        "commitResults": [
          {
            "hash": "fad87a80ac7c2de289d95b9b7c4cba9151e69d24",
            "messageTitle": "edited code to solve bug",
            "messageBody": "",
            "fileTypesAndContributionMap": {
              "functional-code": {
                "insertions": 1,
                "deletions": 0
              },
              "test-code": {
                "insertions": 10,
                "deletions": 3
              }
            }
          },
          {
            "hash": "73f406d529df836ed5edf1795ece8ab38856d3ae",
            "messageTitle": "Added more exeptions to adding methods",
            "messageBody": "",
            "fileTypesAndContributionMap": {
              "functional-code": {
                "insertions": 71,
                "deletions": 27
              }
            }
          },
          {
            "hash": "b4c1a3411ba929897bb560bf1ec7e077098626f8",
            "messageTitle": "txt files updated",
            "messageBody": "",
            "fileTypesAndContributionMap": {
              "other": {
                "insertions": 3,
                "deletions": 0
              }
            }
          },
          {
            "hash": "43492934b922790398791cea9f1b2376bffd94ef",
            "messageTitle": "Added more exceptions",
            "messageBody": "",
            "fileTypesAndContributionMap": {
              "functional-code": {
                "insertions": 8,
                "deletions": 0
              }
            }
          },
          {
            "hash": "756e406e89c13f8e092364e18b8c1583d192090b",
            "messageTitle": "Added new messages to display messages for new exception classes",
            "messageBody": "",
            "fileTypesAndContributionMap": {
              "functional-code": {
                "insertions": 12,
                "deletions": 0
              }
            }
          },
          {
            "hash": "e5b81127f968173403f9639faf10cfd2c9157910",
            "messageTitle": "added method to get number of task in a day",
            "messageBody": "",
            "fileTypesAndContributionMap": {
              "functional-code": {
                "insertions": 4,
                "deletions": 0
              }
            }
          },
          {
            "hash": "9e232fd99b1b4778561477d6cd8527aa9b34a0bd",
            "messageTitle": "added getter methods to facilate JUnit testing in DueQuestTest class",
            "messageBody": "",
            "fileTypesAndContributionMap": {
              "functional-code": {
                "insertions": 16,
                "deletions": 0
              }
            }
          },
          {
            "hash": "895e36b1c34ed9f24e74ffe1b3165b2db92e9bc4",
            "messageTitle": "added some JUnit tests",
            "messageBody": "",
            "fileTypesAndContributionMap": {
              "test-code": {
                "insertions": 61,
                "deletions": 0
              }
            }
          },
          {
            "hash": "028eca0b711223a894f5a37b6e0855b4d1b8a313",
            "messageTitle": "Added another type of exception",
            "messageBody": "",
            "fileTypesAndContributionMap": {
              "functional-code": {
                "insertions": 4,
                "deletions": 0
              }
            }
          },
          {
            "hash": "83c11b8acc45b00056f8f1ba1d04d52f6121c077",
            "messageTitle": "added more catch exception clauses",
            "messageBody": "",
            "fileTypesAndContributionMap": {
              "functional-code": {
                "insertions": 12,
                "deletions": 1
              }
            }
          },
          {
            "hash": "f2a09c93998e30673c67003d290d464ddcc7fb36",
            "messageTitle": "added a new Ui message for the new exception",
            "messageBody": "",
            "fileTypesAndContributionMap": {
              "functional-code": {
                "insertions": 7,
                "deletions": 0
              }
            }
          },
          {
            "hash": "0d0a8f237bc97d2530b84f73a84550c66c419c15",
            "messageTitle": "Added the new exceptions to be thrown in the Test classes",
            "messageBody": "",
            "fileTypesAndContributionMap": {
              "test-code": {
                "insertions": 8,
                "deletions": 5
              }
            }
          },
          {
            "hash": "b3490c68a4c2461d645d7e3389450263e1c01925",
            "messageTitle": "Removed TaskList and Todo files",
            "messageBody": "",
            "fileTypesAndContributionMap": {
              "functional-code": {
                "insertions": 0,
                "deletions": 105
              }
            }
          },
          {
            "hash": "dfd712b6b53bbbc1562b140a1ddb1fe4e0d3e2b4",
            "messageTitle": "removed import todo",
            "messageBody": "",
            "fileTypesAndContributionMap": {
              "functional-code": {
                "insertions": 0,
                "deletions": 1
              }
            }
          },
          {
            "hash": "039c2d347504493700b2bd3817161d53002c9faa",
            "messageTitle": "removed some imports",
            "messageBody": "",
            "fileTypesAndContributionMap": {
              "functional-code": {
                "insertions": 0,
                "deletions": 29
              },
              "test-code": {
                "insertions": 10,
                "deletions": 1
              }
            }
          },
          {
            "hash": "9b5d33278f4662b07f995e7ae01510aac7b6f9a3",
            "messageTitle": "added getter method",
            "messageBody": "",
            "fileTypesAndContributionMap": {
              "functional-code": {
                "insertions": 4,
                "deletions": 4
              }
            }
          },
          {
            "hash": "6967f4cf73e3588bfc6d6adee5f1eb8ae7e76c93",
            "messageTitle": "Added test class for ScheduleManager",
            "messageBody": "",
            "fileTypesAndContributionMap": {
              "test-code": {
                "insertions": 58,
                "deletions": 0
              }
            }
          },
          {
            "hash": "bc342edf72d4e9e67671f219ca3731bce16b312b",
            "messageTitle": "changed name of method",
            "messageBody": "",
            "fileTypesAndContributionMap": {
              "test-code": {
                "insertions": 10,
                "deletions": 10
              }
            }
          },
          {
            "hash": "aa336ae83020b2370f67747df1e2b79fabb67898",
            "messageTitle": "added more junit tests",
            "messageBody": "",
            "fileTypesAndContributionMap": {
              "test-code": {
                "insertions": 101,
                "deletions": 32
              }
            }
          },
          {
            "hash": "dc9d1de3bce7746f9945e8da1bd084037c26bab6",
            "messageTitle": "removed unused method",
            "messageBody": "",
            "fileTypesAndContributionMap": {
              "functional-code": {
                "insertions": 0,
                "deletions": 20
              }
            }
          },
          {
            "hash": "63a445dbd09833a6b5066ce95bf7c43b381fadaa",
            "messageTitle": "added catch exception",
            "messageBody": "",
            "fileTypesAndContributionMap": {
              "functional-code": {
                "insertions": 7,
                "deletions": 4
              }
            }
          },
          {
            "hash": "0e057a93a0223a1493f92d32ca54ed9a703e510c",
            "messageTitle": "removed unused methods",
            "messageBody": "",
            "fileTypesAndContributionMap": {
              "functional-code": {
                "insertions": 0,
                "deletions": 14
              }
            }
          }
        ]
      },
      {
        "date": "2020-10-26",
        "commitResults": [
          {
            "hash": "3416150ad955d6ec081bf438ef77e444e7f7e021",
            "messageTitle": "Removed DoneCommand and ListCommand",
            "messageBody": "",
            "fileTypesAndContributionMap": {
              "functional-code": {
                "insertions": 0,
                "deletions": 54
              }
            }
          }
        ]
      },
      {
        "date": "2020-10-27",
        "commitResults": [
          {
            "hash": "375fbf813e180242986ec71e4a42eeb59de09e16",
            "messageTitle": "removed unnecessary stuff",
            "messageBody": "",
            "fileTypesAndContributionMap": {
              "functional-code": {
                "insertions": 9,
                "deletions": 15
              }
            }
          },
          {
            "hash": "6036c93a989a1ece9c2ba57221e447e075f594ff",
            "messageTitle": "removed for testing",
            "messageBody": "",
            "fileTypesAndContributionMap": {
              "other": {
                "insertions": 0,
                "deletions": 3
              }
            }
          },
          {
            "hash": "0bb400005d5ee8a669826dcae52c97dd211b02aa",
            "messageTitle": "added new Exception",
            "messageBody": "",
            "fileTypesAndContributionMap": {
              "functional-code": {
                "insertions": 4,
                "deletions": 0
              }
            }
          },
          {
            "hash": "6289352a076578ab2b080a62a5ce0e2ca98b2a92",
            "messageTitle": "added message for new exception",
            "messageBody": "",
            "fileTypesAndContributionMap": {
              "functional-code": {
                "insertions": 7,
                "deletions": 0
              }
            }
          },
          {
            "hash": "2cb714c934c4ece856732f6de51729c2bd754497",
            "messageTitle": "updated user guide.",
            "messageBody": "",
            "fileTypesAndContributionMap": {
              "docs": {
                "insertions": 6,
                "deletions": 1
              }
            }
          },
          {
            "hash": "4ce624b1b3f07b896f16ea887adcd60b47f9fb25",
            "messageTitle": "handled more exceptions",
            "messageBody": "",
            "fileTypesAndContributionMap": {
              "functional-code": {
                "insertions": 33,
                "deletions": 17
              }
            }
          },
          {
            "hash": "13222039dfef88eae2a5eaec0cbc6043480e228d",
            "messageTitle": "debugged method",
            "messageBody": "",
            "fileTypesAndContributionMap": {
              "functional-code": {
                "insertions": 67,
                "deletions": 9
              }
            }
          },
          {
            "hash": "229dd808879a789d0fd97ea351e9cad18b13a108",
            "messageTitle": "added exception to be thrown",
            "messageBody": "",
            "fileTypesAndContributionMap": {
              "test-code": {
                "insertions": 5,
                "deletions": 4
              }
            }
          }
        ]
      },
      {
        "date": "2020-10-28",
        "commitResults": [
          {
            "hash": "0749d46abd2915bb9b8fdc8eaae44bbe46e1f2c7",
            "messageTitle": "added javadoc",
            "messageBody": "",
            "fileTypesAndContributionMap": {
              "functional-code": {
                "insertions": 42,
                "deletions": 2
              }
            }
          },
          {
            "hash": "069d1b81e2930e9ef232bfe4922e1a8b8434e56f",
            "messageTitle": "removed unused exception",
            "messageBody": "",
            "fileTypesAndContributionMap": {
              "functional-code": {
                "insertions": 1,
                "deletions": 3
              }
            }
          },
          {
            "hash": "77c830e435847c60ce36d1782f57255fd6582b1c",
            "messageTitle": "added imports",
            "messageBody": "",
            "fileTypesAndContributionMap": {
              "functional-code": {
                "insertions": 4,
                "deletions": 8
              }
            }
          },
          {
            "hash": "8753097b7d2e56fb78412716cd878a21327ac08f",
            "messageTitle": "removed unnecessary properties and methods",
            "messageBody": "",
            "fileTypesAndContributionMap": {
              "functional-code": {
                "insertions": 5,
                "deletions": 32
              }
            }
          },
          {
            "hash": "25eb63a5ffdcc7878ba0c955e0a3c869e21e96e4",
            "messageTitle": "removed unnecessary methods",
            "messageBody": "",
            "fileTypesAndContributionMap": {
              "functional-code": {
                "insertions": 0,
                "deletions": 10
              }
            }
          },
          {
            "hash": "5467b8250a6c7c585fc42e61cdea4b1a7ceb4374",
            "messageTitle": "Updated developer guide",
            "messageBody": "",
            "fileTypesAndContributionMap": {
              "docs": {
                "insertions": 228,
                "deletions": 12
              }
            }
          },
          {
            "hash": "1a8f73f89008c9f23f2fd6335acc246f6a9d1b9c",
            "messageTitle": "added public",
            "messageBody": "",
            "fileTypesAndContributionMap": {
              "functional-code": {
                "insertions": 1,
                "deletions": 2
              }
            }
          },
          {
            "hash": "919d2deaee78d17afa36cc9a414f27243a21fe20",
            "messageTitle": "added public to methods",
            "messageBody": "",
            "fileTypesAndContributionMap": {
              "functional-code": {
                "insertions": 2,
                "deletions": 10
              }
            }
          },
          {
            "hash": "cf9f9903811c735ff868bb4ca5458f24cf229a9a",
            "messageTitle": "added some javadocs",
            "messageBody": "",
            "fileTypesAndContributionMap": {
              "functional-code": {
                "insertions": 38,
                "deletions": 26
              }
            }
          },
          {
            "hash": "d060c879555403b7dc5f6184e9ff7e1b4eb75b35",
            "messageTitle": "modified some javadocs",
            "messageBody": "",
            "fileTypesAndContributionMap": {
              "functional-code": {
                "insertions": 2,
                "deletions": 2
              }
            }
          },
          {
            "hash": "6336da03cb9c2aa15d98adc61e9d7b19fde2bd59",
            "messageTitle": "modified some javadocs",
            "messageBody": "",
            "fileTypesAndContributionMap": {
              "functional-code": {
                "insertions": 5,
                "deletions": 10
              }
            }
          },
          {
            "hash": "326cc4e2cef86e562c9b3d7afd73048f3c3dd461",
            "messageTitle": "styled some methods",
            "messageBody": "",
            "fileTypesAndContributionMap": {
              "functional-code": {
                "insertions": 4,
                "deletions": 7
              }
            }
          }
        ]
      },
      {
        "date": "2020-10-29",
        "commitResults": [
          {
            "hash": "54dfbb8fa1cbb735dddbe7e2df71dab9aef5a17a",
            "messageTitle": "no message",
            "messageBody": "",
            "fileTypesAndContributionMap": {
              "other": {
                "insertions": 6,
                "deletions": 0
              }
            }
          }
        ]
      },
      {
        "date": "2020-10-31",
        "commitResults": [
          {
            "hash": "4175ce7d713c857b272f1b18ab4b0df8724fcab1",
            "messageTitle": "removed this such that if there are clashes, to make life simpler, just not add the task to the schedule",
            "messageBody": "",
            "fileTypesAndContributionMap": {
              "functional-code": {
                "insertions": 4,
                "deletions": 18
              }
            }
          },
          {
            "hash": "d664efa6aa73ca765b0851474dafef73a292977c",
            "messageTitle": "added another message for the user to know their time is invalud",
            "messageBody": "",
            "fileTypesAndContributionMap": {
              "functional-code": {
                "insertions": 1,
                "deletions": 0
              }
            }
          },
          {
            "hash": "9ef83afbd4125ca7ebcd5361f48c4f437a8c73e7",
            "messageTitle": "removed redundant example",
            "messageBody": "",
            "fileTypesAndContributionMap": {
              "docs": {
                "insertions": 0,
                "deletions": 1
              }
            }
          },
          {
            "hash": "af09737b3f55521d0f3d945c74bc96de7b36e3b4",
            "messageTitle": "Removed yesorno message and added a clashes detected message",
            "messageBody": "",
            "fileTypesAndContributionMap": {
              "functional-code": {
                "insertions": 6,
                "deletions": 4
              }
            }
          },
          {
            "hash": "72f6fdcd797c7d664e883621563ecf097a25dc68",
            "messageTitle": "rewrote example to handle documentation error",
            "messageBody": "",
            "fileTypesAndContributionMap": {
              "docs": {
                "insertions": 1,
                "deletions": 1
              }
            }
          },
          {
            "hash": "aaf8853e36548ccfa8ca87078dee57c9730e9f60",
            "messageTitle": "added exception to handle invalid dates for adding a event or deadline",
            "messageBody": "",
            "fileTypesAndContributionMap": {
              "functional-code": {
                "insertions": 22,
                "deletions": 3
              }
            }
          },
          {
            "hash": "c4545db73f4f43152742bf6bb327e4cb9e4f17c1",
            "messageTitle": "added bye feature",
            "messageBody": "",
            "fileTypesAndContributionMap": {
              "docs": {
                "insertions": 9,
                "deletions": 0
              }
            }
          },
          {
            "hash": "b11eb2e34c7fc222874a70f3ab97fa628ffc5508",
            "messageTitle": "Added new exception to handle empty description for all tasks",
            "messageBody": "",
            "fileTypesAndContributionMap": {
              "functional-code": {
                "insertions": 59,
                "deletions": 4
              },
              "other": {
                "insertions": 0,
                "deletions": 0
              },
              "test-code": {
                "insertions": 6,
                "deletions": 6
              }
            }
          },
          {
            "hash": "21aa49a27a53ac5db4b91a30bb76fed9d7cc703e",
            "messageTitle": "updated exception message",
            "messageBody": "",
            "fileTypesAndContributionMap": {
              "functional-code": {
                "insertions": 1,
                "deletions": 1
              }
            }
          },
          {
            "hash": "8c6f7b40462f8697ed4d22925875d41b5ceb046b",
            "messageTitle": "updated userguide to make dates clearer",
            "messageBody": "",
            "fileTypesAndContributionMap": {
              "docs": {
                "insertions": 5,
                "deletions": 4
              }
            }
          },
          {
            "hash": "bb00049892281dfc651d9e9113cf18b1b3ddcef8",
            "messageTitle": "Added more exceptions",
            "messageBody": "",
            "fileTypesAndContributionMap": {
              "functional-code": {
                "insertions": 41,
                "deletions": 9
              },
              "test-code": {
                "insertions": 10,
                "deletions": 5
              }
            }
          },
          {
            "hash": "b3254b368c91f6f59e5797e359dbcf862121f39b",
            "messageTitle": "Exception that ensure that user cannot input a time before 8am",
            "messageBody": "",
            "fileTypesAndContributionMap": {
              "functional-code": {
                "insertions": 3,
                "deletions": 1
              }
            }
          },
          {
            "hash": "e0f14ffb39abf46e7c1313ab96cbce12642a8567",
            "messageTitle": "Exception to ensure user cannot input a end time that is before the start time",
            "messageBody": "",
            "fileTypesAndContributionMap": {
              "functional-code": {
                "insertions": 3,
                "deletions": 1
              }
            }
          }
        ]
      },
      {
        "date": "2020-11-01",
        "commitResults": [
          {
            "hash": "e2e15c59585476e6441df4bd313cef0dc0d7e896",
            "messageTitle": "updated",
            "messageBody": "",
            "fileTypesAndContributionMap": {
              "other": {
                "insertions": 1,
                "deletions": 5
              }
            }
          },
          {
            "hash": "efc2d9a3b4f3b6e73c5481f332c935e2d63cb3e6",
            "messageTitle": "added new exceptions",
            "messageBody": "",
            "fileTypesAndContributionMap": {
              "functional-code": {
                "insertions": 8,
                "deletions": 0
              }
            }
          },
          {
            "hash": "2ce86f17457980494dbf26ad891466af1dc93d77",
            "messageTitle": "updated test cases",
            "messageBody": "",
            "fileTypesAndContributionMap": {
              "test-code": {
                "insertions": 29,
                "deletions": 20
              }
            }
          },
          {
            "hash": "357a2ae4df24fb0acf8db8eba3438cfaaecbadf5",
            "messageTitle": "updated user guide to make some remove a feature that user can only add an event that is relate to school",
            "messageBody": "",
            "fileTypesAndContributionMap": {
              "docs": {
                "insertions": 6,
                "deletions": 8
              }
            }
          },
          {
            "hash": "20aca2e06bf4ac0f4af0e90897f7ad35e422de23",
            "messageTitle": "Made it such that only if module code exist, then able to add tasks to both managers",
            "messageBody": "",
            "fileTypesAndContributionMap": {
              "functional-code": {
                "insertions": 15,
                "deletions": 6
              }
            }
          },
          {
            "hash": "b04e0734820a94e78761c3eddf1ef31de4735db9",
            "messageTitle": "added exception",
            "messageBody": "",
            "fileTypesAndContributionMap": {
              "functional-code": {
                "insertions": 2,
                "deletions": 0
              }
            }
          },
          {
            "hash": "cb16a4a936b7c30c66054440db14e542c8b65974",
            "messageTitle": "modified some areas to handle bugs",
            "messageBody": "",
            "fileTypesAndContributionMap": {
              "functional-code": {
                "insertions": 11,
                "deletions": 8
              }
            }
          },
          {
            "hash": "212f06932021b348863f909759386ff09c35317f",
            "messageTitle": "added more exception messages",
            "messageBody": "",
            "fileTypesAndContributionMap": {
              "functional-code": {
                "insertions": 14,
                "deletions": 0
              }
            }
          },
          {
            "hash": "25091989d8c6772fa933ffea56143b0c94064487",
            "messageTitle": "added another exception to be thrown",
            "messageBody": "",
            "fileTypesAndContributionMap": {
              "functional-code": {
                "insertions": 23,
                "deletions": 16
              }
            }
          },
          {
            "hash": "0cd07d6fb73a89b2ed8315670f2294cb6044aa41",
            "messageTitle": "Updated UG to make things clearer for user for adding tasks",
            "messageBody": "",
            "fileTypesAndContributionMap": {
              "docs": {
                "insertions": 21,
                "deletions": 7
              }
            }
          }
        ]
      },
      {
        "date": "2020-11-02",
        "commitResults": [
          {
            "hash": "a4048ab0508942b43e63b14c9d479de4d0210e47",
            "messageTitle": "Added JUnit tests for add methods in Parser",
            "messageBody": "",
            "fileTypesAndContributionMap": {
              "test-code": {
                "insertions": 570,
                "deletions": 57
              }
            }
          },
          {
            "hash": "15e354515cf9757e6b56e5bc999744458b92f2ca",
            "messageTitle": "removed unnecessary exceptions",
            "messageBody": "",
            "fileTypesAndContributionMap": {
              "functional-code": {
                "insertions": 7,
                "deletions": 9
              }
            }
          },
          {
            "hash": "f455e0d43e9561f11b526dae0dd8443146485f7c",
            "messageTitle": "added javadocs comments for the add methods",
            "messageBody": "",
            "fileTypesAndContributionMap": {
              "functional-code": {
                "insertions": 15,
                "deletions": 9
              }
            }
          }
        ]
      }
    ]
  },
  "authorFileTypeContributionMap": {
    "t170815518": {
      "docs": 302,
      "functional-code": 619,
      "test-code": 8,
      "other": 33
    },
    "haroic1997": {
      "docs": 67,
      "functional-code": 656,
      "test-code": 49,
      "other": 5
    },
    "sunxiuqi-stacked": {
      "docs": 0,
      "functional-code": 0,
      "test-code": 0
    },
    "teachyourselfcoding": {
      "docs": 9,
      "functional-code": 381,
      "test-code": 6
    },
    "acyang97": {
      "docs": 295,
      "functional-code": 1436,
      "test-code": 923,
      "other": 4
    }
  },
  "authorContributionVariance": {
    "t170815518": 63629.406,
    "haroic1997": 29067.402,
    "sunxiuqi-stacked": 0.0,
    "teachyourselfcoding": 5483.2173,
    "acyang97": 68137.055
  },
  "authorDisplayNameMap": {
    "t170815518": "CS2113-T13-4 TANG..TING",
    "haroic1997": "CS2113-T13-4 LOW .. HAO",
    "sunxiuqi-stacked": "CS2113-T13-4 SUN ..IUQI",
    "teachyourselfcoding": "CS2113-T13-4 ZOU ..FENG",
    "acyang97": "CS2113-T13-4 ANG ..YANG"
  }
}
