{
  "authorDailyContributionsMap": {
    "snowbanana12345": [
      {
        "date": "2020-10-01",
        "commitResults": [
          {
            "hash": "37d97a8e5ffa0417934fab7f4b9aaac22d2c2d02",
            "messageTitle": "test",
            "messageBody": "",
            "fileTypesAndContributionMap": {
              "docs": {
                "insertions": 3,
                "deletions": 0
              },
              "test-code": {
                "insertions": 1,
                "deletions": 1
              }
            }
          },
          {
            "hash": "d8d740c0f14838e20e7cb5f1a2562d28c72a12bd",
            "messageTitle": "heap",
            "messageBody": "",
            "fileTypesAndContributionMap": {
              "docs": {
                "insertions": 1,
                "deletions": 0
              }
            }
          }
        ]
      },
      {
        "date": "2020-10-04",
        "commitResults": [
          {
            "hash": "40d517287e771da5588ce12e5dd21c5f4ce67467",
            "messageTitle": "hahahfdh",
            "messageBody": "",
            "fileTypesAndContributionMap": {
              "test-code": {
                "insertions": 1,
                "deletions": 1
              }
            }
          }
        ]
      },
      {
        "date": "2020-10-06",
        "commitResults": [
          {
            "hash": "7b2dfceb65a5b1074c0314e9880ca1803de4df47",
            "messageTitle": "data base",
            "messageBody": "",
            "fileTypesAndContributionMap": {
              "functional-code": {
                "insertions": 5,
                "deletions": 0
              }
            }
          },
          {
            "hash": "e3111ed5d4b611c0794eb1178d2625fa7e3bdc61",
            "messageTitle": "create food class",
            "messageBody": "",
            "fileTypesAndContributionMap": {
              "functional-code": {
                "insertions": 32,
                "deletions": 0
              }
            }
          },
          {
            "hash": "b70f0577db558740907c3eb652b73675326bd12f",
            "messageTitle": "create food class",
            "messageBody": "",
            "fileTypesAndContributionMap": {
              "functional-code": {
                "insertions": 1,
                "deletions": 1
              }
            }
          },
          {
            "hash": "f582e3d086dcb9a20ed123c7ed7b2f3fc3d6aa52",
            "messageTitle": "data base",
            "messageBody": "",
            "fileTypesAndContributionMap": {
              "functional-code": {
                "insertions": 5,
                "deletions": 0
              }
            }
          },
          {
            "hash": "8e26b4c66b9c3e64a0534793a0767e1ec41b7202",
            "messageTitle": "no message",
            "messageBody": "",
            "fileTypesAndContributionMap": {
              "functional-code": {
                "insertions": 1,
                "deletions": 2
              }
            }
          },
          {
            "hash": "0d8b1336316803f6500052dd812944fef48ce680",
            "messageTitle": "fats",
            "messageBody": "",
            "fileTypesAndContributionMap": {
              "functional-code": {
                "insertions": 7,
                "deletions": 1
              }
            }
          },
          {
            "hash": "36bf98256cc2603d5753d0696fb5775e2a641e21",
            "messageTitle": "add Store class add Canteen class",
            "messageBody": "",
            "fileTypesAndContributionMap": {
              "functional-code": {
                "insertions": 31,
                "deletions": 5
              }
            }
          }
        ]
      },
      {
        "date": "2020-10-07",
        "commitResults": [
          {
            "hash": "0cd4e86189502b4e00b10836813f7b9bf197fbf2",
            "messageTitle": "add more functions",
            "messageBody": "",
            "fileTypesAndContributionMap": {
              "functional-code": {
                "insertions": 50,
                "deletions": 11
              }
            }
          }
        ]
      },
      {
        "date": "2020-10-09",
        "commitResults": [
          {
            "hash": "d90f5fa7cee02e6dae36cdd87708d4ff84ad930f",
            "messageTitle": "start implementing init the init function is very complicated",
            "messageBody": "",
            "fileTypesAndContributionMap": {
              "functional-code": {
                "insertions": 146,
                "deletions": 3
              }
            }
          },
          {
            "hash": "1a2b2fa3ab55ff3080a18bd8c7ccb6628209f0d9",
            "messageTitle": "made another implementation of init() that is easier to understand",
            "messageBody": "",
            "fileTypesAndContributionMap": {
              "functional-code": {
                "insertions": 44,
                "deletions": 38
              }
            }
          },
          {
            "hash": "cdee1559ca69c1e8fa8497d3efaf6a0962820c9c",
            "messageTitle": "implement initializing of data base",
            "messageBody": "",
            "fileTypesAndContributionMap": {
              "functional-code": {
                "insertions": 55,
                "deletions": 1
              },
              "test-code": {
                "insertions": 17,
                "deletions": 0
              }
            }
          },
          {
            "hash": "90a72a28d90fac81bab27b688952373be059a508",
            "messageTitle": "no message",
            "messageBody": "",
            "fileTypesAndContributionMap": {
              "functional-code": {
                "insertions": 3,
                "deletions": 0
              }
            }
          },
          {
            "hash": "00fd7a46c7bc7e226c25b7af666f2503e42fdd8b",
            "messageTitle": "implement food toString method",
            "messageBody": "",
            "fileTypesAndContributionMap": {
              "functional-code": {
                "insertions": 6,
                "deletions": 0
              }
            }
          },
          {
            "hash": "2254fcd44ddc5f5b308613dd1e1dbd9f636ea8e5",
            "messageTitle": "fix bug with store name",
            "messageBody": "",
            "fileTypesAndContributionMap": {
              "functional-code": {
                "insertions": 3,
                "deletions": 3
              }
            }
          },
          {
            "hash": "8bda40256a89bbb727ac7f19ce01f5849fc9bb42",
            "messageTitle": "update toString",
            "messageBody": "",
            "fileTypesAndContributionMap": {
              "functional-code": {
                "insertions": 2,
                "deletions": 2
              }
            }
          },
          {
            "hash": "3b788d61c15cc9a54ef7331a2732dc9bc93fae47",
            "messageTitle": "adjust toString method Add FoodTest",
            "messageBody": "",
            "fileTypesAndContributionMap": {
              "functional-code": {
                "insertions": 2,
                "deletions": 2
              },
              "test-code": {
                "insertions": 12,
                "deletions": 0
              }
            }
          },
          {
            "hash": "6e225ef145d9cc5d514a1159251c5d8ea44528f5",
            "messageTitle": "removed deadcode DataBaseReadState",
            "messageBody": "",
            "fileTypesAndContributionMap": {
              "functional-code": {
                "insertions": 0,
                "deletions": 49
              }
            }
          },
          {
            "hash": "d9bec8445c623b4024094909d5afbd5bdf74a734",
            "messageTitle": "implement database query functions search by food name, list first, list all search by store, list first store, list all store search by food and store",
            "messageBody": "",
            "fileTypesAndContributionMap": {
              "functional-code": {
                "insertions": 95,
                "deletions": 14
              }
            }
          },
          {
            "hash": "04c9ad22815c14990a4d30969c3d64b3aabebe6c",
            "messageTitle": "implement searchFoodByNameByCanteen searchAllFoodByNameByCanteen searchAllFoodBetweenCalorie",
            "messageBody": "",
            "fileTypesAndContributionMap": {
              "functional-code": {
                "insertions": 40,
                "deletions": 13
              }
            }
          },
          {
            "hash": "7ab189e51855dfe58fcaefa523e999681ca48510",
            "messageTitle": "fix checkstyle errors",
            "messageBody": "",
            "fileTypesAndContributionMap": {
              "functional-code": {
                "insertions": 2,
                "deletions": 2
              }
            }
          },
          {
            "hash": "eb954f86f6e0c99424e377e7253d9410cf9a44a1",
            "messageTitle": "implement filter by calorie ranges",
            "messageBody": "",
            "fileTypesAndContributionMap": {
              "functional-code": {
                "insertions": 15,
                "deletions": 7
              }
            }
          },
          {
            "hash": "6f691a16378ced3f1164a34fadac91e982df5fdb",
            "messageTitle": "add docs",
            "messageBody": "",
            "fileTypesAndContributionMap": {
              "functional-code": {
                "insertions": 7,
                "deletions": 1
              }
            }
          },
          {
            "hash": "d780ab24b15ac6c00581a792789603e49a40c75a",
            "messageTitle": "correct checkstyle",
            "messageBody": "",
            "fileTypesAndContributionMap": {
              "test-code": {
                "insertions": 1,
                "deletions": 2
              }
            }
          }
        ]
      },
      {
        "date": "2020-10-10",
        "commitResults": [
          {
            "hash": "f8ab2838ed92e72ac371f66c7ed3163ad4dbdd04",
            "messageTitle": "no message",
            "messageBody": "",
            "fileTypesAndContributionMap": {
              "functional-code": {
                "insertions": 23,
                "deletions": 9
              },
              "test-code": {
                "insertions": 2,
                "deletions": 0
              }
            }
          }
        ]
      },
      {
        "date": "2020-10-11",
        "commitResults": [
          {
            "hash": "09bcfee2245f519dda2e5b22a204cebdf5901e3b",
            "messageTitle": "add JUNIT tests",
            "messageBody": "",
            "fileTypesAndContributionMap": {
              "test-code": {
                "insertions": 19,
                "deletions": 3
              }
            }
          },
          {
            "hash": "c436e5207223903f737e04c199e9d40b65d9c8ff",
            "messageTitle": "fixed style to pass gradle checkstyle tests add database tests add getFoodList function to return a list of All Food in the data base",
            "messageBody": "",
            "fileTypesAndContributionMap": {
              "functional-code": {
                "insertions": 74,
                "deletions": 63
              },
              "test-code": {
                "insertions": 75,
                "deletions": 0
              }
            }
          }
        ]
      },
      {
        "date": "2020-10-13",
        "commitResults": [
          {
            "hash": "7b7cd2fb8ad8833819c4417e6ad5cb438c3ba2a7",
            "messageTitle": "pass gradle checkstyle test",
            "messageBody": "",
            "fileTypesAndContributionMap": {
              "test-code": {
                "insertions": 24,
                "deletions": 22
              }
            }
          },
          {
            "hash": "55f2117f10d1739742364196615a430e27d9bc3d",
            "messageTitle": "add documentation for food class",
            "messageBody": "",
            "fileTypesAndContributionMap": {
              "functional-code": {
                "insertions": 11,
                "deletions": 0
              },
              "test-code": {
                "insertions": 2,
                "deletions": 4
              }
            }
          },
          {
            "hash": "e73dbe8950c7c106fe6b78bdaf9d115650987576",
            "messageTitle": "swap order of assertEquals",
            "messageBody": "",
            "fileTypesAndContributionMap": {
              "test-code": {
                "insertions": 4,
                "deletions": 4
              }
            }
          },
          {
            "hash": "57c5d39fb98b644d3d76301a70a9ca023067df90",
            "messageTitle": "replace constructor java doc with class java doc",
            "messageBody": "",
            "fileTypesAndContributionMap": {
              "functional-code": {
                "insertions": 6,
                "deletions": 11
              }
            }
          },
          {
            "hash": "f3c32184dc58a6a460c0bf530056e21623f649d7",
            "messageTitle": "no message",
            "messageBody": "",
            "fileTypesAndContributionMap": {
              "functional-code": {
                "insertions": 1,
                "deletions": 2
              }
            }
          }
        ]
      }
    ],
    "yuqiaoluolong": [
      {
        "date": "2020-10-10",
        "commitResults": [
          {
            "hash": "7de762ada6d5811b328e8826176c1fc21ca27612",
            "messageTitle": "Calculator class",
            "messageBody": "",
            "fileTypesAndContributionMap": {
              "functional-code": {
                "insertions": 67,
                "deletions": 2
              }
            }
          },
          {
            "hash": "610bd46a2c73f3057d8a88d0f735f229a0cc6cc6",
            "messageTitle": "calculator version0.2 issues7",
            "messageBody": "",
            "fileTypesAndContributionMap": {
              "functional-code": {
                "insertions": 2,
                "deletions": 2
              }
            }
          },
          {
            "hash": "a9af8694e4f36f229a70874cbe091b831ae90daa",
            "messageTitle": "calculator version0.3 issue7",
            "messageBody": "",
            "fileTypesAndContributionMap": {
              "functional-code": {
                "insertions": 5,
                "deletions": 5
              }
            }
          },
          {
            "hash": "123d10daa5e1ec7a2d6a20745c622cc184c149b4",
            "messageTitle": "calculator version0.4 Fixes #7",
            "messageBody": "",
            "fileTypesAndContributionMap": {
              "functional-code": {
                "insertions": 4,
                "deletions": 4
              }
            }
          }
        ]
      },
      {
        "date": "2020-10-12",
        "commitResults": [
          {
            "hash": "c6d18d912c79c610c60fae19bc2a5dc88f0151f3",
            "messageTitle": "calculator v0.5 added JUnit test",
            "messageBody": "",
            "fileTypesAndContributionMap": {
              "functional-code": {
                "insertions": 56,
                "deletions": 10
              },
              "other": {
                "insertions": 2,
                "deletions": 0
              },
              "test-code": {
                "insertions": 50,
                "deletions": 0
              }
            }
          },
          {
            "hash": "49e1372959fd97537058e73cc0a274d50b22a49b",
            "messageTitle": "calculator v0.6",
            "messageBody": "",
            "fileTypesAndContributionMap": {
              "functional-code": {
                "insertions": 1,
                "deletions": 1
              },
              "test-code": {
                "insertions": 6,
                "deletions": 6
              }
            }
          },
          {
            "hash": "b4b2c503b01e05f87b90f0a42c084f0484f4e487",
            "messageTitle": "calculator v0.7 fixes #25",
            "messageBody": "",
            "fileTypesAndContributionMap": {
              "functional-code": {
                "insertions": 8,
                "deletions": 8
              },
              "test-code": {
                "insertions": 4,
                "deletions": 2
              }
            }
          },
          {
            "hash": "6f6a0dd8f59cf698927d7338973408a0dc6ea7bb",
            "messageTitle": "calculator v0.8",
            "messageBody": "",
            "fileTypesAndContributionMap": {
              "functional-code": {
                "insertions": 0,
                "deletions": 43
              },
              "other": {
                "insertions": 6,
                "deletions": 4
              },
              "test-code": {
                "insertions": 4,
                "deletions": 4
              }
            }
          },
          {
            "hash": "ae7c53b7dd086926e804c6866194f98feb8b432c",
            "messageTitle": "calculator v0.9",
            "messageBody": "",
            "fileTypesAndContributionMap": {
              "test-code": {
                "insertions": 1,
                "deletions": 1
              }
            }
          }
        ]
      },
      {
        "date": "2020-10-13",
        "commitResults": [
          {
            "hash": "deb48279feb4ffad7a2fe4c594cd3d229d6f10f9",
            "messageTitle": "calculator after pulling from tp repo.",
            "messageBody": "",
            "fileTypesAndContributionMap": {
              "functional-code": {
                "insertions": 1,
                "deletions": 1
              }
            }
          },
          {
            "hash": "bb8fc4ed5c13aeaed5bd58d5c4c16e39c4f4cf43",
            "messageTitle": "calculator v1",
            "messageBody": "",
            "fileTypesAndContributionMap": {
              "functional-code": {
                "insertions": 15,
                "deletions": 18
              },
              "other": {
                "insertions": 1,
                "deletions": 0
              }
            }
          },
          {
            "hash": "5d0eea5cf7a503d19ad46f1022ddc6db6b252012",
            "messageTitle": "calculator version1 changed plural form to single form.",
            "messageBody": "",
            "fileTypesAndContributionMap": {
              "test-code": {
                "insertions": 2,
                "deletions": 2
              }
            }
          }
        ]
      }
    ],
    "HengFuYuen": [
      {
        "date": "2020-10-01",
        "commitResults": [
          {
            "hash": "e8e50dbe37a6556c8b4402e1619fd8e2fedfcf78",
            "messageTitle": "Update AboutUs.md with name and GitHub profile",
            "messageBody": "",
            "fileTypesAndContributionMap": {
              "docs": {
                "insertions": 1,
                "deletions": 1
              }
            }
          }
        ]
      },
      {
        "date": "2020-10-07",
        "commitResults": [
          {
            "hash": "490054585b9a4d0839b8c4bf45831d2c03e92dde",
            "messageTitle": "Add ActivityLevel.java",
            "messageBody": "ActivityLevel represents the level of physical activity a person enagages in.\n",
            "fileTypesAndContributionMap": {
              "functional-code": {
                "insertions": 37,
                "deletions": 0
              }
            }
          },
          {
            "hash": "b9db47c546c90e456706a8bed6f103ed8b6248f7",
            "messageTitle": "Add Person.java",
            "messageBody": "A Person object contains all the relevant information of the user including age, height, original weight, target weight and activity level.\n",
            "fileTypesAndContributionMap": {
              "functional-code": {
                "insertions": 126,
                "deletions": 0
              }
            }
          }
        ]
      },
      {
        "date": "2020-10-08",
        "commitResults": [
          {
            "hash": "fa84230f794e597148c6dc8214b276d73245dc20",
            "messageTitle": "Person class: correct setter method name",
            "messageBody": "The setter method for activity level previously had a getter naming style.\n",
            "fileTypesAndContributionMap": {
              "functional-code": {
                "insertions": 1,
                "deletions": 1
              }
            }
          },
          {
            "hash": "29a016bae6efe4a28b42910e2c31734a0afd5619",
            "messageTitle": "Add JUnit tests for Person class",
            "messageBody": "",
            "fileTypesAndContributionMap": {
              "test-code": {
                "insertions": 71,
                "deletions": 0
              }
            }
          },
          {
            "hash": "38681f25be2d04491d0e28a75f3457c11a122716",
            "messageTitle": "Add newline at end of file",
            "messageBody": "",
            "fileTypesAndContributionMap": {
              "test-code": {
                "insertions": 1,
                "deletions": 1
              }
            }
          }
        ]
      },
      {
        "date": "2020-10-09",
        "commitResults": [
          {
            "hash": "ffcf350531c267b90eefac148487d2557d37423d",
            "messageTitle": "PersonTest.java: swap expected and actual ouput",
            "messageBody": "",
            "fileTypesAndContributionMap": {
              "test-code": {
                "insertions": 16,
                "deletions": 10
              }
            }
          }
        ]
      },
      {
        "date": "2020-10-10",
        "commitResults": [
          {
            "hash": "75b21beee10276ae22d7371dc94c1e521ebc611a",
            "messageTitle": "Add Gender.java",
            "messageBody": "",
            "fileTypesAndContributionMap": {
              "functional-code": {
                "insertions": 31,
                "deletions": 0
              }
            }
          },
          {
            "hash": "4c6fdcc3e3e0fa492351585df4d87f0cf45f5b15",
            "messageTitle": "Person class: add name and gender attributes",
            "messageBody": "",
            "fileTypesAndContributionMap": {
              "functional-code": {
                "insertions": 11,
                "deletions": 4
              }
            }
          },
          {
            "hash": "dabb6c50f23238988d7394af6613ed4a2f2693a2",
            "messageTitle": "Person class: add getter and setter for name",
            "messageBody": "",
            "fileTypesAndContributionMap": {
              "functional-code": {
                "insertions": 18,
                "deletions": 0
              }
            }
          },
          {
            "hash": "f2f58c4739e42558c49b4e4b98e68112206ea329",
            "messageTitle": "Person class: add getter and setter for gender",
            "messageBody": "",
            "fileTypesAndContributionMap": {
              "functional-code": {
                "insertions": 18,
                "deletions": 0
              }
            }
          },
          {
            "hash": "79328f8c22651134623d12c38a80997201c6c1c9",
            "messageTitle": "Person class: add toString method",
            "messageBody": "",
            "fileTypesAndContributionMap": {
              "functional-code": {
                "insertions": 21,
                "deletions": 0
              }
            }
          },
          {
            "hash": "4b18e5a769ade8bb6b14ebf0a4af6bb8c51e0157",
            "messageTitle": "Add JUnit tests for setters, getters and toString",
            "messageBody": "Setters and getters include those for name and gender attributes of a Person.\n",
            "fileTypesAndContributionMap": {
              "test-code": {
                "insertions": 50,
                "deletions": 6
              }
            }
          },
          {
            "hash": "1b3467483fd555a416f68460799868a5d29b5954",
            "messageTitle": "Update Person class toString and its JUnit test",
            "messageBody": "",
            "fileTypesAndContributionMap": {
              "functional-code": {
                "insertions": 7,
                "deletions": 10
              },
              "test-code": {
                "insertions": 7,
                "deletions": 9
              }
            }
          }
        ]
      },
      {
        "date": "2020-10-11",
        "commitResults": [
          {
            "hash": "1468c3db55c67f3399df6597c0ea9b8464ef920f",
            "messageTitle": "Add Ui.java",
            "messageBody": "",
            "fileTypesAndContributionMap": {
              "functional-code": {
                "insertions": 295,
                "deletions": 0
              }
            }
          },
          {
            "hash": "4ce010a6256df4e161e47787faa48cbf831d36af",
            "messageTitle": "Correct spelling errors",
            "messageBody": "",
            "fileTypesAndContributionMap": {
              "functional-code": {
                "insertions": 5,
                "deletions": 5
              }
            }
          },
          {
            "hash": "a457ed2e1421ef0a3db2fd07274120622a1d9f66",
            "messageTitle": "Change input parameter for two methods",
            "messageBody": "",
            "fileTypesAndContributionMap": {
              "functional-code": {
                "insertions": 9,
                "deletions": 7
              }
            }
          }
        ]
      },
      {
        "date": "2020-10-12",
        "commitResults": [
          {
            "hash": "f878ec139ab1e38f3b045d6cc16118bded267efe",
            "messageTitle": "Change input parameters for three methods",
            "messageBody": "",
            "fileTypesAndContributionMap": {
              "functional-code": {
                "insertions": 38,
                "deletions": 48
              }
            }
          },
          {
            "hash": "92a56d932d4ca4bb6cec1b62953a611feb45af55",
            "messageTitle": "Import necessary classes",
            "messageBody": "",
            "fileTypesAndContributionMap": {
              "functional-code": {
                "insertions": 3,
                "deletions": 0
              }
            }
          },
          {
            "hash": "006a414e78a393cf68cf079613dd9a6210c43108",
            "messageTitle": "Add assertions for Person class",
            "messageBody": "",
            "fileTypesAndContributionMap": {
              "functional-code": {
                "insertions": 27,
                "deletions": 2
              },
              "other": {
                "insertions": 1,
                "deletions": 0
              },
              "test-code": {
                "insertions": 0,
                "deletions": 13
              }
            }
          }
        ]
      },
      {
        "date": "2020-10-13",
        "commitResults": [
          {
            "hash": "7d17630703d0b8420186cd302d98be6215f26716",
            "messageTitle": "Add assertions for Ui class",
            "messageBody": "",
            "fileTypesAndContributionMap": {
              "functional-code": {
                "insertions": 30,
                "deletions": 4
              },
              "other": {
                "insertions": 1,
                "deletions": 0
              }
            }
          },
          {
            "hash": "c7890f7032a047c9a13a592ce79ab84231bcc38d",
            "messageTitle": "Remove unnecessary commented out methods",
            "messageBody": "",
            "fileTypesAndContributionMap": {
              "functional-code": {
                "insertions": 0,
                "deletions": 45
              }
            }
          }
        ]
      },
      {
        "date": "2020-10-15",
        "commitResults": [
          {
            "hash": "8e3c91bb07d81713e2ec86a6ec0655f68d2a7881",
            "messageTitle": "Change main class in build.gradle",
            "messageBody": "",
            "fileTypesAndContributionMap": {
              "other": {
                "insertions": 3,
                "deletions": 3
              }
            }
          },
          {
            "hash": "261f0f361f75a36952d001c81ff766e4cc41953b",
            "messageTitle": "Remove I/O testing",
            "messageBody": "",
            "fileTypesAndContributionMap": {
              "other": {
                "insertions": 0,
                "deletions": 1
              }
            }
          }
        ]
      },
      {
        "date": "2020-10-20",
        "commitResults": [
          {
            "hash": "80460038590b2cbef0dad5489faf396db3193174",
            "messageTitle": "Rename duke package to dietbook",
            "messageBody": "",
            "fileTypesAndContributionMap": {
              "functional-code": {
                "insertions": 1,
                "deletions": 1
              },
              "other": {
                "insertions": 42,
                "deletions": 43
              },
              "test-code": {
                "insertions": 1,
                "deletions": 1
              }
            }
          },
          {
            "hash": "d78cdb1e25b0f54d5fc612f57b2a1e1272338811",
            "messageTitle": "Remove Duke.java",
            "messageBody": "",
            "fileTypesAndContributionMap": {
              "functional-code": {
                "insertions": 0,
                "deletions": 21
              }
            }
          }
        ]
      }
    ],
    "mxksowie": [
      {
        "date": "2020-10-11",
        "commitResults": [
          {
            "hash": "99176291093d919f13af865e1bf9646e724686f8",
            "messageTitle": "add FoodList",
            "messageBody": "Wrapper class around the food object and its necessary details.\nUses FoodEntry which is an internal data class to support storage of more details beyond food.\nHas FoodListManager to streamline and abstract FoodList, while allowing for portential FP implementation later on.\n",
            "fileTypesAndContributionMap": {
              "functional-code": {
                "insertions": 160,
                "deletions": 0
              },
              "test-code": {
                "insertions": 19,
                "deletions": 0
              }
            }
          },
          {
            "hash": "4ad0aefa0ed40ebac1c95fb546e0321845556fa8",
            "messageTitle": "style changes",
            "messageBody": "tweaks to adhere to checkstyle format specified by project\n",
            "fileTypesAndContributionMap": {
              "functional-code": {
                "insertions": 17,
                "deletions": 16
              }
            }
          },
          {
            "hash": "71b58f075d93d0cc082b4ec597179a159747b57e",
            "messageTitle": "style changes",
            "messageBody": "",
            "fileTypesAndContributionMap": {
              "functional-code": {
                "insertions": 1,
                "deletions": 1
              }
            }
          }
        ]
      },
      {
        "date": "2020-10-12",
        "commitResults": [
          {
            "hash": "2879c68d6ad0c60196d6836728b949f817d72869",
            "messageTitle": "Further documentation",
            "messageBody": "- portionSize() -\u003e getPortionSize()\n",
            "fileTypesAndContributionMap": {
              "functional-code": {
                "insertions": 20,
                "deletions": 6
              }
            }
          }
        ]
      },
      {
        "date": "2020-10-18",
        "commitResults": [
          {
            "hash": "69358ede48900e9bbfa7a645e822662ff438385a",
            "messageTitle": "change FilePathing to ClassPathing",
            "messageBody": "Data txt file referenced by DataBase now  put in its resource directory as per current Gradle specifications (main/resource). ClassPathing used to access this data in init method.\n\nSome minor changes to style and removal of filepathing related exceptions and imports.\n",
            "fileTypesAndContributionMap": {
              "functional-code": {
                "insertions": 20,
                "deletions": 15
              },
              "other": {
                "insertions": 0,
                "deletions": 0
              },
              "test-code": {
                "insertions": 3,
                "deletions": 6
              }
            }
          }
        ]
      }
    ],
    "tikimonarch": [
      {
        "date": "2020-10-01",
        "commitResults": [
          {
            "hash": "cc953ed48cec68211a8a578e168abe029cddd849",
            "messageTitle": "Add files via upload",
            "messageBody": "",
            "fileTypesAndContributionMap": {
              "other": {
                "insertions": 1,
                "deletions": 0
              }
            }
          }
        ]
      },
      {
        "date": "2020-10-13",
        "commitResults": [
          {
            "hash": "f233f3a676c0acf468fd69b42a523faa0c20354d",
            "messageTitle": "Main, Parse, Manager",
            "messageBody": "Main parsing\n",
            "fileTypesAndContributionMap": {
              "functional-code": {
                "insertions": 258,
                "deletions": 21
              }
            }
          }
        ]
      },
      {
        "date": "2020-10-14",
        "commitResults": [
          {
            "hash": "b1f031d82a862075887d508e7041c47898f77108",
            "messageTitle": "v1.0",
            "messageBody": "prototype v1.0\n",
            "fileTypesAndContributionMap": {
              "functional-code": {
                "insertions": 97,
                "deletions": 31
              }
            }
          }
        ]
      },
      {
        "date": "2020-10-15",
        "commitResults": [
          {
            "hash": "240b357b42799a01ca64cd275d59c640c458b5ee",
            "messageTitle": "checkstyle fix",
            "messageBody": "",
            "fileTypesAndContributionMap": {
              "functional-code": {
                "insertions": 2,
                "deletions": 1
              }
            }
          },
          {
            "hash": "e592a470755666a420e11c20c3979f3fc0dc56e1",
            "messageTitle": "shortened delete case",
            "messageBody": "",
            "fileTypesAndContributionMap": {
              "functional-code": {
                "insertions": 1,
                "deletions": 2
              }
            }
          },
          {
            "hash": "444a73ec314c218d8ba13244566c0ce7cb80bda9",
            "messageTitle": "removed index subtraction",
            "messageBody": "",
            "fileTypesAndContributionMap": {
              "functional-code": {
                "insertions": 1,
                "deletions": 1
              }
            }
          },
          {
            "hash": "0f60ed3150097a8054ff718e2f15273ec76827fc",
            "messageTitle": "added back duke",
            "messageBody": "",
            "fileTypesAndContributionMap": {
              "functional-code": {
                "insertions": 21,
                "deletions": 0
              }
            }
          },
          {
            "hash": "17ab7bdd54a9b4f86402ab2af9302752e0951c69",
            "messageTitle": "data printing",
            "messageBody": "",
            "fileTypesAndContributionMap": {
              "functional-code": {
                "insertions": 6,
                "deletions": 2
              }
            }
          },
          {
            "hash": "f698b2e5c5a009565fbc3f8fad66d15eaf9c8d44",
            "messageTitle": "fixed calculator",
            "messageBody": "",
            "fileTypesAndContributionMap": {
              "functional-code": {
                "insertions": 6,
                "deletions": 0
              }
            }
          }
        ]
      }
    ]
  },
  "authorFileTypeContributionMap": {
    "snowbanana12345": {
      "docs": 4,
      "functional-code": 409,
      "test-code": 112
    },
    "yuqiaoluolong": {
      "docs": 0,
      "functional-code": 66,
      "test-code": 52,
      "other": 2
    },
    "HengFuYuen": {
      "docs": 1,
      "functional-code": 578,
      "test-code": 114,
      "other": 3
    },
    "mxksowie": {
      "docs": 0,
      "functional-code": 185,
      "test-code": 18
    },
    "tikimonarch": {
      "docs": 0,
      "functional-code": 321,
      "test-code": 0,
      "other": 1
    }
  },
  "authorContributionVariance": {
    "snowbanana12345": 15409.832,
    "yuqiaoluolong": 2163.5,
    "HengFuYuen": 6566.638,
    "mxksowie": 1876.9722,
    "tikimonarch": 3649.9983
  },
  "authorDisplayNameMap": {
    "snowbanana12345": "CS2113-T14-4 ZHAN..MING",
    "yuqiaoluolong": "CS2113-T14-4 LIU ..ORAN",
    "HengFuYuen": "CS2113-T14-4 HENG..YUEN",
    "mxksowie": "CS2113-T14-4 ELIJ..I YI",
    "tikimonarch": "CS2113-T14-4 TIKY..AING"
  }
}
