[
  {
    "path": "docs/AboutUs.md",
    "fileType": "docs",
    "lines": [
      {
        "lineNumber": 1,
        "author": {
          "gitId": "-"
        },
        "content": "# About us"
      },
      {
        "lineNumber": 2,
        "author": {
          "gitId": "-"
        },
        "content": ""
      },
      {
        "lineNumber": 3,
        "author": {
          "gitId": "-"
        },
        "content": "Display | Name | Github Profile | Portfolio "
      },
      {
        "lineNumber": 4,
        "author": {
          "gitId": "-"
        },
        "content": "--------|:----:|:--------------:|:---------:"
      },
      {
        "lineNumber": 5,
        "author": {
          "gitId": "WYing333"
        },
        "content": "![](https://via.placeholder.com/100.png?text\u003dPhoto) | Wang Ying | [Github](https://github.com/) | [Portfolio](docs/team/johndoe.md)"
      },
      {
        "lineNumber": 6,
        "author": {
          "gitId": "AnnanWangDaniel"
        },
        "content": "![](https://via.placeholder.com/100.png?text\u003dPhoto) | Wang Annan | [Github](https://github.com/) | [Portfolio](docs/team/johndoe.md)"
      },
      {
        "lineNumber": 7,
        "author": {
          "gitId": "Louis-Feng"
        },
        "content": "![](https://via.placeholder.com/100.png?text\u003dPhoto) | Feng Qingyu | [Github](https://github.com/) | [Portfolio](docs/team/johndoe.md)"
      },
      {
        "lineNumber": 8,
        "author": {
          "gitId": "-"
        },
        "content": "![](https://via.placeholder.com/100.png?text\u003dPhoto) | Ron John | [Github](https://github.com/) | [Portfolio](docs/team/johndoe.md)"
      },
      {
        "lineNumber": 9,
        "author": {
          "gitId": "-"
        },
        "content": "![](https://via.placeholder.com/100.png?text\u003dPhoto) | John Roe | [Github](https://github.com/) | [Portfolio](docs/team/johndoe.md)"
      },
      {
        "lineNumber": 10,
        "author": {
          "gitId": "-"
        },
        "content": "![](https://via.placeholder.com/100.png?text\u003dPhoto) | Don Roe | [Github](https://github.com/) | [Portfolio](docs/team/johndoe.md)"
      }
    ],
    "authorContributionMap": {
      "AnnanWangDaniel": 1,
      "WYing333": 1,
      "-": 7,
      "Louis-Feng": 1
    }
  },
  {
    "path": "src/main/java/Canteen.java",
    "fileType": "functional-code",
    "lines": [
      {
        "lineNumber": 1,
        "author": {
          "gitId": "Louis-Feng"
        },
        "content": ""
      },
      {
        "lineNumber": 2,
        "author": {
          "gitId": "Louis-Feng"
        },
        "content": ""
      },
      {
        "lineNumber": 3,
        "author": {
          "gitId": "Louis-Feng"
        },
        "content": "import java.util.ArrayList;"
      },
      {
        "lineNumber": 4,
        "author": {
          "gitId": "Louis-Feng"
        },
        "content": "import java.util.List;"
      },
      {
        "lineNumber": 5,
        "author": {
          "gitId": "Louis-Feng"
        },
        "content": ""
      },
      {
        "lineNumber": 6,
        "author": {
          "gitId": "Louis-Feng"
        },
        "content": "public class Canteen {"
      },
      {
        "lineNumber": 7,
        "author": {
          "gitId": "Louis-Feng"
        },
        "content": "    private String canteenName;"
      },
      {
        "lineNumber": 8,
        "author": {
          "gitId": "Louis-Feng"
        },
        "content": "    public List\u003cStall\u003e stallList;"
      },
      {
        "lineNumber": 9,
        "author": {
          "gitId": "Louis-Feng"
        },
        "content": "    private List\u003cInteger\u003e openTime;"
      },
      {
        "lineNumber": 10,
        "author": {
          "gitId": "Louis-Feng"
        },
        "content": "    private List\u003cInteger\u003e closeTime;"
      },
      {
        "lineNumber": 11,
        "author": {
          "gitId": "Louis-Feng"
        },
        "content": "    private Object ArrayList;"
      },
      {
        "lineNumber": 12,
        "author": {
          "gitId": "Louis-Feng"
        },
        "content": ""
      },
      {
        "lineNumber": 13,
        "author": {
          "gitId": "Louis-Feng"
        },
        "content": "    Canteen(String canteenName, List\u003cStall\u003e stallList, List\u003cInteger\u003e openTime,List\u003cInteger\u003e closeTime){"
      },
      {
        "lineNumber": 14,
        "author": {
          "gitId": "Louis-Feng"
        },
        "content": "        this.canteenName \u003d canteenName;"
      },
      {
        "lineNumber": 15,
        "author": {
          "gitId": "Louis-Feng"
        },
        "content": "        this.stallList \u003d stallList;"
      },
      {
        "lineNumber": 16,
        "author": {
          "gitId": "Louis-Feng"
        },
        "content": "        this.openTime \u003d openTime;"
      },
      {
        "lineNumber": 17,
        "author": {
          "gitId": "Louis-Feng"
        },
        "content": "        this.closeTime \u003d closeTime;"
      },
      {
        "lineNumber": 18,
        "author": {
          "gitId": "Louis-Feng"
        },
        "content": "    }"
      },
      {
        "lineNumber": 19,
        "author": {
          "gitId": "Louis-Feng"
        },
        "content": "    public int getOpenTime(int dayOfWeek){"
      },
      {
        "lineNumber": 20,
        "author": {
          "gitId": "Louis-Feng"
        },
        "content": "        return openTime.get(dayOfWeek-1);"
      },
      {
        "lineNumber": 21,
        "author": {
          "gitId": "Louis-Feng"
        },
        "content": "    }"
      },
      {
        "lineNumber": 22,
        "author": {
          "gitId": "Louis-Feng"
        },
        "content": "    int getCloseTime(int dayOfWeek) {"
      },
      {
        "lineNumber": 23,
        "author": {
          "gitId": "Louis-Feng"
        },
        "content": "        return closeTime.get(dayOfWeek-1);"
      },
      {
        "lineNumber": 24,
        "author": {
          "gitId": "Louis-Feng"
        },
        "content": "    }"
      },
      {
        "lineNumber": 25,
        "author": {
          "gitId": "Louis-Feng"
        },
        "content": ""
      },
      {
        "lineNumber": 26,
        "author": {
          "gitId": "Louis-Feng"
        },
        "content": "    public List\u003cStall\u003e getStallList() {"
      },
      {
        "lineNumber": 27,
        "author": {
          "gitId": "Louis-Feng"
        },
        "content": "        return stallList;"
      },
      {
        "lineNumber": 28,
        "author": {
          "gitId": "Louis-Feng"
        },
        "content": "    }"
      },
      {
        "lineNumber": 29,
        "author": {
          "gitId": "Louis-Feng"
        },
        "content": ""
      },
      {
        "lineNumber": 30,
        "author": {
          "gitId": "Louis-Feng"
        },
        "content": "//    List\u003cStall\u003e checkOpenStall(int dayOfWeek, int time){"
      },
      {
        "lineNumber": 31,
        "author": {
          "gitId": "Louis-Feng"
        },
        "content": ""
      },
      {
        "lineNumber": 32,
        "author": {
          "gitId": "Louis-Feng"
        },
        "content": "    boolean isOpen (int dayOfWeek, int time) {"
      },
      {
        "lineNumber": 33,
        "author": {
          "gitId": "Louis-Feng"
        },
        "content": "                if(time\u003e\u003dthis.openTime.get(dayOfWeek)\u0026\u0026time\u003c\u003dthis.closeTime.get(dayOfWeek)){"
      },
      {
        "lineNumber": 34,
        "author": {
          "gitId": "Louis-Feng"
        },
        "content": "                    return true;"
      },
      {
        "lineNumber": 35,
        "author": {
          "gitId": "Louis-Feng"
        },
        "content": "                }"
      },
      {
        "lineNumber": 36,
        "author": {
          "gitId": "Louis-Feng"
        },
        "content": "                else{return false;}"
      },
      {
        "lineNumber": 37,
        "author": {
          "gitId": "Louis-Feng"
        },
        "content": "    }"
      },
      {
        "lineNumber": 38,
        "author": {
          "gitId": "Louis-Feng"
        },
        "content": ""
      },
      {
        "lineNumber": 39,
        "author": {
          "gitId": "Louis-Feng"
        },
        "content": ""
      },
      {
        "lineNumber": 40,
        "author": {
          "gitId": "Louis-Feng"
        },
        "content": ""
      },
      {
        "lineNumber": 41,
        "author": {
          "gitId": "Louis-Feng"
        },
        "content": "    public String getCanteenName() {"
      },
      {
        "lineNumber": 42,
        "author": {
          "gitId": "Louis-Feng"
        },
        "content": "        return canteenName;"
      },
      {
        "lineNumber": 43,
        "author": {
          "gitId": "Louis-Feng"
        },
        "content": "    }"
      },
      {
        "lineNumber": 44,
        "author": {
          "gitId": "Louis-Feng"
        },
        "content": "}"
      }
    ],
    "authorContributionMap": {
      "Louis-Feng": 44
    }
  },
  {
    "path": "src/main/java/Customer.java",
    "fileType": "functional-code",
    "lines": [
      {
        "lineNumber": 1,
        "author": {
          "gitId": "Louis-Feng"
        },
        "content": "import java.util.ArrayList;"
      },
      {
        "lineNumber": 2,
        "author": {
          "gitId": "Louis-Feng"
        },
        "content": "import java.util.List;"
      },
      {
        "lineNumber": 3,
        "author": {
          "gitId": "Louis-Feng"
        },
        "content": "import java.util.Scanner;"
      },
      {
        "lineNumber": 4,
        "author": {
          "gitId": "Louis-Feng"
        },
        "content": ""
      },
      {
        "lineNumber": 5,
        "author": {
          "gitId": "Louis-Feng"
        },
        "content": "public class Customer {"
      },
      {
        "lineNumber": 6,
        "author": {
          "gitId": "Louis-Feng"
        },
        "content": ""
      },
      {
        "lineNumber": 7,
        "author": {
          "gitId": "Louis-Feng"
        },
        "content": "    public String name;"
      },
      {
        "lineNumber": 8,
        "author": {
          "gitId": "Louis-Feng"
        },
        "content": "    public int ID;"
      },
      {
        "lineNumber": 9,
        "author": {
          "gitId": "Louis-Feng"
        },
        "content": "    public int arriveTime;"
      },
      {
        "lineNumber": 10,
        "author": {
          "gitId": "Louis-Feng"
        },
        "content": "    public int dayOfWeek;"
      },
      {
        "lineNumber": 11,
        "author": {
          "gitId": "Louis-Feng"
        },
        "content": "    List\u003cCanteen\u003e openCanteens;"
      },
      {
        "lineNumber": 12,
        "author": {
          "gitId": "Louis-Feng"
        },
        "content": ""
      },
      {
        "lineNumber": 13,
        "author": {
          "gitId": "Louis-Feng"
        },
        "content": "    public Customer(String name, int ID,  int arriveTime, int dayOfWeek) {"
      },
      {
        "lineNumber": 14,
        "author": {
          "gitId": "Louis-Feng"
        },
        "content": "        this.name \u003d name;"
      },
      {
        "lineNumber": 15,
        "author": {
          "gitId": "Louis-Feng"
        },
        "content": "        this.ID \u003d ID;"
      },
      {
        "lineNumber": 16,
        "author": {
          "gitId": "Louis-Feng"
        },
        "content": "        this.arriveTime \u003d arriveTime;"
      },
      {
        "lineNumber": 17,
        "author": {
          "gitId": "Louis-Feng"
        },
        "content": "        this.dayOfWeek \u003d dayOfWeek;"
      },
      {
        "lineNumber": 18,
        "author": {
          "gitId": "Louis-Feng"
        },
        "content": "    }"
      },
      {
        "lineNumber": 19,
        "author": {
          "gitId": "Louis-Feng"
        },
        "content": ""
      },
      {
        "lineNumber": 20,
        "author": {
          "gitId": "Louis-Feng"
        },
        "content": "//    public void printStalls(){"
      },
      {
        "lineNumber": 21,
        "author": {
          "gitId": "Louis-Feng"
        },
        "content": "//        openStalls \u003d this.canteen.checkOpenStall(this.dayOfWeek,this.arriveTime);"
      },
      {
        "lineNumber": 22,
        "author": {
          "gitId": "Louis-Feng"
        },
        "content": "//        for(int i\u003d0;i\u003copenStalls.size();i++){"
      },
      {
        "lineNumber": 23,
        "author": {
          "gitId": "Louis-Feng"
        },
        "content": "//            System.out.println(openStalls.get(i));"
      },
      {
        "lineNumber": 24,
        "author": {
          "gitId": "Louis-Feng"
        },
        "content": "//        }"
      },
      {
        "lineNumber": 25,
        "author": {
          "gitId": "Louis-Feng"
        },
        "content": "//    }"
      },
      {
        "lineNumber": 26,
        "author": {
          "gitId": "Louis-Feng"
        },
        "content": "//    public void printDishes(String canteenName){"
      },
      {
        "lineNumber": 27,
        "author": {
          "gitId": "Louis-Feng"
        },
        "content": "//        openStalls \u003d this.canteen.checkOpenStall(this.dayOfWeek,this.arriveTime);"
      },
      {
        "lineNumber": 28,
        "author": {
          "gitId": "Louis-Feng"
        },
        "content": "//        for(int i\u003d0;i\u003copenStalls.size();i++){"
      },
      {
        "lineNumber": 29,
        "author": {
          "gitId": "Louis-Feng"
        },
        "content": "//            if(canteenName.compareTo(openStalls.get(i).stall_name)\u003d\u003d0){"
      },
      {
        "lineNumber": 30,
        "author": {
          "gitId": "Louis-Feng"
        },
        "content": "//                openStalls.get(i).printDishes();"
      },
      {
        "lineNumber": 31,
        "author": {
          "gitId": "Louis-Feng"
        },
        "content": "//            }"
      },
      {
        "lineNumber": 32,
        "author": {
          "gitId": "Louis-Feng"
        },
        "content": "//        }"
      },
      {
        "lineNumber": 33,
        "author": {
          "gitId": "Louis-Feng"
        },
        "content": "//    }"
      },
      {
        "lineNumber": 34,
        "author": {
          "gitId": "Louis-Feng"
        },
        "content": "//    public List\u003cStall\u003e CheckOpenStalls(){"
      },
      {
        "lineNumber": 35,
        "author": {
          "gitId": "Louis-Feng"
        },
        "content": "//        openStalls \u003d this.canteen.checkOpenStall(this.dayOfWeek,this.arriveTime);"
      },
      {
        "lineNumber": 36,
        "author": {
          "gitId": "Louis-Feng"
        },
        "content": "//        return openStalls;"
      },
      {
        "lineNumber": 37,
        "author": {
          "gitId": "Louis-Feng"
        },
        "content": "//    }"
      },
      {
        "lineNumber": 38,
        "author": {
          "gitId": "Louis-Feng"
        },
        "content": "    public List\u003cStall\u003e checkOpenStalls(Canteen canteen){"
      },
      {
        "lineNumber": 39,
        "author": {
          "gitId": "Louis-Feng"
        },
        "content": "        List\u003cStall\u003e openStallList \u003d new ArrayList\u003c\u003e();"
      },
      {
        "lineNumber": 40,
        "author": {
          "gitId": "Louis-Feng"
        },
        "content": "        for(Stall stall:canteen.stallList){"
      },
      {
        "lineNumber": 41,
        "author": {
          "gitId": "Louis-Feng"
        },
        "content": "            if(stall.isOpen(this.dayOfWeek, this.arriveTime)){"
      },
      {
        "lineNumber": 42,
        "author": {
          "gitId": "Louis-Feng"
        },
        "content": "                openStallList.add(stall);"
      },
      {
        "lineNumber": 43,
        "author": {
          "gitId": "Louis-Feng"
        },
        "content": "            }"
      },
      {
        "lineNumber": 44,
        "author": {
          "gitId": "Louis-Feng"
        },
        "content": "        }"
      },
      {
        "lineNumber": 45,
        "author": {
          "gitId": "Louis-Feng"
        },
        "content": "        return openStallList;"
      },
      {
        "lineNumber": 46,
        "author": {
          "gitId": "Louis-Feng"
        },
        "content": "    }"
      },
      {
        "lineNumber": 47,
        "author": {
          "gitId": "Louis-Feng"
        },
        "content": ""
      },
      {
        "lineNumber": 48,
        "author": {
          "gitId": "Louis-Feng"
        },
        "content": "    public List\u003cCanteen\u003e checkOpenCanteens(List\u003cCanteen\u003e ListCanteen){"
      },
      {
        "lineNumber": 49,
        "author": {
          "gitId": "Louis-Feng"
        },
        "content": "        for(Canteen canteen:ListCanteen){"
      },
      {
        "lineNumber": 50,
        "author": {
          "gitId": "Louis-Feng"
        },
        "content": "            if(canteen.isOpen(this.dayOfWeek, this.arriveTime)){"
      },
      {
        "lineNumber": 51,
        "author": {
          "gitId": "Louis-Feng"
        },
        "content": "                openCanteens.add(canteen);"
      },
      {
        "lineNumber": 52,
        "author": {
          "gitId": "Louis-Feng"
        },
        "content": "            }"
      },
      {
        "lineNumber": 53,
        "author": {
          "gitId": "Louis-Feng"
        },
        "content": "        }"
      },
      {
        "lineNumber": 54,
        "author": {
          "gitId": "Louis-Feng"
        },
        "content": "        return openCanteens;"
      },
      {
        "lineNumber": 55,
        "author": {
          "gitId": "Louis-Feng"
        },
        "content": "    }"
      },
      {
        "lineNumber": 56,
        "author": {
          "gitId": "Louis-Feng"
        },
        "content": "    public int checkWaitingTime(Stall stall){"
      },
      {
        "lineNumber": 57,
        "author": {
          "gitId": "Louis-Feng"
        },
        "content": "        return stall.queue * stall.servingTimePerPersom;"
      },
      {
        "lineNumber": 58,
        "author": {
          "gitId": "Louis-Feng"
        },
        "content": "    }"
      },
      {
        "lineNumber": 59,
        "author": {
          "gitId": "Louis-Feng"
        },
        "content": "    public Order order(Canteen canteen,Stall stall,List\u003cDish\u003e dish, String typeOfOrder) {"
      },
      {
        "lineNumber": 60,
        "author": {
          "gitId": "Louis-Feng"
        },
        "content": ""
      },
      {
        "lineNumber": 61,
        "author": {
          "gitId": "Louis-Feng"
        },
        "content": "        if(typeOfOrder.compareTo(\"delivery\")\u003d\u003d0){"
      },
      {
        "lineNumber": 62,
        "author": {
          "gitId": "Louis-Feng"
        },
        "content": "            Scanner s \u003d new Scanner(System.in);"
      },
      {
        "lineNumber": 63,
        "author": {
          "gitId": "Louis-Feng"
        },
        "content": "            int phoneNum \u003d s.nextInt();"
      },
      {
        "lineNumber": 64,
        "author": {
          "gitId": "Louis-Feng"
        },
        "content": "            String address \u003d s.nextLine();"
      },
      {
        "lineNumber": 65,
        "author": {
          "gitId": "Louis-Feng"
        },
        "content": "            return new deliveryOrder(canteen,stall,dish,this,true,address,phoneNum);"
      },
      {
        "lineNumber": 66,
        "author": {
          "gitId": "Louis-Feng"
        },
        "content": "        }"
      },
      {
        "lineNumber": 67,
        "author": {
          "gitId": "Louis-Feng"
        },
        "content": "        if(typeOfOrder.compareTo(\"dine in\")\u003d\u003d0){"
      },
      {
        "lineNumber": 68,
        "author": {
          "gitId": "Louis-Feng"
        },
        "content": "            return new dineInOrder(canteen,stall,dish,this,true);"
      },
      {
        "lineNumber": 69,
        "author": {
          "gitId": "Louis-Feng"
        },
        "content": "        }"
      },
      {
        "lineNumber": 70,
        "author": {
          "gitId": "Louis-Feng"
        },
        "content": "        if(typeOfOrder.compareTo(\"take away\")\u003d\u003d0){"
      },
      {
        "lineNumber": 71,
        "author": {
          "gitId": "Louis-Feng"
        },
        "content": "            return new takeAwayOrder(canteen,stall,dish,this,true);"
      },
      {
        "lineNumber": 72,
        "author": {
          "gitId": "Louis-Feng"
        },
        "content": "        }"
      },
      {
        "lineNumber": 73,
        "author": {
          "gitId": "Louis-Feng"
        },
        "content": "        return  null;"
      },
      {
        "lineNumber": 74,
        "author": {
          "gitId": "Louis-Feng"
        },
        "content": "    }"
      },
      {
        "lineNumber": 75,
        "author": {
          "gitId": "Louis-Feng"
        },
        "content": ""
      },
      {
        "lineNumber": 76,
        "author": {
          "gitId": "Louis-Feng"
        },
        "content": "    @Override"
      },
      {
        "lineNumber": 77,
        "author": {
          "gitId": "Louis-Feng"
        },
        "content": "    public String toString(){"
      },
      {
        "lineNumber": 78,
        "author": {
          "gitId": "Louis-Feng"
        },
        "content": "        return this.name + \"arrives at \" +this.arriveTime ;"
      },
      {
        "lineNumber": 79,
        "author": {
          "gitId": "Louis-Feng"
        },
        "content": "    }"
      },
      {
        "lineNumber": 80,
        "author": {
          "gitId": "Louis-Feng"
        },
        "content": "}"
      },
      {
        "lineNumber": 81,
        "author": {
          "gitId": "Louis-Feng"
        },
        "content": ""
      },
      {
        "lineNumber": 82,
        "author": {
          "gitId": "Louis-Feng"
        },
        "content": ""
      }
    ],
    "authorContributionMap": {
      "Louis-Feng": 82
    }
  },
  {
    "path": "src/main/java/Dish.java",
    "fileType": "functional-code",
    "lines": [
      {
        "lineNumber": 1,
        "author": {
          "gitId": "Louis-Feng"
        },
        "content": "public class Dish {"
      },
      {
        "lineNumber": 2,
        "author": {
          "gitId": "Louis-Feng"
        },
        "content": ""
      },
      {
        "lineNumber": 3,
        "author": {
          "gitId": "Louis-Feng"
        },
        "content": "    private String dishName;"
      },
      {
        "lineNumber": 4,
        "author": {
          "gitId": "Louis-Feng"
        },
        "content": "    private double price;"
      },
      {
        "lineNumber": 5,
        "author": {
          "gitId": "Louis-Feng"
        },
        "content": ""
      },
      {
        "lineNumber": 6,
        "author": {
          "gitId": "Louis-Feng"
        },
        "content": "    Dish(String dishName, double price) {"
      },
      {
        "lineNumber": 7,
        "author": {
          "gitId": "Louis-Feng"
        },
        "content": "        this.dishName \u003d dishName;"
      },
      {
        "lineNumber": 8,
        "author": {
          "gitId": "Louis-Feng"
        },
        "content": "        this.price \u003d price;"
      },
      {
        "lineNumber": 9,
        "author": {
          "gitId": "Louis-Feng"
        },
        "content": "    }"
      },
      {
        "lineNumber": 10,
        "author": {
          "gitId": "Louis-Feng"
        },
        "content": ""
      },
      {
        "lineNumber": 11,
        "author": {
          "gitId": "Louis-Feng"
        },
        "content": "    public String getDishName() {"
      },
      {
        "lineNumber": 12,
        "author": {
          "gitId": "Louis-Feng"
        },
        "content": "        return this.dishName;"
      },
      {
        "lineNumber": 13,
        "author": {
          "gitId": "Louis-Feng"
        },
        "content": "    }"
      },
      {
        "lineNumber": 14,
        "author": {
          "gitId": "Louis-Feng"
        },
        "content": ""
      },
      {
        "lineNumber": 15,
        "author": {
          "gitId": "Louis-Feng"
        },
        "content": "    public double getPrice() {"
      },
      {
        "lineNumber": 16,
        "author": {
          "gitId": "Louis-Feng"
        },
        "content": "        return this.price;"
      },
      {
        "lineNumber": 17,
        "author": {
          "gitId": "Louis-Feng"
        },
        "content": "    }"
      },
      {
        "lineNumber": 18,
        "author": {
          "gitId": "Louis-Feng"
        },
        "content": ""
      },
      {
        "lineNumber": 19,
        "author": {
          "gitId": "Louis-Feng"
        },
        "content": "    @Override"
      },
      {
        "lineNumber": 20,
        "author": {
          "gitId": "Louis-Feng"
        },
        "content": "    public String toString() {"
      },
      {
        "lineNumber": 21,
        "author": {
          "gitId": "Louis-Feng"
        },
        "content": "        return this.dishName + \"price: \" + this.price;"
      },
      {
        "lineNumber": 22,
        "author": {
          "gitId": "Louis-Feng"
        },
        "content": "    }"
      },
      {
        "lineNumber": 23,
        "author": {
          "gitId": "Louis-Feng"
        },
        "content": "}"
      }
    ],
    "authorContributionMap": {
      "Louis-Feng": 23
    }
  },
  {
    "path": "src/main/java/Main.java",
    "fileType": "functional-code",
    "lines": [
      {
        "lineNumber": 1,
        "author": {
          "gitId": "AnnanWangDaniel"
        },
        "content": "import java.util.ArrayList;"
      },
      {
        "lineNumber": 2,
        "author": {
          "gitId": "AnnanWangDaniel"
        },
        "content": "import java.util.List;"
      },
      {
        "lineNumber": 3,
        "author": {
          "gitId": "AnnanWangDaniel"
        },
        "content": "import java.util.Scanner;"
      },
      {
        "lineNumber": 4,
        "author": {
          "gitId": "AnnanWangDaniel"
        },
        "content": ""
      },
      {
        "lineNumber": 5,
        "author": {
          "gitId": "AnnanWangDaniel"
        },
        "content": "import java.io.File;"
      },
      {
        "lineNumber": 6,
        "author": {
          "gitId": "AnnanWangDaniel"
        },
        "content": "import java.io.FileInputStream;"
      },
      {
        "lineNumber": 7,
        "author": {
          "gitId": "AnnanWangDaniel"
        },
        "content": "import java.io.IOException;"
      },
      {
        "lineNumber": 8,
        "author": {
          "gitId": "AnnanWangDaniel"
        },
        "content": "import java.io.FileWriter;"
      },
      {
        "lineNumber": 9,
        "author": {
          "gitId": "AnnanWangDaniel"
        },
        "content": "import java.io.FileNotFoundException;"
      },
      {
        "lineNumber": 10,
        "author": {
          "gitId": "AnnanWangDaniel"
        },
        "content": ""
      },
      {
        "lineNumber": 11,
        "author": {
          "gitId": "AnnanWangDaniel"
        },
        "content": "public class Main {"
      },
      {
        "lineNumber": 12,
        "author": {
          "gitId": "AnnanWangDaniel"
        },
        "content": "    protected static List\u003cDish\u003e dishes \u003d new ArrayList\u003c\u003e();"
      },
      {
        "lineNumber": 13,
        "author": {
          "gitId": "AnnanWangDaniel"
        },
        "content": "    protected static List\u003cStall\u003e stalls \u003d new ArrayList\u003c\u003e();"
      },
      {
        "lineNumber": 14,
        "author": {
          "gitId": "AnnanWangDaniel"
        },
        "content": "    protected static List\u003cCanteen\u003e canteens \u003d new ArrayList\u003c\u003e();"
      },
      {
        "lineNumber": 15,
        "author": {
          "gitId": "AnnanWangDaniel"
        },
        "content": "    protected static Scanner sc \u003d new Scanner(System.in);"
      },
      {
        "lineNumber": 16,
        "author": {
          "gitId": "AnnanWangDaniel"
        },
        "content": "    public static FileInputStream inputFile;"
      },
      {
        "lineNumber": 17,
        "author": {
          "gitId": "AnnanWangDaniel"
        },
        "content": ""
      },
      {
        "lineNumber": 18,
        "author": {
          "gitId": "AnnanWangDaniel"
        },
        "content": "    public static void main(String[] args) {"
      },
      {
        "lineNumber": 19,
        "author": {
          "gitId": "AnnanWangDaniel"
        },
        "content": "        "
      },
      {
        "lineNumber": 20,
        "author": {
          "gitId": "AnnanWangDaniel"
        },
        "content": "        System.out.println(\"How many people do you have?\");"
      },
      {
        "lineNumber": 21,
        "author": {
          "gitId": "AnnanWangDaniel"
        },
        "content": "        int numOfPeople \u003d sc.nextInt();"
      },
      {
        "lineNumber": 22,
        "author": {
          "gitId": "AnnanWangDaniel"
        },
        "content": ""
      },
      {
        "lineNumber": 23,
        "author": {
          "gitId": "AnnanWangDaniel"
        },
        "content": "        for (int i \u003d 1; i \u003c\u003d numOfPeople; i++) {"
      },
      {
        "lineNumber": 24,
        "author": {
          "gitId": "AnnanWangDaniel"
        },
        "content": ""
      },
      {
        "lineNumber": 25,
        "author": {
          "gitId": "AnnanWangDaniel"
        },
        "content": "            System.out.println(\"Please enter your name:\");"
      },
      {
        "lineNumber": 26,
        "author": {
          "gitId": "AnnanWangDaniel"
        },
        "content": "            String customerName \u003d sc.nextLine();"
      },
      {
        "lineNumber": 27,
        "author": {
          "gitId": "AnnanWangDaniel"
        },
        "content": "            Customer customer \u003d new Customer(customerName);"
      },
      {
        "lineNumber": 28,
        "author": {
          "gitId": "AnnanWangDaniel"
        },
        "content": ""
      },
      {
        "lineNumber": 29,
        "author": {
          "gitId": "AnnanWangDaniel"
        },
        "content": "            System.out.println(\"When will you arrive:\");"
      },
      {
        "lineNumber": 30,
        "author": {
          "gitId": "AnnanWangDaniel"
        },
        "content": "            String arriveTime \u003d sc.nextInt();"
      },
      {
        "lineNumber": 31,
        "author": {
          "gitId": "AnnanWangDaniel"
        },
        "content": ""
      },
      {
        "lineNumber": 32,
        "author": {
          "gitId": "AnnanWangDaniel"
        },
        "content": "            Syetem.out.println(\"Dear \" + customerName + \",\");"
      },
      {
        "lineNumber": 33,
        "author": {
          "gitId": "AnnanWangDaniel"
        },
        "content": "            System.out.println(\"Please choose a canteen from the list:\");"
      },
      {
        "lineNumber": 34,
        "author": {
          "gitId": "AnnanWangDaniel"
        },
        "content": "            int j \u003d 0;"
      },
      {
        "lineNumber": 35,
        "author": {
          "gitId": "AnnanWangDaniel"
        },
        "content": "            for (Canteen c : canteeens) {"
      },
      {
        "lineNumber": 36,
        "author": {
          "gitId": "AnnanWangDaniel"
        },
        "content": "                j++;"
      },
      {
        "lineNumber": 37,
        "author": {
          "gitId": "AnnanWangDaniel"
        },
        "content": "                System.out.println(j +\". \" + c);"
      },
      {
        "lineNumber": 38,
        "author": {
          "gitId": "AnnanWangDaniel"
        },
        "content": "            }"
      },
      {
        "lineNumber": 39,
        "author": {
          "gitId": "AnnanWangDaniel"
        },
        "content": "            System.out.println(\"Enter the number in front to choose:\");"
      },
      {
        "lineNumber": 40,
        "author": {
          "gitId": "AnnanWangDaniel"
        },
        "content": "            int canteenIdChoosed \u003d sc.nextInt();"
      },
      {
        "lineNumber": 41,
        "author": {
          "gitId": "AnnanWangDaniel"
        },
        "content": "            Canteen canteenChoosed \u003d canteens.get(canteenIdChoosed - 1);"
      },
      {
        "lineNumber": 42,
        "author": {
          "gitId": "AnnanWangDaniel"
        },
        "content": ""
      },
      {
        "lineNumber": 43,
        "author": {
          "gitId": "AnnanWangDaniel"
        },
        "content": "            System.out.println(\"The avaliable stalls in \" + canteenChoosed + \" are:\");"
      },
      {
        "lineNumber": 44,
        "author": {
          "gitId": "AnnanWangDaniel"
        },
        "content": "            j \u003d 0;"
      },
      {
        "lineNumber": 45,
        "author": {
          "gitId": "AnnanWangDaniel"
        },
        "content": "            for (stall s : stalls) {"
      },
      {
        "lineNumber": 46,
        "author": {
          "gitId": "AnnanWangDaniel"
        },
        "content": "                j++;"
      },
      {
        "lineNumber": 47,
        "author": {
          "gitId": "AnnanWangDaniel"
        },
        "content": "                System.out.println(j +\". \" + s);"
      },
      {
        "lineNumber": 48,
        "author": {
          "gitId": "AnnanWangDaniel"
        },
        "content": "            }"
      },
      {
        "lineNumber": 49,
        "author": {
          "gitId": "AnnanWangDaniel"
        },
        "content": "            System.out.println(\"Please choose a stall:\");"
      },
      {
        "lineNumber": 50,
        "author": {
          "gitId": "AnnanWangDaniel"
        },
        "content": "            int stallIdChoosed \u003d sc.nextInt();"
      },
      {
        "lineNumber": 51,
        "author": {
          "gitId": "AnnanWangDaniel"
        },
        "content": "            Canteen stallChoosed \u003d stalls.get(stallIdChoosed - 1);"
      },
      {
        "lineNumber": 52,
        "author": {
          "gitId": "AnnanWangDaniel"
        },
        "content": ""
      },
      {
        "lineNumber": 53,
        "author": {
          "gitId": "AnnanWangDaniel"
        },
        "content": "            System.out.println(stallChoosed + \" provides following dishes:\");"
      },
      {
        "lineNumber": 54,
        "author": {
          "gitId": "AnnanWangDaniel"
        },
        "content": "            j \u003d 0;"
      },
      {
        "lineNumber": 55,
        "author": {
          "gitId": "AnnanWangDaniel"
        },
        "content": "            for (stall d : dishes) {"
      },
      {
        "lineNumber": 56,
        "author": {
          "gitId": "AnnanWangDaniel"
        },
        "content": "                j++;"
      },
      {
        "lineNumber": 57,
        "author": {
          "gitId": "AnnanWangDaniel"
        },
        "content": "                System.out.println(j +\". \" + d);"
      },
      {
        "lineNumber": 58,
        "author": {
          "gitId": "AnnanWangDaniel"
        },
        "content": "            }"
      },
      {
        "lineNumber": 59,
        "author": {
          "gitId": "AnnanWangDaniel"
        },
        "content": "            System.out.println(\"Please choose what you want, enter \u0027done\u0027 to finish:\");"
      },
      {
        "lineNumber": 60,
        "author": {
          "gitId": "AnnanWangDaniel"
        },
        "content": "            List\u003cDish\u003e orderedDishes \u003d new ArrayList\u003c\u003e();"
      },
      {
        "lineNumber": 61,
        "author": {
          "gitId": "AnnanWangDaniel"
        },
        "content": "            while (true) {"
      },
      {
        "lineNumber": 62,
        "author": {
          "gitId": "AnnanWangDaniel"
        },
        "content": "                String dishIdChoosed \u003d sc.nextLine();"
      },
      {
        "lineNumber": 63,
        "author": {
          "gitId": "AnnanWangDaniel"
        },
        "content": "                if (dishIdChoosed.equals(\"done\")) {"
      },
      {
        "lineNumber": 64,
        "author": {
          "gitId": "AnnanWangDaniel"
        },
        "content": "                    break;"
      },
      {
        "lineNumber": 65,
        "author": {
          "gitId": "AnnanWangDaniel"
        },
        "content": "                }"
      },
      {
        "lineNumber": 66,
        "author": {
          "gitId": "AnnanWangDaniel"
        },
        "content": "                Dish dishChoosed \u003d dishes.get(valueOf(dishIdChoosed) - 1);"
      },
      {
        "lineNumber": 67,
        "author": {
          "gitId": "AnnanWangDaniel"
        },
        "content": "                orderedDishes.add(dishChoosed);"
      },
      {
        "lineNumber": 68,
        "author": {
          "gitId": "AnnanWangDaniel"
        },
        "content": "            }"
      },
      {
        "lineNumber": 69,
        "author": {
          "gitId": "AnnanWangDaniel"
        },
        "content": ""
      },
      {
        "lineNumber": 70,
        "author": {
          "gitId": "AnnanWangDaniel"
        },
        "content": "            System.out.println(\"Please choose your order type:\\n\\t1.Dine in.\\n\\t2.Take away.\\n\\t3.delevery.\");"
      },
      {
        "lineNumber": 71,
        "author": {
          "gitId": "AnnanWangDaniel"
        },
        "content": "            int typeChoosed \u003d sc.nextInt();"
      },
      {
        "lineNumber": 72,
        "author": {
          "gitId": "AnnanWangDaniel"
        },
        "content": "            if (typeChoosed \u003d\u003d 1) {"
      },
      {
        "lineNumber": 73,
        "author": {
          "gitId": "AnnanWangDaniel"
        },
        "content": "                String orderType \u003d \"Dine in\";"
      },
      {
        "lineNumber": 74,
        "author": {
          "gitId": "AnnanWangDaniel"
        },
        "content": "            }"
      },
      {
        "lineNumber": 75,
        "author": {
          "gitId": "AnnanWangDaniel"
        },
        "content": "            else if (typeChoosed \u003d\u003d 2) {"
      },
      {
        "lineNumber": 76,
        "author": {
          "gitId": "AnnanWangDaniel"
        },
        "content": "                String orderType \u003d \"Take away\";"
      },
      {
        "lineNumber": 77,
        "author": {
          "gitId": "AnnanWangDaniel"
        },
        "content": "            }"
      },
      {
        "lineNumber": 78,
        "author": {
          "gitId": "AnnanWangDaniel"
        },
        "content": "            else {"
      },
      {
        "lineNumber": 79,
        "author": {
          "gitId": "AnnanWangDaniel"
        },
        "content": "                String orderType \u003d \"Delevery\";"
      },
      {
        "lineNumber": 80,
        "author": {
          "gitId": "AnnanWangDaniel"
        },
        "content": "            }"
      },
      {
        "lineNumber": 81,
        "author": {
          "gitId": "AnnanWangDaniel"
        },
        "content": ""
      },
      {
        "lineNumber": 82,
        "author": {
          "gitId": "AnnanWangDaniel"
        },
        "content": ""
      },
      {
        "lineNumber": 83,
        "author": {
          "gitId": "AnnanWangDaniel"
        },
        "content": "            //Order order \u003d new Order(customer, arriveTime, canteenChoosed, stallChoosed, orderedDishes);"
      },
      {
        "lineNumber": 84,
        "author": {
          "gitId": "AnnanWangDaniel"
        },
        "content": "            customer.order()"
      },
      {
        "lineNumber": 85,
        "author": {
          "gitId": "AnnanWangDaniel"
        },
        "content": ""
      },
      {
        "lineNumber": 86,
        "author": {
          "gitId": "AnnanWangDaniel"
        },
        "content": "            System.out.println(\"Your order created! Thanks.\"); "
      },
      {
        "lineNumber": 87,
        "author": {
          "gitId": "AnnanWangDaniel"
        },
        "content": "        }"
      },
      {
        "lineNumber": 88,
        "author": {
          "gitId": "AnnanWangDaniel"
        },
        "content": "    }"
      },
      {
        "lineNumber": 89,
        "author": {
          "gitId": "AnnanWangDaniel"
        },
        "content": "}"
      }
    ],
    "authorContributionMap": {
      "AnnanWangDaniel": 89
    }
  },
  {
    "path": "src/main/java/Order.java",
    "fileType": "functional-code",
    "lines": [
      {
        "lineNumber": 1,
        "author": {
          "gitId": "WYing333"
        },
        "content": "import java.util.List;"
      },
      {
        "lineNumber": 2,
        "author": {
          "gitId": "WYing333"
        },
        "content": ""
      },
      {
        "lineNumber": 3,
        "author": {
          "gitId": "Louis-Feng"
        },
        "content": "public class Order {"
      },
      {
        "lineNumber": 4,
        "author": {
          "gitId": "Louis-Feng"
        },
        "content": ""
      },
      {
        "lineNumber": 5,
        "author": {
          "gitId": "Louis-Feng"
        },
        "content": "    private Canteen canteen;"
      },
      {
        "lineNumber": 6,
        "author": {
          "gitId": "Louis-Feng"
        },
        "content": "    private Stall stall;"
      },
      {
        "lineNumber": 7,
        "author": {
          "gitId": "WYing333"
        },
        "content": "    private List\u003cDish\u003e dishes;"
      },
      {
        "lineNumber": 8,
        "author": {
          "gitId": "WYing333"
        },
        "content": "    private Customer customer;"
      },
      {
        "lineNumber": 9,
        "author": {
          "gitId": "Louis-Feng"
        },
        "content": ""
      },
      {
        "lineNumber": 10,
        "author": {
          "gitId": "WYing333"
        },
        "content": "    Order(Canteen canteen, Stall stall, List\u003cDish\u003e dishes, Customer customer) {"
      },
      {
        "lineNumber": 11,
        "author": {
          "gitId": "Louis-Feng"
        },
        "content": "        this.canteen \u003d canteen;"
      },
      {
        "lineNumber": 12,
        "author": {
          "gitId": "Louis-Feng"
        },
        "content": "        this.stall \u003d stall;"
      },
      {
        "lineNumber": 13,
        "author": {
          "gitId": "WYing333"
        },
        "content": "        this.dishes \u003d dishes;"
      },
      {
        "lineNumber": 14,
        "author": {
          "gitId": "WYing333"
        },
        "content": "        this.customer \u003d customer;"
      },
      {
        "lineNumber": 15,
        "author": {
          "gitId": "Louis-Feng"
        },
        "content": "    }"
      },
      {
        "lineNumber": 16,
        "author": {
          "gitId": "Louis-Feng"
        },
        "content": ""
      },
      {
        "lineNumber": 17,
        "author": {
          "gitId": "Louis-Feng"
        },
        "content": "    public Canteen getCanteen() {"
      },
      {
        "lineNumber": 18,
        "author": {
          "gitId": "Louis-Feng"
        },
        "content": "        return this.canteen;"
      },
      {
        "lineNumber": 19,
        "author": {
          "gitId": "Louis-Feng"
        },
        "content": "    }"
      },
      {
        "lineNumber": 20,
        "author": {
          "gitId": "Louis-Feng"
        },
        "content": ""
      },
      {
        "lineNumber": 21,
        "author": {
          "gitId": "Louis-Feng"
        },
        "content": "    public Stall getStall() {"
      },
      {
        "lineNumber": 22,
        "author": {
          "gitId": "Louis-Feng"
        },
        "content": "        return this.stall;"
      },
      {
        "lineNumber": 23,
        "author": {
          "gitId": "Louis-Feng"
        },
        "content": "    }"
      },
      {
        "lineNumber": 24,
        "author": {
          "gitId": "Louis-Feng"
        },
        "content": ""
      },
      {
        "lineNumber": 25,
        "author": {
          "gitId": "WYing333"
        },
        "content": "    public List\u003cDish\u003e getDish() {"
      },
      {
        "lineNumber": 26,
        "author": {
          "gitId": "WYing333"
        },
        "content": "        return this.dishes;"
      },
      {
        "lineNumber": 27,
        "author": {
          "gitId": "WYing333"
        },
        "content": "    }"
      },
      {
        "lineNumber": 28,
        "author": {
          "gitId": "WYing333"
        },
        "content": ""
      },
      {
        "lineNumber": 29,
        "author": {
          "gitId": "WYing333"
        },
        "content": "    public String toString() {"
      },
      {
        "lineNumber": 30,
        "author": {
          "gitId": "WYing333"
        },
        "content": "        return this.canteen + \"order in \" + this.stall + \": \" + this.dishes +  \" by \" + this.customer;"
      },
      {
        "lineNumber": 31,
        "author": {
          "gitId": "Louis-Feng"
        },
        "content": "    }"
      },
      {
        "lineNumber": 32,
        "author": {
          "gitId": "Louis-Feng"
        },
        "content": ""
      },
      {
        "lineNumber": 33,
        "author": {
          "gitId": "Louis-Feng"
        },
        "content": "}"
      }
    ],
    "authorContributionMap": {
      "WYing333": 13,
      "Louis-Feng": 20
    }
  },
  {
    "path": "src/main/java/Stall.java",
    "fileType": "functional-code",
    "lines": [
      {
        "lineNumber": 1,
        "author": {
          "gitId": "Louis-Feng"
        },
        "content": ""
      },
      {
        "lineNumber": 2,
        "author": {
          "gitId": "Louis-Feng"
        },
        "content": "import java.util.List;"
      },
      {
        "lineNumber": 3,
        "author": {
          "gitId": "Louis-Feng"
        },
        "content": ""
      },
      {
        "lineNumber": 4,
        "author": {
          "gitId": "Louis-Feng"
        },
        "content": "public class Stall {"
      },
      {
        "lineNumber": 5,
        "author": {
          "gitId": "Louis-Feng"
        },
        "content": "    public String stall_name;"
      },
      {
        "lineNumber": 6,
        "author": {
          "gitId": "Louis-Feng"
        },
        "content": "    private int stallID;"
      },
      {
        "lineNumber": 7,
        "author": {
          "gitId": "Louis-Feng"
        },
        "content": "    private String stallLocation;"
      },
      {
        "lineNumber": 8,
        "author": {
          "gitId": "Louis-Feng"
        },
        "content": "    private int openTime;"
      },
      {
        "lineNumber": 9,
        "author": {
          "gitId": "Louis-Feng"
        },
        "content": "    private int closeTime;"
      },
      {
        "lineNumber": 10,
        "author": {
          "gitId": "Louis-Feng"
        },
        "content": "    private List\u003cInteger\u003e openDayOfWeek;"
      },
      {
        "lineNumber": 11,
        "author": {
          "gitId": "Louis-Feng"
        },
        "content": "    private List\u003cDish\u003e  dishes;"
      },
      {
        "lineNumber": 12,
        "author": {
          "gitId": "Louis-Feng"
        },
        "content": "    public int queue;"
      },
      {
        "lineNumber": 13,
        "author": {
          "gitId": "Louis-Feng"
        },
        "content": "    public int servingTimePerPersom;"
      },
      {
        "lineNumber": 14,
        "author": {
          "gitId": "Louis-Feng"
        },
        "content": ""
      },
      {
        "lineNumber": 15,
        "author": {
          "gitId": "Louis-Feng"
        },
        "content": "    public Stall(String stall_name, int stallID, String stallLocation, int openTime, int closeTime, List\u003cInteger\u003e openDayOfWeek, List\u003cDish\u003e dishes, int servingTimePerPersom) {"
      },
      {
        "lineNumber": 16,
        "author": {
          "gitId": "Louis-Feng"
        },
        "content": "        this.stall_name \u003d stall_name;"
      },
      {
        "lineNumber": 17,
        "author": {
          "gitId": "Louis-Feng"
        },
        "content": "        this.stallID \u003d stallID;"
      },
      {
        "lineNumber": 18,
        "author": {
          "gitId": "Louis-Feng"
        },
        "content": "        this.stallLocation \u003d stallLocation;"
      },
      {
        "lineNumber": 19,
        "author": {
          "gitId": "Louis-Feng"
        },
        "content": "        this.openTime \u003d openTime;"
      },
      {
        "lineNumber": 20,
        "author": {
          "gitId": "Louis-Feng"
        },
        "content": "        this.closeTime \u003d closeTime;"
      },
      {
        "lineNumber": 21,
        "author": {
          "gitId": "Louis-Feng"
        },
        "content": "        this.openDayOfWeek \u003d openDayOfWeek;"
      },
      {
        "lineNumber": 22,
        "author": {
          "gitId": "Louis-Feng"
        },
        "content": "        this.dishes \u003d dishes;"
      },
      {
        "lineNumber": 23,
        "author": {
          "gitId": "Louis-Feng"
        },
        "content": "        this.servingTimePerPersom \u003d servingTimePerPersom;"
      },
      {
        "lineNumber": 24,
        "author": {
          "gitId": "Louis-Feng"
        },
        "content": "        this.queue \u003d 0;"
      },
      {
        "lineNumber": 25,
        "author": {
          "gitId": "Louis-Feng"
        },
        "content": "    }"
      },
      {
        "lineNumber": 26,
        "author": {
          "gitId": "Louis-Feng"
        },
        "content": ""
      },
      {
        "lineNumber": 27,
        "author": {
          "gitId": "Louis-Feng"
        },
        "content": "    public void setQueue(int queue) {"
      },
      {
        "lineNumber": 28,
        "author": {
          "gitId": "Louis-Feng"
        },
        "content": "        this.queue \u003d queue;"
      },
      {
        "lineNumber": 29,
        "author": {
          "gitId": "Louis-Feng"
        },
        "content": "    }"
      },
      {
        "lineNumber": 30,
        "author": {
          "gitId": "Louis-Feng"
        },
        "content": ""
      },
      {
        "lineNumber": 31,
        "author": {
          "gitId": "Louis-Feng"
        },
        "content": "    public int getQueue() {"
      },
      {
        "lineNumber": 32,
        "author": {
          "gitId": "Louis-Feng"
        },
        "content": "        return queue;"
      },
      {
        "lineNumber": 33,
        "author": {
          "gitId": "Louis-Feng"
        },
        "content": "    }"
      },
      {
        "lineNumber": 34,
        "author": {
          "gitId": "Louis-Feng"
        },
        "content": ""
      },
      {
        "lineNumber": 35,
        "author": {
          "gitId": "Louis-Feng"
        },
        "content": "    boolean isOpen (int dayOfWeek, int time) {"
      },
      {
        "lineNumber": 36,
        "author": {
          "gitId": "Louis-Feng"
        },
        "content": "        for(Integer day:this.openDayOfWeek){"
      },
      {
        "lineNumber": 37,
        "author": {
          "gitId": "Louis-Feng"
        },
        "content": "            if(day \u003d\u003d dayOfWeek){"
      },
      {
        "lineNumber": 38,
        "author": {
          "gitId": "Louis-Feng"
        },
        "content": "                if(time\u003e\u003dthis.openTime\u0026\u0026time\u003c\u003dthis.closeTime){"
      },
      {
        "lineNumber": 39,
        "author": {
          "gitId": "Louis-Feng"
        },
        "content": "                    return true;"
      },
      {
        "lineNumber": 40,
        "author": {
          "gitId": "Louis-Feng"
        },
        "content": "                }"
      },
      {
        "lineNumber": 41,
        "author": {
          "gitId": "Louis-Feng"
        },
        "content": "            }"
      },
      {
        "lineNumber": 42,
        "author": {
          "gitId": "Louis-Feng"
        },
        "content": "        }"
      },
      {
        "lineNumber": 43,
        "author": {
          "gitId": "Louis-Feng"
        },
        "content": "        return false;"
      },
      {
        "lineNumber": 44,
        "author": {
          "gitId": "Louis-Feng"
        },
        "content": "    }"
      },
      {
        "lineNumber": 45,
        "author": {
          "gitId": "Louis-Feng"
        },
        "content": "    public void printDishes(){"
      },
      {
        "lineNumber": 46,
        "author": {
          "gitId": "Louis-Feng"
        },
        "content": "        for(int i\u003d0;i\u003cdishes.size();i++){"
      },
      {
        "lineNumber": 47,
        "author": {
          "gitId": "Louis-Feng"
        },
        "content": "            System.out.println(dishes.get(i));"
      },
      {
        "lineNumber": 48,
        "author": {
          "gitId": "Louis-Feng"
        },
        "content": "        }"
      },
      {
        "lineNumber": 49,
        "author": {
          "gitId": "Louis-Feng"
        },
        "content": "    }"
      },
      {
        "lineNumber": 50,
        "author": {
          "gitId": "Louis-Feng"
        },
        "content": ""
      },
      {
        "lineNumber": 51,
        "author": {
          "gitId": "Louis-Feng"
        },
        "content": "    @Override"
      },
      {
        "lineNumber": 52,
        "author": {
          "gitId": "Louis-Feng"
        },
        "content": "    public String toString() {"
      },
      {
        "lineNumber": 53,
        "author": {
          "gitId": "Louis-Feng"
        },
        "content": "        return this.stall_name;"
      },
      {
        "lineNumber": 54,
        "author": {
          "gitId": "Louis-Feng"
        },
        "content": "    }"
      },
      {
        "lineNumber": 55,
        "author": {
          "gitId": "Louis-Feng"
        },
        "content": "}"
      }
    ],
    "authorContributionMap": {
      "Louis-Feng": 55
    }
  },
  {
    "path": "src/main/java/deliveryOrder.java",
    "fileType": "functional-code",
    "lines": [
      {
        "lineNumber": 1,
        "author": {
          "gitId": "WYing333"
        },
        "content": "import java.util.List;"
      },
      {
        "lineNumber": 2,
        "author": {
          "gitId": "WYing333"
        },
        "content": ""
      },
      {
        "lineNumber": 3,
        "author": {
          "gitId": "Louis-Feng"
        },
        "content": "public class deliveryOrder extends Order {"
      },
      {
        "lineNumber": 4,
        "author": {
          "gitId": "Louis-Feng"
        },
        "content": ""
      },
      {
        "lineNumber": 5,
        "author": {
          "gitId": "WYing333"
        },
        "content": "    private final static double carrierFee \u003d 0.3;"
      },
      {
        "lineNumber": 6,
        "author": {
          "gitId": "WYing333"
        },
        "content": "    private final static double deliveryFee \u003d 2.0;"
      },
      {
        "lineNumber": 7,
        "author": {
          "gitId": "WYing333"
        },
        "content": ""
      },
      {
        "lineNumber": 8,
        "author": {
          "gitId": "Louis-Feng"
        },
        "content": "    private boolean isDeliveryOrder;"
      },
      {
        "lineNumber": 9,
        "author": {
          "gitId": "Louis-Feng"
        },
        "content": "    private String address;"
      },
      {
        "lineNumber": 10,
        "author": {
          "gitId": "Louis-Feng"
        },
        "content": "    private int phoneNumber;"
      },
      {
        "lineNumber": 11,
        "author": {
          "gitId": "Louis-Feng"
        },
        "content": ""
      },
      {
        "lineNumber": 12,
        "author": {
          "gitId": "WYing333"
        },
        "content": "    deliveryOrder(Canteen canteen, Stall stall, List\u003cDish\u003e dishes, Customer customer, boolean isDeliveryOrder,"
      },
      {
        "lineNumber": 13,
        "author": {
          "gitId": "Louis-Feng"
        },
        "content": "                  String address, int phoneNumber) {"
      },
      {
        "lineNumber": 14,
        "author": {
          "gitId": "WYing333"
        },
        "content": "        super(canteen, stall, dishes, customer);"
      },
      {
        "lineNumber": 15,
        "author": {
          "gitId": "Louis-Feng"
        },
        "content": "        this.isDeliveryOrder \u003d isDeliveryOrder;"
      },
      {
        "lineNumber": 16,
        "author": {
          "gitId": "Louis-Feng"
        },
        "content": "        this.address \u003d address;"
      },
      {
        "lineNumber": 17,
        "author": {
          "gitId": "Louis-Feng"
        },
        "content": "        this.phoneNumber \u003d phoneNumber;"
      },
      {
        "lineNumber": 18,
        "author": {
          "gitId": "Louis-Feng"
        },
        "content": "    }"
      },
      {
        "lineNumber": 19,
        "author": {
          "gitId": "Louis-Feng"
        },
        "content": ""
      },
      {
        "lineNumber": 20,
        "author": {
          "gitId": "Louis-Feng"
        },
        "content": "    public boolean getIsDeliveryOrder() {"
      },
      {
        "lineNumber": 21,
        "author": {
          "gitId": "Louis-Feng"
        },
        "content": "        return this.isDeliveryOrder;"
      },
      {
        "lineNumber": 22,
        "author": {
          "gitId": "Louis-Feng"
        },
        "content": "    }"
      },
      {
        "lineNumber": 23,
        "author": {
          "gitId": "Louis-Feng"
        },
        "content": ""
      },
      {
        "lineNumber": 24,
        "author": {
          "gitId": "Louis-Feng"
        },
        "content": "    public double getCarrierFee() {"
      },
      {
        "lineNumber": 25,
        "author": {
          "gitId": "Louis-Feng"
        },
        "content": "        return this.carrierFee;"
      },
      {
        "lineNumber": 26,
        "author": {
          "gitId": "Louis-Feng"
        },
        "content": "    }"
      },
      {
        "lineNumber": 27,
        "author": {
          "gitId": "Louis-Feng"
        },
        "content": ""
      },
      {
        "lineNumber": 28,
        "author": {
          "gitId": "Louis-Feng"
        },
        "content": "    public double getDeliveryFee() {"
      },
      {
        "lineNumber": 29,
        "author": {
          "gitId": "Louis-Feng"
        },
        "content": "        return this.deliveryFee;"
      },
      {
        "lineNumber": 30,
        "author": {
          "gitId": "Louis-Feng"
        },
        "content": "    }"
      },
      {
        "lineNumber": 31,
        "author": {
          "gitId": "Louis-Feng"
        },
        "content": ""
      },
      {
        "lineNumber": 32,
        "author": {
          "gitId": "Louis-Feng"
        },
        "content": "    public String getAddress() {"
      },
      {
        "lineNumber": 33,
        "author": {
          "gitId": "Louis-Feng"
        },
        "content": "        return this.address;"
      },
      {
        "lineNumber": 34,
        "author": {
          "gitId": "Louis-Feng"
        },
        "content": "    }"
      },
      {
        "lineNumber": 35,
        "author": {
          "gitId": "Louis-Feng"
        },
        "content": ""
      },
      {
        "lineNumber": 36,
        "author": {
          "gitId": "Louis-Feng"
        },
        "content": "    public int getPhoneNumber() {"
      },
      {
        "lineNumber": 37,
        "author": {
          "gitId": "Louis-Feng"
        },
        "content": "        return this.phoneNumber;"
      },
      {
        "lineNumber": 38,
        "author": {
          "gitId": "Louis-Feng"
        },
        "content": "    }"
      },
      {
        "lineNumber": 39,
        "author": {
          "gitId": "Louis-Feng"
        },
        "content": ""
      },
      {
        "lineNumber": 40,
        "author": {
          "gitId": "WYing333"
        },
        "content": "    @Override"
      },
      {
        "lineNumber": 41,
        "author": {
          "gitId": "WYing333"
        },
        "content": "    public String toString() {"
      },
      {
        "lineNumber": 42,
        "author": {
          "gitId": "WYing333"
        },
        "content": "        if (isDeliveryOrder) {"
      },
      {
        "lineNumber": 43,
        "author": {
          "gitId": "WYing333"
        },
        "content": "            return super.toString() + \"(Delivery Order: address is \" + this.address + \" phone number is \""
      },
      {
        "lineNumber": 44,
        "author": {
          "gitId": "WYing333"
        },
        "content": "                    + this.phoneNumber + \")\";"
      },
      {
        "lineNumber": 45,
        "author": {
          "gitId": "WYing333"
        },
        "content": "        }"
      },
      {
        "lineNumber": 46,
        "author": {
          "gitId": "WYing333"
        },
        "content": "        else {"
      },
      {
        "lineNumber": 47,
        "author": {
          "gitId": "WYing333"
        },
        "content": "            return super.toString() + \"(Not Delivery Order)\";"
      },
      {
        "lineNumber": 48,
        "author": {
          "gitId": "WYing333"
        },
        "content": "        }"
      },
      {
        "lineNumber": 49,
        "author": {
          "gitId": "WYing333"
        },
        "content": "    }"
      },
      {
        "lineNumber": 50,
        "author": {
          "gitId": "WYing333"
        },
        "content": ""
      },
      {
        "lineNumber": 51,
        "author": {
          "gitId": "Louis-Feng"
        },
        "content": "}"
      }
    ],
    "authorContributionMap": {
      "WYing333": 18,
      "Louis-Feng": 33
    }
  },
  {
    "path": "src/main/java/dineInOrder.java",
    "fileType": "functional-code",
    "lines": [
      {
        "lineNumber": 1,
        "author": {
          "gitId": "WYing333"
        },
        "content": "import java.util.List;"
      },
      {
        "lineNumber": 2,
        "author": {
          "gitId": "WYing333"
        },
        "content": ""
      },
      {
        "lineNumber": 3,
        "author": {
          "gitId": "Louis-Feng"
        },
        "content": "public class dineInOrder extends Order {"
      },
      {
        "lineNumber": 4,
        "author": {
          "gitId": "Louis-Feng"
        },
        "content": ""
      },
      {
        "lineNumber": 5,
        "author": {
          "gitId": "Louis-Feng"
        },
        "content": "    private boolean isDineIn;"
      },
      {
        "lineNumber": 6,
        "author": {
          "gitId": "Louis-Feng"
        },
        "content": ""
      },
      {
        "lineNumber": 7,
        "author": {
          "gitId": "WYing333"
        },
        "content": "    dineInOrder(Canteen canteen, Stall stall, List\u003cDish\u003e dishes, Customer customer, boolean isDineIn) {"
      },
      {
        "lineNumber": 8,
        "author": {
          "gitId": "WYing333"
        },
        "content": "        super(canteen, stall, dishes, customer);"
      },
      {
        "lineNumber": 9,
        "author": {
          "gitId": "Louis-Feng"
        },
        "content": "        this.isDineIn \u003d isDineIn;"
      },
      {
        "lineNumber": 10,
        "author": {
          "gitId": "Louis-Feng"
        },
        "content": "    }"
      },
      {
        "lineNumber": 11,
        "author": {
          "gitId": "Louis-Feng"
        },
        "content": ""
      },
      {
        "lineNumber": 12,
        "author": {
          "gitId": "Louis-Feng"
        },
        "content": "    public boolean getIsDineIn() {"
      },
      {
        "lineNumber": 13,
        "author": {
          "gitId": "Louis-Feng"
        },
        "content": "        return this.isDineIn;"
      },
      {
        "lineNumber": 14,
        "author": {
          "gitId": "Louis-Feng"
        },
        "content": "    }"
      },
      {
        "lineNumber": 15,
        "author": {
          "gitId": "Louis-Feng"
        },
        "content": ""
      },
      {
        "lineNumber": 16,
        "author": {
          "gitId": "WYing333"
        },
        "content": "    @Override"
      },
      {
        "lineNumber": 17,
        "author": {
          "gitId": "WYing333"
        },
        "content": "    public String toString() {"
      },
      {
        "lineNumber": 18,
        "author": {
          "gitId": "WYing333"
        },
        "content": "        if (this.isDineIn) {"
      },
      {
        "lineNumber": 19,
        "author": {
          "gitId": "WYing333"
        },
        "content": "            return super.toString() + \"(Dine In)\";"
      },
      {
        "lineNumber": 20,
        "author": {
          "gitId": "WYing333"
        },
        "content": "        }"
      },
      {
        "lineNumber": 21,
        "author": {
          "gitId": "WYing333"
        },
        "content": "        else {"
      },
      {
        "lineNumber": 22,
        "author": {
          "gitId": "WYing333"
        },
        "content": "            return super.toString() + \"(Not Dine In)\";"
      },
      {
        "lineNumber": 23,
        "author": {
          "gitId": "WYing333"
        },
        "content": "        }"
      },
      {
        "lineNumber": 24,
        "author": {
          "gitId": "WYing333"
        },
        "content": ""
      },
      {
        "lineNumber": 25,
        "author": {
          "gitId": "WYing333"
        },
        "content": "    }"
      },
      {
        "lineNumber": 26,
        "author": {
          "gitId": "WYing333"
        },
        "content": ""
      },
      {
        "lineNumber": 27,
        "author": {
          "gitId": "Louis-Feng"
        },
        "content": "}"
      }
    ],
    "authorContributionMap": {
      "WYing333": 15,
      "Louis-Feng": 12
    }
  },
  {
    "path": "src/main/java/seedu/duke/Duke.java",
    "fileType": "functional-code",
    "lines": [
      {
        "lineNumber": 1,
        "author": {
          "gitId": "WYing333"
        },
        "content": "package seedu.duke;//for pull request"
      },
      {
        "lineNumber": 2,
        "author": {
          "gitId": "-"
        },
        "content": ""
      },
      {
        "lineNumber": 3,
        "author": {
          "gitId": "-"
        },
        "content": "import java.util.Scanner;"
      },
      {
        "lineNumber": 4,
        "author": {
          "gitId": "-"
        },
        "content": ""
      },
      {
        "lineNumber": 5,
        "author": {
          "gitId": "-"
        },
        "content": "public class Duke {"
      },
      {
        "lineNumber": 6,
        "author": {
          "gitId": "-"
        },
        "content": "    /**"
      },
      {
        "lineNumber": 7,
        "author": {
          "gitId": "WYing333"
        },
        "content": "     * Main entry-point for the java.duke.seedu.duke.Duke application."
      },
      {
        "lineNumber": 8,
        "author": {
          "gitId": "-"
        },
        "content": "     */"
      },
      {
        "lineNumber": 9,
        "author": {
          "gitId": "-"
        },
        "content": "    public static void main(String[] args) {"
      },
      {
        "lineNumber": 10,
        "author": {
          "gitId": "-"
        },
        "content": "        String logo \u003d \" ____        _        \\n\""
      },
      {
        "lineNumber": 11,
        "author": {
          "gitId": "-"
        },
        "content": "                + \"|  _ \\\\ _   _| | _____ \\n\""
      },
      {
        "lineNumber": 12,
        "author": {
          "gitId": "-"
        },
        "content": "                + \"| | | | | | | |/ / _ \\\\\\n\""
      },
      {
        "lineNumber": 13,
        "author": {
          "gitId": "-"
        },
        "content": "                + \"| |_| | |_| |   \u003c  __/\\n\""
      },
      {
        "lineNumber": 14,
        "author": {
          "gitId": "-"
        },
        "content": "                + \"|____/ \\\\__,_|_|\\\\_\\\\___|\\n\";"
      },
      {
        "lineNumber": 15,
        "author": {
          "gitId": "-"
        },
        "content": "        System.out.println(\"Hello from\\n\" + logo);"
      },
      {
        "lineNumber": 16,
        "author": {
          "gitId": "-"
        },
        "content": "        System.out.println(\"What is your name?\");"
      },
      {
        "lineNumber": 17,
        "author": {
          "gitId": "-"
        },
        "content": ""
      },
      {
        "lineNumber": 18,
        "author": {
          "gitId": "-"
        },
        "content": "        Scanner in \u003d new Scanner(System.in);"
      },
      {
        "lineNumber": 19,
        "author": {
          "gitId": "-"
        },
        "content": "        System.out.println(\"Hello \" + in.nextLine());"
      },
      {
        "lineNumber": 20,
        "author": {
          "gitId": "AnnanWangDaniel"
        },
        "content": "        in.close();"
      },
      {
        "lineNumber": 21,
        "author": {
          "gitId": "-"
        },
        "content": "    }"
      },
      {
        "lineNumber": 22,
        "author": {
          "gitId": "-"
        },
        "content": "}"
      }
    ],
    "authorContributionMap": {
      "AnnanWangDaniel": 1,
      "WYing333": 2,
      "-": 19
    }
  },
  {
    "path": "src/main/java/takeAwayOrder.java",
    "fileType": "functional-code",
    "lines": [
      {
        "lineNumber": 1,
        "author": {
          "gitId": "WYing333"
        },
        "content": "import java.util.List;"
      },
      {
        "lineNumber": 2,
        "author": {
          "gitId": "WYing333"
        },
        "content": ""
      },
      {
        "lineNumber": 3,
        "author": {
          "gitId": "Louis-Feng"
        },
        "content": "public class takeAwayOrder extends Order {"
      },
      {
        "lineNumber": 4,
        "author": {
          "gitId": "Louis-Feng"
        },
        "content": ""
      },
      {
        "lineNumber": 5,
        "author": {
          "gitId": "Louis-Feng"
        },
        "content": "    private boolean isTakeAway;"
      },
      {
        "lineNumber": 6,
        "author": {
          "gitId": "WYing333"
        },
        "content": "    private final static double carrierFee \u003d 0.3;"
      },
      {
        "lineNumber": 7,
        "author": {
          "gitId": "Louis-Feng"
        },
        "content": ""
      },
      {
        "lineNumber": 8,
        "author": {
          "gitId": "WYing333"
        },
        "content": "    takeAwayOrder(Canteen canteen, Stall stall, List\u003cDish\u003e dishes, Customer customer, boolean isTakeAway) {"
      },
      {
        "lineNumber": 9,
        "author": {
          "gitId": "WYing333"
        },
        "content": "        super(canteen, stall, dishes, customer);"
      },
      {
        "lineNumber": 10,
        "author": {
          "gitId": "Louis-Feng"
        },
        "content": "        this.isTakeAway \u003d isTakeAway;"
      },
      {
        "lineNumber": 11,
        "author": {
          "gitId": "Louis-Feng"
        },
        "content": "    }"
      },
      {
        "lineNumber": 12,
        "author": {
          "gitId": "Louis-Feng"
        },
        "content": ""
      },
      {
        "lineNumber": 13,
        "author": {
          "gitId": "Louis-Feng"
        },
        "content": "    public boolean getIsTakeAway() {"
      },
      {
        "lineNumber": 14,
        "author": {
          "gitId": "Louis-Feng"
        },
        "content": "        return this.isTakeAway;"
      },
      {
        "lineNumber": 15,
        "author": {
          "gitId": "Louis-Feng"
        },
        "content": "    }"
      },
      {
        "lineNumber": 16,
        "author": {
          "gitId": "Louis-Feng"
        },
        "content": ""
      },
      {
        "lineNumber": 17,
        "author": {
          "gitId": "Louis-Feng"
        },
        "content": "    public double getCarrierFee() {"
      },
      {
        "lineNumber": 18,
        "author": {
          "gitId": "Louis-Feng"
        },
        "content": "        return this.carrierFee;"
      },
      {
        "lineNumber": 19,
        "author": {
          "gitId": "Louis-Feng"
        },
        "content": "    }"
      },
      {
        "lineNumber": 20,
        "author": {
          "gitId": "WYing333"
        },
        "content": ""
      },
      {
        "lineNumber": 21,
        "author": {
          "gitId": "WYing333"
        },
        "content": "    @Override"
      },
      {
        "lineNumber": 22,
        "author": {
          "gitId": "WYing333"
        },
        "content": "    public String toString() {"
      },
      {
        "lineNumber": 23,
        "author": {
          "gitId": "WYing333"
        },
        "content": "        if(isTakeAway) {"
      },
      {
        "lineNumber": 24,
        "author": {
          "gitId": "WYing333"
        },
        "content": "            return super.toString() + \"(Take Away)\";"
      },
      {
        "lineNumber": 25,
        "author": {
          "gitId": "WYing333"
        },
        "content": "        }"
      },
      {
        "lineNumber": 26,
        "author": {
          "gitId": "WYing333"
        },
        "content": "        else {"
      },
      {
        "lineNumber": 27,
        "author": {
          "gitId": "WYing333"
        },
        "content": "            return super.toString() + \"(Not Take Away)\";"
      },
      {
        "lineNumber": 28,
        "author": {
          "gitId": "WYing333"
        },
        "content": "        }"
      },
      {
        "lineNumber": 29,
        "author": {
          "gitId": "WYing333"
        },
        "content": "    }"
      },
      {
        "lineNumber": 30,
        "author": {
          "gitId": "Louis-Feng"
        },
        "content": "}"
      }
    ],
    "authorContributionMap": {
      "WYing333": 15,
      "Louis-Feng": 15
    }
  }
]
