{
  "authorDailyContributionsMap": {
    "TanJunHong": [
      {
        "date": "2020-10-01",
        "commitResults": [
          {
            "hash": "38c2c160476e7a27e62c5621038082af3f4a08df",
            "messageTitle": "Change John Doe to my name",
            "messageBody": "",
            "fileTypesAndContributionMap": {
              "docs": {
                "insertions": 1,
                "deletions": 1
              }
            }
          }
        ]
      },
      {
        "date": "2020-10-05",
        "commitResults": [
          {
            "hash": "45042917888bf61b0a1c3fb35e60302586fb0e7f",
            "messageTitle": "Rename project and testing files to Rex",
            "messageBody": "",
            "fileTypesAndContributionMap": {
              "functional-code": {
                "insertions": 24,
                "deletions": 21
              },
              "other": {
                "insertions": 4,
                "deletions": 4
              },
              "docs": {
                "insertions": 17,
                "deletions": 15
              }
            }
          },
          {
            "hash": "c211ee659598d337d14a9006ff8fae06dcbc9ee6",
            "messageTitle": "Fix checkstyle errors",
            "messageBody": "",
            "fileTypesAndContributionMap": {
              "functional-code": {
                "insertions": 8,
                "deletions": 8
              }
            }
          }
        ]
      },
      {
        "date": "2020-10-06",
        "commitResults": [
          {
            "hash": "16277ceb6be93c3dfe37ee55522f8cdd9b23749f",
            "messageTitle": "Add necessary classes and packages",
            "messageBody": "",
            "fileTypesAndContributionMap": {
              "functional-code": {
                "insertions": 321,
                "deletions": 0
              }
            }
          },
          {
            "hash": "ce74fa79a62c89115e60407d66032fabe164fd68",
            "messageTitle": "Modify necessary classes",
            "messageBody": "",
            "fileTypesAndContributionMap": {
              "functional-code": {
                "insertions": 47,
                "deletions": 12
              }
            }
          },
          {
            "hash": "b7903420573a3b86cf5bf1e11ce3cf288550d226",
            "messageTitle": "Modify main class",
            "messageBody": "",
            "fileTypesAndContributionMap": {
              "functional-code": {
                "insertions": 51,
                "deletions": 14
              }
            }
          },
          {
            "hash": "b51caa28d9d64ff8fd99c8b0f26d0de78b52706d",
            "messageTitle": "Modify testing files to test output",
            "messageBody": "",
            "fileTypesAndContributionMap": {
              "other": {
                "insertions": 2,
                "deletions": 1
              }
            }
          },
          {
            "hash": "a0e6268fc1b19994440050a25535ef339fa5a6de",
            "messageTitle": "Improve code quality",
            "messageBody": "",
            "fileTypesAndContributionMap": {
              "functional-code": {
                "insertions": 16,
                "deletions": 16
              },
              "test-code": {
                "insertions": 2,
                "deletions": 2
              }
            }
          },
          {
            "hash": "0507751da226114f7ae78f0c153a434420871dc9",
            "messageTitle": "Fix checkstyle errors",
            "messageBody": "",
            "fileTypesAndContributionMap": {
              "functional-code": {
                "insertions": 4,
                "deletions": 2
              }
            }
          },
          {
            "hash": "c914bc0d2ed6f1d4d9c74b79446c00cab2d9d47d",
            "messageTitle": "Add some JUnit tests",
            "messageBody": "",
            "fileTypesAndContributionMap": {
              "test-code": {
                "insertions": 20,
                "deletions": 0
              }
            }
          }
        ]
      },
      {
        "date": "2020-10-09",
        "commitResults": [
          {
            "hash": "bd7c0bac308892700559f304a23ed6c41bab1ef9",
            "messageTitle": "Add JUnit test to Ui",
            "messageBody": "",
            "fileTypesAndContributionMap": {
              "test-code": {
                "insertions": 21,
                "deletions": 0
              }
            }
          },
          {
            "hash": "cb3783ba11cd6a61e2c18fe9963f2d55fcf9b20a",
            "messageTitle": "Change syntax to adhere to coding standard",
            "messageBody": "",
            "fileTypesAndContributionMap": {
              "test-code": {
                "insertions": 1,
                "deletions": 1
              }
            }
          }
        ]
      },
      {
        "date": "2020-10-10",
        "commitResults": [
          {
            "hash": "1b9ea653a951eef0d1feeef9b86ced392de4095b",
            "messageTitle": "Add more classes to Rex",
            "messageBody": "",
            "fileTypesAndContributionMap": {
              "functional-code": {
                "insertions": 247,
                "deletions": 10
              }
            }
          },
          {
            "hash": "84fd0cdec48c818a2e448deba355c9551f35fe0c",
            "messageTitle": "Improve code quality",
            "messageBody": "",
            "fileTypesAndContributionMap": {
              "functional-code": {
                "insertions": 9,
                "deletions": 9
              },
              "test-code": {
                "insertions": 1,
                "deletions": 1
              }
            }
          }
        ]
      },
      {
        "date": "2020-10-11",
        "commitResults": [
          {
            "hash": "a1c673367ca68aa9c9e2c259f5eb750ef0fca957",
            "messageTitle": "Add retrieve function to Rex",
            "messageBody": "",
            "fileTypesAndContributionMap": {
              "functional-code": {
                "insertions": 42,
                "deletions": 0
              }
            }
          },
          {
            "hash": "7fae2d130f9715ade48a6720b015370f708e12e6",
            "messageTitle": "Modify add command",
            "messageBody": "",
            "fileTypesAndContributionMap": {
              "functional-code": {
                "insertions": 89,
                "deletions": 43
              }
            }
          },
          {
            "hash": "8610fed7db3b2c611aa852d42a34a32b0e1837ef",
            "messageTitle": "Improve code quality",
            "messageBody": "",
            "fileTypesAndContributionMap": {
              "functional-code": {
                "insertions": 19,
                "deletions": 15
              }
            }
          },
          {
            "hash": "3a8be297d7ad2f26cc3440dc96e73acdeca15e7b",
            "messageTitle": "Move patient list related methods to PatientList class",
            "messageBody": "",
            "fileTypesAndContributionMap": {
              "functional-code": {
                "insertions": 3,
                "deletions": 31
              }
            }
          },
          {
            "hash": "4acf50e11f77eb0964c82a8d33dc47f46b7e64a8",
            "messageTitle": "Update JavaDocs",
            "messageBody": "",
            "fileTypesAndContributionMap": {
              "functional-code": {
                "insertions": 35,
                "deletions": 1
              }
            }
          },
          {
            "hash": "bce0713e6496b926c9e7025fe65622df49e98fc8",
            "messageTitle": "Update testing files to reflect new features",
            "messageBody": "",
            "fileTypesAndContributionMap": {
              "functional-code": {
                "insertions": 1,
                "deletions": 1
              },
              "other": {
                "insertions": 11,
                "deletions": 0
              },
              "test-code": {
                "insertions": 33,
                "deletions": 0
              }
            }
          },
          {
            "hash": "8835d0186639ae4a63f1b74fc7fa7ca1d205a11b",
            "messageTitle": "Update build.gradle to enable assertions",
            "messageBody": "",
            "fileTypesAndContributionMap": {
              "other": {
                "insertions": 1,
                "deletions": 0
              }
            }
          },
          {
            "hash": "baf83577c28633127ef18fad6f63b7cd7b5c5c48",
            "messageTitle": "Improve user guide",
            "messageBody": "",
            "fileTypesAndContributionMap": {
              "docs": {
                "insertions": 26,
                "deletions": 17
              }
            }
          },
          {
            "hash": "4a06f0a54f6a5533094c5fb00ca83065a1d21faf",
            "messageTitle": "Update developer guide",
            "messageBody": "",
            "fileTypesAndContributionMap": {
              "docs": {
                "insertions": 10,
                "deletions": 6
              }
            }
          }
        ]
      },
      {
        "date": "2020-10-12",
        "commitResults": [
          {
            "hash": "ea120a923a90bb24133a142453f1cad5c5607d2f",
            "messageTitle": "Add some assertions",
            "messageBody": "",
            "fileTypesAndContributionMap": {
              "functional-code": {
                "insertions": 23,
                "deletions": 0
              }
            }
          },
          {
            "hash": "f611779ad7615fb90d6eb4185fa3e9465cdaee1b",
            "messageTitle": "Improve assertions",
            "messageBody": "",
            "fileTypesAndContributionMap": {
              "functional-code": {
                "insertions": 14,
                "deletions": 14
              }
            }
          }
        ]
      },
      {
        "date": "2020-10-13",
        "commitResults": [
          {
            "hash": "a88c338b6e3be79c6f1f62c9d88cad70848dac0a",
            "messageTitle": "Add basic logging",
            "messageBody": "",
            "fileTypesAndContributionMap": {
              "functional-code": {
                "insertions": 8,
                "deletions": 0
              }
            }
          }
        ]
      },
      {
        "date": "2020-10-14",
        "commitResults": [
          {
            "hash": "7e0b86db92fe2a0d6b7c7839b23016f54fed3f45",
            "messageTitle": "Fix checkstyle errors",
            "messageBody": "",
            "fileTypesAndContributionMap": {
              "functional-code": {
                "insertions": 32,
                "deletions": 27
              }
            }
          },
          {
            "hash": "fb83b42a8bd98b717f35879fae6822ea3cadc7f2",
            "messageTitle": "Minor improvements to code",
            "messageBody": "",
            "fileTypesAndContributionMap": {
              "functional-code": {
                "insertions": 17,
                "deletions": 3
              }
            }
          },
          {
            "hash": "5bf78eabaf22be404dd9abb65842f368adbfce85",
            "messageTitle": "Add more minor improvements",
            "messageBody": "",
            "fileTypesAndContributionMap": {
              "functional-code": {
                "insertions": 21,
                "deletions": 23
              }
            }
          },
          {
            "hash": "dd42612c346a09f8e214a77a8c31fef6b65c87a8",
            "messageTitle": "Add logger",
            "messageBody": "",
            "fileTypesAndContributionMap": {
              "functional-code": {
                "insertions": 7,
                "deletions": 1
              }
            }
          },
          {
            "hash": "022587dced6f9c79077921abe463985c36fbcd41",
            "messageTitle": "Update docs",
            "messageBody": "",
            "fileTypesAndContributionMap": {
              "docs": {
                "insertions": 67,
                "deletions": 2
              }
            }
          },
          {
            "hash": "fced104217aa47425c9da1ad88e102a746080ed3",
            "messageTitle": "Improve command logic",
            "messageBody": "",
            "fileTypesAndContributionMap": {
              "functional-code": {
                "insertions": 57,
                "deletions": 28
              }
            }
          },
          {
            "hash": "ba3f5eb412ec96dcdc96a41cfe97917137560705",
            "messageTitle": "Improve JavaDocs",
            "messageBody": "",
            "fileTypesAndContributionMap": {
              "functional-code": {
                "insertions": 94,
                "deletions": 18
              }
            }
          },
          {
            "hash": "5dbb3ed3bebde0dc49166b3efbae377d2955aff7",
            "messageTitle": "Update testing code",
            "messageBody": "",
            "fileTypesAndContributionMap": {
              "other": {
                "insertions": 19,
                "deletions": 0
              }
            }
          },
          {
            "hash": "dc7270649549c8cb76b6c230cae1ddd0ecfb6854",
            "messageTitle": "Update README.md",
            "messageBody": "",
            "fileTypesAndContributionMap": {
              "docs": {
                "insertions": 14,
                "deletions": 12
              }
            }
          }
        ]
      }
    ],
    "kiathwe97": [
      {
        "date": "2020-10-01",
        "commitResults": [
          {
            "hash": "773d6f43571c3160e5ccc219c076d037e228ae5d",
            "messageTitle": "kiathwe-AboutUs",
            "messageBody": "",
            "fileTypesAndContributionMap": {
              "docs": {
                "insertions": 2,
                "deletions": 1
              }
            }
          }
        ]
      },
      {
        "date": "2020-10-14",
        "commitResults": [
          {
            "hash": "5f42b573d084fe710b9806a217299b3192f7928e",
            "messageTitle": "Add delete patient capability",
            "messageBody": "",
            "fileTypesAndContributionMap": {
              "functional-code": {
                "insertions": 73,
                "deletions": 7
              }
            }
          },
          {
            "hash": "e1897ca58b5990289930a6b91106ae92d9ff9ba2",
            "messageTitle": "Fixed CheckStyle issues",
            "messageBody": "",
            "fileTypesAndContributionMap": {
              "functional-code": {
                "insertions": 22,
                "deletions": 13
              }
            }
          }
        ]
      }
    ],
    "ychong032": [
      {
        "date": "2020-10-01",
        "commitResults": [
          {
            "hash": "9a6d00949d0df640e16ff2c8c024ccd118556e16",
            "messageTitle": "Add Yow Lim to AboutUs",
            "messageBody": "",
            "fileTypesAndContributionMap": {
              "docs": {
                "insertions": 1,
                "deletions": 1
              }
            }
          }
        ]
      },
      {
        "date": "2020-10-10",
        "commitResults": [
          {
            "hash": "20d5538f92562efb59fcb6409f384768fbd4d10e",
            "messageTitle": "Add ability to add new patients",
            "messageBody": "",
            "fileTypesAndContributionMap": {
              "functional-code": {
                "insertions": 198,
                "deletions": 18
              }
            }
          }
        ]
      },
      {
        "date": "2020-10-11",
        "commitResults": [
          {
            "hash": "a2b71a1b7bf466489974b1bdc5992e14a08c0696",
            "messageTitle": "Correct checkstyle errors",
            "messageBody": "",
            "fileTypesAndContributionMap": {
              "functional-code": {
                "insertions": 5,
                "deletions": 8
              }
            }
          },
          {
            "hash": "5ceee76c956180411d8996efe6d905911bd0e715",
            "messageTitle": "Revert greeting message",
            "messageBody": "",
            "fileTypesAndContributionMap": {
              "functional-code": {
                "insertions": 1,
                "deletions": 1
              }
            }
          }
        ]
      }
    ],
    "randynyl": [
      {
        "date": "2020-10-01",
        "commitResults": [
          {
            "hash": "6ec09fa6c1b4a9f0e95969c07a0a5fd50e0b438b",
            "messageTitle": "Edit AboutUs",
            "messageBody": "",
            "fileTypesAndContributionMap": {
              "docs": {
                "insertions": 1,
                "deletions": 1
              }
            }
          },
          {
            "hash": "0b8d195988efcb29c632d80fa3ef78d2b43931f5",
            "messageTitle": "Edit AboutUsUs",
            "messageBody": "",
            "fileTypesAndContributionMap": {
              "docs": {
                "insertions": 1,
                "deletions": 1
              }
            }
          }
        ]
      },
      {
        "date": "2020-10-14",
        "commitResults": [
          {
            "hash": "c7ee508922370e1f7ff46bcc495e9d7d93852326",
            "messageTitle": "Add create appointment function",
            "messageBody": "",
            "fileTypesAndContributionMap": {
              "functional-code": {
                "insertions": 178,
                "deletions": 9
              }
            }
          },
          {
            "hash": "31fda17b77cf07a92a7a066533aa9f2709aa824e",
            "messageTitle": "Add loading and storing of appointments",
            "messageBody": "",
            "fileTypesAndContributionMap": {
              "functional-code": {
                "insertions": 62,
                "deletions": 12
              }
            }
          },
          {
            "hash": "76d29b85e66f556a00bc7477495a031462cbb6f8",
            "messageTitle": "Add book functionality",
            "messageBody": "",
            "fileTypesAndContributionMap": {
              "functional-code": {
                "insertions": 58,
                "deletions": 3
              }
            }
          }
        ]
      }
    ],
    "GoldenCorgi": [
      {
        "date": "2020-10-03",
        "commitResults": [
          {
            "hash": "f40639cf87c838e17f31f560f6d8a98e4ad7e4e2",
            "messageTitle": "Add Liew You Sheng to AboutUs",
            "messageBody": "",
            "fileTypesAndContributionMap": {
              "docs": {
                "insertions": 1,
                "deletions": 1
              }
            }
          }
        ]
      },
      {
        "date": "2020-10-14",
        "commitResults": [
          {
            "hash": "a7a9fbef3839cecdce9c97eaba6c0caf9856f7b9",
            "messageTitle": "added ability to edit patient details",
            "messageBody": "",
            "fileTypesAndContributionMap": {
              "functional-code": {
                "insertions": 76,
                "deletions": 6
              }
            }
          },
          {
            "hash": "0217d8e7efc739efc14d7f1181d4ab61b4b6b4db",
            "messageTitle": "fixed checkstyle for editpatient functions",
            "messageBody": "",
            "fileTypesAndContributionMap": {
              "functional-code": {
                "insertions": 9,
                "deletions": 3
              }
            }
          }
        ]
      }
    ]
  },
  "authorFileTypeContributionMap": {
    "TanJunHong": {
      "docs": 114,
      "functional-code": 978,
      "test-code": 78,
      "other": 34
    },
    "kiathwe97": {
      "docs": 2,
      "functional-code": 80,
      "test-code": 0
    },
    "ychong032": {
      "docs": 1,
      "functional-code": 144,
      "test-code": 0
    },
    "randynyl": {
      "docs": 1,
      "functional-code": 243,
      "test-code": 0
    },
    "GoldenCorgi": {
      "docs": 1,
      "functional-code": 70,
      "test-code": 0
    }
  },
  "authorContributionVariance": {
    "TanJunHong": 28524.877,
    "kiathwe97": 692.2469,
    "ychong032": 2437.1636,
    "randynyl": 5433.0986,
    "GoldenCorgi": 462.66666
  },
  "authorDisplayNameMap": {
    "TanJunHong": "CS2113-T16-4 TAN ..HONG",
    "kiathwe97": "CS2113-T16-4 TAN .. HWE",
    "ychong032": "CS2113-T16-4 CHON.. LIM",
    "randynyl": "CS2113-T16-4 NG Y..ANDY",
    "GoldenCorgi": "CS2113-T16-4 LIEW..HENG"
  }
}
