{
  "authorDailyContributionsMap": {
    "TanJunHong": [
      {
        "date": "2020-10-01",
        "commitResults": [
          {
            "hash": "38c2c160476e7a27e62c5621038082af3f4a08df",
            "messageTitle": "Change John Doe to my name",
            "messageBody": "",
            "fileTypesAndContributionMap": {
              "docs": {
                "insertions": 1,
                "deletions": 1
              }
            }
          }
        ]
      },
      {
        "date": "2020-10-05",
        "commitResults": [
          {
            "hash": "45042917888bf61b0a1c3fb35e60302586fb0e7f",
            "messageTitle": "Rename project and testing files to Rex",
            "messageBody": "",
            "fileTypesAndContributionMap": {
              "functional-code": {
                "insertions": 24,
                "deletions": 21
              },
              "other": {
                "insertions": 4,
                "deletions": 4
              },
              "docs": {
                "insertions": 17,
                "deletions": 15
              }
            }
          },
          {
            "hash": "c211ee659598d337d14a9006ff8fae06dcbc9ee6",
            "messageTitle": "Fix checkstyle errors",
            "messageBody": "",
            "fileTypesAndContributionMap": {
              "functional-code": {
                "insertions": 8,
                "deletions": 8
              }
            }
          }
        ]
      },
      {
        "date": "2020-10-06",
        "commitResults": [
          {
            "hash": "16277ceb6be93c3dfe37ee55522f8cdd9b23749f",
            "messageTitle": "Add necessary classes and packages",
            "messageBody": "",
            "fileTypesAndContributionMap": {
              "functional-code": {
                "insertions": 321,
                "deletions": 0
              }
            }
          },
          {
            "hash": "ce74fa79a62c89115e60407d66032fabe164fd68",
            "messageTitle": "Modify necessary classes",
            "messageBody": "",
            "fileTypesAndContributionMap": {
              "functional-code": {
                "insertions": 47,
                "deletions": 12
              }
            }
          },
          {
            "hash": "b7903420573a3b86cf5bf1e11ce3cf288550d226",
            "messageTitle": "Modify main class",
            "messageBody": "",
            "fileTypesAndContributionMap": {
              "functional-code": {
                "insertions": 51,
                "deletions": 14
              }
            }
          },
          {
            "hash": "b51caa28d9d64ff8fd99c8b0f26d0de78b52706d",
            "messageTitle": "Modify testing files to test output",
            "messageBody": "",
            "fileTypesAndContributionMap": {
              "other": {
                "insertions": 2,
                "deletions": 1
              }
            }
          },
          {
            "hash": "a0e6268fc1b19994440050a25535ef339fa5a6de",
            "messageTitle": "Improve code quality",
            "messageBody": "",
            "fileTypesAndContributionMap": {
              "functional-code": {
                "insertions": 16,
                "deletions": 16
              },
              "test-code": {
                "insertions": 2,
                "deletions": 2
              }
            }
          },
          {
            "hash": "0507751da226114f7ae78f0c153a434420871dc9",
            "messageTitle": "Fix checkstyle errors",
            "messageBody": "",
            "fileTypesAndContributionMap": {
              "functional-code": {
                "insertions": 4,
                "deletions": 2
              }
            }
          },
          {
            "hash": "c914bc0d2ed6f1d4d9c74b79446c00cab2d9d47d",
            "messageTitle": "Add some JUnit tests",
            "messageBody": "",
            "fileTypesAndContributionMap": {
              "test-code": {
                "insertions": 20,
                "deletions": 0
              }
            }
          }
        ]
      },
      {
        "date": "2020-10-09",
        "commitResults": [
          {
            "hash": "bd7c0bac308892700559f304a23ed6c41bab1ef9",
            "messageTitle": "Add JUnit test to Ui",
            "messageBody": "",
            "fileTypesAndContributionMap": {
              "test-code": {
                "insertions": 21,
                "deletions": 0
              }
            }
          },
          {
            "hash": "cb3783ba11cd6a61e2c18fe9963f2d55fcf9b20a",
            "messageTitle": "Change syntax to adhere to coding standard",
            "messageBody": "",
            "fileTypesAndContributionMap": {
              "test-code": {
                "insertions": 1,
                "deletions": 1
              }
            }
          }
        ]
      },
      {
        "date": "2020-10-10",
        "commitResults": [
          {
            "hash": "1b9ea653a951eef0d1feeef9b86ced392de4095b",
            "messageTitle": "Add more classes to Rex",
            "messageBody": "",
            "fileTypesAndContributionMap": {
              "functional-code": {
                "insertions": 247,
                "deletions": 10
              }
            }
          },
          {
            "hash": "84fd0cdec48c818a2e448deba355c9551f35fe0c",
            "messageTitle": "Improve code quality",
            "messageBody": "",
            "fileTypesAndContributionMap": {
              "functional-code": {
                "insertions": 9,
                "deletions": 9
              },
              "test-code": {
                "insertions": 1,
                "deletions": 1
              }
            }
          }
        ]
      }
    ],
    "kiathwe97": [
      {
        "date": "2020-10-01",
        "commitResults": [
          {
            "hash": "773d6f43571c3160e5ccc219c076d037e228ae5d",
            "messageTitle": "kiathwe-AboutUs",
            "messageBody": "",
            "fileTypesAndContributionMap": {
              "docs": {
                "insertions": 2,
                "deletions": 1
              }
            }
          }
        ]
      }
    ],
    "ychong032": [
      {
        "date": "2020-10-01",
        "commitResults": [
          {
            "hash": "9a6d00949d0df640e16ff2c8c024ccd118556e16",
            "messageTitle": "Add Yow Lim to AboutUs",
            "messageBody": "",
            "fileTypesAndContributionMap": {
              "docs": {
                "insertions": 1,
                "deletions": 1
              }
            }
          }
        ]
      },
      {
        "date": "2020-10-10",
        "commitResults": [
          {
            "hash": "20d5538f92562efb59fcb6409f384768fbd4d10e",
            "messageTitle": "Add ability to add new patients",
            "messageBody": "",
            "fileTypesAndContributionMap": {
              "functional-code": {
                "insertions": 198,
                "deletions": 18
              }
            }
          }
        ]
      },
      {
        "date": "2020-10-11",
        "commitResults": [
          {
            "hash": "a2b71a1b7bf466489974b1bdc5992e14a08c0696",
            "messageTitle": "Correct checkstyle errors",
            "messageBody": "",
            "fileTypesAndContributionMap": {
              "functional-code": {
                "insertions": 5,
                "deletions": 8
              }
            }
          },
          {
            "hash": "5ceee76c956180411d8996efe6d905911bd0e715",
            "messageTitle": "Revert greeting message",
            "messageBody": "",
            "fileTypesAndContributionMap": {
              "functional-code": {
                "insertions": 1,
                "deletions": 1
              }
            }
          }
        ]
      }
    ],
    "randynyl": [
      {
        "date": "2020-10-01",
        "commitResults": [
          {
            "hash": "6ec09fa6c1b4a9f0e95969c07a0a5fd50e0b438b",
            "messageTitle": "Edit AboutUs",
            "messageBody": "",
            "fileTypesAndContributionMap": {
              "docs": {
                "insertions": 1,
                "deletions": 1
              }
            }
          },
          {
            "hash": "0b8d195988efcb29c632d80fa3ef78d2b43931f5",
            "messageTitle": "Edit AboutUsUs",
            "messageBody": "",
            "fileTypesAndContributionMap": {
              "docs": {
                "insertions": 1,
                "deletions": 1
              }
            }
          }
        ]
      }
    ],
    "GoldenCorgi": [
      {
        "date": "2020-10-03",
        "commitResults": [
          {
            "hash": "f40639cf87c838e17f31f560f6d8a98e4ad7e4e2",
            "messageTitle": "Add Liew You Sheng to AboutUs",
            "messageBody": "",
            "fileTypesAndContributionMap": {
              "docs": {
                "insertions": 1,
                "deletions": 1
              }
            }
          }
        ]
      }
    ]
  },
  "authorFileTypeContributionMap": {
    "TanJunHong": {
      "docs": 18,
      "functional-code": 638,
      "test-code": 45,
      "other": 3
    },
    "kiathwe97": {
      "docs": 2,
      "functional-code": 0,
      "test-code": 0
    },
    "ychong032": {
      "docs": 1,
      "functional-code": 195,
      "test-code": 0
    },
    "randynyl": {
      "docs": 1,
      "functional-code": 0,
      "test-code": 0
    },
    "GoldenCorgi": {
      "docs": 1,
      "functional-code": 0,
      "test-code": 0
    }
  },
  "authorContributionVariance": {
    "TanJunHong": 19466.115,
    "kiathwe97": 0.56,
    "ychong032": 2884.382,
    "randynyl": 0.9955553,
    "GoldenCorgi": 0.24888884
  },
  "authorDisplayNameMap": {
    "TanJunHong": "CS2113-T16-4 TAN ..HONG",
    "kiathwe97": "CS2113-T16-4 TAN .. HWE",
    "ychong032": "CS2113-T16-4 CHON.. LIM",
    "randynyl": "CS2113-T16-4 NG Y..ANDY",
    "GoldenCorgi": "CS2113-T16-4 LIEW..HENG"
  }
}
