{"authorDailyContributionsMap":{"LIU-YiFeng-1":[{"date":"2020-10-05","commitResults":[{"hash":"9d25a142e6276cae327e3e99f51a485ac61399fe","messageTitle":"Added new command class-\"print event\" which prints all event type of tasks, such as lecture, lab, tut and events. Added property \"taskType\" to all task classes for the easy recognition of different type of tasks.","messageBody":"","fileTypesAndContributionMap":{"functional-code":{"insertions":88,"deletions":11},"other":{"insertions":8,"deletions":2}}},{"hash":"3b49e7e2106289389261f5adb0e9ce53c964488a","messageTitle":"Fix on import*","messageBody":"","fileTypesAndContributionMap":{"functional-code":{"insertions":8,"deletions":1}}},{"hash":"8d1046d24a0b8d018c32862c1da96d04ccdb7a2c","messageTitle":"Fix checkstyle error","messageBody":"","fileTypesAndContributionMap":{"functional-code":{"insertions":3,"deletions":2}}}]},{"date":"2020-10-10","commitResults":[{"hash":"f6062cdc269e64a9bc07c091bba46f0b8af839d5","messageTitle":"update on PrintEventsCommand and updated comments; updated the width of DUKE CHAT BOX","messageBody":"","fileTypesAndContributionMap":{"functional-code":{"insertions":13,"deletions":12},"other":{"insertions":6,"deletions":1}}},{"hash":"c962b686d2d8ca35520d04bc943ca6f6bd7453f4","messageTitle":"Fix checkstyle","messageBody":"","fileTypesAndContributionMap":{"functional-code":{"insertions":1,"deletions":1}}},{"hash":"73a7c6c5f995e45b366e8143b8d24d0cbcfc3802","messageTitle":"Revert \"Update PrintEventsCommand \"","messageBody":"","fileTypesAndContributionMap":{"functional-code":{"insertions":12,"deletions":13},"other":{"insertions":1,"deletions":6}}},{"hash":"99bdfc5ac60674b7660f37f2558b5fd1a534251e","messageTitle":"Fix PrintEventsCommand and checkstyle","messageBody":"","fileTypesAndContributionMap":{"functional-code":{"insertions":8,"deletions":6},"other":{"insertions":5,"deletions":1}}},{"hash":"5eabc8a3c2f212bb93166c2d686d0d5662fb1703","messageTitle":"Update Duke Chat Box width","messageBody":"","fileTypesAndContributionMap":{"functional-code":{"insertions":2,"deletions":2}}},{"hash":"35f890bf83ef3a41ffb4c2c7cfc44ef88d6b8f97","messageTitle":"Update welcome logo; but commented out for now! (To enable Github checks)","messageBody":"","fileTypesAndContributionMap":{"functional-code":{"insertions":21,"deletions":11}}},{"hash":"251a73328e1f04520330db6ef52b41f45401f8ff","messageTitle":"Fix checkstyle","messageBody":"","fileTypesAndContributionMap":{"functional-code":{"insertions":3,"deletions":0}}}]},{"date":"2020-10-11","commitResults":[{"hash":"6862627cd911f3118788d7d559313c7b1baef41c","messageTitle":"update on text-ui-test","messageBody":"","fileTypesAndContributionMap":{"other":{"insertions":1,"deletions":0}}},{"hash":"e2d034587bbaf213308805f7e22f4389d0504564","messageTitle":"Update some formatting","messageBody":"","fileTypesAndContributionMap":{"functional-code":{"insertions":10,"deletions":5}}},{"hash":"a26a69be2bc5aff646d61d48580170498d04eed5","messageTitle":"fix typo","messageBody":"","fileTypesAndContributionMap":{"functional-code":{"insertions":4,"deletions":4},"other":{"insertions":5,"deletions":0}}},{"hash":"b493ce106278ae8256eb70cadfa51b1f040d8213","messageTitle":"Trying Junit testing","messageBody":"","fileTypesAndContributionMap":{"other":{"insertions":1,"deletions":0},"test-code":{"insertions":42,"deletions":0}}},{"hash":"c178dbea1c4ce0c2fbfa276e05d3b3e1ed4a078d","messageTitle":"data/tasks.txt update","messageBody":"","fileTypesAndContributionMap":{"other":{"insertions":1,"deletions":0}}}]},{"date":"2020-10-12","commitResults":[{"hash":"175af27c41d69888f9780e52185139d97dcaaf9c","messageTitle":"update on print tasks","messageBody":"","fileTypesAndContributionMap":{"functional-code":{"insertions":14,"deletions":10},"other":{"insertions":11,"deletions":3}}},{"hash":"4059c8e066e2fb2c7c65414f287db7c6bb664f46","messageTitle":"fix checks","messageBody":"","fileTypesAndContributionMap":{"test-code":{"insertions":44,"deletions":42}}}]},{"date":"2020-10-13","commitResults":[{"hash":"095efeaf4a28e7d6fdd177077ac75b921b8f8597","messageTitle":"fix input format for activity","messageBody":"","fileTypesAndContributionMap":{"functional-code":{"insertions":13,"deletions":13},"other":{"insertions":6,"deletions":0}}},{"hash":"f6bb8cd8112270d33ab4758bb577822054d4b9f2","messageTitle":"shorten user input format","messageBody":"","fileTypesAndContributionMap":{"functional-code":{"insertions":12,"deletions":13},"other":{"insertions":7,"deletions":6}}}]},{"date":"2020-10-14","commitResults":[{"hash":"5a4198a4da771b5a8f463279734810c4108db3ea","messageTitle":"add UI message when there is no tasks found","messageBody":"","fileTypesAndContributionMap":{"functional-code":{"insertions":3,"deletions":0}}},{"hash":"0846c395904a92461ad23468ebdc4a54c500e984","messageTitle":"update on deadline output format","messageBody":"","fileTypesAndContributionMap":{"functional-code":{"insertions":1,"deletions":1},"other":{"insertions":5,"deletions":0}}}]},{"date":"2020-10-15","commitResults":[{"hash":"520d6bef5e82456ff174fc886e7d7656707bbf6a","messageTitle":"trying to build jar","messageBody":"","fileTypesAndContributionMap":{"other":{"insertions":1,"deletions":0}}}]},{"date":"2020-10-16","commitResults":[{"hash":"1d7d150ec1e60729dad4ab3e065f4cb648f25d8f","messageTitle":"change the addMessage for recurring events","messageBody":"","fileTypesAndContributionMap":{"functional-code":{"insertions":13,"deletions":2},"other":{"insertions":7,"deletions":18}}},{"hash":"1a2e2a6c0f03ee9030c202f0515718a957fbc136","messageTitle":"add new abstract method getRecurringDescription","messageBody":"","fileTypesAndContributionMap":{"functional-code":{"insertions":7,"deletions":0}}},{"hash":"eba865cfaeb5bdb59330c76a2f4ace6f7cdb6a2e","messageTitle":"update user input parser logic in the AddCommand class to fit for recurring events such as lect, lab and tut","messageBody":"","fileTypesAndContributionMap":{"functional-code":{"insertions":90,"deletions":7},"other":{"insertions":3,"deletions":3}}},{"hash":"fcb9cd1bc08ea46f5ac2f3cfe55e2533a409060d","messageTitle":"update text-ui-test","messageBody":"","fileTypesAndContributionMap":{"other":{"insertions":10,"deletions":0}}}]},{"date":"2020-10-21","commitResults":[{"hash":"6b4bc1ef8402c683780f0f0ce99bfb60f03e40c5","messageTitle":"update readme.md in docs","messageBody":"","fileTypesAndContributionMap":{"docs":{"insertions":45,"deletions":8}}},{"hash":"9ca38ea824f74c632ee47d7eb8cc0498f33289c7","messageTitle":"update user guide","messageBody":"","fileTypesAndContributionMap":{"docs":{"insertions":444,"deletions":20}}},{"hash":"c7fe9aaae0431c2aa67c8e49623051ce90de57dc","messageTitle":"update user guide","messageBody":"","fileTypesAndContributionMap":{"docs":{"insertions":15,"deletions":15}}},{"hash":"d7a1375027e2583e761f1974ef277f775752e43c","messageTitle":"Update README.md","messageBody":"","fileTypesAndContributionMap":{"docs":{"insertions":1,"deletions":1}}}]},{"date":"2020-10-22","commitResults":[{"hash":"74e016200e25b3b70c5df12d000178317bd57292","messageTitle":"update UG format","messageBody":"","fileTypesAndContributionMap":{"docs":{"insertions":16,"deletions":16}}},{"hash":"2e8d67579ed4419d848010d39fde0c0a4e601b40","messageTitle":"fix merge conflict","messageBody":"","fileTypesAndContributionMap":{"functional-code":{"insertions":24,"deletions":9},"other":{"insertions":3,"deletions":0},"docs":{"insertions":183,"deletions":4}}},{"hash":"341a6bc5be08ff35f740c45084bf96092eb39561","messageTitle":"update data/tasks.txt","messageBody":"","fileTypesAndContributionMap":{"other":{"insertions":12,"deletions":0}}},{"hash":"8766b732831381311aa8f361b72a312187a2e415","messageTitle":"update welcome logo and chat box","messageBody":"","fileTypesAndContributionMap":{"functional-code":{"insertions":20,"deletions":33}}},{"hash":"c20fb7234e0a41d709a6c4260a579b16043d2470","messageTitle":"fix checkstyle","messageBody":"","fileTypesAndContributionMap":{"functional-code":{"insertions":2,"deletions":2}}},{"hash":"96804266dfd3d5b395c00f78faa1aab3bec73271","messageTitle":"remove data from tasks.txt","messageBody":"","fileTypesAndContributionMap":{"other":{"insertions":0,"deletions":12}}},{"hash":"6d2272bac37d8c226b5fad404d4edf85ca4fcff7","messageTitle":"add more assertion","messageBody":"","fileTypesAndContributionMap":{"functional-code":{"insertions":8,"deletions":2}}},{"hash":"cf80f4f40b1bc46e46e20a7131fdef38a6062f12","messageTitle":"Junit Testing","messageBody":"","fileTypesAndContributionMap":{"test-code":{"insertions":62,"deletions":0}}},{"hash":"673b1723055ef29255cfee8fb1197c22849e7c77","messageTitle":"update test","messageBody":"","fileTypesAndContributionMap":{"test-code":{"insertions":0,"deletions":44}}}]},{"date":"2020-10-23","commitResults":[{"hash":"5b17e6f4a421a9b63044e77c28db039da76cbb69","messageTitle":"Adding JSON file from NUSMOD API","messageBody":"","fileTypesAndContributionMap":{"functional-code":{"insertions":2,"deletions":0},"other":{"insertions":1,"deletions":0}}}]},{"date":"2020-10-24","commitResults":[{"hash":"bb7e0a032880b9ff1c7b2c08109a0ef27ac7db4d","messageTitle":"update logo and testing url json","messageBody":"","fileTypesAndContributionMap":{"functional-code":{"insertions":63,"deletions":17},"other":{"insertions":2,"deletions":0}}},{"hash":"e1c054658eb732a7ae3515479bda5ccb6a847dc1","messageTitle":"update ModuleChecker class with a testing in the Duke.java","messageBody":"","fileTypesAndContributionMap":{"functional-code":{"insertions":94,"deletions":43},"other":{"insertions":16,"deletions":13}}},{"hash":"0b3c83162e6d88396215e554ef0c0e8641f7e1f8","messageTitle":"enabled ModuleChcker in addExam","messageBody":"","fileTypesAndContributionMap":{"functional-code":{"insertions":19,"deletions":31},"other":{"insertions":0,"deletions":34}}},{"hash":"6cd34198a9847d8db2920b0053adac67379d0787","messageTitle":"move the content of input.txt to the input_reference.txt","messageBody":"","fileTypesAndContributionMap":{"other":{"insertions":19,"deletions":0}}}]},{"date":"2020-10-25","commitResults":[{"hash":"ae45f9a2e5759bc8971e51a52c5adeb95575b598","messageTitle":"Enhanced module checker","messageBody":"","fileTypesAndContributionMap":{"functional-code":{"insertions":169,"deletions":83},"other":{"insertions":7,"deletions":1},"docs":{"insertions":6,"deletions":0}}},{"hash":"2e8f0b617e05468c8147523cff7fe31305e5d2e7","messageTitle":"add module checker to lect lab and tutorial. Fixed exception, able to throw the correct exception","messageBody":"","fileTypesAndContributionMap":{"functional-code":{"insertions":48,"deletions":33},"other":{"insertions":3,"deletions":1}}}]},{"date":"2020-10-27","commitResults":[{"hash":"3569c788436222323f526e30994b5ec0d7ae13ca","messageTitle":"update on minor output format for deadline and invalid module code exception","messageBody":"","fileTypesAndContributionMap":{"functional-code":{"insertions":4,"deletions":2},"other":{"insertions":10,"deletions":7}}},{"hash":"773e802daf701f43feaf752363ebd4c6e47cc869","messageTitle":"update on DG and markdown emoji plug in","messageBody":"","fileTypesAndContributionMap":{"docs":{"insertions":26,"deletions":1}}},{"hash":"99eea6fe28987888469387e9d3c96e6c72a15139","messageTitle":"DG for setting up","messageBody":"","fileTypesAndContributionMap":{"docs":{"insertions":21,"deletions":2}}},{"hash":"b2fd77c706156d59528ea995f1228b71777a727e","messageTitle":"update on DevOps and Product Scope","messageBody":"","fileTypesAndContributionMap":{"docs":{"insertions":15,"deletions":3}}}]},{"date":"2020-10-28","commitResults":[{"hash":"1f678c5078483a6a43dd50e7ea0ee5213b3f0e1b","messageTitle":"update DG for print tasks and print events","messageBody":"","fileTypesAndContributionMap":{"docs":{"insertions":21,"deletions":1}}},{"hash":"4d193dee25ddefee41ccd26a336612dad5ad7715","messageTitle":"update DG on Scope","messageBody":"","fileTypesAndContributionMap":{"docs":{"insertions":1,"deletions":0}}},{"hash":"19cf68773febc2e4d5648595f9f29ecfffe14977","messageTitle":"UG update","messageBody":"","fileTypesAndContributionMap":{"docs":{"insertions":44,"deletions":32}}},{"hash":"33a419ad6bd9d77e9a199df1f84fe71801cf3635","messageTitle":"update UG","messageBody":"","fileTypesAndContributionMap":{"docs":{"insertions":11,"deletions":11}}},{"hash":"0dd15bb6143bd0835a7221169aeb4673142749a1","messageTitle":"update UG with photos","messageBody":"","fileTypesAndContributionMap":{"other":{"insertions":2,"deletions":2},"docs":{"insertions":68,"deletions":22}}}]},{"date":"2020-10-29","commitResults":[{"hash":"85401103de31ea75a2f45f4ab481a3f036955540","messageTitle":"update on NFR","messageBody":"","fileTypesAndContributionMap":{"docs":{"insertions":8,"deletions":1}}},{"hash":"d3ad9cbad04fc41dac1550a4b148f442399e9c30","messageTitle":"Update DG on ModuleChecker and DevOps","messageBody":"","fileTypesAndContributionMap":{"docs":{"insertions":48,"deletions":2}}},{"hash":"d13909e05f560a849b8e70ef1eb612ed31fab66a","messageTitle":"update DG","messageBody":"","fileTypesAndContributionMap":{"docs":{"insertions":2,"deletions":2}}}]},{"date":"2020-10-31","commitResults":[{"hash":"1d132ddc5712d66193b67019a0a2cef7bc3c6ada","messageTitle":"fix Bug in TOC","messageBody":"","fileTypesAndContributionMap":{"docs":{"insertions":1,"deletions":1}}},{"hash":"9f15195010e60c6d2c9e4f5b87e2438a402633b6","messageTitle":"fixing TOC bug in UG","messageBody":"","fileTypesAndContributionMap":{"docs":{"insertions":1,"deletions":1}}},{"hash":"cf12608d68dd09108364fb27851ab422e83622da","messageTitle":"fix Bug in TOC link","messageBody":"","fileTypesAndContributionMap":{"docs":{"insertions":61,"deletions":61}}},{"hash":"e5b441489c39bfb6292b8371eb30fe636a1171b1","messageTitle":"Standardizing TOC naming","messageBody":"","fileTypesAndContributionMap":{"docs":{"insertions":36,"deletions":36}}},{"hash":"5da08042a0baf2b385fad1cd8ab4fb544c4adb24","messageTitle":"fix bug on wrong input example for Lab","messageBody":"","fileTypesAndContributionMap":{"docs":{"insertions":1,"deletions":1}}},{"hash":"67269e30acc8dbe143d8ec3ce83e62f28e015531","messageTitle":"update UG to correct invalid module code","messageBody":"","fileTypesAndContributionMap":{"other":{"insertions":5,"deletions":0},"docs":{"insertions":4,"deletions":4}}},{"hash":"f10b7514dddd22736f3a0e7d19450701073d5810","messageTitle":"update a reminder in UG: Note: The above figure is for illustration purpose only. The desired output will differ if you have different items stored in the calendar list.","messageBody":"","fileTypesAndContributionMap":{"other":{"insertions":0,"deletions":15},"docs":{"insertions":25,"deletions":0}}},{"hash":"e4663ddd8055b20c7a8857753f58be73dc03a23e","messageTitle":"Add notes on school events Note: Only valid modules provided by NUS are allowed to be added!","messageBody":"","fileTypesAndContributionMap":{"docs":{"insertions":6,"deletions":2}}},{"hash":"384fd5252cedd8930e609f694440cd1e1cb21cea","messageTitle":"update typo in UG","messageBody":"","fileTypesAndContributionMap":{"docs":{"insertions":1,"deletions":1}}},{"hash":"f51677f27d0e7bd9b29a7d76c2e9383eb18cedf2","messageTitle":"reordered content. Warning for done comes after events are introduced.","messageBody":"","fileTypesAndContributionMap":{"docs":{"insertions":19,"deletions":19}}},{"hash":"26c84e2279062d6aab991c7bfc7338b054065013","messageTitle":"update typo in UG","messageBody":"","fileTypesAndContributionMap":{"docs":{"insertions":1,"deletions":1}}}]},{"date":"2020-11-05","commitResults":[{"hash":"5b3e53b315d1c599fdc0edcffe0c1c4a57128b53","messageTitle":"update deadline to handle deadline task with a deadline that is already passed","messageBody":"","fileTypesAndContributionMap":{"functional-code":{"insertions":7,"deletions":0}}},{"hash":"a9816a8f12cb15f9983af6bb6a80b9d832e3cc8e","messageTitle":"update deadline due_date checker","messageBody":"","fileTypesAndContributionMap":{"functional-code":{"insertions":9,"deletions":4}}},{"hash":"4ad5e2b9f83e468768dcdd8b0fc0bc69b7699c9a","messageTitle":"update deadline due_date checker","messageBody":"","fileTypesAndContributionMap":{"functional-code":{"insertions":1,"deletions":6}}},{"hash":"92c42a00b9af28338e4efb42b444e49e801fb51c","messageTitle":"fix check style","messageBody":"","fileTypesAndContributionMap":{"functional-code":{"insertions":3,"deletions":2}}},{"hash":"88126598eb8a0ea0324cc0011c589e325a0e1b21","messageTitle":"fix invalid recurring number","messageBody":"","fileTypesAndContributionMap":{"functional-code":{"insertions":6,"deletions":0}}},{"hash":"e032a946a8ac27ee89ff9fb1245c1846e37bbdab","messageTitle":"update checks on invalide recurring number","messageBody":"","fileTypesAndContributionMap":{"functional-code":{"insertions":6,"deletions":6}}},{"hash":"a60dba2073fd2110a831b3514cb85ffd2ff51405","messageTitle":"fix check style","messageBody":"","fileTypesAndContributionMap":{"functional-code":{"insertions":2,"deletions":2}}},{"hash":"9e13033b4aae3069a03b96053d94d81288b38895","messageTitle":"update on message for invalid recurring number","messageBody":"","fileTypesAndContributionMap":{"functional-code":{"insertions":3,"deletions":3}}},{"hash":"7fafd7d32932dbbfd71aec0b7d8ccc6d71eced06","messageTitle":"fix check style","messageBody":"","fileTypesAndContributionMap":{"functional-code":{"insertions":2,"deletions":1}}}]},{"date":"2020-11-06","commitResults":[{"hash":"1f20f1497d0c3608ecd87fd5b6fe497512bca1ed","messageTitle":"not so working no http handler. still fixing","messageBody":"","fileTypesAndContributionMap":{"functional-code":{"insertions":73,"deletions":44},"other":{"insertions":3,"deletions":1}}},{"hash":"b10ab48ae4b31f0509d728e1e1a8226660d6b558","messageTitle":"Fix BUG on recurring number","messageBody":"","fileTypesAndContributionMap":{"functional-code":{"insertions":6,"deletions":6},"other":{"insertions":0,"deletions":3}}},{"hash":"305f1f9d0c3d2453e864d9acb9f2104868274766","messageTitle":"Add back-up plan for module checker when there is not internet","messageBody":"","fileTypesAndContributionMap":{"functional-code":{"insertions":18,"deletions":2}}},{"hash":"06e589e88a5c2f72174667fe8d52747262a83dd5","messageTitle":"re-arrange imports","messageBody":"","fileTypesAndContributionMap":{"functional-code":{"insertions":10,"deletions":2}}},{"hash":"571074dfed24ada6a9cedc8354f114dff8c9b069","messageTitle":"fix checkstyle","messageBody":"","fileTypesAndContributionMap":{"functional-code":{"insertions":1,"deletions":1}}},{"hash":"f1ad565ff648d245632d588cbef7258518769c26","messageTitle":"PPP draft","messageBody":"","fileTypesAndContributionMap":{"docs":{"insertions":28,"deletions":0}}},{"hash":"e080727aa16377a562f46d57cd40b2aa2cd42aaa","messageTitle":"update UG_remind user to download JSON data file","messageBody":"","fileTypesAndContributionMap":{"docs":{"insertions":3,"deletions":3}}},{"hash":"3ea9a981e53cee177fba23f5b780626aad84ce06","messageTitle":"update UG with regards to the recurring value","messageBody":"","fileTypesAndContributionMap":{"functional-code":{"insertions":1,"deletions":1},"docs":{"insertions":12,"deletions":3}}},{"hash":"65b7bf1b24bb97d4d173af090b514f392f8fc795","messageTitle":"add reminder in UG","messageBody":"","fileTypesAndContributionMap":{"docs":{"insertions":1,"deletions":0}}}]},{"date":"2020-11-08","commitResults":[{"hash":"fff5c0cc2a94f40ed642e4fe387880691f829e27","messageTitle":"update expected output for deadline in UG_to differentiate passed deadline and propoer deadline","messageBody":"","fileTypesAndContributionMap":{"other":{"insertions":2,"deletions":0},"docs":{"insertions":13,"deletions":5}}},{"hash":"1fc90c545970396f84be2884970969aa53b3ac1a","messageTitle":"fix bug in Module_Checker","messageBody":"","fileTypesAndContributionMap":{"functional-code":{"insertions":15,"deletions":1}}},{"hash":"e7e1109d66c7ae6bc4166b6261e45c763511fa0b","messageTitle":"update UG with expected output","messageBody":"","fileTypesAndContributionMap":{"functional-code":{"insertions":1,"deletions":1},"other":{"insertions":59,"deletions":3},"docs":{"insertions":85,"deletions":24}}},{"hash":"5b9e22edde87e02248a42512f413a63becb1445f","messageTitle":"fix conflict","messageBody":"","fileTypesAndContributionMap":{"other":{"insertions":0,"deletions":60}}},{"hash":"59490a7ef88fc64b9d1f06079b65405fda531b3a","messageTitle":"update diagrams","messageBody":"","fileTypesAndContributionMap":{"docs":{"insertions":1,"deletions":1}}},{"hash":"e3f10b29f282d9e5e4dcd6ea268d0520a79bd760","messageTitle":"fix pull conflict","messageBody":"","fileTypesAndContributionMap":{"functional-code":{"insertions":4,"deletions":4},"docs":{"insertions":3,"deletions":0}}},{"hash":"cc990a48ceac393e87b139537501ef3b7ab9e987","messageTitle":"fix conflict","messageBody":"","fileTypesAndContributionMap":{"other":{"insertions":0,"deletions":1}}},{"hash":"242cba3a6d373f63d522d2087b5d2d697d8e37fd","messageTitle":"update link","messageBody":"","fileTypesAndContributionMap":{"docs":{"insertions":1,"deletions":1}}},{"hash":"4bfdafa0cfb85539a925771dbb546b238f8b3cbb","messageTitle":"update SD for Module_checker","messageBody":"","fileTypesAndContributionMap":{"docs":{"insertions":1,"deletions":1}}},{"hash":"171d65bce82b6f45654f02ff7b1b34ec51614259","messageTitle":"fix formatting","messageBody":"","fileTypesAndContributionMap":{"docs":{"insertions":1,"deletions":2}}},{"hash":"4c4b7e5a688c351284a7935e2cbc22bb36495be5","messageTitle":"fix Bug in deadline class","messageBody":"","fileTypesAndContributionMap":{"functional-code":{"insertions":9,"deletions":6}}},{"hash":"acb211b5f76c901fa9b68996a0131f14680721e0","messageTitle":"fix typo in DG","messageBody":"","fileTypesAndContributionMap":{"docs":{"insertions":1,"deletions":7}}},{"hash":"5ea4228c887cba934a9e89745b511e072da4d103","messageTitle":"update UG to fix typo","messageBody":"","fileTypesAndContributionMap":{"functional-code":{"insertions":1,"deletions":1},"docs":{"insertions":33,"deletions":18}}},{"hash":"f2989c312681e8a0af543ddd6943a9c3aadd02de","messageTitle":"Fix typo in UG","messageBody":"","fileTypesAndContributionMap":{"docs":{"insertions":63,"deletions":49}}},{"hash":"28a09d32407c8a690f59a2b23589cc286c489631","messageTitle":"change \"program\" to \"application\"","messageBody":"","fileTypesAndContributionMap":{"docs":{"insertions":23,"deletions":23}}},{"hash":"af964af1dc00efe558a32aa4289ab312880a941f","messageTitle":"update printHelpMessage in UI","messageBody":"","fileTypesAndContributionMap":{"functional-code":{"insertions":14,"deletions":9}}},{"hash":"49a0f801e58d9606d041f9256598d8164873b338","messageTitle":"standardize example in the UG","messageBody":"","fileTypesAndContributionMap":{"docs":{"insertions":13,"deletions":13}}},{"hash":"f9fdfc1335e037bc7463053f4033749c604abeaf","messageTitle":"standardize the example formatting","messageBody":"","fileTypesAndContributionMap":{"docs":{"insertions":17,"deletions":14}}},{"hash":"a6be912bfd48c7b2f61d09f2b500dfd17c173351","messageTitle":"fix UG_ready for final check","messageBody":"","fileTypesAndContributionMap":{"docs":{"insertions":97,"deletions":4}}},{"hash":"b92fd91cc4bf79d24b04eb1d5dd4a50119abcc26","messageTitle":"TOC?","messageBody":"","fileTypesAndContributionMap":{"docs":{"insertions":5,"deletions":0}}},{"hash":"4a39b2dbdecfcc6a7112537a7c62e21a95eb571f","messageTitle":"toc2","messageBody":"","fileTypesAndContributionMap":{"docs":{"insertions":12,"deletions":3}}},{"hash":"52d7dc7d7dacc5d487c67fba504be750626b8ef1","messageTitle":"TOC","messageBody":"","fileTypesAndContributionMap":{"docs":{"insertions":2,"deletions":12}}},{"hash":"003189b06b7427387cea1caf698ac9aa9badc8ab","messageTitle":"TOC","messageBody":"","fileTypesAndContributionMap":{"docs":{"insertions":1,"deletions":0}}},{"hash":"2131d7ea980ff779284c7388843267185de5b8a3","messageTitle":"toc ?","messageBody":"","fileTypesAndContributionMap":{"docs":{"insertions":3,"deletions":2}}},{"hash":"1c8baa3a2c99ffb46cbad4bd4d31236302e839bf","messageTitle":"update UG sequence","messageBody":"","fileTypesAndContributionMap":{"docs":{"insertions":22,"deletions":20}}}]},{"date":"2020-11-09","commitResults":[{"hash":"b51aa7065fef5d9f68804766cce0a27c51d97e4b","messageTitle":"Drafting PPP","messageBody":"","fileTypesAndContributionMap":{"docs":{"insertions":73,"deletions":14}}},{"hash":"b4ee9f31677037005aa9abb9f3381be5652ddc8d","messageTitle":"update PPP link","messageBody":"","fileTypesAndContributionMap":{"docs":{"insertions":1,"deletions":1}}},{"hash":"35e89432da4ddbb02721d70cfb7abe058a00d038","messageTitle":"update DG with corrected verifu_setup.PNG","messageBody":"","fileTypesAndContributionMap":{"docs":{"insertions":23,"deletions":28}}},{"hash":"6fbbf6c3afe4267ba13c86548998dccde6344a06","messageTitle":"Standardized image package","messageBody":"","fileTypesAndContributionMap":{"other":{"insertions":9,"deletions":0},"docs":{"insertions":25,"deletions":29}}},{"hash":"3433cc4c9eb52d76158809b8e644967f1bad150b","messageTitle":"update PPP","messageBody":"","fileTypesAndContributionMap":{"docs":{"insertions":13,"deletions":5}}},{"hash":"7431e6c158d8ada272d1182bad480d13816375fa","messageTitle":"update PPP","messageBody":"","fileTypesAndContributionMap":{"docs":{"insertions":1,"deletions":1}}},{"hash":"88e11ae7596211a3f1318a6b9100cdcd09182a15","messageTitle":"update code reference link","messageBody":"","fileTypesAndContributionMap":{"functional-code":{"insertions":2,"deletions":0}}},{"hash":"df678038ca279f25d37055dd394973841621bdbb","messageTitle":"update code quality, removed unwanted comments","messageBody":"","fileTypesAndContributionMap":{"functional-code":{"insertions":15,"deletions":23}}},{"hash":"932d8c8aa87a8261539ab4ff963639fa4bc0718e","messageTitle":"update Junit for ModuleChekcer","messageBody":"","fileTypesAndContributionMap":{"test-code":{"insertions":42,"deletions":0}}},{"hash":"2894c622e33b5ad82775806310522466cdf853c7","messageTitle":"update some Junit test","messageBody":"","fileTypesAndContributionMap":{"other":{"insertions":3,"deletions":2},"test-code":{"insertions":24,"deletions":0}}},{"hash":"76d109a15c0b3d714edcaaa9598fafd0542f66f8","messageTitle":"Update UG with the following: 1. command parameters are case-sensitive 2. command parameters are not to be used as placeholders 3. added the phrase \"Note: You can input an activity description with or without spaces.\" to the add activity section 4. added the phrase \"Note: You can input an task description with or without spaces.\" to the add task section","messageBody":"","fileTypesAndContributionMap":{"docs":{"insertions":19,"deletions":0}}},{"hash":"9691ffe16a03c1b7619648a1ed992fff8e7067d6","messageTitle":"update rationale for how items are printed in `print events`, `print tasks` and find function.","messageBody":"","fileTypesAndContributionMap":{"docs":{"insertions":9,"deletions":0}}},{"hash":"6a750a711d5005485700aa4d99da15a7446ba00a","messageTitle":"update error messgae for activity","messageBody":"","fileTypesAndContributionMap":{"functional-code":{"insertions":4,"deletions":1}}},{"hash":"d37bce1b286b5a9d4890c88ff2dd499fe683d949","messageTitle":"update error message for user","messageBody":"","fileTypesAndContributionMap":{"functional-code":{"insertions":8,"deletions":5}}},{"hash":"0a4e251c3cc632c5bbd1e1438c84463e839c74c9","messageTitle":"update PPP","messageBody":"","fileTypesAndContributionMap":{"docs":{"insertions":17,"deletions":6}}},{"hash":"2b78130706a63eb70c3b4a5e160f1a62959a22ef","messageTitle":"update PPP","messageBody":"","fileTypesAndContributionMap":{"docs":{"insertions":5,"deletions":5},"test-code":{"insertions":0,"deletions":24}}},{"hash":"c6a74f1206728dc88c8a58590f9700e6a2defaa7","messageTitle":"update UG with addtional notes on unnessary spaces","messageBody":"","fileTypesAndContributionMap":{"docs":{"insertions":58,"deletions":3}}},{"hash":"b95e1d1defb894a3c105622389abc55edba15612","messageTitle":"udpate typo","messageBody":"","fileTypesAndContributionMap":{"docs":{"insertions":1,"deletions":1}}},{"hash":"e8c10aafdeefafddb10dd00f6017a8dec2c60dc8","messageTitle":"update TOC link","messageBody":"","fileTypesAndContributionMap":{"docs":{"insertions":2,"deletions":2}}},{"hash":"dfb35c1f779494d95fe68aea525d13d0db981603","messageTitle":"fix TOC link","messageBody":"","fileTypesAndContributionMap":{"docs":{"insertions":1,"deletions":1}}},{"hash":"1c039c804cf5aef3ddd0526557e863824a44b7ae","messageTitle":"update module checker message","messageBody":"","fileTypesAndContributionMap":{"functional-code":{"insertions":1,"deletions":0},"docs":{"insertions":1,"deletions":1}}},{"hash":"73edae99579d8ab31b8f6a7215d5aaa05e5d2a28","messageTitle":"no message","messageBody":"","fileTypesAndContributionMap":{"functional-code":{"insertions":1,"deletions":1}}},{"hash":"a2901fa6c3c42c351e7cfac10ad41d4b80f7261f","messageTitle":"update notes for spacing of the command parameter","messageBody":"","fileTypesAndContributionMap":{"docs":{"insertions":10,"deletions":10}}},{"hash":"eb3eaf4d047b9074ac84805b4af1d5f9e9b1b254","messageTitle":"fix typo in print timeline date \u003cdate\u003e","messageBody":"","fileTypesAndContributionMap":{"functional-code":{"insertions":1,"deletions":1}}},{"hash":"7b71c3ea24e02fde2388550b0b24f606d00a9b4a","messageTitle":"update chat box","messageBody":"","fileTypesAndContributionMap":{"functional-code":{"insertions":3,"deletions":2}}},{"hash":"0e5430db5612a57c754d604c376bb01ece8b9ec9","messageTitle":"fix bug in Module Checker and its exception","messageBody":"","fileTypesAndContributionMap":{"functional-code":{"insertions":36,"deletions":10},"other":{"insertions":2,"deletions":1}}},{"hash":"f809857eb00eeb05eebe4bd23d027318b8ac3de9","messageTitle":"FIX CHECK STYLE","messageBody":"","fileTypesAndContributionMap":{"functional-code":{"insertions":2,"deletions":2}}},{"hash":"7a3ece2a1cf797abd9e77f4476358c5295662750","messageTitle":"fix checks","messageBody":"","fileTypesAndContributionMap":{"other":{"insertions":0,"deletions":11}}},{"hash":"ccc11bd0a8ba419127af4497dc2eb5ecf8eb422d","messageTitle":"fix PPP","messageBody":"","fileTypesAndContributionMap":{"docs":{"insertions":10,"deletions":10}}},{"hash":"c60ee8e99b707b7fa2a2faea94d010ff862e7447","messageTitle":"udpate space","messageBody":"","fileTypesAndContributionMap":{"docs":{"insertions":0,"deletions":6}}},{"hash":"36ece1aa91fea23e7d55af7d48b2c7bd51732e99","messageTitle":"back to correct version","messageBody":"","fileTypesAndContributionMap":{"docs":{"insertions":6,"deletions":0}}},{"hash":"4edc021eaaa468a630874402d1fd8bce00c37be7","messageTitle":"remove TOC","messageBody":"","fileTypesAndContributionMap":{"docs":{"insertions":0,"deletions":12}}},{"hash":"4f94d830347b263abd764282bc22a87f63500146","messageTitle":"update PPP","messageBody":"","fileTypesAndContributionMap":{"docs":{"insertions":6,"deletions":11}}},{"hash":"7317432980e5218ee91c9ee70ab4e6008ed0cab4","messageTitle":"update PPP","messageBody":"","fileTypesAndContributionMap":{"docs":{"insertions":1,"deletions":1}}},{"hash":"8fedb59b45c36c740c1b197e60dc152c64d85267","messageTitle":"update PPP","messageBody":"","fileTypesAndContributionMap":{"docs":{"insertions":2,"deletions":5}}},{"hash":"aed45c55602e04b614c7e14db816cfbbf504bf94","messageTitle":"update PPP","messageBody":"","fileTypesAndContributionMap":{"docs":{"insertions":1,"deletions":1}}},{"hash":"9a0bb915cf4a633cd805814e7dce3a506d4b4497","messageTitle":"update link to release","messageBody":"","fileTypesAndContributionMap":{"docs":{"insertions":1,"deletions":1}}},{"hash":"0ed584f99f9a45c88c4a7853c079ea84dee97fe1","messageTitle":"update no wifi and no local data exception","messageBody":"","fileTypesAndContributionMap":{"functional-code":{"insertions":10,"deletions":8}}},{"hash":"af8a7fb25cebfca7fe00d51f4184365ff53174b6","messageTitle":"udpate exception","messageBody":"","fileTypesAndContributionMap":{"functional-code":{"insertions":3,"deletions":2}}},{"hash":"27bf0f6f6fbd07521b88ff670a29cbfd6135d74a","messageTitle":"update Modulechecker filenotfoundexception","messageBody":"","fileTypesAndContributionMap":{"functional-code":{"insertions":1,"deletions":1}}},{"hash":"fe2f8b3d99244815cb6012001a16c3fb6fffcb55","messageTitle":"exception for filenotfound","messageBody":"","fileTypesAndContributionMap":{"functional-code":{"insertions":2,"deletions":2}}},{"hash":"304b3250b7f3c4b23f89f84018f2d30e4127333a","messageTitle":"update exception message","messageBody":"","fileTypesAndContributionMap":{"functional-code":{"insertions":1,"deletions":1}}},{"hash":"a69107be37e982ff02f4aff337069d994acc31f3","messageTitle":"update TOC","messageBody":"","fileTypesAndContributionMap":{"docs":{"insertions":3,"deletions":3}}},{"hash":"3594278075c7c789e024f9176bb61a49f969b1ab","messageTitle":"update typo","messageBody":"","fileTypesAndContributionMap":{"docs":{"insertions":1,"deletions":1}}},{"hash":"bddc9b9a4081a3905e762ab4f410dff7597ee7ef","messageTitle":"update typo","messageBody":"","fileTypesAndContributionMap":{"functional-code":{"insertions":1,"deletions":1}}},{"hash":"5a85538915beb3805ab37f42264e47375eb4bd3d","messageTitle":"update UG typo","messageBody":"","fileTypesAndContributionMap":{"docs":{"insertions":1,"deletions":1}}},{"hash":"425f432812878e4b5dcd7ff66548b3285ac49b64","messageTitle":"update on DG","messageBody":"","fileTypesAndContributionMap":{"docs":{"insertions":18,"deletions":17}}},{"hash":"a3a662110c57fb0f11ed46091acb2dd659919af3","messageTitle":"update PPP","messageBody":"","fileTypesAndContributionMap":{"docs":{"insertions":3,"deletions":3}}},{"hash":"b50d3f6964e1ec5a6979cfee0c7f23502cc75fa5","messageTitle":"update PPP","messageBody":"","fileTypesAndContributionMap":{"docs":{"insertions":2,"deletions":0}}}]}],"imhm":[{"date":"2020-10-01","commitResults":[{"hash":"5929fdaa12aa2959940e68ca99b4f4cf4cec9e6c","messageTitle":"Add Hong Ming\u0027s iP","messageBody":"","fileTypesAndContributionMap":{"functional-code":{"insertions":910,"deletions":12},"other":{"insertions":20,"deletions":1}}},{"hash":"c0b913fc98dd653689cb3be097c42dd40d8a4d9f","messageTitle":"Update code refactoring","messageBody":"","fileTypesAndContributionMap":{"functional-code":{"insertions":26,"deletions":25},"other":{"insertions":28,"deletions":28}}},{"hash":"117d905588df2dc1c5f7b976ea183245d9fecad6","messageTitle":"Update code refactoring","messageBody":"","fileTypesAndContributionMap":{"functional-code":{"insertions":4,"deletions":8}}},{"hash":"891ab15f4efb58c83d53d6591da59b0f1b7b0fbc","messageTitle":"Update runtest.bat file to enable printing of unicode character","messageBody":"","fileTypesAndContributionMap":{"other":{"insertions":1,"deletions":1}}}]},{"date":"2020-10-02","commitResults":[{"hash":"86f439f0a0c7086876b820ea92c30c7f3d093cf1","messageTitle":"Update exception handling for commands","messageBody":"","fileTypesAndContributionMap":{"functional-code":{"insertions":52,"deletions":33}}},{"hash":"534dc424a11a14bbb93dd826b827b3c98c6b1a84","messageTitle":"Remove Unicode Chars and replace with \"/\" and \"X\"","messageBody":"","fileTypesAndContributionMap":{"functional-code":{"insertions":5,"deletions":5}}}]},{"date":"2020-10-03","commitResults":[{"hash":"0449b825e669c8c59d115a75d7d36cbb9bee7dbf","messageTitle":"Convert all user input dates to Local date. Add Date Parser class","messageBody":"","fileTypesAndContributionMap":{"functional-code":{"insertions":77,"deletions":19}}},{"hash":"27ac2c765c3c2278882dd8915b8442b1b6c0f3d3","messageTitle":"Amend JavaDoc comments","messageBody":"","fileTypesAndContributionMap":{"functional-code":{"insertions":2,"deletions":2},"other":{"insertions":0,"deletions":1}}},{"hash":"4d2083dd40bcdacf85275708da6908c83d24a403","messageTitle":"Update UI test and EXPECTED.txt and input.txt file to change date to ddMMyy format","messageBody":"","fileTypesAndContributionMap":{"other":{"insertions":3,"deletions":2}}}]},{"date":"2020-10-06","commitResults":[{"hash":"7845e1e16dade908b4b6178a90769729982e5003","messageTitle":"Add Exam task","messageBody":"","fileTypesAndContributionMap":{"functional-code":{"insertions":95,"deletions":24},"other":{"insertions":24,"deletions":1}}},{"hash":"28b7f8674ef498c249cc0bd682d34e52d3cb76a5","messageTitle":"Update outputtasks.txt","messageBody":"","fileTypesAndContributionMap":{"other":{"insertions":0,"deletions":1}}},{"hash":"149aba9e3ce1bcdfd215f75f79cf643a061ce332","messageTitle":"Add Help Command","messageBody":"","fileTypesAndContributionMap":{"functional-code":{"insertions":74,"deletions":18},"other":{"insertions":1,"deletions":0}}},{"hash":"0f799f46ddf14c1aba8fdd80de7a98dd40eeb02d","messageTitle":"Amend  \"invalid command\" print","messageBody":"","fileTypesAndContributionMap":{"functional-code":{"insertions":1,"deletions":1}}}]},{"date":"2020-10-08","commitResults":[{"hash":"3083c88d541ec71b27af2a6e2d7e145d4879edce","messageTitle":"Create CalenderItem superclass, create CalendarList class, create Event class, create SchoolEvent class Update Lecture class extends to SchoolEvent","messageBody":"","fileTypesAndContributionMap":{"functional-code":{"insertions":391,"deletions":269},"other":{"insertions":33,"deletions":25}}},{"hash":"d0f9c4f643606fd65261797cf6f6b4b203bae0e9","messageTitle":"Update Activity to extend Event instead of Task","messageBody":"","fileTypesAndContributionMap":{"functional-code":{"insertions":52,"deletions":38},"other":{"insertions":4,"deletions":8}}},{"hash":"607cd9dd1fb6b7762f3f6aef3b0f776c665d4577","messageTitle":"Update Exam to extend Event instead of Task","messageBody":"","fileTypesAndContributionMap":{"functional-code":{"insertions":25,"deletions":20},"other":{"insertions":3,"deletions":3}}},{"hash":"dcb1831eee64bf1d685e6fcca6f53fdc9ac80232","messageTitle":"Adjust comment indentation","messageBody":"","fileTypesAndContributionMap":{"functional-code":{"insertions":62,"deletions":61}}}]},{"date":"2020-10-11","commitResults":[{"hash":"2f49d36323930796a08d3e308d5d27ffe3cf1ff9","messageTitle":"Update delete and done command","messageBody":"","fileTypesAndContributionMap":{"functional-code":{"insertions":147,"deletions":64},"other":{"insertions":7,"deletions":0}}},{"hash":"0549e5523b45733f4fecbfd0fde7058265ae68d9","messageTitle":"Update Add command to print total tasks only when user adds a task.","messageBody":"","fileTypesAndContributionMap":{"functional-code":{"insertions":13,"deletions":7}}},{"hash":"cd0a034b9471dd10c49867dedbfcb9a9e30e8736","messageTitle":"Update code refactoring","messageBody":"","fileTypesAndContributionMap":{"functional-code":{"insertions":2,"deletions":0}}},{"hash":"17c7137ed59715a20ee62e2122c43b9739d68039","messageTitle":"Refactor Exam class to event package","messageBody":"","fileTypesAndContributionMap":{"functional-code":{"insertions":6,"deletions":6},"other":{"insertions":4,"deletions":3}}}]},{"date":"2020-10-14","commitResults":[{"hash":"738a9b38e01f2de9b178b1afbe5bbedfc940cd28","messageTitle":"Fix delete command bug","messageBody":"","fileTypesAndContributionMap":{"functional-code":{"insertions":1,"deletions":1}}},{"hash":"fd5b6834a422dbe352cf28528cde78c4dd2dd6bf","messageTitle":"fix add message bug","messageBody":"","fileTypesAndContributionMap":{"functional-code":{"insertions":42,"deletions":43}}},{"hash":"3033c6ce6a3a342dd8fe4591fc8c5b3fd620f402","messageTitle":"Update find command branch. can search tasks, events or both. search entire toString","messageBody":"","fileTypesAndContributionMap":{"functional-code":{"insertions":120,"deletions":54},"other":{"insertions":4,"deletions":0}}},{"hash":"e5040570ad95bd984c1903e487bd960dcdb18c1a","messageTitle":"code refactoring to fit CI","messageBody":"","fileTypesAndContributionMap":{"functional-code":{"insertions":6,"deletions":2}}}]},{"date":"2020-10-18","commitResults":[{"hash":"4f7685e88544f9478abdab98523d1d1e08838d83","messageTitle":"Add JUnit testing for delete command Update Delete Command to cater for invalid command","messageBody":"","fileTypesAndContributionMap":{"functional-code":{"insertions":2,"deletions":0},"test-code":{"insertions":118,"deletions":0}}},{"hash":"f2bf41376686e8dff160d7271b21dcb542707ba6","messageTitle":"Add JUnit tests for Done Command","messageBody":"","fileTypesAndContributionMap":{"test-code":{"insertions":60,"deletions":0}}},{"hash":"3ee70a6236881b67c52e8f762284afe83120425e","messageTitle":"Add JUnit test for Find Command","messageBody":"","fileTypesAndContributionMap":{"test-code":{"insertions":35,"deletions":0}}},{"hash":"e5b0641b13b91eb3b988585aa8ff10eebe793fe0","messageTitle":"Code refactoring to pass CI","messageBody":"","fileTypesAndContributionMap":{"functional-code":{"insertions":24,"deletions":24},"test-code":{"insertions":46,"deletions":48}}},{"hash":"1f5623ebf3a958851b0486d0129676a1c2bb4fe2","messageTitle":"Add Additional Information command","messageBody":"","fileTypesAndContributionMap":{"functional-code":{"insertions":85,"deletions":14},"other":{"insertions":5,"deletions":23},"test-code":{"insertions":46,"deletions":0}}},{"hash":"c6bf364655fe2cbb8f3bfffa164d339eb8afce5d","messageTitle":"Code refactoring to fit CI","messageBody":"","fileTypesAndContributionMap":{"functional-code":{"insertions":7,"deletions":3}}},{"hash":"1fb5178c58878fb4a51fc032985466784f27b1f9","messageTitle":"Add View Information Command","messageBody":"","fileTypesAndContributionMap":{"functional-code":{"insertions":60,"deletions":6},"other":{"insertions":2,"deletions":0},"test-code":{"insertions":46,"deletions":0}}},{"hash":"fe2c75c018ada5c8dd7a1cbbe245a5069dd4db3a","messageTitle":"Include comments for each function in AddInfoCommand and ViewInfoCommand","messageBody":"","fileTypesAndContributionMap":{"functional-code":{"insertions":41,"deletions":17}}}]},{"date":"2020-10-20","commitResults":[{"hash":"5ebdee2d6cf1a89a844e74f59e4a1da8e142a941","messageTitle":"Enable and add assertions","messageBody":"","fileTypesAndContributionMap":{"functional-code":{"insertions":27,"deletions":8},"other":{"insertions":2,"deletions":0}}},{"hash":"266efb1d7956a57ecdc5a46029e1bc1a301de291","messageTitle":"Code refactoring to meet CI","messageBody":"","fileTypesAndContributionMap":{"functional-code":{"insertions":1,"deletions":4}}}]},{"date":"2020-10-21","commitResults":[{"hash":"cdfd9c585cfa67a01dc37268d3fc0a12594e0d8f","messageTitle":"Base template of Developer Guide","messageBody":"","fileTypesAndContributionMap":{"docs":{"insertions":8,"deletions":1}}},{"hash":"7f39f78d07017846f1485c4b8e0391985618eefc","messageTitle":"Add archi SD","messageBody":"","fileTypesAndContributionMap":{"docs":{"insertions":2,"deletions":0}}},{"hash":"b5a6f959a6bcafb3a6e271a28823855e2775eeac","messageTitle":"Add model class diagram for design segment","messageBody":"","fileTypesAndContributionMap":{"docs":{"insertions":3,"deletions":2}}},{"hash":"b46b425cc136da856b97d2efde82e15649a57a55","messageTitle":"Add addInfoCommand implementation and doneCommand implementation","messageBody":"","fileTypesAndContributionMap":{"docs":{"insertions":27,"deletions":3}}},{"hash":"5138b7fea8a1b10c9310ad09c520fbcab48387b1","messageTitle":"Add deleteCommand implementation","messageBody":"","fileTypesAndContributionMap":{"docs":{"insertions":9,"deletions":3}}},{"hash":"fd26798996c083971ab5e748c683b6589cbd2513","messageTitle":"Add findCommand implementation","messageBody":"","fileTypesAndContributionMap":{"docs":{"insertions":7,"deletions":1}}}]},{"date":"2020-10-22","commitResults":[{"hash":"8ad4d70ac78ca09e954af9ed9a68660eebb54cd2","messageTitle":"update DG with line breaks","messageBody":"","fileTypesAndContributionMap":{"docs":{"insertions":6,"deletions":5}}},{"hash":"57a99b6190d50a71c9b2afdb11e71ad5a4714b74","messageTitle":"update SD size and some UG tips","messageBody":"","fileTypesAndContributionMap":{"docs":{"insertions":6,"deletions":6}}},{"hash":"41aa468cedea50a93c9e797f8e951996d9c62d5e","messageTitle":"update design section and include command class design","messageBody":"","fileTypesAndContributionMap":{"docs":{"insertions":28,"deletions":26}}},{"hash":"8002923cbb5e9690ddc70b69400b0d6ac99d561c","messageTitle":"update design section","messageBody":"","fileTypesAndContributionMap":{"docs":{"insertions":8,"deletions":2}}}]},{"date":"2020-10-27","commitResults":[{"hash":"f50cf5b642c4b01c304efeaf73cc937ddcfc8208","messageTitle":"Add delete event information feature","messageBody":"","fileTypesAndContributionMap":{"functional-code":{"insertions":98,"deletions":6}}},{"hash":"c35a1bce54048e6856aad393385e527bc37b0557","messageTitle":"Code refactoring","messageBody":"","fileTypesAndContributionMap":{"functional-code":{"insertions":24,"deletions":23},"other":{"insertions":1,"deletions":0}}},{"hash":"838f8d37f17eaad8f3d0b616c609ad03b72d9ac1","messageTitle":"Add JUnit test for DeleteInfoCommand","messageBody":"","fileTypesAndContributionMap":{"functional-code":{"insertions":9,"deletions":3},"test-code":{"insertions":47,"deletions":0}}},{"hash":"65ca00ec4584427952a0f94bdede8bf211f558b6","messageTitle":"code refactoring to pass CI","messageBody":"","fileTypesAndContributionMap":{"test-code":{"insertions":3,"deletions":3}}},{"hash":"8035f71746aadbdaa4f5da5c2dfec244c35667df","messageTitle":"Amend imports","messageBody":"","fileTypesAndContributionMap":{"test-code":{"insertions":1,"deletions":1}}},{"hash":"cd0bf4ed6b7d36ce638c4997aefe5b603f3bb3e7","messageTitle":"update images URL","messageBody":"","fileTypesAndContributionMap":{"docs":{"insertions":15,"deletions":15}}}]},{"date":"2020-10-28","commitResults":[{"hash":"4bee0a2bc9f6af304f322e7fe3131b93f7b77b10","messageTitle":"Add addCommand SD","messageBody":"","fileTypesAndContributionMap":{"docs":{"insertions":2,"deletions":1}}},{"hash":"b0b4eb8020abecc4ab773295d30962d18562addc","messageTitle":"include command summary","messageBody":"","fileTypesAndContributionMap":{"docs":{"insertions":84,"deletions":31}}},{"hash":"b427b6589a4a4c8583fca4f1ad3d7f12ec4c9272","messageTitle":"Update Design section and include manual testing instructions","messageBody":"","fileTypesAndContributionMap":{"docs":{"insertions":27,"deletions":18}}},{"hash":"e44e3048f7df12aaf64800419580595c45bc6a2c","messageTitle":"Update add command feature","messageBody":"","fileTypesAndContributionMap":{"docs":{"insertions":8,"deletions":11}}},{"hash":"df0825bea9a7211053b3c90756fc17d81bf36fd4","messageTitle":"Update deleteInfoCommand section","messageBody":"","fileTypesAndContributionMap":{"docs":{"insertions":15,"deletions":4}}},{"hash":"d96f0eee50d44d6d3c1f9f78332718e4c3a1222f","messageTitle":"Add section preface","messageBody":"","fileTypesAndContributionMap":{"docs":{"insertions":11,"deletions":11}}},{"hash":"b5448cc4497c6225e823ca9b68414efcc1432951","messageTitle":"Update command summary","messageBody":"","fileTypesAndContributionMap":{"functional-code":{"insertions":2,"deletions":1},"docs":{"insertions":8,"deletions":8}}},{"hash":"f97d56e1f35c8d6d6a773bbc49a9356aafaf4e37","messageTitle":"Refactor to remove Duke name from classes","messageBody":"","fileTypesAndContributionMap":{"functional-code":{"insertions":83,"deletions":83},"other":{"insertions":11,"deletions":11}}},{"hash":"87da9cf275e351efcfc471d803826678e838e64d","messageTitle":"Add deleteinfocommand segment  in UG","messageBody":"","fileTypesAndContributionMap":{"docs":{"insertions":13,"deletions":3}}}]},{"date":"2020-11-05","commitResults":[{"hash":"e74acf01becb3c3dd718d01c01cd42e3177daf1a","messageTitle":"Update additional info indicator","messageBody":"","fileTypesAndContributionMap":{"functional-code":{"insertions":11,"deletions":5},"docs":{"insertions":28,"deletions":1}}},{"hash":"7357943958930b707c29929b10811fadfa6cd943","messageTitle":"Fix merge conflict","messageBody":"","fileTypesAndContributionMap":{"functional-code":{"insertions":1,"deletions":0}}}]},{"date":"2020-11-06","commitResults":[{"hash":"45e6f4de30afe0c60ea5badf35a5321b6c984372","messageTitle":"Update hongming\u0027s PPP","messageBody":"","fileTypesAndContributionMap":{"docs":{"insertions":0,"deletions":0}}}]},{"date":"2020-11-08","commitResults":[{"hash":"f5a21f1da26b5e9e2c56fa677979f8f236e05fbd","messageTitle":"Add feature that does not allow user to add empty additional information. Updated user guide.","messageBody":"","fileTypesAndContributionMap":{"functional-code":{"insertions":12,"deletions":1},"docs":{"insertions":53,"deletions":32}}},{"hash":"313e7ee3969356560f5d027f7c982ff91bf7fea5","messageTitle":"Add feature that allows user to search keywords that are not case sensitive","messageBody":"","fileTypesAndContributionMap":{"functional-code":{"insertions":12,"deletions":12},"other":{"insertions":1,"deletions":0}}},{"hash":"8ec7ee6f3f3b38ab4578a6da22cea6ce63db44b5","messageTitle":"Add suggestion to user when they key in an invalid task or event number.","messageBody":"","fileTypesAndContributionMap":{"functional-code":{"insertions":2,"deletions":2}}},{"hash":"e8e79cbcd587a3af6851eda01169452386c90e97","messageTitle":"Code refactoring","messageBody":"","fileTypesAndContributionMap":{"functional-code":{"insertions":4,"deletions":2}}},{"hash":"64d6f242ae571956f3b09e85e6a1032942a028d5","messageTitle":"Add check to ensure user cannot mark a feature as done twice!","messageBody":"","fileTypesAndContributionMap":{"functional-code":{"insertions":8,"deletions":0},"docs":{"insertions":3,"deletions":2}}},{"hash":"71324a986ed6bf4b8fb705c4fd3fc3da78121bfe","messageTitle":"Add exception when user input empty keyword or spaces as keyword","messageBody":"","fileTypesAndContributionMap":{"functional-code":{"insertions":4,"deletions":1}}},{"hash":"46bcb6419c807b2ee0fd712e7581bc184df2aff0","messageTitle":"Update find command test","messageBody":"","fileTypesAndContributionMap":{"test-code":{"insertions":1,"deletions":1}}},{"hash":"9564d95d0fcbbce9a1b14d28fb61a467c1ad82ba","messageTitle":"Update find command -- unfinished","messageBody":"","fileTypesAndContributionMap":{"functional-code":{"insertions":13,"deletions":2}}},{"hash":"b1bcee5955f731a76ff4055362778864df405abc","messageTitle":"Merge","messageBody":"","fileTypesAndContributionMap":{"functional-code":{"insertions":60,"deletions":19},"docs":{"insertions":22,"deletions":13},"test-code":{"insertions":1,"deletions":1}}},{"hash":"70801b5b0db7b871361ae3a7fdc9e38e8e5b3578","messageTitle":"Update Find command parsing user input","messageBody":"","fileTypesAndContributionMap":{"functional-code":{"insertions":33,"deletions":20},"test-code":{"insertions":39,"deletions":3}}},{"hash":"7010670e02fe6b16d21188eeb2f10dc182ba3aab","messageTitle":"Code refactoring","messageBody":"","fileTypesAndContributionMap":{"functional-code":{"insertions":3,"deletions":3}}},{"hash":"f9a9b2dd7bfde0f203ca863a20d1c2786ce87688","messageTitle":"Update Add Command feature in DG","messageBody":"","fileTypesAndContributionMap":{"docs":{"insertions":14,"deletions":6}}},{"hash":"60ffc60d554901718901c9cf12d716d2144e21ba","messageTitle":"Code refactoring","messageBody":"","fileTypesAndContributionMap":{"functional-code":{"insertions":2,"deletions":2}}}]},{"date":"2020-11-09","commitResults":[{"hash":"67663ac6cd4e297152abfbd0a448a0945e5b5b41","messageTitle":"Fix bug in user input parsing","messageBody":"","fileTypesAndContributionMap":{"functional-code":{"insertions":15,"deletions":7}}},{"hash":"4f03cf34aa221ffa390770f0512b302050b79b2a","messageTitle":"Update hong ming PPP Add new error message if additional information is empty","messageBody":"","fileTypesAndContributionMap":{"functional-code":{"insertions":7,"deletions":4},"docs":{"insertions":64,"deletions":17}}},{"hash":"f827f03141968526ebd9b614e50b2c07d05ce54b","messageTitle":"Code refactoring","messageBody":"","fileTypesAndContributionMap":{"functional-code":{"insertions":17,"deletions":17}}},{"hash":"27766621e3a0f1e8f30b59178ab119007ccc338d","messageTitle":"Update AboutUs.md","messageBody":"","fileTypesAndContributionMap":{"docs":{"insertions":1,"deletions":1}}},{"hash":"26241339677e66654a61aeddb12f12d7cd3e33f4","messageTitle":"update find exception message","messageBody":"","fileTypesAndContributionMap":{"functional-code":{"insertions":2,"deletions":2},"docs":{"insertions":1,"deletions":1}}},{"hash":"595fc2cfb651d649c8fa6a4915fff3513a74ece4","messageTitle":"update PPP","messageBody":"","fileTypesAndContributionMap":{"docs":{"insertions":9,"deletions":12}}},{"hash":"d636f91541bb6148b151b6dd3902df7daf37df46","messageTitle":"update ppp to fit 2 pages","messageBody":"","fileTypesAndContributionMap":{"docs":{"insertions":1,"deletions":2}}},{"hash":"ec69829f63c950062e4cdd2da261b8925e5c95de","messageTitle":"update ppp","messageBody":"","fileTypesAndContributionMap":{"docs":{"insertions":1,"deletions":1}}},{"hash":"577ee42f6f3525c865224055399bfa4919134225","messageTitle":"update SD bugs","messageBody":"","fileTypesAndContributionMap":{"functional-code":{"insertions":4,"deletions":4},"docs":{"insertions":33,"deletions":36}}}]}],"JiawenLyu":[{"date":"2020-10-05","commitResults":[{"hash":"989b67188322b32a6ccfaebd097efd8f12482aa6","messageTitle":"Add command \"print progress\" to calculate user\u0027s progress of deadlines and todos.","messageBody":"","fileTypesAndContributionMap":{"functional-code":{"insertions":66,"deletions":9},"other":{"insertions":1,"deletions":1}}},{"hash":"45d42f3ee461f03b73b0e56cb1c7436e23e38556","messageTitle":"Fix checkstyle errors.","messageBody":"","fileTypesAndContributionMap":{"functional-code":{"insertions":23,"deletions":14}}},{"hash":"8f36d5e29ef1c9000f64aa4b1f785ff47563ef65","messageTitle":"Fix checkstyle errors","messageBody":"","fileTypesAndContributionMap":{"functional-code":{"insertions":4,"deletions":4}}}]},{"date":"2020-10-06","commitResults":[{"hash":"d5a1e518e1f32e8267ede32eaec7f85279e49bd8","messageTitle":"Add simple lecture, tutorial, lab classes.","messageBody":"","fileTypesAndContributionMap":{"functional-code":{"insertions":158,"deletions":0}}},{"hash":"b80a0f31d2a51834a6be839568ff31ca1be6df2f","messageTitle":"Fix checkstyle errors.","messageBody":"","fileTypesAndContributionMap":{"functional-code":{"insertions":3,"deletions":3}}},{"hash":"d083ebedf1b9ff82e1809b77dd1178aec7b008f5","messageTitle":"Modify return taskType of lecture, tutorial, lab classes.","messageBody":"","fileTypesAndContributionMap":{"functional-code":{"insertions":3,"deletions":3}}}]},{"date":"2020-10-09","commitResults":[{"hash":"489a6366c7697337a38846549e40197eb4b94b5c","messageTitle":"Update lecture, tutorial, lab. Update comments.","messageBody":"","fileTypesAndContributionMap":{"functional-code":{"insertions":239,"deletions":137},"other":{"insertions":3,"deletions":1}}},{"hash":"e12d5d9c9c5ea630316e7d3e339c36f333181905","messageTitle":"Update progress","messageBody":"","fileTypesAndContributionMap":{"functional-code":{"insertions":9,"deletions":9},"other":{"insertions":1,"deletions":0}}},{"hash":"2fbdc8ad793f1cec4d3e3e598977cafed471f5b1","messageTitle":"Update help command.","messageBody":"","fileTypesAndContributionMap":{"functional-code":{"insertions":2,"deletions":2}}},{"hash":"d21c5bcf149e9619614f0a136d722111b52203e6","messageTitle":"Fix the checkstyle errors.","messageBody":"","fileTypesAndContributionMap":{"functional-code":{"insertions":8,"deletions":2},"other":{"insertions":1,"deletions":1}}},{"hash":"1e051dc7b3e8db4e5111c838a413818d1cfa67b2","messageTitle":"Fix checkstyle errors.","messageBody":"","fileTypesAndContributionMap":{"functional-code":{"insertions":5,"deletions":3}}}]},{"date":"2020-10-10","commitResults":[{"hash":"dd8155f15e248502017bcd8d32218d2ba58581d0","messageTitle":"Distinguish between taskType and eventType. Fix progress function.","messageBody":"","fileTypesAndContributionMap":{"functional-code":{"insertions":23,"deletions":22}}},{"hash":"a0732ade0f1deccbc40c4ed09abf1d8c68a6325e","messageTitle":"Add isOver to lecture, tutorial, lab classes.","messageBody":"","fileTypesAndContributionMap":{"functional-code":{"insertions":87,"deletions":6},"other":{"insertions":2,"deletions":2}}},{"hash":"e31d25475bac8e0cf6162069790ad2c597642914","messageTitle":"Fix text-ui-test.","messageBody":"","fileTypesAndContributionMap":{"other":{"insertions":2,"deletions":0}}},{"hash":"26e0a9e89cd8ffde94546ecf1dfeff4defc1fab1","messageTitle":"Fix errors.","messageBody":"","fileTypesAndContributionMap":{"other":{"insertions":1,"deletions":3}}},{"hash":"7d7458670f8d8620c91002c1c2dfc0e58105c7a6","messageTitle":"Fix errors.","messageBody":"","fileTypesAndContributionMap":{"other":{"insertions":1,"deletions":1}}}]},{"date":"2020-10-11","commitResults":[{"hash":"f09bda1d92a615653a119829c6d5cf2d3a82f572","messageTitle":"Modify printProgressCommand.","messageBody":"","fileTypesAndContributionMap":{"functional-code":{"insertions":3,"deletions":3},"other":{"insertions":2,"deletions":2}}},{"hash":"7d9a2ec2fe7afd18f9c08fc25f7649abfdfb41ee","messageTitle":"Merge upstream to master","messageBody":"","fileTypesAndContributionMap":{"functional-code":{"insertions":93,"deletions":38},"other":{"insertions":6,"deletions":9}}}]},{"date":"2020-10-12","commitResults":[{"hash":"97c7858869032b76a53c2aef78b115783cf2d27e","messageTitle":"Change data","messageBody":"","fileTypesAndContributionMap":{"other":{"insertions":0,"deletions":5}}},{"hash":"217de7ee20f5cec69d0e106038668310910e6e98","messageTitle":"Update isOver of events. Modify output format for events.","messageBody":"","fileTypesAndContributionMap":{"functional-code":{"insertions":83,"deletions":35},"other":{"insertions":11,"deletions":8}}},{"hash":"7a5e632dbba6cdd7c119f98f4a40ecbfc9aeef57","messageTitle":"Modify help command.","messageBody":"","fileTypesAndContributionMap":{"functional-code":{"insertions":4,"deletions":4}}},{"hash":"fa23c4df3baddb39f381b84271a313340a8e36b2","messageTitle":"Change comments.","messageBody":"","fileTypesAndContributionMap":{"functional-code":{"insertions":6,"deletions":3},"other":{"insertions":0,"deletions":6}}},{"hash":"e9d8307f593f6264a7b81ac37bb170481caff649","messageTitle":"Fix errors.","messageBody":"","fileTypesAndContributionMap":{"functional-code":{"insertions":1,"deletions":1},"other":{"insertions":0,"deletions":6}}}]},{"date":"2020-10-18","commitResults":[{"hash":"13cd02dff87e056861fa014ed730e534e34ee26f","messageTitle":"Add isImportant to tasks. Add prioritize command.","messageBody":"","fileTypesAndContributionMap":{"functional-code":{"insertions":110,"deletions":10}}},{"hash":"9d7699ed373a5336dc56c07260c8f217d97aaa97","messageTitle":"Add PrintPriorityCommand.","messageBody":"","fileTypesAndContributionMap":{"functional-code":{"insertions":62,"deletions":3}}},{"hash":"3e0de87956ffaeb1b7518271dda37053083b8b57","messageTitle":"Clear tasks.txt","messageBody":"","fileTypesAndContributionMap":{"functional-code":{"insertions":0,"deletions":1},"other":{"insertions":2,"deletions":23}}},{"hash":"3b491d27e385d9a08ad402311cd4aab35066490d","messageTitle":"Update text-ui-test.","messageBody":"","fileTypesAndContributionMap":{"functional-code":{"insertions":1,"deletions":1},"other":{"insertions":2,"deletions":2}}},{"hash":"7b7e37e8e7c8d9b50a2af34cdaa91a999b22486d","messageTitle":"Update constructors.","messageBody":"","fileTypesAndContributionMap":{"functional-code":{"insertions":2,"deletions":0},"other":{"insertions":0,"deletions":1}}}]},{"date":"2020-10-19","commitResults":[{"hash":"376c49991dce4c05901f287c0661235b963bfb34","messageTitle":"Add function to give simple suggestions to users.","messageBody":"","fileTypesAndContributionMap":{"functional-code":{"insertions":199,"deletions":1}}},{"hash":"9d2f88cb1abab65d9ca53bf251739f432c41cf30","messageTitle":"Clear tasks.txt","messageBody":"","fileTypesAndContributionMap":{"other":{"insertions":1,"deletions":4}}},{"hash":"ef7012d23a15536cbc4feb90fc84443383d91bb4","messageTitle":"Update text-ui-test","messageBody":"","fileTypesAndContributionMap":{"other":{"insertions":12,"deletions":1}}},{"hash":"97d6fd838af51357eecb8cee81320576b6ddddef","messageTitle":"Update text-ui-test","messageBody":"","fileTypesAndContributionMap":{"other":{"insertions":1,"deletions":0}}},{"hash":"b828900d50c2855747b53c50386fdbe1dc7ee642","messageTitle":"Adjust output format.","messageBody":"","fileTypesAndContributionMap":{"functional-code":{"insertions":1,"deletions":2}}},{"hash":"43e924dcc832ccffa202ab16455804e9aa9845f9","messageTitle":"Modify exception handling for prioritize command.","messageBody":"","fileTypesAndContributionMap":{"functional-code":{"insertions":4,"deletions":3}}},{"hash":"a6a447386667e4167938fce8de6be0ed6be5128c","messageTitle":"Add JUnit test for pritoritize command.","messageBody":"","fileTypesAndContributionMap":{"test-code":{"insertions":46,"deletions":0}}}]},{"date":"2020-10-21","commitResults":[{"hash":"a91dc5c84fe30b9e7b08c75a71b1b481dda9f751","messageTitle":"Update DG Design part.","messageBody":"","fileTypesAndContributionMap":{"docs":{"insertions":38,"deletions":1}}},{"hash":"7b1e3a4d67006df0b389a0df9d892db177bfeeab","messageTitle":"Update DG Deisgn part.","messageBody":"","fileTypesAndContributionMap":{"docs":{"insertions":8,"deletions":0}}},{"hash":"76992bded61d5f035f77d5767e26c13189bba36e","messageTitle":"Modify DG Design part.","messageBody":"","fileTypesAndContributionMap":{"docs":{"insertions":12,"deletions":8}}}]},{"date":"2020-10-22","commitResults":[{"hash":"c7610b975a51d93816cc1256f4dbcaa262f4dfb6","messageTitle":"Fix bugs in isOver.","messageBody":"","fileTypesAndContributionMap":{"functional-code":{"insertions":39,"deletions":3},"other":{"insertions":7,"deletions":4}}},{"hash":"03e00b76d52a759cfea590e8cabce21415861c0b","messageTitle":"Fix ci test.","messageBody":"","fileTypesAndContributionMap":{"other":{"insertions":1,"deletions":1}}},{"hash":"4c536d2579de66d75515499d54f1e679d1d43be8","messageTitle":"Fix bugs.","messageBody":"","fileTypesAndContributionMap":{"other":{"insertions":1,"deletions":1}}},{"hash":"8d6edfbeb37d7fd9550793fdd4db70bd99471f6f","messageTitle":"Fix error.","messageBody":"","fileTypesAndContributionMap":{"functional-code":{"insertions":4,"deletions":4}}},{"hash":"2c9aafb1075c6db57b4ce3e5552d3bcf0b091a65","messageTitle":"Fix errors.","messageBody":"","fileTypesAndContributionMap":{"functional-code":{"insertions":4,"deletions":4}}},{"hash":"e284e7ee8c5043eec6107e3eaca2db73ba58cba6","messageTitle":"Finalise getIsOver().","messageBody":"","fileTypesAndContributionMap":{"functional-code":{"insertions":0,"deletions":21}}},{"hash":"cecc411d833a92dfe4c6f4c84f627109b3b3636f","messageTitle":"Update DG.","messageBody":"","fileTypesAndContributionMap":{"docs":{"insertions":4,"deletions":0}}}]},{"date":"2020-10-25","commitResults":[{"hash":"c7ce6d0b5d474b3dee26143e3d37dfe8d396268c","messageTitle":"Update DG implementation.","messageBody":"","fileTypesAndContributionMap":{"docs":{"insertions":29,"deletions":3}}}]},{"date":"2020-10-26","commitResults":[{"hash":"96d2b18961cef10b3630122767513d035a1b64d0","messageTitle":"Add sequence diagrams.","messageBody":"","fileTypesAndContributionMap":{"docs":{"insertions":10,"deletions":8}}},{"hash":"48a6ce5ce16b5cddb73090b055bdfec20bc7ba4d","messageTitle":"Change diagrams size","messageBody":"","fileTypesAndContributionMap":{"docs":{"insertions":4,"deletions":4}}},{"hash":"69098fee734665a60782ac471785401317ec509a","messageTitle":"Update PrintProgressCommand.","messageBody":"","fileTypesAndContributionMap":{"functional-code":{"insertions":47,"deletions":18}}},{"hash":"575c0a1efe7fa9adc3a23bbf43e7b16ff67aa53a","messageTitle":"Add sequence diagram","messageBody":"","fileTypesAndContributionMap":{"docs":{"insertions":1,"deletions":1}}},{"hash":"3115927025fa050f74dd8b3ce9d1ddfd2176ec4c","messageTitle":"Adjust image size.","messageBody":"","fileTypesAndContributionMap":{"docs":{"insertions":1,"deletions":1}}}]},{"date":"2020-10-27","commitResults":[{"hash":"ba4d0c4cc82cf937a0c796c742b57cb18b86246a","messageTitle":"Add assertions.","messageBody":"","fileTypesAndContributionMap":{"functional-code":{"insertions":2,"deletions":0}}},{"hash":"0c0e2f9455f92cbbeff491c6a52439901f56d501","messageTitle":"Add assertion.","messageBody":"","fileTypesAndContributionMap":{"functional-code":{"insertions":3,"deletions":0}}},{"hash":"368c97e2262d8a950cf583d18d4fd5b9e7d76d4f","messageTitle":"Modify PrintSuggestionCommand.","messageBody":"","fileTypesAndContributionMap":{"functional-code":{"insertions":8,"deletions":8}}},{"hash":"2326427f5d535a1881e27044df23765f12d8b774","messageTitle":"Add SD","messageBody":"","fileTypesAndContributionMap":{"docs":{"insertions":3,"deletions":3}}},{"hash":"80e643fced59db090709dc88114859b01a5e69e0","messageTitle":"Update developer guide.","messageBody":"","fileTypesAndContributionMap":{"docs":{"insertions":10,"deletions":1}}},{"hash":"ecdd373499a08b3100fc56f1ecb9ca17a097882e","messageTitle":"Write to storage after prioritizing a task.","messageBody":"","fileTypesAndContributionMap":{"functional-code":{"insertions":1,"deletions":0}}},{"hash":"b002ce6ae9af9bfb980a0e6e44df4d078498a56b","messageTitle":"Amend SD.","messageBody":"","fileTypesAndContributionMap":{"docs":{"insertions":1,"deletions":1}}}]},{"date":"2020-10-28","commitResults":[{"hash":"709ae2f2d1bf665e7ea61b59e38f33a2cfa0c74c","messageTitle":"Update DG.","messageBody":"","fileTypesAndContributionMap":{"docs":{"insertions":4,"deletions":4}}},{"hash":"e160cd54d761571eabe1363d23d645f2448efa81","messageTitle":"Add user stories.","messageBody":"","fileTypesAndContributionMap":{"docs":{"insertions":3,"deletions":0}}},{"hash":"775f3d12af7d1ebc798d59d973395bfe057ec609","messageTitle":"Update DG.","messageBody":"","fileTypesAndContributionMap":{"docs":{"insertions":5,"deletions":16}}},{"hash":"ff567ccaf732336d244fa37412ae2213bb2e8fea","messageTitle":"Update UG.","messageBody":"","fileTypesAndContributionMap":{"docs":{"insertions":10,"deletions":7}}},{"hash":"75826e855364682339a9c7610cf05811a5243f12","messageTitle":"Update use guide.","messageBody":"","fileTypesAndContributionMap":{"docs":{"insertions":9,"deletions":10}}},{"hash":"cad10cacccd5a50c48756e196c0ada0142d5c0db","messageTitle":"Update UG.","messageBody":"","fileTypesAndContributionMap":{"docs":{"insertions":2,"deletions":2}}},{"hash":"bc10e63fbdb79a8ef9652b7354974c47f62de0dc","messageTitle":"Update UG.","messageBody":"","fileTypesAndContributionMap":{"docs":{"insertions":1,"deletions":1}}},{"hash":"eb72a0d6efa3f2d7062d32ea11be8f5b535b11c8","messageTitle":"Update DG.","messageBody":"","fileTypesAndContributionMap":{"docs":{"insertions":3,"deletions":4}}},{"hash":"2040472bd939ba11e713726c5f4763d452a182d9","messageTitle":"Update UG.","messageBody":"","fileTypesAndContributionMap":{"docs":{"insertions":1,"deletions":1}}}]},{"date":"2020-11-05","commitResults":[{"hash":"45a2bfffcf294ab289ba66d0670860805b2cec4a","messageTitle":"Fix input for print progress.","messageBody":"","fileTypesAndContributionMap":{"functional-code":{"insertions":1,"deletions":1},"other":{"insertions":29,"deletions":1}}}]},{"date":"2020-11-07","commitResults":[{"hash":"c309badb03e55b99d7dad586f0dd02ab99c2b142","messageTitle":"Update PPP","messageBody":"","fileTypesAndContributionMap":{"docs":{"insertions":90,"deletions":0}}},{"hash":"82c8a95feb0f821715ce47f7bcec1f45ec009158","messageTitle":"Update PPP","messageBody":"","fileTypesAndContributionMap":{"docs":{"insertions":7,"deletions":1}}}]},{"date":"2020-11-08","commitResults":[{"hash":"e64f0c9e93f57589ecd53176bf87fb6c1e2c2596","messageTitle":"Update PPP.","messageBody":"","fileTypesAndContributionMap":{"docs":{"insertions":2,"deletions":2}}},{"hash":"662ffad958ab39650661ae2a1b537c11e04c61e4","messageTitle":"Fix bugs in suggestion command.","messageBody":"","fileTypesAndContributionMap":{"functional-code":{"insertions":2,"deletions":2},"other":{"insertions":1,"deletions":1}}}]},{"date":"2020-11-09","commitResults":[{"hash":"04928bd902c025a8ab12f22687168d47b494b8ac","messageTitle":"Add result for print suggestion in DG.","messageBody":"","fileTypesAndContributionMap":{"docs":{"insertions":1,"deletions":1}}},{"hash":"76e70aa1a3d42e11e86fe3741f2dda2bbf10920e","messageTitle":"Update DG.","messageBody":"","fileTypesAndContributionMap":{"docs":{"insertions":1,"deletions":1}}},{"hash":"78f3eff1da71ffba75af57cd347beb3a5bc43758","messageTitle":"Update prioritize command if the task is already prioritized.","messageBody":"","fileTypesAndContributionMap":{"functional-code":{"insertions":8,"deletions":0}}},{"hash":"8c571ee4d3189745e04f65d81bdff89bb15b0cc5","messageTitle":"Modify prioritize function for the invalid input.","messageBody":"","fileTypesAndContributionMap":{"functional-code":{"insertions":3,"deletions":1}}},{"hash":"5c53e6aa4b61894e7fbb416079577bf2b72190a9","messageTitle":"Merge branch","messageBody":"","fileTypesAndContributionMap":{"functional-code":{"insertions":17,"deletions":23},"docs":{"insertions":130,"deletions":72}}},{"hash":"a4b2454f36a82dfdba5b4c88337bc972aaf3347d","messageTitle":"Update prioritize command","messageBody":"","fileTypesAndContributionMap":{"functional-code":{"insertions":0,"deletions":1}}},{"hash":"85f579c29daeec3624fb43c7197a2f4a916478ca","messageTitle":"Update toc","messageBody":"","fileTypesAndContributionMap":{"other":{"insertions":0,"deletions":1},"docs":{"insertions":3,"deletions":3}}},{"hash":"6f419855c5d26a0f3a0aa08019efc4663de293af","messageTitle":"Merge branch","messageBody":"","fileTypesAndContributionMap":{"other":{"insertions":1,"deletions":1}}},{"hash":"92191405dec56d6402281457a78ee9704b28213b","messageTitle":"Throw new exception for empty venue.","messageBody":"","fileTypesAndContributionMap":{"functional-code":{"insertions":13,"deletions":0},"other":{"insertions":0,"deletions":4}}},{"hash":"7179254b5779c622fdf0ac53e8d53c841c582fbd","messageTitle":"Fix checkstyle","messageBody":"","fileTypesAndContributionMap":{"functional-code":{"insertions":1,"deletions":1}}},{"hash":"44db2752947f0c0c2fe0644e31bab372bdd50564","messageTitle":"Improve code quality","messageBody":"","fileTypesAndContributionMap":{"functional-code":{"insertions":0,"deletions":1}}},{"hash":"65b395c591c306298e47aac5f12d269473632d06","messageTitle":"Delete Toc","messageBody":"","fileTypesAndContributionMap":{"other":{"insertions":1,"deletions":0},"docs":{"insertions":1,"deletions":13}}},{"hash":"d2f0a4a11d440a4816e0df082aaddd2bd5f5bf34","messageTitle":"Modify PPP","messageBody":"","fileTypesAndContributionMap":{"docs":{"insertions":3,"deletions":4}}},{"hash":"72e3a855edf9676105968194cfc9b6543882aad2","messageTitle":"Update PPP","messageBody":"","fileTypesAndContributionMap":{"docs":{"insertions":3,"deletions":5}}},{"hash":"6fb62fdfaf49cf15ef25d37bbf45dcd797eb4c10","messageTitle":"Update PPP","messageBody":"","fileTypesAndContributionMap":{"docs":{"insertions":2,"deletions":4}}}]}],"Jingming517":[{"date":"2020-10-01","commitResults":[{"hash":"e7155782dab4e6f6125bc1a52bc0ec1f676a3627","messageTitle":"Update AboutUs.md","messageBody":"","fileTypesAndContributionMap":{"docs":{"insertions":1,"deletions":1}}}]},{"date":"2020-10-05","commitResults":[{"hash":"1762d8c8be755d69cf4d22da1e12da0ec09db6ad","messageTitle":"Add print timeline function","messageBody":"","fileTypesAndContributionMap":{"functional-code":{"insertions":90,"deletions":8}}},{"hash":"25e19bff345c5a7b619c1a1df08df6e8b45f3cf1","messageTitle":"coding standard","messageBody":"","fileTypesAndContributionMap":{"functional-code":{"insertions":16,"deletions":7}}},{"hash":"cacb60a56ce61cf5fbb2127e727184bce85cedf1","messageTitle":"coding standard","messageBody":"","fileTypesAndContributionMap":{"functional-code":{"insertions":10,"deletions":9}}},{"hash":"5cbb886117771b04205f45864a389b8d49cafd1b","messageTitle":"Update PrintTimelineCommand.java","messageBody":"","fileTypesAndContributionMap":{"functional-code":{"insertions":3,"deletions":3}}},{"hash":"a43811863aeb2ad35786265cc334e67c031614d1","messageTitle":"Update PrintTimelineCommand.java","messageBody":"","fileTypesAndContributionMap":{"functional-code":{"insertions":8,"deletions":10}}},{"hash":"f2d32c8110afaa3e86163285bb7548a067de5d29","messageTitle":"Update PrintTimelineCommand.java","messageBody":"","fileTypesAndContributionMap":{"functional-code":{"insertions":3,"deletions":3}}},{"hash":"1269e7c2cf74bd3aa35c9bd33ef7cff667e10fcb","messageTitle":"Update PrintTimelineCommand.java","messageBody":"","fileTypesAndContributionMap":{"functional-code":{"insertions":3,"deletions":1}}},{"hash":"2c214037035f17737436dfe858aa64cbda456122","messageTitle":"Update PrintTimelineCommand.java","messageBody":"","fileTypesAndContributionMap":{"functional-code":{"insertions":1,"deletions":1}}},{"hash":"e216d4c55a281040b17c43244a41001375025052","messageTitle":"Update Task.java","messageBody":"","fileTypesAndContributionMap":{"functional-code":{"insertions":3,"deletions":2}}}]},{"date":"2020-10-09","commitResults":[{"hash":"a588e38f21ead544ce23f2b09e2bf58deca810fa","messageTitle":"test passed","messageBody":"","fileTypesAndContributionMap":{"functional-code":{"insertions":3,"deletions":3},"other":{"insertions":0,"deletions":0}}}]},{"date":"2020-10-11","commitResults":[{"hash":"c3a8045cb9298c8622c6c19d84de15aed9e8c648","messageTitle":"test passed","messageBody":"","fileTypesAndContributionMap":{"other":{"insertions":5,"deletions":0}}},{"hash":"e7ef17355fff6c57c46e63d62e3794c09281cfbe","messageTitle":"added comments","messageBody":"","fileTypesAndContributionMap":{"functional-code":{"insertions":5,"deletions":0},"other":{"insertions":0,"deletions":8}}},{"hash":"7bfaabdd37ace5945aa8f79f04f30d4d09db2bef","messageTitle":"edited comments","messageBody":"","fileTypesAndContributionMap":{"functional-code":{"insertions":3,"deletions":3},"other":{"insertions":1,"deletions":5}}},{"hash":"b88acfb2b60d7218c0f3c02934f5cef7ee8b9b7e","messageTitle":"merged input","messageBody":"","fileTypesAndContributionMap":{"other":{"insertions":2,"deletions":8}}}]}],"Zhangyilin0203":[{"date":"2020-10-06","commitResults":[{"hash":"61e8150094594d7084b7f5d59e5477be2c7e3068","messageTitle":"Change the format of saving data","messageBody":"","fileTypesAndContributionMap":{"functional-code":{"insertions":55,"deletions":94}}},{"hash":"975f16f87ac641d8da31b5ecb586f315a1b91a13","messageTitle":"Small changes of saving the data","messageBody":"","fileTypesAndContributionMap":{"functional-code":{"insertions":8,"deletions":11}}},{"hash":"730cb926574d4231a590ad7bf4c752b4c153d7f1","messageTitle":"Add writing to file format in task, todo, event and deadline classes","messageBody":"","fileTypesAndContributionMap":{"functional-code":{"insertions":28,"deletions":0}}},{"hash":"7bcf4aedda274f6396006a966128436096c07ab6","messageTitle":"Add features to store and load data of tutorial, lab and lecture","messageBody":"","fileTypesAndContributionMap":{"functional-code":{"insertions":39,"deletions":2}}},{"hash":"6bd94558e42e58a31ae3d035806f5a819a1fc50b","messageTitle":"Improve code quality","messageBody":"","fileTypesAndContributionMap":{"functional-code":{"insertions":5,"deletions":5},"other":{"insertions":1,"deletions":6}}},{"hash":"6529223bc5645197009194a2a050cf58f81b88ac","messageTitle":"change create file feature","messageBody":"","fileTypesAndContributionMap":{"functional-code":{"insertions":29,"deletions":8}}},{"hash":"5e6aae3d01b3f7065c56538b61f2cf186bb177a6","messageTitle":"Update the UI format of storage","messageBody":"","fileTypesAndContributionMap":{"functional-code":{"insertions":0,"deletions":1}}}]},{"date":"2020-10-09","commitResults":[{"hash":"632f1b5fdc5e8aa1168ab98a404974014ed97d56","messageTitle":"Remove IOException in main","messageBody":"","fileTypesAndContributionMap":{"functional-code":{"insertions":44,"deletions":33},"other":{"insertions":2,"deletions":0}}}]},{"date":"2020-10-10","commitResults":[{"hash":"7369e073914b57ef696b9b13ceebf3d6ed184f36","messageTitle":"Change from Task class to CalendarItem class","messageBody":"","fileTypesAndContributionMap":{"functional-code":{"insertions":29,"deletions":15}}},{"hash":"e62ec7c793f6f3fb055afb4103b352d2b493d1bf","messageTitle":"Fix checkstyle errors","messageBody":"","fileTypesAndContributionMap":{"functional-code":{"insertions":1,"deletions":0}}},{"hash":"8e18eaa055100151a6b233dd7b14d30a0626003b","messageTitle":"Distinguish index of task and event","messageBody":"","fileTypesAndContributionMap":{"functional-code":{"insertions":35,"deletions":20}}}]},{"date":"2020-10-11","commitResults":[{"hash":"e8638a3a212139722bd40582d0ba289938205a16","messageTitle":"Update storage","messageBody":"","fileTypesAndContributionMap":{"functional-code":{"insertions":39,"deletions":34},"other":{"insertions":5,"deletions":0}}},{"hash":"3c168a631c632c8dc15aed2f456f0112a1955727","messageTitle":"Fix errors","messageBody":"","fileTypesAndContributionMap":{"functional-code":{"insertions":7,"deletions":2}}},{"hash":"d10d94d155f0624a6ebdf79fafaf1657c7de8641","messageTitle":"fix errors","messageBody":"","fileTypesAndContributionMap":{"functional-code":{"insertions":2,"deletions":2}}},{"hash":"691cd77341ca41ecf0b411013c126e59e868867f","messageTitle":"Fix errors","messageBody":"","fileTypesAndContributionMap":{"functional-code":{"insertions":3,"deletions":4}}},{"hash":"de95dcce131f0057a484a2468daba0455af25306","messageTitle":"clear tasks.txt","messageBody":"","fileTypesAndContributionMap":{"other":{"insertions":0,"deletions":5}}},{"hash":"83e8128082d7034fde005b8f83e84caf46a6c00b","messageTitle":"remove and clear tasks.txt","messageBody":"","fileTypesAndContributionMap":{"functional-code":{"insertions":1,"deletions":3},"other":{"insertions":0,"deletions":0}}}]},{"date":"2020-10-13","commitResults":[{"hash":"36e452e7c857c388c8d47862b9c5b46e90ecba00","messageTitle":"Add assertions","messageBody":"","fileTypesAndContributionMap":{"functional-code":{"insertions":2,"deletions":0}}},{"hash":"5169c7bdd63740483ee9678de6d819758f09b6f7","messageTitle":"Delete unused methods in Ui","messageBody":"","fileTypesAndContributionMap":{"functional-code":{"insertions":0,"deletions":30}}},{"hash":"a72cd5e38708693427abf1b6fcae23d61faa0045","messageTitle":"Avoid too long methods in AddCommand","messageBody":"","fileTypesAndContributionMap":{"functional-code":{"insertions":147,"deletions":112}}},{"hash":"a9f027b4232e91315382912e88f8ad9d684744ec","messageTitle":"Avoid too long method in DeleteCommand","messageBody":"","fileTypesAndContributionMap":{"functional-code":{"insertions":23,"deletions":13}}},{"hash":"803d4e2bdf50fcfa1f048a755bd001d5494b5af6","messageTitle":"Avoid magic strings","messageBody":"","fileTypesAndContributionMap":{"functional-code":{"insertions":20,"deletions":3}}},{"hash":"4fb5c835cfae41cd58e740dc53d1f976b120e88e","messageTitle":"Avoid unused exceptions","messageBody":"","fileTypesAndContributionMap":{"functional-code":{"insertions":1,"deletions":1}}}]},{"date":"2020-10-14","commitResults":[{"hash":"86772cf2836d4846070df0b33e0bb10ce7e6d290","messageTitle":"Add more JavaDoc comments","messageBody":"","fileTypesAndContributionMap":{"functional-code":{"insertions":174,"deletions":7}}},{"hash":"839f23e45a8c615ad8e789400f4b55286ea983c1","messageTitle":"Modifiy some JavaDoc comments","messageBody":"","fileTypesAndContributionMap":{"functional-code":{"insertions":22,"deletions":22}}}]},{"date":"2020-10-15","commitResults":[{"hash":"857fa38052915f2b468e9ee64134de2887a66327","messageTitle":"Add Countdown feature to exam events and deadline tasks","messageBody":"","fileTypesAndContributionMap":{"functional-code":{"insertions":18,"deletions":0}}},{"hash":"f1a85be6d19a98c80d0594243dc144ec1282fc35","messageTitle":"Add CountdownCommand","messageBody":"","fileTypesAndContributionMap":{"functional-code":{"insertions":175,"deletions":0}}},{"hash":"66b2bf31d614a10486da40d4f3818ce6848d778c","messageTitle":"Update parser, storage and ui","messageBody":"","fileTypesAndContributionMap":{"functional-code":{"insertions":50,"deletions":0}}},{"hash":"352fc37ec78749f940b9a16f63b459b1d6419dfe","messageTitle":"Update event","messageBody":"","fileTypesAndContributionMap":{"functional-code":{"insertions":4,"deletions":0},"other":{"insertions":4,"deletions":4}}},{"hash":"21fbaa107ab0609edcf12e65e634c8f1301f8594","messageTitle":"Add countdown feature to each event class","messageBody":"","fileTypesAndContributionMap":{"functional-code":{"insertions":5,"deletions":1}}},{"hash":"38a3ce2d8b4bcd5d868387bb96532706a8ea6f25","messageTitle":"Fix small bugs inside CountdownCommand","messageBody":"","fileTypesAndContributionMap":{"functional-code":{"insertions":2,"deletions":2}}},{"hash":"87a7e3d359695211c79152fe6211e2d2b207dda5","messageTitle":"Update input and Expected.txt","messageBody":"","fileTypesAndContributionMap":{"other":{"insertions":4,"deletions":0}}},{"hash":"1f29e852b97e4d411401e23539b7b4d6852e8694","messageTitle":"Update help command","messageBody":"","fileTypesAndContributionMap":{"functional-code":{"insertions":5,"deletions":3}}},{"hash":"efd2a16259a0ca3d5f23e6b0ee38e51aa54614c3","messageTitle":"Add comments","messageBody":"","fileTypesAndContributionMap":{"functional-code":{"insertions":12,"deletions":0}}},{"hash":"eabb4cee02cec7cf0886e5eed590f5d1d1ccfe78","messageTitle":"Fix bugs","messageBody":"","fileTypesAndContributionMap":{"functional-code":{"insertions":8,"deletions":3},"other":{"insertions":7,"deletions":7}}}]},{"date":"2020-10-18","commitResults":[{"hash":"19b62b26bdad253c7c983334cfcb0fdd2b569f47","messageTitle":"Add Junit for countdown command","messageBody":"","fileTypesAndContributionMap":{"test-code":{"insertions":22,"deletions":0}}},{"hash":"169b245f945fc1990b9bff331a86b69cc1b8ea60","messageTitle":"Improve coding standard","messageBody":"","fileTypesAndContributionMap":{"test-code":{"insertions":1,"deletions":1}}},{"hash":"e6fc637a24b012a5ab9417b9918ed57c258bb06f","messageTitle":"Update printToFile function for events","messageBody":"","fileTypesAndContributionMap":{"functional-code":{"insertions":53,"deletions":10}}},{"hash":"3afecaead65586ce395be89cc2c981a361b8187b","messageTitle":"Update storage for add Info","messageBody":"","fileTypesAndContributionMap":{"functional-code":{"insertions":10,"deletions":0}}},{"hash":"3d7516bcfa030a546ebb488e6c23e67e9944915d","messageTitle":"Improve code quality","messageBody":"","fileTypesAndContributionMap":{"functional-code":{"insertions":14,"deletions":13}}},{"hash":"98f33ca525fcdb0fc03d523f7ecb26be91c26d7b","messageTitle":"Update Storage to storage important tasks","messageBody":"","fileTypesAndContributionMap":{"functional-code":{"insertions":15,"deletions":7}}}]},{"date":"2020-10-22","commitResults":[{"hash":"4f257b9a7d55b971a7599e8844ddf5ce83c1d6ba","messageTitle":"Update introduction in developer guide","messageBody":"","fileTypesAndContributionMap":{"docs":{"insertions":28,"deletions":0}}},{"hash":"eb4db118984c3debe1e23a6928e446bf5134a6af","messageTitle":"Update glossary","messageBody":"","fileTypesAndContributionMap":{"docs":{"insertions":7,"deletions":1}}}]},{"date":"2020-10-24","commitResults":[{"hash":"a1c84fb04921bbbdd65f9536d62ae89b678d5355","messageTitle":"Add countdown feature for implementation","messageBody":"","fileTypesAndContributionMap":{"docs":{"insertions":9,"deletions":0}}},{"hash":"2eeb086957bd529aa5120eae749a19f0c7c40870","messageTitle":"Update countdown feature in DG","messageBody":"","fileTypesAndContributionMap":{"docs":{"insertions":2,"deletions":2}}}]},{"date":"2020-10-28","commitResults":[{"hash":"8f3b87ba8771b019c10b8cd1165e46454158d227","messageTitle":"Fix bugs of countdown command","messageBody":"","fileTypesAndContributionMap":{"functional-code":{"insertions":1,"deletions":1},"other":{"insertions":1,"deletions":2}}},{"hash":"bfcd4d462f790942eb67643e6d4bf2b490e59995","messageTitle":"Update user guide","messageBody":"","fileTypesAndContributionMap":{"docs":{"insertions":15,"deletions":6}}},{"hash":"b925746e21f469dc1190a55e59e90066cf5db57f","messageTitle":"Update user stories","messageBody":"","fileTypesAndContributionMap":{"docs":{"insertions":2,"deletions":0}}},{"hash":"696b3e08e914f55d880596c7fb28cb32db0ffd13","messageTitle":"Update storage","messageBody":"","fileTypesAndContributionMap":{"functional-code":{"insertions":74,"deletions":30}}},{"hash":"22255bd9fe2c5dd917572b2aedd533ff34b2e3be","messageTitle":"Improve code quality","messageBody":"","fileTypesAndContributionMap":{"functional-code":{"insertions":9,"deletions":9}}},{"hash":"07080cd62c1597a53d87cd9fcb8f6abf21bb1e26","messageTitle":"Improve code quality","messageBody":"","fileTypesAndContributionMap":{"functional-code":{"insertions":3,"deletions":6}}}]},{"date":"2020-10-29","commitResults":[{"hash":"bd06246969fdf02d398d90699053b1e490d3f4e1","messageTitle":"Update countdown SD","messageBody":"","fileTypesAndContributionMap":{"docs":{"insertions":1,"deletions":1}}},{"hash":"ae4a13d447921b465b3b42b1dfbb3daad991498d","messageTitle":"add storage to DG","messageBody":"","fileTypesAndContributionMap":{"docs":{"insertions":7,"deletions":0}}},{"hash":"00d619cbdc3aaf87957914b698d19a1f776f58f3","messageTitle":"Update storage in DG","messageBody":"","fileTypesAndContributionMap":{"docs":{"insertions":10,"deletions":3}}},{"hash":"902755d20751a479da429b02fb4ca83f9144e6c4","messageTitle":"Update storage implementation","messageBody":"","fileTypesAndContributionMap":{"docs":{"insertions":1,"deletions":1}}},{"hash":"219ac5cd29f6b2f1423f9124b57a67c589f23a44","messageTitle":"Update the link for countdown command","messageBody":"","fileTypesAndContributionMap":{"docs":{"insertions":1,"deletions":1}}}]},{"date":"2020-10-31","commitResults":[{"hash":"04fa7992453d6b82a2bd4d1faff5958a2d80c4ab","messageTitle":"Update DG","messageBody":"","fileTypesAndContributionMap":{"docs":{"insertions":4,"deletions":0}}}]},{"date":"2020-11-06","commitResults":[{"hash":"f0146e7da85971814f0aa8f5b11fcfa62fefc7a5","messageTitle":"Add draft for ppp","messageBody":"","fileTypesAndContributionMap":{"docs":{"insertions":81,"deletions":0}}},{"hash":"ca395ae2414a2f6712f3fd6fce6e613ad86c0180","messageTitle":"Update AboutUs","messageBody":"","fileTypesAndContributionMap":{"docs":{"insertions":1,"deletions":1}}},{"hash":"36930eb7ca26faf35d23af0fa503e32118d2db8c","messageTitle":"Modify storage to accept empty additional information","messageBody":"","fileTypesAndContributionMap":{"functional-code":{"insertions":79,"deletions":25}}},{"hash":"c43667fde233df1337210345b8adabc39035487e","messageTitle":"Handle delete date or time situation","messageBody":"","fileTypesAndContributionMap":{"functional-code":{"insertions":15,"deletions":6}}},{"hash":"663ff057aa1754c3e7b67a259ce498e87a9c2c38","messageTitle":"Improve code quality","messageBody":"","fileTypesAndContributionMap":{"functional-code":{"insertions":5,"deletions":5}}}]},{"date":"2020-11-07","commitResults":[{"hash":"009a5f518dbd375bf644ebc8814d901980f8424a","messageTitle":"Update ppp","messageBody":"","fileTypesAndContributionMap":{"docs":{"insertions":22,"deletions":6}}},{"hash":"86849b883c31759d5bbdfa54b363c9b906615cc6","messageTitle":"Update reposense link","messageBody":"","fileTypesAndContributionMap":{"docs":{"insertions":1,"deletions":1}}}]},{"date":"2020-11-08","commitResults":[{"hash":"b2cf5059159c8adbf9e0ffefa7fc192900061646","messageTitle":"Handle wrong date and time modification in storage","messageBody":"","fileTypesAndContributionMap":{"functional-code":{"insertions":89,"deletions":17}}},{"hash":"81b7dc4259b89c20e1f6a67e3bf42aafee09f248","messageTitle":"Add expected output","messageBody":"","fileTypesAndContributionMap":{"docs":{"insertions":6,"deletions":2}}},{"hash":"18850aea9057be65d35ca0aea193171758d17912","messageTitle":"Add more javadoc","messageBody":"","fileTypesAndContributionMap":{"functional-code":{"insertions":36,"deletions":0}}},{"hash":"8a88a0f79bd1c41db435a9e5770aeb60c9c9c916","messageTitle":"Handle more exception in storage","messageBody":"","fileTypesAndContributionMap":{"functional-code":{"insertions":32,"deletions":7}}},{"hash":"6a2894d534602c5a810d6441df976790b31f3881","messageTitle":"improve code quality","messageBody":"","fileTypesAndContributionMap":{"functional-code":{"insertions":3,"deletions":3}}},{"hash":"cea98edfa303037c0511e9d739958e39732f292f","messageTitle":"fix the error in sd","messageBody":"","fileTypesAndContributionMap":{"docs":{"insertions":2,"deletions":2}}},{"hash":"15c86b802482249a1f44a8ff93a0bf5868717c9a","messageTitle":"modify code in countdown class","messageBody":"","fileTypesAndContributionMap":{"functional-code":{"insertions":3,"deletions":12}}}]},{"date":"2020-11-09","commitResults":[{"hash":"f67f931636b9164a69f82665759c78059b4ac4eb","messageTitle":"update SD and DG","messageBody":"","fileTypesAndContributionMap":{"docs":{"insertions":4,"deletions":1}}},{"hash":"07e0877caffa9a69dbb342e89d0478bb45b19f33","messageTitle":"Add countdown\u0027s manual testing","messageBody":"","fileTypesAndContributionMap":{"docs":{"insertions":10,"deletions":0}}},{"hash":"07268cd0146898d560819c1e1cedc2ffdd69aac7","messageTitle":"Avoid too long method","messageBody":"","fileTypesAndContributionMap":{"functional-code":{"insertions":25,"deletions":25}}},{"hash":"9df3bbc95c0599dd96eb613b46e97e3eed51458e","messageTitle":"Delete unused method","messageBody":"","fileTypesAndContributionMap":{"functional-code":{"insertions":0,"deletions":14}}},{"hash":"051d3adf5034a6dafa693753a2d1884f5dfb895c","messageTitle":"Update ppp","messageBody":"","fileTypesAndContributionMap":{"docs":{"insertions":2,"deletions":0}}},{"hash":"7a2e1ede31e947423816ab5df757b1df8f3b6764","messageTitle":"Improve storage","messageBody":"","fileTypesAndContributionMap":{"functional-code":{"insertions":30,"deletions":1}}},{"hash":"b9765f21b45c5a2107c3a706b8ee7ef8351d4fc5","messageTitle":"Update PPP","messageBody":"","fileTypesAndContributionMap":{"docs":{"insertions":2,"deletions":2}}},{"hash":"d9684ef20c9c265fb89fae8b89af5016ba5111df","messageTitle":"Add author","messageBody":"","fileTypesAndContributionMap":{"functional-code":{"insertions":3,"deletions":0},"test-code":{"insertions":1,"deletions":0}}},{"hash":"632a1af2e09811054a13be0c9950651d3520f866","messageTitle":"Improve Ui","messageBody":"","fileTypesAndContributionMap":{"functional-code":{"insertions":6,"deletions":3}}},{"hash":"36433de936851e25c3362c4827c57a503a2ffa5b","messageTitle":"fix output bug in storage","messageBody":"","fileTypesAndContributionMap":{"functional-code":{"insertions":4,"deletions":4}}},{"hash":"de5dc40b5a745afa50ec12cc3e41a6fc66071e25","messageTitle":"fix bug in storage","messageBody":"","fileTypesAndContributionMap":{"functional-code":{"insertions":3,"deletions":5}}},{"hash":"a3c274482968062d1d3017480db2ffb28b461aab","messageTitle":"Remove table of content","messageBody":"","fileTypesAndContributionMap":{"docs":{"insertions":1,"deletions":13}}},{"hash":"1e508e0e10e7ed56680aa8ec914df11495e98f9c","messageTitle":"fixing PPP","messageBody":"","fileTypesAndContributionMap":{"docs":{"insertions":1,"deletions":2}}},{"hash":"77a1f5eb1528f7fa78161cf08137760638cdcc9e","messageTitle":"update storage","messageBody":"","fileTypesAndContributionMap":{"functional-code":{"insertions":59,"deletions":54}}},{"hash":"5fc52ee8ede18190ec3c539f3e16b9b012cc80c0","messageTitle":"update storage","messageBody":"","fileTypesAndContributionMap":{"functional-code":{"insertions":1,"deletions":1}}}]}]},"authorFileTypeContributionMap":{"LIU-YiFeng-1":{"docs":1059,"functional-code":566,"test-code":104,"other":28},"imhm":{"docs":294,"functional-code":1535,"test-code":388,"other":3},"JiawenLyu":{"docs":133,"functional-code":858,"test-code":46,"other":1},"Jingming517":{"docs":39,"functional-code":215,"test-code":14},"Zhangyilin0203":{"docs":143,"functional-code":1084,"test-code":23}},"authorContributionVariance":{"LIU-YiFeng-1":38465.67,"imhm":61542.01,"JiawenLyu":9589.194,"Jingming517":754.75336,"Zhangyilin0203":10297.491},"authorDisplayNameMap":{"LIU-YiFeng-1":"CS2113T-T12-2 LIU ..FENG","imhm":"CS2113T-T12-2 NG H..MING","JiawenLyu":"CS2113T-T12-2 LYU ..AWEN","Jingming517":"CS2113T-T12-2 LIU ..MING","Zhangyilin0203":"CS2113T-T12-2 ZHAN..ILIN"}}
