{
  "authorDailyContributionsMap": {
    "LIU-YiFeng-1": [
      {
        "date": "2020-10-05",
        "commitResults": [
          {
            "hash": "9d25a142e6276cae327e3e99f51a485ac61399fe",
            "messageTitle": "Added new command class-\"print event\" which prints all event type of tasks, such as lecture, lab, tut and events. Added property \"taskType\" to all task classes for the easy recognition of different type of tasks.",
            "messageBody": "",
            "fileTypesAndContributionMap": {
              "functional-code": {
                "insertions": 88,
                "deletions": 11
              },
              "other": {
                "insertions": 8,
                "deletions": 2
              }
            }
          },
          {
            "hash": "3b49e7e2106289389261f5adb0e9ce53c964488a",
            "messageTitle": "Fix on import*",
            "messageBody": "",
            "fileTypesAndContributionMap": {
              "functional-code": {
                "insertions": 8,
                "deletions": 1
              }
            }
          },
          {
            "hash": "8d1046d24a0b8d018c32862c1da96d04ccdb7a2c",
            "messageTitle": "Fix checkstyle error",
            "messageBody": "",
            "fileTypesAndContributionMap": {
              "functional-code": {
                "insertions": 3,
                "deletions": 2
              }
            }
          }
        ]
      },
      {
        "date": "2020-10-10",
        "commitResults": [
          {
            "hash": "f6062cdc269e64a9bc07c091bba46f0b8af839d5",
            "messageTitle": "update on PrintEventsCommand and updated comments; updated the width of DUKE CHAT BOX",
            "messageBody": "",
            "fileTypesAndContributionMap": {
              "functional-code": {
                "insertions": 13,
                "deletions": 12
              },
              "other": {
                "insertions": 6,
                "deletions": 1
              }
            }
          },
          {
            "hash": "c962b686d2d8ca35520d04bc943ca6f6bd7453f4",
            "messageTitle": "Fix checkstyle",
            "messageBody": "",
            "fileTypesAndContributionMap": {
              "functional-code": {
                "insertions": 1,
                "deletions": 1
              }
            }
          },
          {
            "hash": "73a7c6c5f995e45b366e8143b8d24d0cbcfc3802",
            "messageTitle": "Revert \"Update PrintEventsCommand \"",
            "messageBody": "",
            "fileTypesAndContributionMap": {
              "functional-code": {
                "insertions": 12,
                "deletions": 13
              },
              "other": {
                "insertions": 1,
                "deletions": 6
              }
            }
          },
          {
            "hash": "99bdfc5ac60674b7660f37f2558b5fd1a534251e",
            "messageTitle": "Fix PrintEventsCommand and checkstyle",
            "messageBody": "",
            "fileTypesAndContributionMap": {
              "functional-code": {
                "insertions": 8,
                "deletions": 6
              },
              "other": {
                "insertions": 5,
                "deletions": 1
              }
            }
          },
          {
            "hash": "5eabc8a3c2f212bb93166c2d686d0d5662fb1703",
            "messageTitle": "Update Duke Chat Box width",
            "messageBody": "",
            "fileTypesAndContributionMap": {
              "functional-code": {
                "insertions": 2,
                "deletions": 2
              }
            }
          },
          {
            "hash": "35f890bf83ef3a41ffb4c2c7cfc44ef88d6b8f97",
            "messageTitle": "Update welcome logo; but commented out for now! (To enable Github checks)",
            "messageBody": "",
            "fileTypesAndContributionMap": {
              "functional-code": {
                "insertions": 21,
                "deletions": 11
              }
            }
          },
          {
            "hash": "251a73328e1f04520330db6ef52b41f45401f8ff",
            "messageTitle": "Fix checkstyle",
            "messageBody": "",
            "fileTypesAndContributionMap": {
              "functional-code": {
                "insertions": 3,
                "deletions": 0
              }
            }
          }
        ]
      },
      {
        "date": "2020-10-11",
        "commitResults": [
          {
            "hash": "6862627cd911f3118788d7d559313c7b1baef41c",
            "messageTitle": "update on text-ui-test",
            "messageBody": "",
            "fileTypesAndContributionMap": {
              "other": {
                "insertions": 1,
                "deletions": 0
              }
            }
          },
          {
            "hash": "e2d034587bbaf213308805f7e22f4389d0504564",
            "messageTitle": "Update some formatting",
            "messageBody": "",
            "fileTypesAndContributionMap": {
              "functional-code": {
                "insertions": 10,
                "deletions": 5
              }
            }
          },
          {
            "hash": "a26a69be2bc5aff646d61d48580170498d04eed5",
            "messageTitle": "fix typo",
            "messageBody": "",
            "fileTypesAndContributionMap": {
              "functional-code": {
                "insertions": 4,
                "deletions": 4
              },
              "other": {
                "insertions": 5,
                "deletions": 0
              }
            }
          },
          {
            "hash": "b493ce106278ae8256eb70cadfa51b1f040d8213",
            "messageTitle": "Trying Junit testing",
            "messageBody": "",
            "fileTypesAndContributionMap": {
              "other": {
                "insertions": 1,
                "deletions": 0
              },
              "test-code": {
                "insertions": 42,
                "deletions": 0
              }
            }
          },
          {
            "hash": "c178dbea1c4ce0c2fbfa276e05d3b3e1ed4a078d",
            "messageTitle": "data/tasks.txt update",
            "messageBody": "",
            "fileTypesAndContributionMap": {
              "other": {
                "insertions": 1,
                "deletions": 0
              }
            }
          }
        ]
      },
      {
        "date": "2020-10-12",
        "commitResults": [
          {
            "hash": "175af27c41d69888f9780e52185139d97dcaaf9c",
            "messageTitle": "update on print tasks",
            "messageBody": "",
            "fileTypesAndContributionMap": {
              "functional-code": {
                "insertions": 14,
                "deletions": 10
              },
              "other": {
                "insertions": 11,
                "deletions": 3
              }
            }
          },
          {
            "hash": "4059c8e066e2fb2c7c65414f287db7c6bb664f46",
            "messageTitle": "fix checks",
            "messageBody": "",
            "fileTypesAndContributionMap": {
              "test-code": {
                "insertions": 44,
                "deletions": 42
              }
            }
          }
        ]
      },
      {
        "date": "2020-10-13",
        "commitResults": [
          {
            "hash": "095efeaf4a28e7d6fdd177077ac75b921b8f8597",
            "messageTitle": "fix input format for activity",
            "messageBody": "",
            "fileTypesAndContributionMap": {
              "functional-code": {
                "insertions": 13,
                "deletions": 13
              },
              "other": {
                "insertions": 6,
                "deletions": 0
              }
            }
          },
          {
            "hash": "f6bb8cd8112270d33ab4758bb577822054d4b9f2",
            "messageTitle": "shorten user input format",
            "messageBody": "",
            "fileTypesAndContributionMap": {
              "functional-code": {
                "insertions": 12,
                "deletions": 13
              },
              "other": {
                "insertions": 7,
                "deletions": 6
              }
            }
          }
        ]
      },
      {
        "date": "2020-10-14",
        "commitResults": [
          {
            "hash": "5a4198a4da771b5a8f463279734810c4108db3ea",
            "messageTitle": "add UI message when there is no tasks found",
            "messageBody": "",
            "fileTypesAndContributionMap": {
              "functional-code": {
                "insertions": 3,
                "deletions": 0
              }
            }
          },
          {
            "hash": "0846c395904a92461ad23468ebdc4a54c500e984",
            "messageTitle": "update on deadline output format",
            "messageBody": "",
            "fileTypesAndContributionMap": {
              "functional-code": {
                "insertions": 1,
                "deletions": 1
              },
              "other": {
                "insertions": 5,
                "deletions": 0
              }
            }
          }
        ]
      },
      {
        "date": "2020-10-15",
        "commitResults": [
          {
            "hash": "520d6bef5e82456ff174fc886e7d7656707bbf6a",
            "messageTitle": "trying to build jar",
            "messageBody": "",
            "fileTypesAndContributionMap": {
              "other": {
                "insertions": 1,
                "deletions": 0
              }
            }
          }
        ]
      },
      {
        "date": "2020-10-16",
        "commitResults": [
          {
            "hash": "1d7d150ec1e60729dad4ab3e065f4cb648f25d8f",
            "messageTitle": "change the addMessage for recurring events",
            "messageBody": "",
            "fileTypesAndContributionMap": {
              "functional-code": {
                "insertions": 13,
                "deletions": 2
              },
              "other": {
                "insertions": 7,
                "deletions": 18
              }
            }
          },
          {
            "hash": "1a2e2a6c0f03ee9030c202f0515718a957fbc136",
            "messageTitle": "add new abstract method getRecurringDescription",
            "messageBody": "",
            "fileTypesAndContributionMap": {
              "functional-code": {
                "insertions": 7,
                "deletions": 0
              }
            }
          },
          {
            "hash": "eba865cfaeb5bdb59330c76a2f4ace6f7cdb6a2e",
            "messageTitle": "update user input parser logic in the AddCommand class to fit for recurring events such as lect, lab and tut",
            "messageBody": "",
            "fileTypesAndContributionMap": {
              "functional-code": {
                "insertions": 90,
                "deletions": 7
              },
              "other": {
                "insertions": 3,
                "deletions": 3
              }
            }
          },
          {
            "hash": "fcb9cd1bc08ea46f5ac2f3cfe55e2533a409060d",
            "messageTitle": "update text-ui-test",
            "messageBody": "",
            "fileTypesAndContributionMap": {
              "other": {
                "insertions": 10,
                "deletions": 0
              }
            }
          }
        ]
      },
      {
        "date": "2020-10-21",
        "commitResults": [
          {
            "hash": "6b4bc1ef8402c683780f0f0ce99bfb60f03e40c5",
            "messageTitle": "update readme.md in docs",
            "messageBody": "",
            "fileTypesAndContributionMap": {
              "docs": {
                "insertions": 45,
                "deletions": 8
              }
            }
          },
          {
            "hash": "9ca38ea824f74c632ee47d7eb8cc0498f33289c7",
            "messageTitle": "update user guide",
            "messageBody": "",
            "fileTypesAndContributionMap": {
              "docs": {
                "insertions": 444,
                "deletions": 20
              }
            }
          },
          {
            "hash": "c7fe9aaae0431c2aa67c8e49623051ce90de57dc",
            "messageTitle": "update user guide",
            "messageBody": "",
            "fileTypesAndContributionMap": {
              "docs": {
                "insertions": 15,
                "deletions": 15
              }
            }
          },
          {
            "hash": "d7a1375027e2583e761f1974ef277f775752e43c",
            "messageTitle": "Update README.md",
            "messageBody": "",
            "fileTypesAndContributionMap": {
              "docs": {
                "insertions": 1,
                "deletions": 1
              }
            }
          }
        ]
      }
    ],
    "imhm": [
      {
        "date": "2020-10-01",
        "commitResults": [
          {
            "hash": "5929fdaa12aa2959940e68ca99b4f4cf4cec9e6c",
            "messageTitle": "Add Hong Ming\u0027s iP",
            "messageBody": "",
            "fileTypesAndContributionMap": {
              "functional-code": {
                "insertions": 910,
                "deletions": 12
              },
              "other": {
                "insertions": 20,
                "deletions": 1
              }
            }
          },
          {
            "hash": "c0b913fc98dd653689cb3be097c42dd40d8a4d9f",
            "messageTitle": "Update code refactoring",
            "messageBody": "",
            "fileTypesAndContributionMap": {
              "functional-code": {
                "insertions": 26,
                "deletions": 25
              },
              "other": {
                "insertions": 28,
                "deletions": 28
              }
            }
          },
          {
            "hash": "117d905588df2dc1c5f7b976ea183245d9fecad6",
            "messageTitle": "Update code refactoring",
            "messageBody": "",
            "fileTypesAndContributionMap": {
              "functional-code": {
                "insertions": 4,
                "deletions": 8
              }
            }
          },
          {
            "hash": "891ab15f4efb58c83d53d6591da59b0f1b7b0fbc",
            "messageTitle": "Update runtest.bat file to enable printing of unicode character",
            "messageBody": "",
            "fileTypesAndContributionMap": {
              "other": {
                "insertions": 1,
                "deletions": 1
              }
            }
          }
        ]
      },
      {
        "date": "2020-10-02",
        "commitResults": [
          {
            "hash": "86f439f0a0c7086876b820ea92c30c7f3d093cf1",
            "messageTitle": "Update exception handling for commands",
            "messageBody": "",
            "fileTypesAndContributionMap": {
              "functional-code": {
                "insertions": 52,
                "deletions": 33
              }
            }
          },
          {
            "hash": "534dc424a11a14bbb93dd826b827b3c98c6b1a84",
            "messageTitle": "Remove Unicode Chars and replace with \"/\" and \"X\"",
            "messageBody": "",
            "fileTypesAndContributionMap": {
              "functional-code": {
                "insertions": 5,
                "deletions": 5
              }
            }
          }
        ]
      },
      {
        "date": "2020-10-03",
        "commitResults": [
          {
            "hash": "0449b825e669c8c59d115a75d7d36cbb9bee7dbf",
            "messageTitle": "Convert all user input dates to Local date. Add Date Parser class",
            "messageBody": "",
            "fileTypesAndContributionMap": {
              "functional-code": {
                "insertions": 77,
                "deletions": 19
              }
            }
          },
          {
            "hash": "27ac2c765c3c2278882dd8915b8442b1b6c0f3d3",
            "messageTitle": "Amend JavaDoc comments",
            "messageBody": "",
            "fileTypesAndContributionMap": {
              "functional-code": {
                "insertions": 2,
                "deletions": 2
              },
              "other": {
                "insertions": 0,
                "deletions": 1
              }
            }
          },
          {
            "hash": "4d2083dd40bcdacf85275708da6908c83d24a403",
            "messageTitle": "Update UI test and EXPECTED.txt and input.txt file to change date to ddMMyy format",
            "messageBody": "",
            "fileTypesAndContributionMap": {
              "other": {
                "insertions": 3,
                "deletions": 2
              }
            }
          }
        ]
      },
      {
        "date": "2020-10-06",
        "commitResults": [
          {
            "hash": "7845e1e16dade908b4b6178a90769729982e5003",
            "messageTitle": "Add Exam task",
            "messageBody": "",
            "fileTypesAndContributionMap": {
              "functional-code": {
                "insertions": 95,
                "deletions": 24
              },
              "other": {
                "insertions": 24,
                "deletions": 1
              }
            }
          },
          {
            "hash": "28b7f8674ef498c249cc0bd682d34e52d3cb76a5",
            "messageTitle": "Update outputtasks.txt",
            "messageBody": "",
            "fileTypesAndContributionMap": {
              "other": {
                "insertions": 0,
                "deletions": 1
              }
            }
          },
          {
            "hash": "149aba9e3ce1bcdfd215f75f79cf643a061ce332",
            "messageTitle": "Add Help Command",
            "messageBody": "",
            "fileTypesAndContributionMap": {
              "functional-code": {
                "insertions": 74,
                "deletions": 18
              },
              "other": {
                "insertions": 1,
                "deletions": 0
              }
            }
          },
          {
            "hash": "0f799f46ddf14c1aba8fdd80de7a98dd40eeb02d",
            "messageTitle": "Amend  \"invalid command\" print",
            "messageBody": "",
            "fileTypesAndContributionMap": {
              "functional-code": {
                "insertions": 1,
                "deletions": 1
              }
            }
          }
        ]
      },
      {
        "date": "2020-10-08",
        "commitResults": [
          {
            "hash": "3083c88d541ec71b27af2a6e2d7e145d4879edce",
            "messageTitle": "Create CalenderItem superclass, create CalendarList class, create Event class, create SchoolEvent class Update Lecture class extends to SchoolEvent",
            "messageBody": "",
            "fileTypesAndContributionMap": {
              "functional-code": {
                "insertions": 391,
                "deletions": 269
              },
              "other": {
                "insertions": 33,
                "deletions": 25
              }
            }
          },
          {
            "hash": "d0f9c4f643606fd65261797cf6f6b4b203bae0e9",
            "messageTitle": "Update Activity to extend Event instead of Task",
            "messageBody": "",
            "fileTypesAndContributionMap": {
              "functional-code": {
                "insertions": 52,
                "deletions": 38
              },
              "other": {
                "insertions": 4,
                "deletions": 8
              }
            }
          },
          {
            "hash": "607cd9dd1fb6b7762f3f6aef3b0f776c665d4577",
            "messageTitle": "Update Exam to extend Event instead of Task",
            "messageBody": "",
            "fileTypesAndContributionMap": {
              "functional-code": {
                "insertions": 25,
                "deletions": 20
              },
              "other": {
                "insertions": 3,
                "deletions": 3
              }
            }
          },
          {
            "hash": "dcb1831eee64bf1d685e6fcca6f53fdc9ac80232",
            "messageTitle": "Adjust comment indentation",
            "messageBody": "",
            "fileTypesAndContributionMap": {
              "functional-code": {
                "insertions": 62,
                "deletions": 61
              }
            }
          }
        ]
      },
      {
        "date": "2020-10-11",
        "commitResults": [
          {
            "hash": "2f49d36323930796a08d3e308d5d27ffe3cf1ff9",
            "messageTitle": "Update delete and done command",
            "messageBody": "",
            "fileTypesAndContributionMap": {
              "functional-code": {
                "insertions": 147,
                "deletions": 64
              },
              "other": {
                "insertions": 7,
                "deletions": 0
              }
            }
          },
          {
            "hash": "0549e5523b45733f4fecbfd0fde7058265ae68d9",
            "messageTitle": "Update Add command to print total tasks only when user adds a task.",
            "messageBody": "",
            "fileTypesAndContributionMap": {
              "functional-code": {
                "insertions": 13,
                "deletions": 7
              }
            }
          },
          {
            "hash": "cd0a034b9471dd10c49867dedbfcb9a9e30e8736",
            "messageTitle": "Update code refactoring",
            "messageBody": "",
            "fileTypesAndContributionMap": {
              "functional-code": {
                "insertions": 2,
                "deletions": 0
              }
            }
          },
          {
            "hash": "17c7137ed59715a20ee62e2122c43b9739d68039",
            "messageTitle": "Refactor Exam class to event package",
            "messageBody": "",
            "fileTypesAndContributionMap": {
              "functional-code": {
                "insertions": 6,
                "deletions": 6
              },
              "other": {
                "insertions": 4,
                "deletions": 3
              }
            }
          }
        ]
      },
      {
        "date": "2020-10-14",
        "commitResults": [
          {
            "hash": "738a9b38e01f2de9b178b1afbe5bbedfc940cd28",
            "messageTitle": "Fix delete command bug",
            "messageBody": "",
            "fileTypesAndContributionMap": {
              "functional-code": {
                "insertions": 1,
                "deletions": 1
              }
            }
          },
          {
            "hash": "fd5b6834a422dbe352cf28528cde78c4dd2dd6bf",
            "messageTitle": "fix add message bug",
            "messageBody": "",
            "fileTypesAndContributionMap": {
              "functional-code": {
                "insertions": 42,
                "deletions": 43
              }
            }
          },
          {
            "hash": "3033c6ce6a3a342dd8fe4591fc8c5b3fd620f402",
            "messageTitle": "Update find command branch. can search tasks, events or both. search entire toString",
            "messageBody": "",
            "fileTypesAndContributionMap": {
              "functional-code": {
                "insertions": 120,
                "deletions": 54
              },
              "other": {
                "insertions": 4,
                "deletions": 0
              }
            }
          },
          {
            "hash": "e5040570ad95bd984c1903e487bd960dcdb18c1a",
            "messageTitle": "code refactoring to fit CI",
            "messageBody": "",
            "fileTypesAndContributionMap": {
              "functional-code": {
                "insertions": 6,
                "deletions": 2
              }
            }
          }
        ]
      },
      {
        "date": "2020-10-18",
        "commitResults": [
          {
            "hash": "4f7685e88544f9478abdab98523d1d1e08838d83",
            "messageTitle": "Add JUnit testing for delete command Update Delete Command to cater for invalid command",
            "messageBody": "",
            "fileTypesAndContributionMap": {
              "functional-code": {
                "insertions": 2,
                "deletions": 0
              },
              "test-code": {
                "insertions": 118,
                "deletions": 0
              }
            }
          },
          {
            "hash": "f2bf41376686e8dff160d7271b21dcb542707ba6",
            "messageTitle": "Add JUnit tests for Done Command",
            "messageBody": "",
            "fileTypesAndContributionMap": {
              "test-code": {
                "insertions": 60,
                "deletions": 0
              }
            }
          },
          {
            "hash": "3ee70a6236881b67c52e8f762284afe83120425e",
            "messageTitle": "Add JUnit test for Find Command",
            "messageBody": "",
            "fileTypesAndContributionMap": {
              "test-code": {
                "insertions": 35,
                "deletions": 0
              }
            }
          },
          {
            "hash": "e5b0641b13b91eb3b988585aa8ff10eebe793fe0",
            "messageTitle": "Code refactoring to pass CI",
            "messageBody": "",
            "fileTypesAndContributionMap": {
              "functional-code": {
                "insertions": 24,
                "deletions": 24
              },
              "test-code": {
                "insertions": 46,
                "deletions": 48
              }
            }
          },
          {
            "hash": "1f5623ebf3a958851b0486d0129676a1c2bb4fe2",
            "messageTitle": "Add Additional Information command",
            "messageBody": "",
            "fileTypesAndContributionMap": {
              "functional-code": {
                "insertions": 85,
                "deletions": 14
              },
              "other": {
                "insertions": 5,
                "deletions": 23
              },
              "test-code": {
                "insertions": 46,
                "deletions": 0
              }
            }
          },
          {
            "hash": "c6bf364655fe2cbb8f3bfffa164d339eb8afce5d",
            "messageTitle": "Code refactoring to fit CI",
            "messageBody": "",
            "fileTypesAndContributionMap": {
              "functional-code": {
                "insertions": 7,
                "deletions": 3
              }
            }
          },
          {
            "hash": "1fb5178c58878fb4a51fc032985466784f27b1f9",
            "messageTitle": "Add View Information Command",
            "messageBody": "",
            "fileTypesAndContributionMap": {
              "functional-code": {
                "insertions": 60,
                "deletions": 6
              },
              "other": {
                "insertions": 2,
                "deletions": 0
              },
              "test-code": {
                "insertions": 46,
                "deletions": 0
              }
            }
          },
          {
            "hash": "fe2c75c018ada5c8dd7a1cbbe245a5069dd4db3a",
            "messageTitle": "Include comments for each function in AddInfoCommand and ViewInfoCommand",
            "messageBody": "",
            "fileTypesAndContributionMap": {
              "functional-code": {
                "insertions": 41,
                "deletions": 17
              }
            }
          }
        ]
      },
      {
        "date": "2020-10-20",
        "commitResults": [
          {
            "hash": "5ebdee2d6cf1a89a844e74f59e4a1da8e142a941",
            "messageTitle": "Enable and add assertions",
            "messageBody": "",
            "fileTypesAndContributionMap": {
              "functional-code": {
                "insertions": 27,
                "deletions": 8
              },
              "other": {
                "insertions": 2,
                "deletions": 0
              }
            }
          },
          {
            "hash": "266efb1d7956a57ecdc5a46029e1bc1a301de291",
            "messageTitle": "Code refactoring to meet CI",
            "messageBody": "",
            "fileTypesAndContributionMap": {
              "functional-code": {
                "insertions": 1,
                "deletions": 4
              }
            }
          }
        ]
      },
      {
        "date": "2020-10-21",
        "commitResults": [
          {
            "hash": "cdfd9c585cfa67a01dc37268d3fc0a12594e0d8f",
            "messageTitle": "Base template of Developer Guide",
            "messageBody": "",
            "fileTypesAndContributionMap": {
              "docs": {
                "insertions": 8,
                "deletions": 1
              }
            }
          },
          {
            "hash": "7f39f78d07017846f1485c4b8e0391985618eefc",
            "messageTitle": "Add archi SD",
            "messageBody": "",
            "fileTypesAndContributionMap": {
              "docs": {
                "insertions": 2,
                "deletions": 0
              }
            }
          },
          {
            "hash": "b5a6f959a6bcafb3a6e271a28823855e2775eeac",
            "messageTitle": "Add model class diagram for design segment",
            "messageBody": "",
            "fileTypesAndContributionMap": {
              "docs": {
                "insertions": 3,
                "deletions": 2
              }
            }
          },
          {
            "hash": "b46b425cc136da856b97d2efde82e15649a57a55",
            "messageTitle": "Add addInfoCommand implementation and doneCommand implementation",
            "messageBody": "",
            "fileTypesAndContributionMap": {
              "docs": {
                "insertions": 27,
                "deletions": 3
              }
            }
          },
          {
            "hash": "5138b7fea8a1b10c9310ad09c520fbcab48387b1",
            "messageTitle": "Add deleteCommand implementation",
            "messageBody": "",
            "fileTypesAndContributionMap": {
              "docs": {
                "insertions": 9,
                "deletions": 3
              }
            }
          },
          {
            "hash": "fd26798996c083971ab5e748c683b6589cbd2513",
            "messageTitle": "Add findCommand implementation",
            "messageBody": "",
            "fileTypesAndContributionMap": {
              "docs": {
                "insertions": 7,
                "deletions": 1
              }
            }
          }
        ]
      }
    ],
    "JiawenLyu": [
      {
        "date": "2020-10-05",
        "commitResults": [
          {
            "hash": "989b67188322b32a6ccfaebd097efd8f12482aa6",
            "messageTitle": "Add command \"print progress\" to calculate user\u0027s progress of deadlines and todos.",
            "messageBody": "",
            "fileTypesAndContributionMap": {
              "functional-code": {
                "insertions": 66,
                "deletions": 9
              },
              "other": {
                "insertions": 1,
                "deletions": 1
              }
            }
          },
          {
            "hash": "45d42f3ee461f03b73b0e56cb1c7436e23e38556",
            "messageTitle": "Fix checkstyle errors.",
            "messageBody": "",
            "fileTypesAndContributionMap": {
              "functional-code": {
                "insertions": 23,
                "deletions": 14
              }
            }
          },
          {
            "hash": "8f36d5e29ef1c9000f64aa4b1f785ff47563ef65",
            "messageTitle": "Fix checkstyle errors",
            "messageBody": "",
            "fileTypesAndContributionMap": {
              "functional-code": {
                "insertions": 4,
                "deletions": 4
              }
            }
          }
        ]
      },
      {
        "date": "2020-10-06",
        "commitResults": [
          {
            "hash": "d5a1e518e1f32e8267ede32eaec7f85279e49bd8",
            "messageTitle": "Add simple lecture, tutorial, lab classes.",
            "messageBody": "",
            "fileTypesAndContributionMap": {
              "functional-code": {
                "insertions": 158,
                "deletions": 0
              }
            }
          },
          {
            "hash": "b80a0f31d2a51834a6be839568ff31ca1be6df2f",
            "messageTitle": "Fix checkstyle errors.",
            "messageBody": "",
            "fileTypesAndContributionMap": {
              "functional-code": {
                "insertions": 3,
                "deletions": 3
              }
            }
          },
          {
            "hash": "d083ebedf1b9ff82e1809b77dd1178aec7b008f5",
            "messageTitle": "Modify return taskType of lecture, tutorial, lab classes.",
            "messageBody": "",
            "fileTypesAndContributionMap": {
              "functional-code": {
                "insertions": 3,
                "deletions": 3
              }
            }
          }
        ]
      },
      {
        "date": "2020-10-09",
        "commitResults": [
          {
            "hash": "489a6366c7697337a38846549e40197eb4b94b5c",
            "messageTitle": "Update lecture, tutorial, lab. Update comments.",
            "messageBody": "",
            "fileTypesAndContributionMap": {
              "functional-code": {
                "insertions": 239,
                "deletions": 137
              },
              "other": {
                "insertions": 3,
                "deletions": 1
              }
            }
          },
          {
            "hash": "e12d5d9c9c5ea630316e7d3e339c36f333181905",
            "messageTitle": "Update progress",
            "messageBody": "",
            "fileTypesAndContributionMap": {
              "functional-code": {
                "insertions": 9,
                "deletions": 9
              },
              "other": {
                "insertions": 1,
                "deletions": 0
              }
            }
          },
          {
            "hash": "2fbdc8ad793f1cec4d3e3e598977cafed471f5b1",
            "messageTitle": "Update help command.",
            "messageBody": "",
            "fileTypesAndContributionMap": {
              "functional-code": {
                "insertions": 2,
                "deletions": 2
              }
            }
          },
          {
            "hash": "d21c5bcf149e9619614f0a136d722111b52203e6",
            "messageTitle": "Fix the checkstyle errors.",
            "messageBody": "",
            "fileTypesAndContributionMap": {
              "functional-code": {
                "insertions": 8,
                "deletions": 2
              },
              "other": {
                "insertions": 1,
                "deletions": 1
              }
            }
          },
          {
            "hash": "1e051dc7b3e8db4e5111c838a413818d1cfa67b2",
            "messageTitle": "Fix checkstyle errors.",
            "messageBody": "",
            "fileTypesAndContributionMap": {
              "functional-code": {
                "insertions": 5,
                "deletions": 3
              }
            }
          }
        ]
      },
      {
        "date": "2020-10-10",
        "commitResults": [
          {
            "hash": "dd8155f15e248502017bcd8d32218d2ba58581d0",
            "messageTitle": "Distinguish between taskType and eventType. Fix progress function.",
            "messageBody": "",
            "fileTypesAndContributionMap": {
              "functional-code": {
                "insertions": 23,
                "deletions": 22
              }
            }
          },
          {
            "hash": "a0732ade0f1deccbc40c4ed09abf1d8c68a6325e",
            "messageTitle": "Add isOver to lecture, tutorial, lab classes.",
            "messageBody": "",
            "fileTypesAndContributionMap": {
              "functional-code": {
                "insertions": 87,
                "deletions": 6
              },
              "other": {
                "insertions": 2,
                "deletions": 2
              }
            }
          },
          {
            "hash": "e31d25475bac8e0cf6162069790ad2c597642914",
            "messageTitle": "Fix text-ui-test.",
            "messageBody": "",
            "fileTypesAndContributionMap": {
              "other": {
                "insertions": 2,
                "deletions": 0
              }
            }
          },
          {
            "hash": "26e0a9e89cd8ffde94546ecf1dfeff4defc1fab1",
            "messageTitle": "Fix errors.",
            "messageBody": "",
            "fileTypesAndContributionMap": {
              "other": {
                "insertions": 1,
                "deletions": 3
              }
            }
          },
          {
            "hash": "7d7458670f8d8620c91002c1c2dfc0e58105c7a6",
            "messageTitle": "Fix errors.",
            "messageBody": "",
            "fileTypesAndContributionMap": {
              "other": {
                "insertions": 1,
                "deletions": 1
              }
            }
          }
        ]
      },
      {
        "date": "2020-10-11",
        "commitResults": [
          {
            "hash": "f09bda1d92a615653a119829c6d5cf2d3a82f572",
            "messageTitle": "Modify printProgressCommand.",
            "messageBody": "",
            "fileTypesAndContributionMap": {
              "functional-code": {
                "insertions": 3,
                "deletions": 3
              },
              "other": {
                "insertions": 2,
                "deletions": 2
              }
            }
          },
          {
            "hash": "7d9a2ec2fe7afd18f9c08fc25f7649abfdfb41ee",
            "messageTitle": "Merge upstream to master",
            "messageBody": "",
            "fileTypesAndContributionMap": {
              "functional-code": {
                "insertions": 93,
                "deletions": 38
              },
              "other": {
                "insertions": 6,
                "deletions": 9
              }
            }
          }
        ]
      },
      {
        "date": "2020-10-12",
        "commitResults": [
          {
            "hash": "97c7858869032b76a53c2aef78b115783cf2d27e",
            "messageTitle": "Change data",
            "messageBody": "",
            "fileTypesAndContributionMap": {
              "other": {
                "insertions": 0,
                "deletions": 5
              }
            }
          },
          {
            "hash": "217de7ee20f5cec69d0e106038668310910e6e98",
            "messageTitle": "Update isOver of events. Modify output format for events.",
            "messageBody": "",
            "fileTypesAndContributionMap": {
              "functional-code": {
                "insertions": 83,
                "deletions": 35
              },
              "other": {
                "insertions": 11,
                "deletions": 8
              }
            }
          },
          {
            "hash": "7a5e632dbba6cdd7c119f98f4a40ecbfc9aeef57",
            "messageTitle": "Modify help command.",
            "messageBody": "",
            "fileTypesAndContributionMap": {
              "functional-code": {
                "insertions": 4,
                "deletions": 4
              }
            }
          },
          {
            "hash": "fa23c4df3baddb39f381b84271a313340a8e36b2",
            "messageTitle": "Change comments.",
            "messageBody": "",
            "fileTypesAndContributionMap": {
              "functional-code": {
                "insertions": 6,
                "deletions": 3
              },
              "other": {
                "insertions": 0,
                "deletions": 6
              }
            }
          },
          {
            "hash": "e9d8307f593f6264a7b81ac37bb170481caff649",
            "messageTitle": "Fix errors.",
            "messageBody": "",
            "fileTypesAndContributionMap": {
              "functional-code": {
                "insertions": 1,
                "deletions": 1
              },
              "other": {
                "insertions": 0,
                "deletions": 6
              }
            }
          }
        ]
      },
      {
        "date": "2020-10-18",
        "commitResults": [
          {
            "hash": "13cd02dff87e056861fa014ed730e534e34ee26f",
            "messageTitle": "Add isImportant to tasks. Add prioritize command.",
            "messageBody": "",
            "fileTypesAndContributionMap": {
              "functional-code": {
                "insertions": 110,
                "deletions": 10
              }
            }
          },
          {
            "hash": "9d7699ed373a5336dc56c07260c8f217d97aaa97",
            "messageTitle": "Add PrintPriorityCommand.",
            "messageBody": "",
            "fileTypesAndContributionMap": {
              "functional-code": {
                "insertions": 62,
                "deletions": 3
              }
            }
          },
          {
            "hash": "3e0de87956ffaeb1b7518271dda37053083b8b57",
            "messageTitle": "Clear tasks.txt",
            "messageBody": "",
            "fileTypesAndContributionMap": {
              "functional-code": {
                "insertions": 0,
                "deletions": 1
              },
              "other": {
                "insertions": 2,
                "deletions": 23
              }
            }
          },
          {
            "hash": "3b491d27e385d9a08ad402311cd4aab35066490d",
            "messageTitle": "Update text-ui-test.",
            "messageBody": "",
            "fileTypesAndContributionMap": {
              "functional-code": {
                "insertions": 1,
                "deletions": 1
              },
              "other": {
                "insertions": 2,
                "deletions": 2
              }
            }
          },
          {
            "hash": "7b7e37e8e7c8d9b50a2af34cdaa91a999b22486d",
            "messageTitle": "Update constructors.",
            "messageBody": "",
            "fileTypesAndContributionMap": {
              "functional-code": {
                "insertions": 2,
                "deletions": 0
              },
              "other": {
                "insertions": 0,
                "deletions": 1
              }
            }
          }
        ]
      },
      {
        "date": "2020-10-19",
        "commitResults": [
          {
            "hash": "376c49991dce4c05901f287c0661235b963bfb34",
            "messageTitle": "Add function to give simple suggestions to users.",
            "messageBody": "",
            "fileTypesAndContributionMap": {
              "functional-code": {
                "insertions": 199,
                "deletions": 1
              }
            }
          },
          {
            "hash": "9d2f88cb1abab65d9ca53bf251739f432c41cf30",
            "messageTitle": "Clear tasks.txt",
            "messageBody": "",
            "fileTypesAndContributionMap": {
              "other": {
                "insertions": 1,
                "deletions": 4
              }
            }
          },
          {
            "hash": "ef7012d23a15536cbc4feb90fc84443383d91bb4",
            "messageTitle": "Update text-ui-test",
            "messageBody": "",
            "fileTypesAndContributionMap": {
              "other": {
                "insertions": 12,
                "deletions": 1
              }
            }
          },
          {
            "hash": "97d6fd838af51357eecb8cee81320576b6ddddef",
            "messageTitle": "Update text-ui-test",
            "messageBody": "",
            "fileTypesAndContributionMap": {
              "other": {
                "insertions": 1,
                "deletions": 0
              }
            }
          },
          {
            "hash": "b828900d50c2855747b53c50386fdbe1dc7ee642",
            "messageTitle": "Adjust output format.",
            "messageBody": "",
            "fileTypesAndContributionMap": {
              "functional-code": {
                "insertions": 1,
                "deletions": 2
              }
            }
          },
          {
            "hash": "43e924dcc832ccffa202ab16455804e9aa9845f9",
            "messageTitle": "Modify exception handling for prioritize command.",
            "messageBody": "",
            "fileTypesAndContributionMap": {
              "functional-code": {
                "insertions": 4,
                "deletions": 3
              }
            }
          },
          {
            "hash": "a6a447386667e4167938fce8de6be0ed6be5128c",
            "messageTitle": "Add JUnit test for pritoritize command.",
            "messageBody": "",
            "fileTypesAndContributionMap": {
              "test-code": {
                "insertions": 46,
                "deletions": 0
              }
            }
          }
        ]
      },
      {
        "date": "2020-10-21",
        "commitResults": [
          {
            "hash": "a91dc5c84fe30b9e7b08c75a71b1b481dda9f751",
            "messageTitle": "Update DG Design part.",
            "messageBody": "",
            "fileTypesAndContributionMap": {
              "docs": {
                "insertions": 38,
                "deletions": 1
              }
            }
          },
          {
            "hash": "7b1e3a4d67006df0b389a0df9d892db177bfeeab",
            "messageTitle": "Update DG Deisgn part.",
            "messageBody": "",
            "fileTypesAndContributionMap": {
              "docs": {
                "insertions": 8,
                "deletions": 0
              }
            }
          },
          {
            "hash": "76992bded61d5f035f77d5767e26c13189bba36e",
            "messageTitle": "Modify DG Design part.",
            "messageBody": "",
            "fileTypesAndContributionMap": {
              "docs": {
                "insertions": 12,
                "deletions": 8
              }
            }
          }
        ]
      },
      {
        "date": "2020-10-22",
        "commitResults": [
          {
            "hash": "c7610b975a51d93816cc1256f4dbcaa262f4dfb6",
            "messageTitle": "Fix bugs in isOver.",
            "messageBody": "",
            "fileTypesAndContributionMap": {
              "functional-code": {
                "insertions": 39,
                "deletions": 3
              },
              "other": {
                "insertions": 7,
                "deletions": 4
              }
            }
          },
          {
            "hash": "03e00b76d52a759cfea590e8cabce21415861c0b",
            "messageTitle": "Fix ci test.",
            "messageBody": "",
            "fileTypesAndContributionMap": {
              "other": {
                "insertions": 1,
                "deletions": 1
              }
            }
          },
          {
            "hash": "4c536d2579de66d75515499d54f1e679d1d43be8",
            "messageTitle": "Fix bugs.",
            "messageBody": "",
            "fileTypesAndContributionMap": {
              "other": {
                "insertions": 1,
                "deletions": 1
              }
            }
          },
          {
            "hash": "8d6edfbeb37d7fd9550793fdd4db70bd99471f6f",
            "messageTitle": "Fix error.",
            "messageBody": "",
            "fileTypesAndContributionMap": {
              "functional-code": {
                "insertions": 4,
                "deletions": 4
              }
            }
          },
          {
            "hash": "2c9aafb1075c6db57b4ce3e5552d3bcf0b091a65",
            "messageTitle": "Fix errors.",
            "messageBody": "",
            "fileTypesAndContributionMap": {
              "functional-code": {
                "insertions": 4,
                "deletions": 4
              }
            }
          },
          {
            "hash": "e284e7ee8c5043eec6107e3eaca2db73ba58cba6",
            "messageTitle": "Finalise getIsOver().",
            "messageBody": "",
            "fileTypesAndContributionMap": {
              "functional-code": {
                "insertions": 0,
                "deletions": 21
              }
            }
          }
        ]
      }
    ],
    "Jingming517": [
      {
        "date": "2020-10-01",
        "commitResults": [
          {
            "hash": "e7155782dab4e6f6125bc1a52bc0ec1f676a3627",
            "messageTitle": "Update AboutUs.md",
            "messageBody": "",
            "fileTypesAndContributionMap": {
              "docs": {
                "insertions": 1,
                "deletions": 1
              }
            }
          }
        ]
      },
      {
        "date": "2020-10-05",
        "commitResults": [
          {
            "hash": "1762d8c8be755d69cf4d22da1e12da0ec09db6ad",
            "messageTitle": "Add print timeline function",
            "messageBody": "",
            "fileTypesAndContributionMap": {
              "functional-code": {
                "insertions": 90,
                "deletions": 8
              }
            }
          },
          {
            "hash": "25e19bff345c5a7b619c1a1df08df6e8b45f3cf1",
            "messageTitle": "coding standard",
            "messageBody": "",
            "fileTypesAndContributionMap": {
              "functional-code": {
                "insertions": 16,
                "deletions": 7
              }
            }
          },
          {
            "hash": "cacb60a56ce61cf5fbb2127e727184bce85cedf1",
            "messageTitle": "coding standard",
            "messageBody": "",
            "fileTypesAndContributionMap": {
              "functional-code": {
                "insertions": 10,
                "deletions": 9
              }
            }
          },
          {
            "hash": "5cbb886117771b04205f45864a389b8d49cafd1b",
            "messageTitle": "Update PrintTimelineCommand.java",
            "messageBody": "",
            "fileTypesAndContributionMap": {
              "functional-code": {
                "insertions": 3,
                "deletions": 3
              }
            }
          },
          {
            "hash": "a43811863aeb2ad35786265cc334e67c031614d1",
            "messageTitle": "Update PrintTimelineCommand.java",
            "messageBody": "",
            "fileTypesAndContributionMap": {
              "functional-code": {
                "insertions": 8,
                "deletions": 10
              }
            }
          },
          {
            "hash": "f2d32c8110afaa3e86163285bb7548a067de5d29",
            "messageTitle": "Update PrintTimelineCommand.java",
            "messageBody": "",
            "fileTypesAndContributionMap": {
              "functional-code": {
                "insertions": 3,
                "deletions": 3
              }
            }
          },
          {
            "hash": "1269e7c2cf74bd3aa35c9bd33ef7cff667e10fcb",
            "messageTitle": "Update PrintTimelineCommand.java",
            "messageBody": "",
            "fileTypesAndContributionMap": {
              "functional-code": {
                "insertions": 3,
                "deletions": 1
              }
            }
          },
          {
            "hash": "2c214037035f17737436dfe858aa64cbda456122",
            "messageTitle": "Update PrintTimelineCommand.java",
            "messageBody": "",
            "fileTypesAndContributionMap": {
              "functional-code": {
                "insertions": 1,
                "deletions": 1
              }
            }
          },
          {
            "hash": "e216d4c55a281040b17c43244a41001375025052",
            "messageTitle": "Update Task.java",
            "messageBody": "",
            "fileTypesAndContributionMap": {
              "functional-code": {
                "insertions": 3,
                "deletions": 2
              }
            }
          }
        ]
      },
      {
        "date": "2020-10-09",
        "commitResults": [
          {
            "hash": "a588e38f21ead544ce23f2b09e2bf58deca810fa",
            "messageTitle": "test passed",
            "messageBody": "",
            "fileTypesAndContributionMap": {
              "functional-code": {
                "insertions": 3,
                "deletions": 3
              },
              "other": {
                "insertions": 0,
                "deletions": 0
              }
            }
          }
        ]
      },
      {
        "date": "2020-10-11",
        "commitResults": [
          {
            "hash": "c3a8045cb9298c8622c6c19d84de15aed9e8c648",
            "messageTitle": "test passed",
            "messageBody": "",
            "fileTypesAndContributionMap": {
              "other": {
                "insertions": 5,
                "deletions": 0
              }
            }
          },
          {
            "hash": "e7ef17355fff6c57c46e63d62e3794c09281cfbe",
            "messageTitle": "added comments",
            "messageBody": "",
            "fileTypesAndContributionMap": {
              "functional-code": {
                "insertions": 5,
                "deletions": 0
              },
              "other": {
                "insertions": 0,
                "deletions": 8
              }
            }
          },
          {
            "hash": "7bfaabdd37ace5945aa8f79f04f30d4d09db2bef",
            "messageTitle": "edited comments",
            "messageBody": "",
            "fileTypesAndContributionMap": {
              "functional-code": {
                "insertions": 3,
                "deletions": 3
              },
              "other": {
                "insertions": 1,
                "deletions": 5
              }
            }
          },
          {
            "hash": "b88acfb2b60d7218c0f3c02934f5cef7ee8b9b7e",
            "messageTitle": "merged input",
            "messageBody": "",
            "fileTypesAndContributionMap": {
              "other": {
                "insertions": 2,
                "deletions": 8
              }
            }
          }
        ]
      }
    ],
    "Zhangyilin0203": [
      {
        "date": "2020-10-06",
        "commitResults": [
          {
            "hash": "61e8150094594d7084b7f5d59e5477be2c7e3068",
            "messageTitle": "Change the format of saving data",
            "messageBody": "",
            "fileTypesAndContributionMap": {
              "functional-code": {
                "insertions": 55,
                "deletions": 94
              }
            }
          },
          {
            "hash": "975f16f87ac641d8da31b5ecb586f315a1b91a13",
            "messageTitle": "Small changes of saving the data",
            "messageBody": "",
            "fileTypesAndContributionMap": {
              "functional-code": {
                "insertions": 8,
                "deletions": 11
              }
            }
          },
          {
            "hash": "730cb926574d4231a590ad7bf4c752b4c153d7f1",
            "messageTitle": "Add writing to file format in task, todo, event and deadline classes",
            "messageBody": "",
            "fileTypesAndContributionMap": {
              "functional-code": {
                "insertions": 28,
                "deletions": 0
              }
            }
          },
          {
            "hash": "7bcf4aedda274f6396006a966128436096c07ab6",
            "messageTitle": "Add features to store and load data of tutorial, lab and lecture",
            "messageBody": "",
            "fileTypesAndContributionMap": {
              "functional-code": {
                "insertions": 39,
                "deletions": 2
              }
            }
          },
          {
            "hash": "6bd94558e42e58a31ae3d035806f5a819a1fc50b",
            "messageTitle": "Improve code quality",
            "messageBody": "",
            "fileTypesAndContributionMap": {
              "functional-code": {
                "insertions": 5,
                "deletions": 5
              },
              "other": {
                "insertions": 1,
                "deletions": 6
              }
            }
          },
          {
            "hash": "6529223bc5645197009194a2a050cf58f81b88ac",
            "messageTitle": "change create file feature",
            "messageBody": "",
            "fileTypesAndContributionMap": {
              "functional-code": {
                "insertions": 29,
                "deletions": 8
              }
            }
          },
          {
            "hash": "5e6aae3d01b3f7065c56538b61f2cf186bb177a6",
            "messageTitle": "Update the UI format of storage",
            "messageBody": "",
            "fileTypesAndContributionMap": {
              "functional-code": {
                "insertions": 0,
                "deletions": 1
              }
            }
          }
        ]
      },
      {
        "date": "2020-10-09",
        "commitResults": [
          {
            "hash": "632f1b5fdc5e8aa1168ab98a404974014ed97d56",
            "messageTitle": "Remove IOException in main",
            "messageBody": "",
            "fileTypesAndContributionMap": {
              "functional-code": {
                "insertions": 44,
                "deletions": 33
              },
              "other": {
                "insertions": 2,
                "deletions": 0
              }
            }
          }
        ]
      },
      {
        "date": "2020-10-10",
        "commitResults": [
          {
            "hash": "7369e073914b57ef696b9b13ceebf3d6ed184f36",
            "messageTitle": "Change from Task class to CalendarItem class",
            "messageBody": "",
            "fileTypesAndContributionMap": {
              "functional-code": {
                "insertions": 29,
                "deletions": 15
              }
            }
          },
          {
            "hash": "e62ec7c793f6f3fb055afb4103b352d2b493d1bf",
            "messageTitle": "Fix checkstyle errors",
            "messageBody": "",
            "fileTypesAndContributionMap": {
              "functional-code": {
                "insertions": 1,
                "deletions": 0
              }
            }
          },
          {
            "hash": "8e18eaa055100151a6b233dd7b14d30a0626003b",
            "messageTitle": "Distinguish index of task and event",
            "messageBody": "",
            "fileTypesAndContributionMap": {
              "functional-code": {
                "insertions": 35,
                "deletions": 20
              }
            }
          }
        ]
      },
      {
        "date": "2020-10-11",
        "commitResults": [
          {
            "hash": "e8638a3a212139722bd40582d0ba289938205a16",
            "messageTitle": "Update storage",
            "messageBody": "",
            "fileTypesAndContributionMap": {
              "functional-code": {
                "insertions": 39,
                "deletions": 34
              },
              "other": {
                "insertions": 5,
                "deletions": 0
              }
            }
          },
          {
            "hash": "3c168a631c632c8dc15aed2f456f0112a1955727",
            "messageTitle": "Fix errors",
            "messageBody": "",
            "fileTypesAndContributionMap": {
              "functional-code": {
                "insertions": 7,
                "deletions": 2
              }
            }
          },
          {
            "hash": "d10d94d155f0624a6ebdf79fafaf1657c7de8641",
            "messageTitle": "fix errors",
            "messageBody": "",
            "fileTypesAndContributionMap": {
              "functional-code": {
                "insertions": 2,
                "deletions": 2
              }
            }
          },
          {
            "hash": "691cd77341ca41ecf0b411013c126e59e868867f",
            "messageTitle": "Fix errors",
            "messageBody": "",
            "fileTypesAndContributionMap": {
              "functional-code": {
                "insertions": 3,
                "deletions": 4
              }
            }
          },
          {
            "hash": "de95dcce131f0057a484a2468daba0455af25306",
            "messageTitle": "clear tasks.txt",
            "messageBody": "",
            "fileTypesAndContributionMap": {
              "other": {
                "insertions": 0,
                "deletions": 5
              }
            }
          },
          {
            "hash": "83e8128082d7034fde005b8f83e84caf46a6c00b",
            "messageTitle": "remove and clear tasks.txt",
            "messageBody": "",
            "fileTypesAndContributionMap": {
              "functional-code": {
                "insertions": 1,
                "deletions": 3
              },
              "other": {
                "insertions": 0,
                "deletions": 0
              }
            }
          }
        ]
      },
      {
        "date": "2020-10-13",
        "commitResults": [
          {
            "hash": "36e452e7c857c388c8d47862b9c5b46e90ecba00",
            "messageTitle": "Add assertions",
            "messageBody": "",
            "fileTypesAndContributionMap": {
              "functional-code": {
                "insertions": 2,
                "deletions": 0
              }
            }
          },
          {
            "hash": "5169c7bdd63740483ee9678de6d819758f09b6f7",
            "messageTitle": "Delete unused methods in Ui",
            "messageBody": "",
            "fileTypesAndContributionMap": {
              "functional-code": {
                "insertions": 0,
                "deletions": 30
              }
            }
          },
          {
            "hash": "a72cd5e38708693427abf1b6fcae23d61faa0045",
            "messageTitle": "Avoid too long methods in AddCommand",
            "messageBody": "",
            "fileTypesAndContributionMap": {
              "functional-code": {
                "insertions": 147,
                "deletions": 112
              }
            }
          },
          {
            "hash": "a9f027b4232e91315382912e88f8ad9d684744ec",
            "messageTitle": "Avoid too long method in DeleteCommand",
            "messageBody": "",
            "fileTypesAndContributionMap": {
              "functional-code": {
                "insertions": 23,
                "deletions": 13
              }
            }
          },
          {
            "hash": "803d4e2bdf50fcfa1f048a755bd001d5494b5af6",
            "messageTitle": "Avoid magic strings",
            "messageBody": "",
            "fileTypesAndContributionMap": {
              "functional-code": {
                "insertions": 20,
                "deletions": 3
              }
            }
          },
          {
            "hash": "4fb5c835cfae41cd58e740dc53d1f976b120e88e",
            "messageTitle": "Avoid unused exceptions",
            "messageBody": "",
            "fileTypesAndContributionMap": {
              "functional-code": {
                "insertions": 1,
                "deletions": 1
              }
            }
          }
        ]
      },
      {
        "date": "2020-10-14",
        "commitResults": [
          {
            "hash": "86772cf2836d4846070df0b33e0bb10ce7e6d290",
            "messageTitle": "Add more JavaDoc comments",
            "messageBody": "",
            "fileTypesAndContributionMap": {
              "functional-code": {
                "insertions": 174,
                "deletions": 7
              }
            }
          },
          {
            "hash": "839f23e45a8c615ad8e789400f4b55286ea983c1",
            "messageTitle": "Modifiy some JavaDoc comments",
            "messageBody": "",
            "fileTypesAndContributionMap": {
              "functional-code": {
                "insertions": 22,
                "deletions": 22
              }
            }
          }
        ]
      },
      {
        "date": "2020-10-15",
        "commitResults": [
          {
            "hash": "857fa38052915f2b468e9ee64134de2887a66327",
            "messageTitle": "Add Countdown feature to exam events and deadline tasks",
            "messageBody": "",
            "fileTypesAndContributionMap": {
              "functional-code": {
                "insertions": 18,
                "deletions": 0
              }
            }
          },
          {
            "hash": "f1a85be6d19a98c80d0594243dc144ec1282fc35",
            "messageTitle": "Add CountdownCommand",
            "messageBody": "",
            "fileTypesAndContributionMap": {
              "functional-code": {
                "insertions": 175,
                "deletions": 0
              }
            }
          },
          {
            "hash": "66b2bf31d614a10486da40d4f3818ce6848d778c",
            "messageTitle": "Update parser, storage and ui",
            "messageBody": "",
            "fileTypesAndContributionMap": {
              "functional-code": {
                "insertions": 50,
                "deletions": 0
              }
            }
          },
          {
            "hash": "352fc37ec78749f940b9a16f63b459b1d6419dfe",
            "messageTitle": "Update event",
            "messageBody": "",
            "fileTypesAndContributionMap": {
              "functional-code": {
                "insertions": 4,
                "deletions": 0
              },
              "other": {
                "insertions": 4,
                "deletions": 4
              }
            }
          },
          {
            "hash": "21fbaa107ab0609edcf12e65e634c8f1301f8594",
            "messageTitle": "Add countdown feature to each event class",
            "messageBody": "",
            "fileTypesAndContributionMap": {
              "functional-code": {
                "insertions": 5,
                "deletions": 1
              }
            }
          },
          {
            "hash": "38a3ce2d8b4bcd5d868387bb96532706a8ea6f25",
            "messageTitle": "Fix small bugs inside CountdownCommand",
            "messageBody": "",
            "fileTypesAndContributionMap": {
              "functional-code": {
                "insertions": 2,
                "deletions": 2
              }
            }
          },
          {
            "hash": "87a7e3d359695211c79152fe6211e2d2b207dda5",
            "messageTitle": "Update input and Expected.txt",
            "messageBody": "",
            "fileTypesAndContributionMap": {
              "other": {
                "insertions": 4,
                "deletions": 0
              }
            }
          },
          {
            "hash": "1f29e852b97e4d411401e23539b7b4d6852e8694",
            "messageTitle": "Update help command",
            "messageBody": "",
            "fileTypesAndContributionMap": {
              "functional-code": {
                "insertions": 5,
                "deletions": 3
              }
            }
          },
          {
            "hash": "efd2a16259a0ca3d5f23e6b0ee38e51aa54614c3",
            "messageTitle": "Add comments",
            "messageBody": "",
            "fileTypesAndContributionMap": {
              "functional-code": {
                "insertions": 12,
                "deletions": 0
              }
            }
          },
          {
            "hash": "eabb4cee02cec7cf0886e5eed590f5d1d1ccfe78",
            "messageTitle": "Fix bugs",
            "messageBody": "",
            "fileTypesAndContributionMap": {
              "functional-code": {
                "insertions": 8,
                "deletions": 3
              },
              "other": {
                "insertions": 7,
                "deletions": 7
              }
            }
          }
        ]
      },
      {
        "date": "2020-10-18",
        "commitResults": [
          {
            "hash": "19b62b26bdad253c7c983334cfcb0fdd2b569f47",
            "messageTitle": "Add Junit for countdown command",
            "messageBody": "",
            "fileTypesAndContributionMap": {
              "test-code": {
                "insertions": 22,
                "deletions": 0
              }
            }
          },
          {
            "hash": "169b245f945fc1990b9bff331a86b69cc1b8ea60",
            "messageTitle": "Improve coding standard",
            "messageBody": "",
            "fileTypesAndContributionMap": {
              "test-code": {
                "insertions": 1,
                "deletions": 1
              }
            }
          },
          {
            "hash": "e6fc637a24b012a5ab9417b9918ed57c258bb06f",
            "messageTitle": "Update printToFile function for events",
            "messageBody": "",
            "fileTypesAndContributionMap": {
              "functional-code": {
                "insertions": 53,
                "deletions": 10
              }
            }
          },
          {
            "hash": "3afecaead65586ce395be89cc2c981a361b8187b",
            "messageTitle": "Update storage for add Info",
            "messageBody": "",
            "fileTypesAndContributionMap": {
              "functional-code": {
                "insertions": 10,
                "deletions": 0
              }
            }
          },
          {
            "hash": "3d7516bcfa030a546ebb488e6c23e67e9944915d",
            "messageTitle": "Improve code quality",
            "messageBody": "",
            "fileTypesAndContributionMap": {
              "functional-code": {
                "insertions": 14,
                "deletions": 13
              }
            }
          },
          {
            "hash": "98f33ca525fcdb0fc03d523f7ecb26be91c26d7b",
            "messageTitle": "Update Storage to storage important tasks",
            "messageBody": "",
            "fileTypesAndContributionMap": {
              "functional-code": {
                "insertions": 15,
                "deletions": 7
              }
            }
          }
        ]
      }
    ]
  },
  "authorFileTypeContributionMap": {
    "LIU-YiFeng-1": {
      "docs": 483,
      "functional-code": 230,
      "test-code": 2,
      "other": 11
    },
    "imhm": {
      "docs": 48,
      "functional-code": 1397,
      "test-code": 347,
      "other": 5
    },
    "JiawenLyu": {
      "docs": 48,
      "functional-code": 825,
      "test-code": 46,
      "other": 17
    },
    "Jingming517": {
      "docs": 0,
      "functional-code": 77,
      "test-code": 0
    },
    "Zhangyilin0203": {
      "docs": 0,
      "functional-code": 833,
      "test-code": 22
    }
  },
  "authorContributionVariance": {
    "LIU-YiFeng-1": 12492.25,
    "imhm": 87779.8,
    "JiawenLyu": 11738.208,
    "Jingming517": 1245.5403,
    "Zhangyilin0203": 11810.714
  },
  "authorDisplayNameMap": {
    "LIU-YiFeng-1": "CS2113T-T12-2 LIU ..FENG",
    "imhm": "CS2113T-T12-2 NG H..MING",
    "JiawenLyu": "CS2113T-T12-2 LYU ..AWEN",
    "Jingming517": "CS2113T-T12-2 LIU ..MING",
    "Zhangyilin0203": "CS2113T-T12-2 ZHAN..ILIN"
  }
}
