{
  "authorDailyContributionsMap": {
    "R-Ramana": [
      {
        "date": "2020-10-01",
        "commitResults": [
          {
            "hash": "369cb09a2368e024ff9d9f17e0b88448d0320481",
            "messageTitle": "Update AboutUs name",
            "messageBody": "",
            "fileTypesAndContributionMap": {
              "docs": {
                "insertions": 2,
                "deletions": 2
              }
            }
          }
        ]
      },
      {
        "date": "2020-10-07",
        "commitResults": [
          {
            "hash": "b8c062606ebc40c622b61b3a7c8a7e90743ea477",
            "messageTitle": "Add Find Command Functionality",
            "messageBody": "",
            "fileTypesAndContributionMap": {
              "functional-code": {
                "insertions": 39,
                "deletions": 9
              }
            }
          },
          {
            "hash": "a180d2c51b84afc83a2762cdac9525bbaf41a4d5",
            "messageTitle": "Address comments in PR review",
            "messageBody": "",
            "fileTypesAndContributionMap": {
              "functional-code": {
                "insertions": 13,
                "deletions": 17
              }
            }
          },
          {
            "hash": "7c1d5350c10a859cdf529d44cbc18e70ccf6298b",
            "messageTitle": "Add help command functionality.",
            "messageBody": "",
            "fileTypesAndContributionMap": {
              "functional-code": {
                "insertions": 192,
                "deletions": 35
              }
            }
          },
          {
            "hash": "2a2780f20945f7a3afc19c04669ab4b5abcdd130",
            "messageTitle": "change /n to InterfaceManager.LS to standardize code",
            "messageBody": "",
            "fileTypesAndContributionMap": {
              "functional-code": {
                "insertions": 3,
                "deletions": 2
              }
            }
          },
          {
            "hash": "ab0a44cc4a6779f86dd515de0474fdf3b275180a",
            "messageTitle": "Update \\n to InterfaceManager.LS to standardize code",
            "messageBody": "",
            "fileTypesAndContributionMap": {
              "functional-code": {
                "insertions": 23,
                "deletions": 19
              }
            }
          },
          {
            "hash": "7f5384e1dfce6b74aed0e2966637774c91d94813",
            "messageTitle": "Fix readability issues",
            "messageBody": "",
            "fileTypesAndContributionMap": {
              "functional-code": {
                "insertions": 4,
                "deletions": 3
              }
            }
          },
          {
            "hash": "df2ed31b9f9ca219b6e16b877dc1a503ff1dc95b",
            "messageTitle": "modify public string variables to private, update multiple tag layout for enhanced clarity",
            "messageBody": "",
            "fileTypesAndContributionMap": {
              "functional-code": {
                "insertions": 20,
                "deletions": 20
              }
            }
          },
          {
            "hash": "860f31a3dd8cec71ce78ae268dd540115c2b5933",
            "messageTitle": "fix coding standards error (line longer than 120 characters)",
            "messageBody": "",
            "fileTypesAndContributionMap": {
              "functional-code": {
                "insertions": 6,
                "deletions": 3
              }
            }
          }
        ]
      },
      {
        "date": "2020-10-08",
        "commitResults": [
          {
            "hash": "642e2f47cecf537f8e608fc621d7f4734ae04d25",
            "messageTitle": "Convert console color keys to get color from TagColor",
            "messageBody": "",
            "fileTypesAndContributionMap": {
              "functional-code": {
                "insertions": 18,
                "deletions": 16
              }
            }
          },
          {
            "hash": "e5877b615184483241a75bd3770460b3d643997d",
            "messageTitle": "Add functionality for ListNodeCommand",
            "messageBody": "",
            "fileTypesAndContributionMap": {
              "functional-code": {
                "insertions": 139,
                "deletions": 18
              },
              "other": {
                "insertions": 1,
                "deletions": 0
              }
            }
          },
          {
            "hash": "966c0d2bad2fc5832a07e5618d36713805b18672",
            "messageTitle": "Address comments in PR (make HashMap none static class)",
            "messageBody": "",
            "fileTypesAndContributionMap": {
              "functional-code": {
                "insertions": 2,
                "deletions": 2
              }
            }
          }
        ]
      },
      {
        "date": "2020-10-09",
        "commitResults": [
          {
            "hash": "139a1552ab358abec88db79979fa2a05a2bc04c7",
            "messageTitle": "Add JavaDocs",
            "messageBody": "",
            "fileTypesAndContributionMap": {
              "functional-code": {
                "insertions": 62,
                "deletions": 25
              }
            }
          },
          {
            "hash": "d803fa0f08e98ed9efb1f88f0a549fbf155ef2aa",
            "messageTitle": "Fix checkstyle",
            "messageBody": "",
            "fileTypesAndContributionMap": {
              "functional-code": {
                "insertions": 6,
                "deletions": 3
              }
            }
          }
        ]
      }
    ],
    "Chongjx": [
      {
        "date": "2020-10-01",
        "commitResults": [
          {
            "hash": "e7b9fa589d313731d5014688b973710f303a1ffd",
            "messageTitle": "Updated my info in AboutUs.md",
            "messageBody": "",
            "fileTypesAndContributionMap": {
              "docs": {
                "insertions": 7,
                "deletions": 1
              }
            }
          },
          {
            "hash": "8c601684abdf3a128f95a437bfd65f7961f05e8c",
            "messageTitle": "Set up base code for project flow",
            "messageBody": "",
            "fileTypesAndContributionMap": {
              "functional-code": {
                "insertions": 826,
                "deletions": 29
              }
            }
          },
          {
            "hash": "f6894f65fc137480e234cf0c8b7e03534fbb1d08",
            "messageTitle": "Updated the flow of the program and sets HELP and EXIT as the only recognisable commands",
            "messageBody": "",
            "fileTypesAndContributionMap": {
              "functional-code": {
                "insertions": 5,
                "deletions": 4
              }
            }
          },
          {
            "hash": "d9e7695213d94ef20ecf1a318b9537669d872780",
            "messageTitle": "Updated string to follow styleTest",
            "messageBody": "",
            "fileTypesAndContributionMap": {
              "functional-code": {
                "insertions": 2,
                "deletions": 2
              },
              "other": {
                "insertions": 3,
                "deletions": 1
              }
            }
          }
        ]
      },
      {
        "date": "2020-10-02",
        "commitResults": [
          {
            "hash": "994d14710e8343f8a5dad54103cb50febe3ce219",
            "messageTitle": "Added missing class, ListEventCommand, and template functions for the parsing of Commands",
            "messageBody": "",
            "fileTypesAndContributionMap": {
              "functional-code": {
                "insertions": 122,
                "deletions": 19
              },
              "other": {
                "insertions": 10,
                "deletions": 11
              }
            }
          }
        ]
      },
      {
        "date": "2020-10-05",
        "commitResults": [
          {
            "hash": "0c1917e9e85b58ea6d56eb66b82bfd399ec439cc",
            "messageTitle": "Setup the test classes for all the classes for JUnit tests",
            "messageBody": "",
            "fileTypesAndContributionMap": {
              "functional-code": {
                "insertions": 7,
                "deletions": 1
              },
              "test-code": {
                "insertions": 263,
                "deletions": 0
              }
            }
          },
          {
            "hash": "6f598026c3f23eb4f8a7c44cf8d711b22881acbb",
            "messageTitle": "Removed  \"import static org.junit.jupiter.api.Assertions.*;\" from all test classes as it violates coding standard.",
            "messageBody": "",
            "fileTypesAndContributionMap": {
              "test-code": {
                "insertions": 0,
                "deletions": 44
              }
            }
          }
        ]
      },
      {
        "date": "2020-10-06",
        "commitResults": [
          {
            "hash": "a85258a1d4bb5442616ae9539c28f3deed2c75cf",
            "messageTitle": "Created a TagManager and added the Tag related Commands.",
            "messageBody": "Also added the test classes for the Tag related Commands.\n",
            "fileTypesAndContributionMap": {
              "functional-code": {
                "insertions": 435,
                "deletions": 41
              },
              "test-code": {
                "insertions": 36,
                "deletions": 4
              }
            }
          }
        ]
      },
      {
        "date": "2020-10-07",
        "commitResults": [
          {
            "hash": "352649e1840e82fa9e4096fb3e5b41bdab037bf4",
            "messageTitle": "Implemented create and delete tag",
            "messageBody": "",
            "fileTypesAndContributionMap": {
              "functional-code": {
                "insertions": 24,
                "deletions": 21
              }
            }
          },
          {
            "hash": "51d108f9bcc7d1503f9d55a587748c3e8f3b9aeb",
            "messageTitle": "Changed MESSAGE_USAGE to COMMAND_USAGE for all the commands for better readability.",
            "messageBody": "",
            "fileTypesAndContributionMap": {
              "functional-code": {
                "insertions": 54,
                "deletions": 32
              },
              "test-code": {
                "insertions": 15,
                "deletions": 15
              }
            }
          }
        ]
      },
      {
        "date": "2020-10-08",
        "commitResults": [
          {
            "hash": "5465e1d1abd93b6695b4070ee1d5643322802c52",
            "messageTitle": "Refactor CreateTagCommand and DeleteTagCommand to 1 function.",
            "messageBody": "Updated CreateTagCommand and DeleteTagCommand to support creating and deleting of multiple tags within 1 instruction.\nAdded new enum to SystemException to handle more specific missing information.\nRestructured the handling of exception in the prepare functions to return SystemException and catch them within the parseCommand function.\n",
            "fileTypesAndContributionMap": {
              "functional-code": {
                "insertions": 348,
                "deletions": 211
              }
            }
          },
          {
            "hash": "4c2f5eae6e4035f7f63cfd45588182d743aa08a4",
            "messageTitle": "Updated naming of some variables to follow the coding style",
            "messageBody": "",
            "fileTypesAndContributionMap": {
              "functional-code": {
                "insertions": 6,
                "deletions": 6
              }
            }
          }
        ]
      }
    ],
    "brandonywl": [
      {
        "date": "2020-10-01",
        "commitResults": [
          {
            "hash": "9e77298820170bb9c509407df6999dd724daf659",
            "messageTitle": "Updated AboutUs.md",
            "messageBody": "",
            "fileTypesAndContributionMap": {
              "docs": {
                "insertions": 2,
                "deletions": 2
              }
            }
          }
        ]
      },
      {
        "date": "2020-10-09",
        "commitResults": [
          {
            "hash": "df4e1483e2641fcc7cd9e127c7e916419dc8aaac",
            "messageTitle": "Added Event Functionality",
            "messageBody": "",
            "fileTypesAndContributionMap": {
              "functional-code": {
                "insertions": 116,
                "deletions": 28
              }
            }
          }
        ]
      },
      {
        "date": "2020-10-10",
        "commitResults": [
          {
            "hash": "dcdab6d66b501680c702af7644e5c32235aba55e",
            "messageTitle": "Updated coding violations",
            "messageBody": "",
            "fileTypesAndContributionMap": {
              "functional-code": {
                "insertions": 84,
                "deletions": 17
              }
            }
          },
          {
            "hash": "14fe6c4e51ad9be2cd9c47aaceef4fa6c63b0dc0",
            "messageTitle": "Added Recurring Events",
            "messageBody": "",
            "fileTypesAndContributionMap": {
              "functional-code": {
                "insertions": 178,
                "deletions": 13
              }
            }
          },
          {
            "hash": "6b3aa8dec91ccde892930c950f9e25b1f396a502",
            "messageTitle": "Updated issue with prefix clash",
            "messageBody": "",
            "fileTypesAndContributionMap": {
              "functional-code": {
                "insertions": 0,
                "deletions": 2
              }
            }
          },
          {
            "hash": "458ea29c1833d663ee2792288d2056d8906a5561",
            "messageTitle": "Added daily and weekly events",
            "messageBody": "",
            "fileTypesAndContributionMap": {
              "functional-code": {
                "insertions": 109,
                "deletions": 29
              }
            }
          },
          {
            "hash": "c4b919fa0e2e549f4fd4db80f655656f53014cf0",
            "messageTitle": "Added Delete and List Event functionality",
            "messageBody": "",
            "fileTypesAndContributionMap": {
              "functional-code": {
                "insertions": 138,
                "deletions": 38
              }
            }
          },
          {
            "hash": "351880d3342ffd40a3623a58b1b703ff2dd3d614",
            "messageTitle": "Fixed Delete and List Event Commands",
            "messageBody": "",
            "fileTypesAndContributionMap": {
              "functional-code": {
                "insertions": 82,
                "deletions": 22
              }
            }
          },
          {
            "hash": "9a0dd67b1d4663a2b20cc70c83d62910c93d078e",
            "messageTitle": "Refactored naming to clean code",
            "messageBody": "",
            "fileTypesAndContributionMap": {
              "functional-code": {
                "insertions": 15,
                "deletions": 26
              }
            }
          },
          {
            "hash": "ec68422b78049c5d1169ec2a4204af3b5bae4862",
            "messageTitle": "Cleaned Coding Standards Violation",
            "messageBody": "",
            "fileTypesAndContributionMap": {
              "functional-code": {
                "insertions": 72,
                "deletions": 75
              }
            }
          },
          {
            "hash": "3dce23a1c702594612a2ecb305e1f746f19e3c9f",
            "messageTitle": "Fixed bugs on AddEvent",
            "messageBody": "",
            "fileTypesAndContributionMap": {
              "functional-code": {
                "insertions": 1,
                "deletions": 1
              }
            }
          },
          {
            "hash": "5fd0eb697ed4c356b407902ed77511e84d14fe98",
            "messageTitle": "Fixed string concats on SystemException",
            "messageBody": "",
            "fileTypesAndContributionMap": {
              "functional-code": {
                "insertions": 8,
                "deletions": 8
              }
            }
          },
          {
            "hash": "560c3fa644b2d4c50d57fb912f03a34527d8d6ec",
            "messageTitle": "Updated to pass runtest.bat",
            "messageBody": "",
            "fileTypesAndContributionMap": {
              "functional-code": {
                "insertions": 8,
                "deletions": 14
              },
              "other": {
                "insertions": 1,
                "deletions": 0
              }
            }
          },
          {
            "hash": "7d913a6518b0d9f9ac5ad5f339ded0fb8315d9d9",
            "messageTitle": "Fixed auto wildcard import",
            "messageBody": "",
            "fileTypesAndContributionMap": {
              "functional-code": {
                "insertions": 9,
                "deletions": 1
              }
            }
          }
        ]
      },
      {
        "date": "2020-10-11",
        "commitResults": [
          {
            "hash": "f698518a8d24983316b04d00a92122a729f6a529",
            "messageTitle": "Standardised structure of AddEventCommand Class",
            "messageBody": "",
            "fileTypesAndContributionMap": {
              "functional-code": {
                "insertions": 7,
                "deletions": 6
              }
            }
          },
          {
            "hash": "d77862766e93199b36d6b15a2155686d462e1511",
            "messageTitle": "Added AddEventCommand back to HelpCommand",
            "messageBody": "",
            "fileTypesAndContributionMap": {
              "functional-code": {
                "insertions": 1,
                "deletions": 2
              }
            }
          },
          {
            "hash": "40711f9bcdcb3d02f321d019b4e9456a98a3b17f",
            "messageTitle": "Updated for Consistencies",
            "messageBody": "",
            "fileTypesAndContributionMap": {
              "functional-code": {
                "insertions": 10,
                "deletions": 4
              }
            }
          },
          {
            "hash": "5b616e2b6dd8051addf36212ce9e657e15f1a615",
            "messageTitle": "Updated Line Separators for Consistency",
            "messageBody": "",
            "fileTypesAndContributionMap": {
              "functional-code": {
                "insertions": 7,
                "deletions": 2
              }
            }
          },
          {
            "hash": "5698c116feb550655b32f5f0662ba6a6c7b019ab",
            "messageTitle": "Updated one code standard violation",
            "messageBody": "",
            "fileTypesAndContributionMap": {
              "functional-code": {
                "insertions": 2,
                "deletions": 1
              }
            }
          },
          {
            "hash": "09fa37a99fdd5f4cb5b3e361b67bb713c973ec97",
            "messageTitle": "Ensure code standards",
            "messageBody": "",
            "fileTypesAndContributionMap": {
              "functional-code": {
                "insertions": 1,
                "deletions": 1
              }
            }
          },
          {
            "hash": "1a8fcd28f0d852abbd3d209375b28ab1d7c44464",
            "messageTitle": "Fixed 2 coding standard violations",
            "messageBody": "",
            "fileTypesAndContributionMap": {
              "functional-code": {
                "insertions": 19,
                "deletions": 3
              }
            }
          },
          {
            "hash": "1a2ae7654389c5cc4f2de930cffe55b73eba028e",
            "messageTitle": "Update src/main/java/seedu/duke/data/exception/SystemException.java",
            "messageBody": "Co-authored-by: R Ramana \u003c54029207+R-Ramana@users.noreply.github.com\u003e",
            "fileTypesAndContributionMap": {
              "functional-code": {
                "insertions": 1,
                "deletions": 1
              }
            }
          },
          {
            "hash": "598c27347697880d3c9598f7f153b1cb626a4115",
            "messageTitle": "Update src/main/java/seedu/duke/data/timetable/Event.java",
            "messageBody": "Co-authored-by: R Ramana \u003c54029207+R-Ramana@users.noreply.github.com\u003e",
            "fileTypesAndContributionMap": {
              "functional-code": {
                "insertions": 1,
                "deletions": 1
              }
            }
          },
          {
            "hash": "0dfbcfb046e4a08fe10308c29e778ff96099a927",
            "messageTitle": "Update src/main/java/seedu/duke/util/DateTimeManager.java",
            "messageBody": "Co-authored-by: R Ramana \u003c54029207+R-Ramana@users.noreply.github.com\u003e",
            "fileTypesAndContributionMap": {
              "functional-code": {
                "insertions": 1,
                "deletions": 0
              }
            }
          },
          {
            "hash": "b9c7fb548032d36e99a986b191648ef17ff4fbbf",
            "messageTitle": "Standardized JavaDocs Style",
            "messageBody": "",
            "fileTypesAndContributionMap": {
              "functional-code": {
                "insertions": 91,
                "deletions": 14
              }
            }
          },
          {
            "hash": "7a5467f8a834e15c11e2399db0e9b40bd3f33efe",
            "messageTitle": "Cleaned up JavaDocs",
            "messageBody": "",
            "fileTypesAndContributionMap": {
              "functional-code": {
                "insertions": 67,
                "deletions": 36
              }
            }
          },
          {
            "hash": "88c6415a77d0a84d9ad83c4dbe2e3dfbdc04a19d",
            "messageTitle": "Cleaned up code",
            "messageBody": "",
            "fileTypesAndContributionMap": {
              "functional-code": {
                "insertions": 6,
                "deletions": 3
              }
            }
          },
          {
            "hash": "6b355d5b77a4c810e9bdcaefcbf8b82e2c78d510",
            "messageTitle": "Added a NullPointerException Catch",
            "messageBody": "",
            "fileTypesAndContributionMap": {
              "functional-code": {
                "insertions": 2,
                "deletions": 0
              }
            }
          },
          {
            "hash": "688f88de93cf0f5896dbb79601f951a4d4cfb9cd",
            "messageTitle": "Fixed up lines that were not consistent with rest of code",
            "messageBody": "",
            "fileTypesAndContributionMap": {
              "functional-code": {
                "insertions": 13,
                "deletions": 14
              }
            }
          },
          {
            "hash": "bfcc1fb9f8da55a478f7e008021a613a3faf9aec",
            "messageTitle": "Fixed Constant Naming",
            "messageBody": "",
            "fileTypesAndContributionMap": {
              "functional-code": {
                "insertions": 6,
                "deletions": 6
              }
            }
          },
          {
            "hash": "04414c09c56f8de38bb6cae4d4485aeefac9b0a1",
            "messageTitle": "Renamed constants",
            "messageBody": "",
            "fileTypesAndContributionMap": {
              "functional-code": {
                "insertions": 12,
                "deletions": 12
              }
            }
          },
          {
            "hash": "d2a94232979de5cf06d48b4df6e75d7509fbe5ca",
            "messageTitle": "Fixed visibility of attributes",
            "messageBody": "",
            "fileTypesAndContributionMap": {
              "functional-code": {
                "insertions": 2,
                "deletions": 20
              }
            }
          }
        ]
      }
    ],
    "prachi2023": [
      {
        "date": "2020-10-01",
        "commitResults": [
          {
            "hash": "13daff1aa131c9f79454befcb744d76fb050dc24",
            "messageTitle": "Add name and git details",
            "messageBody": "",
            "fileTypesAndContributionMap": {
              "docs": {
                "insertions": 1,
                "deletions": 1
              }
            }
          }
        ]
      },
      {
        "date": "2020-10-08",
        "commitResults": [
          {
            "hash": "c81592ade96a96fcb5da0b65340bea755a2cb2fb",
            "messageTitle": "Add ability to store content of file as a text file",
            "messageBody": "",
            "fileTypesAndContributionMap": {
              "functional-code": {
                "insertions": 55,
                "deletions": 3
              },
              "test-code": {
                "insertions": 42,
                "deletions": 0
              }
            }
          },
          {
            "hash": "735c9929a11888831ef9c92f7a5d19ca8252cf8e",
            "messageTitle": "Check and create directory to store notes in if it does not already exist",
            "messageBody": "",
            "fileTypesAndContributionMap": {
              "functional-code": {
                "insertions": 16,
                "deletions": 2
              }
            }
          },
          {
            "hash": "3eebe896bb23dd7584ef605c541918649b236b3f",
            "messageTitle": "Save note details (title, tags and isPinned) in Notebook.txt",
            "messageBody": "",
            "fileTypesAndContributionMap": {
              "functional-code": {
                "insertions": 13,
                "deletions": 1
              }
            }
          },
          {
            "hash": "ec48a06c9b98be166e86af02a08a9a2723b7757f",
            "messageTitle": "Update to pass Checkstyle",
            "messageBody": "",
            "fileTypesAndContributionMap": {
              "functional-code": {
                "insertions": 4,
                "deletions": 4
              },
              "test-code": {
                "insertions": 18,
                "deletions": 17
              }
            }
          },
          {
            "hash": "76e33b09b8d088dc8237956d45689ce3e06d0f55",
            "messageTitle": "Fix CheckStyle Errors",
            "messageBody": "",
            "fileTypesAndContributionMap": {
              "functional-code": {
                "insertions": 20,
                "deletions": 12
              }
            }
          },
          {
            "hash": "f0448a886b43b35be28b4ee002c1289b58d9460f",
            "messageTitle": "Change criteria for saveNoteContent test to fail.",
            "messageBody": "",
            "fileTypesAndContributionMap": {
              "test-code": {
                "insertions": 0,
                "deletions": 1
              }
            }
          },
          {
            "hash": "b07c483bc448b97a27eacf74a5b9948a0181c7b6",
            "messageTitle": "Update src/main/java/seedu/duke/storage/StorageManager.java",
            "messageBody": "Co-authored-by: R Ramana \u003c54029207+R-Ramana@users.noreply.github.com\u003e",
            "fileTypesAndContributionMap": {
              "functional-code": {
                "insertions": 1,
                "deletions": 1
              }
            }
          },
          {
            "hash": "fabe1e6480aea795dc3df0f3aeb7b7d5038d5a91",
            "messageTitle": "Update src/main/java/seedu/duke/data/notebook/Notebook.java",
            "messageBody": "Co-authored-by: R Ramana \u003c54029207+R-Ramana@users.noreply.github.com\u003e",
            "fileTypesAndContributionMap": {
              "functional-code": {
                "insertions": 1,
                "deletions": 1
              }
            }
          },
          {
            "hash": "16cf94ec6b29d575dc75d8176c81183d225d35aa",
            "messageTitle": "Update src/main/java/seedu/duke/storage/StorageManager.java",
            "messageBody": "Co-authored-by: R Ramana \u003c54029207+R-Ramana@users.noreply.github.com\u003e",
            "fileTypesAndContributionMap": {
              "functional-code": {
                "insertions": 1,
                "deletions": 1
              }
            }
          },
          {
            "hash": "5f4844fb476de6a46b5f7025cd4973a2df05ce4b",
            "messageTitle": "Update src/main/java/seedu/duke/data/notebook/Notebook.java",
            "messageBody": "Co-authored-by: R Ramana \u003c54029207+R-Ramana@users.noreply.github.com\u003e",
            "fileTypesAndContributionMap": {
              "functional-code": {
                "insertions": 1,
                "deletions": 1
              }
            }
          },
          {
            "hash": "dd44932a01755952f55ac3d9acb965332f49da47",
            "messageTitle": "Update src/main/java/seedu/duke/storage/StorageManager.java",
            "messageBody": "Co-authored-by: R Ramana \u003c54029207+R-Ramana@users.noreply.github.com\u003e",
            "fileTypesAndContributionMap": {
              "functional-code": {
                "insertions": 1,
                "deletions": 1
              }
            }
          }
        ]
      }
    ],
    "Nazryl": [
      {
        "date": "2020-10-01",
        "commitResults": [
          {
            "hash": "4c2b6d1418d9211faa2db7d683c161521d7656ae",
            "messageTitle": "Update particulars in about us",
            "messageBody": "",
            "fileTypesAndContributionMap": {
              "docs": {
                "insertions": 12,
                "deletions": 1
              }
            }
          },
          {
            "hash": "d74afdfcb6440b0f06f520cac1ce6976c49cb0f5",
            "messageTitle": "Add classes needed for Notus",
            "messageBody": "Update\n*Removed John Doe from AboutUs.md\n",
            "fileTypesAndContributionMap": {
              "functional-code": {
                "insertions": 92,
                "deletions": 0
              },
              "docs": {
                "insertions": 0,
                "deletions": 1
              }
            }
          }
        ]
      },
      {
        "date": "2020-10-06",
        "commitResults": [
          {
            "hash": "21ddaffb8bf897e134cab4815ffa5973d26b631c",
            "messageTitle": "Add *Add notes now available *IncorrectCommand.java to handle incorrect inputs *PrefixSyntax.java to store all prefix for inputs",
            "messageBody": "Add notes\n*Multiple lines input\n*Shuffle inputs will work\n*Handle duplicates\n*Pin notes\n\nCommands:\n*/d delete prev line\n*/end to end note editing\n",
            "fileTypesAndContributionMap": {
              "functional-code": {
                "insertions": 194,
                "deletions": 15
              }
            }
          }
        ]
      },
      {
        "date": "2020-10-07",
        "commitResults": [
          {
            "hash": "c9b1109c4ed96571807014a81d7d2c48f6a3a7c1",
            "messageTitle": "Delete Notes *Deletion is now available *Delete by index *Error handling for invalid inputs",
            "messageBody": "",
            "fileTypesAndContributionMap": {
              "functional-code": {
                "insertions": 60,
                "deletions": 16
              }
            }
          },
          {
            "hash": "29c1a6c99344b4c3a48892ea782387fedfa085ed",
            "messageTitle": "Fixed minor error with delete exceptions",
            "messageBody": "",
            "fileTypesAndContributionMap": {
              "functional-code": {
                "insertions": 1,
                "deletions": 1
              }
            }
          },
          {
            "hash": "899a7e390268db275f1b6770739abcc690580913",
            "messageTitle": "Update SystemException.java",
            "messageBody": "Edit on Exception notes",
            "fileTypesAndContributionMap": {
              "functional-code": {
                "insertions": 2,
                "deletions": 2
              }
            }
          },
          {
            "hash": "b204093ba59761ded1e95caab4591870ced909d3",
            "messageTitle": "Update PrefixSyntax.java",
            "messageBody": "Add delete line prefix",
            "fileTypesAndContributionMap": {
              "functional-code": {
                "insertions": 1,
                "deletions": 0
              }
            }
          }
        ]
      },
      {
        "date": "2020-10-08",
        "commitResults": [
          {
            "hash": "016dd783cb0f1b69d5549da0173295cd77a9a900",
            "messageTitle": "Delete *Delete with partial note title now available",
            "messageBody": "Update\n*Refactor codes\n*Comments on header functions\n*Remove Events from AddCommand and DeleteCommand\n",
            "fileTypesAndContributionMap": {
              "functional-code": {
                "insertions": 122,
                "deletions": 64
              }
            }
          }
        ]
      },
      {
        "date": "2020-10-09",
        "commitResults": [
          {
            "hash": "4bffbc68a574f52b091e0dd3b7b72cc916ba12bb",
            "messageTitle": "More file edit due to failed gradle test",
            "messageBody": "",
            "fileTypesAndContributionMap": {
              "functional-code": {
                "insertions": 4,
                "deletions": 4
              }
            }
          },
          {
            "hash": "b2e6e4f4acc1879be64c9eae9dc6f913598f8c6b",
            "messageTitle": "Still trying to fix this problem...",
            "messageBody": "",
            "fileTypesAndContributionMap": {
              "other": {
                "insertions": 0,
                "deletions": 1
              }
            }
          },
          {
            "hash": "f3c16430129a45080e7dcf79b3da433ce0006f76",
            "messageTitle": "Update DeleteNoteCommand.java",
            "messageBody": "",
            "fileTypesAndContributionMap": {
              "functional-code": {
                "insertions": 1,
                "deletions": 0
              }
            }
          },
          {
            "hash": "730a87a1bd486dcea7bcc2df01ebfbbf29f8be18",
            "messageTitle": "Update DeleteNoteCommand.java",
            "messageBody": "",
            "fileTypesAndContributionMap": {
              "functional-code": {
                "insertions": 1,
                "deletions": 1
              }
            }
          },
          {
            "hash": "28e1e227ad8e2b8adb8dbe46aa9341e0c69818a6",
            "messageTitle": "Update AddNoteCommand.java",
            "messageBody": "",
            "fileTypesAndContributionMap": {
              "functional-code": {
                "insertions": 2,
                "deletions": 2
              }
            }
          },
          {
            "hash": "9f04057795b15fa2e374b96fbdfd5709145f3be8",
            "messageTitle": "Update Notebook.java",
            "messageBody": "",
            "fileTypesAndContributionMap": {
              "functional-code": {
                "insertions": 0,
                "deletions": 6
              }
            }
          },
          {
            "hash": "733ea6a8a9864a966b44e235cb3909862654297f",
            "messageTitle": "Update src/main/java/seedu/duke/util/Parser.java",
            "messageBody": "Co-authored-by: R Ramana \u003c54029207+R-Ramana@users.noreply.github.com\u003e",
            "fileTypesAndContributionMap": {
              "functional-code": {
                "insertions": 1,
                "deletions": 0
              }
            }
          },
          {
            "hash": "f716e11c7b45f7ef8e09ad7f9d5b63e510146aed",
            "messageTitle": "Update src/main/java/seedu/duke/util/Parser.java",
            "messageBody": "Co-authored-by: R Ramana \u003c54029207+R-Ramana@users.noreply.github.com\u003e",
            "fileTypesAndContributionMap": {
              "functional-code": {
                "insertions": 1,
                "deletions": 0
              }
            }
          },
          {
            "hash": "3dc758f8f9f3cd0417fdc512decf9eb3a84f2013",
            "messageTitle": "Update src/main/java/seedu/duke/util/Parser.java",
            "messageBody": "Co-authored-by: R Ramana \u003c54029207+R-Ramana@users.noreply.github.com\u003e",
            "fileTypesAndContributionMap": {
              "functional-code": {
                "insertions": 1,
                "deletions": 0
              }
            }
          },
          {
            "hash": "77fb72853293e3958a80bca1871fddc66e74d504",
            "messageTitle": "Update DeleteNoteCommand.java",
            "messageBody": "",
            "fileTypesAndContributionMap": {
              "functional-code": {
                "insertions": 2,
                "deletions": 1
              }
            }
          },
          {
            "hash": "5889f4c812abb620cc3aad66a9d6bdc49581d0fc",
            "messageTitle": "Update AddNoteCommand.java",
            "messageBody": "",
            "fileTypesAndContributionMap": {
              "functional-code": {
                "insertions": 2,
                "deletions": 1
              }
            }
          },
          {
            "hash": "9800bdd000c8f9935cab95b2043c6a78120c7737",
            "messageTitle": "Changes made for Ramana suggestions.",
            "messageBody": "",
            "fileTypesAndContributionMap": {
              "functional-code": {
                "insertions": 11,
                "deletions": 13
              }
            }
          },
          {
            "hash": "7335f4b27a9a784f7cc3feed05b3cb86bb688231",
            "messageTitle": "Update DeleteNoteCommand.java",
            "messageBody": "",
            "fileTypesAndContributionMap": {
              "functional-code": {
                "insertions": 1,
                "deletions": 1
              }
            }
          }
        ]
      }
    ]
  },
  "authorFileTypeContributionMap": {
    "R-Ramana": {
      "docs": 1,
      "functional-code": 347,
      "test-code": 0
    },
    "Chongjx": {
      "docs": 7,
      "functional-code": 1643,
      "test-code": 243,
      "other": 3
    },
    "brandonywl": {
      "docs": 2,
      "functional-code": 732,
      "test-code": 0,
      "other": 1
    },
    "prachi2023": {
      "docs": 1,
      "functional-code": 88,
      "test-code": 42
    },
    "Nazryl": {
      "docs": 12,
      "functional-code": 375,
      "test-code": 2
    }
  },
  "authorContributionVariance": {
    "R-Ramana": 12071.395,
    "Chongjx": 71045.695,
    "brandonywl": 61395.527,
    "prachi2023": 2953.4216,
    "Nazryl": 4817.263
  },
  "authorDisplayNameMap": {
    "R-Ramana": "CS2113-T13-1 R RA..MANA",
    "Chongjx": "CS2113-T13-1 CHON..IANG",
    "brandonywl": "CS2113-T13-1 YEOW..NDON",
    "prachi2023": "CS2113-T13-1 PRAC..ENKA",
    "Nazryl": "CS2113-T13-1 NAZR.. LIM"
  }
}
