{
  "authorDailyContributionsMap": {
    "R-Ramana": [
      {
        "date": "2020-10-01",
        "commitResults": [
          {
            "hash": "369cb09a2368e024ff9d9f17e0b88448d0320481",
            "messageTitle": "Update AboutUs name",
            "messageBody": "",
            "fileTypesAndContributionMap": {
              "docs": {
                "insertions": 2,
                "deletions": 2
              }
            }
          }
        ]
      },
      {
        "date": "2020-10-07",
        "commitResults": [
          {
            "hash": "b8c062606ebc40c622b61b3a7c8a7e90743ea477",
            "messageTitle": "Add Find Command Functionality",
            "messageBody": "",
            "fileTypesAndContributionMap": {
              "functional-code": {
                "insertions": 39,
                "deletions": 9
              }
            }
          },
          {
            "hash": "a180d2c51b84afc83a2762cdac9525bbaf41a4d5",
            "messageTitle": "Address comments in PR review",
            "messageBody": "",
            "fileTypesAndContributionMap": {
              "functional-code": {
                "insertions": 13,
                "deletions": 17
              }
            }
          },
          {
            "hash": "7c1d5350c10a859cdf529d44cbc18e70ccf6298b",
            "messageTitle": "Add help command functionality.",
            "messageBody": "",
            "fileTypesAndContributionMap": {
              "functional-code": {
                "insertions": 192,
                "deletions": 35
              }
            }
          },
          {
            "hash": "2a2780f20945f7a3afc19c04669ab4b5abcdd130",
            "messageTitle": "change /n to InterfaceManager.LS to standardize code",
            "messageBody": "",
            "fileTypesAndContributionMap": {
              "functional-code": {
                "insertions": 3,
                "deletions": 2
              }
            }
          },
          {
            "hash": "ab0a44cc4a6779f86dd515de0474fdf3b275180a",
            "messageTitle": "Update \\n to InterfaceManager.LS to standardize code",
            "messageBody": "",
            "fileTypesAndContributionMap": {
              "functional-code": {
                "insertions": 23,
                "deletions": 19
              }
            }
          },
          {
            "hash": "7f5384e1dfce6b74aed0e2966637774c91d94813",
            "messageTitle": "Fix readability issues",
            "messageBody": "",
            "fileTypesAndContributionMap": {
              "functional-code": {
                "insertions": 4,
                "deletions": 3
              }
            }
          },
          {
            "hash": "df2ed31b9f9ca219b6e16b877dc1a503ff1dc95b",
            "messageTitle": "modify public string variables to private, update multiple tag layout for enhanced clarity",
            "messageBody": "",
            "fileTypesAndContributionMap": {
              "functional-code": {
                "insertions": 20,
                "deletions": 20
              }
            }
          },
          {
            "hash": "860f31a3dd8cec71ce78ae268dd540115c2b5933",
            "messageTitle": "fix coding standards error (line longer than 120 characters)",
            "messageBody": "",
            "fileTypesAndContributionMap": {
              "functional-code": {
                "insertions": 6,
                "deletions": 3
              }
            }
          }
        ]
      },
      {
        "date": "2020-10-08",
        "commitResults": [
          {
            "hash": "642e2f47cecf537f8e608fc621d7f4734ae04d25",
            "messageTitle": "Convert console color keys to get color from TagColor",
            "messageBody": "",
            "fileTypesAndContributionMap": {
              "functional-code": {
                "insertions": 18,
                "deletions": 16
              }
            }
          },
          {
            "hash": "e5877b615184483241a75bd3770460b3d643997d",
            "messageTitle": "Add functionality for ListNodeCommand",
            "messageBody": "",
            "fileTypesAndContributionMap": {
              "functional-code": {
                "insertions": 139,
                "deletions": 18
              },
              "other": {
                "insertions": 1,
                "deletions": 0
              }
            }
          },
          {
            "hash": "966c0d2bad2fc5832a07e5618d36713805b18672",
            "messageTitle": "Address comments in PR (make HashMap none static class)",
            "messageBody": "",
            "fileTypesAndContributionMap": {
              "functional-code": {
                "insertions": 2,
                "deletions": 2
              }
            }
          }
        ]
      },
      {
        "date": "2020-10-09",
        "commitResults": [
          {
            "hash": "139a1552ab358abec88db79979fa2a05a2bc04c7",
            "messageTitle": "Add JavaDocs",
            "messageBody": "",
            "fileTypesAndContributionMap": {
              "functional-code": {
                "insertions": 62,
                "deletions": 25
              }
            }
          },
          {
            "hash": "d803fa0f08e98ed9efb1f88f0a549fbf155ef2aa",
            "messageTitle": "Fix checkstyle",
            "messageBody": "",
            "fileTypesAndContributionMap": {
              "functional-code": {
                "insertions": 6,
                "deletions": 3
              }
            }
          }
        ]
      },
      {
        "date": "2020-10-12",
        "commitResults": [
          {
            "hash": "710f184ac7157fe89f8dc1379122ddd01147fbed",
            "messageTitle": "Update ListCommand and FindCommand",
            "messageBody": "",
            "fileTypesAndContributionMap": {
              "functional-code": {
                "insertions": 56,
                "deletions": 49
              },
              "test-code": {
                "insertions": 6,
                "deletions": 1
              }
            }
          },
          {
            "hash": "b8aaded4c18097fb2b9eb58fe3dfbc233a00fcc5",
            "messageTitle": "Fix tags for ListCommand",
            "messageBody": "",
            "fileTypesAndContributionMap": {
              "functional-code": {
                "insertions": 9,
                "deletions": 3
              }
            }
          },
          {
            "hash": "da61a5d82054400c1589ae1c3b52be068a547b4a",
            "messageTitle": "Fix checkstyle errors",
            "messageBody": "",
            "fileTypesAndContributionMap": {
              "functional-code": {
                "insertions": 11,
                "deletions": 7
              }
            }
          },
          {
            "hash": "0308aca5928a8f45e6a7e9f7c9a1cb416abc2b06",
            "messageTitle": "Address case where invalid tags were inputted",
            "messageBody": "",
            "fileTypesAndContributionMap": {
              "functional-code": {
                "insertions": 14,
                "deletions": 1
              }
            }
          },
          {
            "hash": "0e067f8697b6bcf3543ed7c5a42e61744d66a7a7",
            "messageTitle": "Update DeveloperGuide.md",
            "messageBody": "- Add ToC and links for ease of accessibility\r\n- Add User Stories",
            "fileTypesAndContributionMap": {
              "docs": {
                "insertions": 40,
                "deletions": 12
              }
            }
          },
          {
            "hash": "ce05eed66c8b814a0c66fa208ffb18648249b445",
            "messageTitle": "Change private to public for command usage string",
            "messageBody": "",
            "fileTypesAndContributionMap": {
              "functional-code": {
                "insertions": 36,
                "deletions": 175
              }
            }
          },
          {
            "hash": "ff6f5b4cb5930273bf55299c8cd03cad4e353bf1",
            "messageTitle": "Update prepareListNote to follow coding style of the other prepare functions",
            "messageBody": "",
            "fileTypesAndContributionMap": {
              "functional-code": {
                "insertions": 50,
                "deletions": 29
              }
            }
          },
          {
            "hash": "8825ed38bb4516dc9d9ebdd5a7d4af4a688a3ac3",
            "messageTitle": "Fix minor naming issues",
            "messageBody": "",
            "fileTypesAndContributionMap": {
              "functional-code": {
                "insertions": 2,
                "deletions": 2
              }
            }
          },
          {
            "hash": "9e8de2c428e1fc7b9bc16055804a6f9d92416415",
            "messageTitle": "Address PR comments",
            "messageBody": "",
            "fileTypesAndContributionMap": {
              "functional-code": {
                "insertions": 2,
                "deletions": 2
              }
            }
          }
        ]
      },
      {
        "date": "2020-10-14",
        "commitResults": [
          {
            "hash": "7e75a658d7c311a8cca80190b3e30e10fa0e7041",
            "messageTitle": "Junit AssertEquals Test for HelpCommand",
            "messageBody": "",
            "fileTypesAndContributionMap": {
              "test-code": {
                "insertions": 32,
                "deletions": 3
              }
            }
          },
          {
            "hash": "cb19d919cf4fd9d49ee28b065d9b3233b65aaba3",
            "messageTitle": "Clean Duke code and add Test Case for FindCommand",
            "messageBody": "",
            "fileTypesAndContributionMap": {
              "functional-code": {
                "insertions": 1,
                "deletions": 2
              },
              "test-code": {
                "insertions": 66,
                "deletions": 1
              }
            }
          }
        ]
      },
      {
        "date": "2020-10-15",
        "commitResults": [
          {
            "hash": "8fcdb1c22dff90d4583cdef4f9fe539ff1b3ceea",
            "messageTitle": "Update DeveloperGuide.md",
            "messageBody": "",
            "fileTypesAndContributionMap": {
              "docs": {
                "insertions": 34,
                "deletions": 20
              }
            }
          },
          {
            "hash": "b9709e9d702627c425b3867ff30733ec591b769f",
            "messageTitle": "Update DeveloperGuide.md",
            "messageBody": "Included the following:\r\n\r\n- User Persona\r\n- User Profile\r\n- Value Proposition\r\n- NFR\r\n- Introduction",
            "fileTypesAndContributionMap": {
              "docs": {
                "insertions": 11,
                "deletions": 4
              }
            }
          },
          {
            "hash": "2ee2fa529f24865b3f9eae6384d74e2170785f8c",
            "messageTitle": "Update DeveloperGuide.md",
            "messageBody": "",
            "fileTypesAndContributionMap": {
              "docs": {
                "insertions": 3,
                "deletions": 3
              }
            }
          },
          {
            "hash": "3821ca8301c47296d6548e94cd2a79e7d5e3a230",
            "messageTitle": "Add logger for Find and Help Command",
            "messageBody": "",
            "fileTypesAndContributionMap": {
              "functional-code": {
                "insertions": 68,
                "deletions": 0
              }
            }
          },
          {
            "hash": "deedf25f9ae993448806e51152869d7ee77c8cd6",
            "messageTitle": "Catch nullpointer exception for find-n, and add logging",
            "messageBody": "",
            "fileTypesAndContributionMap": {
              "functional-code": {
                "insertions": 46,
                "deletions": 1
              }
            }
          },
          {
            "hash": "20562d0f3b07ada4966e61a10845980d5dad3cc1",
            "messageTitle": "Fix for checkstyleMain",
            "messageBody": "",
            "fileTypesAndContributionMap": {
              "functional-code": {
                "insertions": 5,
                "deletions": 5
              }
            }
          },
          {
            "hash": "3e051bf61df2a69469af7b16a39a0ef7e073c7c4",
            "messageTitle": "Update list-n to include pinned notes",
            "messageBody": "",
            "fileTypesAndContributionMap": {
              "functional-code": {
                "insertions": 64,
                "deletions": 42
              }
            }
          },
          {
            "hash": "dc61e0ea5020c71ec8b4ae99e76b3498fba487e4",
            "messageTitle": "Address PR comments",
            "messageBody": "",
            "fileTypesAndContributionMap": {
              "functional-code": {
                "insertions": 4,
                "deletions": 4
              }
            }
          },
          {
            "hash": "d7304986657d4eaba1e7bc5c143032aa774fc58a",
            "messageTitle": "Made the output to the console more user friendly",
            "messageBody": "",
            "fileTypesAndContributionMap": {
              "functional-code": {
                "insertions": 29,
                "deletions": 6
              }
            }
          },
          {
            "hash": "a833c409890ff3181d8a0258105a6d27e682d062",
            "messageTitle": "Add credits for the NotUS display",
            "messageBody": "",
            "fileTypesAndContributionMap": {
              "functional-code": {
                "insertions": 2,
                "deletions": 0
              }
            }
          },
          {
            "hash": "eee5de5f67244563149572fb1696d29a0df2067b",
            "messageTitle": "Change Interface.LS to Formatter.LS due to refactor of code",
            "messageBody": "",
            "fileTypesAndContributionMap": {
              "functional-code": {
                "insertions": 19,
                "deletions": 18
              }
            }
          },
          {
            "hash": "fe4d8c8703135ad0acde313f155ffc1d9e49c570",
            "messageTitle": "Fix test case",
            "messageBody": "",
            "fileTypesAndContributionMap": {
              "test-code": {
                "insertions": 1,
                "deletions": 1
              }
            }
          },
          {
            "hash": "ed718ab55fe6dd88ee6b0670a49158ee15a628a7",
            "messageTitle": "Update README.md",
            "messageBody": "Update README to reflect NotUS display",
            "fileTypesAndContributionMap": {
              "docs": {
                "insertions": 18,
                "deletions": 13
              }
            }
          }
        ]
      },
      {
        "date": "2020-10-16",
        "commitResults": [
          {
            "hash": "ada5477cc296be7d6171c177e912be7770b5d790",
            "messageTitle": "Refactor Formatter to UI as it makes more sense to be under UI. Refactor Welcome screen to Formatter",
            "messageBody": "",
            "fileTypesAndContributionMap": {
              "functional-code": {
                "insertions": 15,
                "deletions": 38
              },
              "other": {
                "insertions": 28,
                "deletions": 1
              },
              "test-code": {
                "insertions": 7,
                "deletions": 7
              }
            }
          },
          {
            "hash": "dad261ae7f96f4c88a25393487182e942998906b",
            "messageTitle": "Update src/main/java/seedu/duke/ui/Formatter.java",
            "messageBody": "Co-authored-by: Chongjx \u003cChongjx@users.noreply.github.com\u003e",
            "fileTypesAndContributionMap": {
              "functional-code": {
                "insertions": 11,
                "deletions": 11
              }
            }
          }
        ]
      }
    ],
    "Chongjx": [
      {
        "date": "2020-10-01",
        "commitResults": [
          {
            "hash": "e7b9fa589d313731d5014688b973710f303a1ffd",
            "messageTitle": "Updated my info in AboutUs.md",
            "messageBody": "",
            "fileTypesAndContributionMap": {
              "docs": {
                "insertions": 7,
                "deletions": 1
              }
            }
          },
          {
            "hash": "8c601684abdf3a128f95a437bfd65f7961f05e8c",
            "messageTitle": "Set up base code for project flow",
            "messageBody": "",
            "fileTypesAndContributionMap": {
              "functional-code": {
                "insertions": 826,
                "deletions": 29
              }
            }
          },
          {
            "hash": "f6894f65fc137480e234cf0c8b7e03534fbb1d08",
            "messageTitle": "Updated the flow of the program and sets HELP and EXIT as the only recognisable commands",
            "messageBody": "",
            "fileTypesAndContributionMap": {
              "functional-code": {
                "insertions": 5,
                "deletions": 4
              }
            }
          },
          {
            "hash": "d9e7695213d94ef20ecf1a318b9537669d872780",
            "messageTitle": "Updated string to follow styleTest",
            "messageBody": "",
            "fileTypesAndContributionMap": {
              "functional-code": {
                "insertions": 2,
                "deletions": 2
              },
              "other": {
                "insertions": 3,
                "deletions": 1
              }
            }
          }
        ]
      },
      {
        "date": "2020-10-02",
        "commitResults": [
          {
            "hash": "994d14710e8343f8a5dad54103cb50febe3ce219",
            "messageTitle": "Added missing class, ListEventCommand, and template functions for the parsing of Commands",
            "messageBody": "",
            "fileTypesAndContributionMap": {
              "functional-code": {
                "insertions": 122,
                "deletions": 19
              },
              "other": {
                "insertions": 10,
                "deletions": 11
              }
            }
          }
        ]
      },
      {
        "date": "2020-10-05",
        "commitResults": [
          {
            "hash": "0c1917e9e85b58ea6d56eb66b82bfd399ec439cc",
            "messageTitle": "Setup the test classes for all the classes for JUnit tests",
            "messageBody": "",
            "fileTypesAndContributionMap": {
              "functional-code": {
                "insertions": 7,
                "deletions": 1
              },
              "test-code": {
                "insertions": 263,
                "deletions": 0
              }
            }
          },
          {
            "hash": "6f598026c3f23eb4f8a7c44cf8d711b22881acbb",
            "messageTitle": "Removed  \"import static org.junit.jupiter.api.Assertions.*;\" from all test classes as it violates coding standard.",
            "messageBody": "",
            "fileTypesAndContributionMap": {
              "test-code": {
                "insertions": 0,
                "deletions": 44
              }
            }
          }
        ]
      },
      {
        "date": "2020-10-06",
        "commitResults": [
          {
            "hash": "a85258a1d4bb5442616ae9539c28f3deed2c75cf",
            "messageTitle": "Created a TagManager and added the Tag related Commands.",
            "messageBody": "Also added the test classes for the Tag related Commands.\n",
            "fileTypesAndContributionMap": {
              "functional-code": {
                "insertions": 435,
                "deletions": 41
              },
              "test-code": {
                "insertions": 36,
                "deletions": 4
              }
            }
          }
        ]
      },
      {
        "date": "2020-10-07",
        "commitResults": [
          {
            "hash": "352649e1840e82fa9e4096fb3e5b41bdab037bf4",
            "messageTitle": "Implemented create and delete tag",
            "messageBody": "",
            "fileTypesAndContributionMap": {
              "functional-code": {
                "insertions": 24,
                "deletions": 21
              }
            }
          },
          {
            "hash": "51d108f9bcc7d1503f9d55a587748c3e8f3b9aeb",
            "messageTitle": "Changed MESSAGE_USAGE to COMMAND_USAGE for all the commands for better readability.",
            "messageBody": "",
            "fileTypesAndContributionMap": {
              "functional-code": {
                "insertions": 54,
                "deletions": 32
              },
              "test-code": {
                "insertions": 15,
                "deletions": 15
              }
            }
          }
        ]
      },
      {
        "date": "2020-10-08",
        "commitResults": [
          {
            "hash": "5465e1d1abd93b6695b4070ee1d5643322802c52",
            "messageTitle": "Refactor CreateTagCommand and DeleteTagCommand to 1 function.",
            "messageBody": "Updated CreateTagCommand and DeleteTagCommand to support creating and deleting of multiple tags within 1 instruction.\nAdded new enum to SystemException to handle more specific missing information.\nRestructured the handling of exception in the prepare functions to return SystemException and catch them within the parseCommand function.\n",
            "fileTypesAndContributionMap": {
              "functional-code": {
                "insertions": 348,
                "deletions": 211
              }
            }
          },
          {
            "hash": "4c2f5eae6e4035f7f63cfd45588182d743aa08a4",
            "messageTitle": "Updated naming of some variables to follow the coding style",
            "messageBody": "",
            "fileTypesAndContributionMap": {
              "functional-code": {
                "insertions": 6,
                "deletions": 6
              }
            }
          }
        ]
      },
      {
        "date": "2020-10-11",
        "commitResults": [
          {
            "hash": "0f3536ae0e07349658f91a0d3dc910d6437aa2d0",
            "messageTitle": "Clean up code in main file",
            "messageBody": "",
            "fileTypesAndContributionMap": {
              "functional-code": {
                "insertions": 11,
                "deletions": 18
              }
            }
          },
          {
            "hash": "7609563c64e5e9f3cf41a9893b76cfcc382eeb3e",
            "messageTitle": "Code clean up for v0.1",
            "messageBody": "Updated some COMMAND_USAGE to reflect the correct parameters required.\nAdded additional SystemException to handle invalid command and blank message.\nRemoved unused functions.\nSplit EditCommand into EditNoteCommand and EditEventCommand.\nModified some of the prepare functions to use checkBlank function.\nUpdated splitInfoString to throw SystemException instead of NullPointerException.\n",
            "fileTypesAndContributionMap": {
              "functional-code": {
                "insertions": 348,
                "deletions": 439
              },
              "other": {
                "insertions": 1,
                "deletions": 1
              },
              "test-code": {
                "insertions": 7,
                "deletions": 0
              }
            }
          },
          {
            "hash": "a9959a5e6997950d24ce01916b52de8826f9cefe",
            "messageTitle": "Removed wildcard import in EditNoteCommandTest.",
            "messageBody": "",
            "fileTypesAndContributionMap": {
              "test-code": {
                "insertions": 0,
                "deletions": 2
              }
            }
          },
          {
            "hash": "fb064e43146e1e8077b8cb60c747a35fcfb698c9",
            "messageTitle": "Refactor remaining codes to use checkBlank()",
            "messageBody": "",
            "fileTypesAndContributionMap": {
              "functional-code": {
                "insertions": 4,
                "deletions": 10
              }
            }
          },
          {
            "hash": "66a319c76f9f30011bed91fda0f4cc4b0825159a",
            "messageTitle": "Renamed COMMAD_USAGE_NOTE to COMMAND_USAGE",
            "messageBody": "",
            "fileTypesAndContributionMap": {
              "functional-code": {
                "insertions": 4,
                "deletions": 4
              }
            }
          },
          {
            "hash": "78b0c9b17e801198a0e4fe5d4c940a3235305aee",
            "messageTitle": "Minor rename of variable and adding of fullstops for JavaDoc",
            "messageBody": "",
            "fileTypesAndContributionMap": {
              "functional-code": {
                "insertions": 13,
                "deletions": 13
              }
            }
          },
          {
            "hash": "072fb98b7c670611a7c1edd68917e0fbb8985b83",
            "messageTitle": "Standardise the index - 1 to be in the prepare functions instead of the Command functions",
            "messageBody": "",
            "fileTypesAndContributionMap": {
              "functional-code": {
                "insertions": 5,
                "deletions": 5
              }
            }
          },
          {
            "hash": "2fb8def8a8883160abbc332063dd1f9601f23667",
            "messageTitle": "Update welcome message",
            "messageBody": "Co-authored-by: R Ramana \u003c54029207+R-Ramana@users.noreply.github.com\u003e",
            "fileTypesAndContributionMap": {
              "functional-code": {
                "insertions": 1,
                "deletions": 1
              }
            }
          },
          {
            "hash": "7d6ab6e3084562cbf6bc508cca06f9a8238c2bc5",
            "messageTitle": "Update string for better readability",
            "messageBody": "Co-authored-by: R Ramana \u003c54029207+R-Ramana@users.noreply.github.com\u003e",
            "fileTypesAndContributionMap": {
              "functional-code": {
                "insertions": 2,
                "deletions": 2
              }
            }
          },
          {
            "hash": "220be06aba9bef746ac782f6efceaf1a9191a794",
            "messageTitle": "Replace \" \" with regex \"\\\\s+\"",
            "messageBody": "Co-authored-by: R Ramana \u003c54029207+R-Ramana@users.noreply.github.com\u003e",
            "fileTypesAndContributionMap": {
              "functional-code": {
                "insertions": 1,
                "deletions": 1
              }
            }
          },
          {
            "hash": "3f2f40b5c85ad45eed4cf17146c1f459f3c4ed88",
            "messageTitle": "Categorsied prefix by usage.",
            "messageBody": "",
            "fileTypesAndContributionMap": {
              "functional-code": {
                "insertions": 9,
                "deletions": 2
              }
            }
          },
          {
            "hash": "2a8e2408dbf94c678588dbeecaa269e6e76de2a7",
            "messageTitle": "Updated welcome message",
            "messageBody": "",
            "fileTypesAndContributionMap": {
              "functional-code": {
                "insertions": 2,
                "deletions": 1
              }
            }
          }
        ]
      },
      {
        "date": "2020-10-12",
        "commitResults": [
          {
            "hash": "3fb14cfa8ac9bae73787639ce2f952d95d64ed14",
            "messageTitle": "Pass StorageManager into Command class",
            "messageBody": "",
            "fileTypesAndContributionMap": {
              "functional-code": {
                "insertions": 5,
                "deletions": 3
              }
            }
          }
        ]
      },
      {
        "date": "2020-10-13",
        "commitResults": [
          {
            "hash": "b5cf7a885efb1c16645b196e5e8be6b2d90dbf3c",
            "messageTitle": "Followed up for code review",
            "messageBody": "",
            "fileTypesAndContributionMap": {
              "functional-code": {
                "insertions": 98,
                "deletions": 64
              }
            }
          }
        ]
      },
      {
        "date": "2020-10-14",
        "commitResults": [
          {
            "hash": "370a57763e79818adade84c374290d62727ec32e",
            "messageTitle": "Completes all JUnit test for Tag related commands",
            "messageBody": "",
            "fileTypesAndContributionMap": {
              "functional-code": {
                "insertions": 5,
                "deletions": 5
              },
              "test-code": {
                "insertions": 583,
                "deletions": 3
              }
            }
          },
          {
            "hash": "0292c3e50b831b1a7b1349b22506f4594966fc44",
            "messageTitle": "Fix CheckStyleTest",
            "messageBody": "",
            "fileTypesAndContributionMap": {
              "test-code": {
                "insertions": 13,
                "deletions": 24
              }
            }
          },
          {
            "hash": "e00c64a0b004952e9e52d641cc0d9375f80a1738",
            "messageTitle": "Refactored codes from Command class into the TagManager class",
            "messageBody": "",
            "fileTypesAndContributionMap": {
              "functional-code": {
                "insertions": 83,
                "deletions": 52
              },
              "test-code": {
                "insertions": 5,
                "deletions": 6
              }
            }
          },
          {
            "hash": "ff852c6bd90f414027c84a2d70753cf2c18e985d",
            "messageTitle": "Fixed case sensitive issue",
            "messageBody": "",
            "fileTypesAndContributionMap": {
              "functional-code": {
                "insertions": 8,
                "deletions": 6
              }
            }
          },
          {
            "hash": "84cd18da3afca099ab6b2c8cf58a7611738fd330",
            "messageTitle": "Update to pass JUnit test",
            "messageBody": "",
            "fileTypesAndContributionMap": {
              "test-code": {
                "insertions": 1,
                "deletions": 1
              }
            }
          },
          {
            "hash": "3a8dc36e3aeae6a374413bfc4f3155a0fe18019c",
            "messageTitle": "Touch up on the code, removed unused import statment. Updated some of the prepare functions to throw the proper exceptions. Changed all equals function to equalsIgnoreCase",
            "messageBody": "",
            "fileTypesAndContributionMap": {
              "functional-code": {
                "insertions": 82,
                "deletions": 67
              }
            }
          },
          {
            "hash": "c5c21376f31c78991ef57d7044945511a92dbbb6",
            "messageTitle": "Updated COMMAND_USAGE for RemindCommand",
            "messageBody": "",
            "fileTypesAndContributionMap": {
              "functional-code": {
                "insertions": 1,
                "deletions": 2
              }
            }
          },
          {
            "hash": "acf45eaa0bc28d3a2ee6d2d37ade1736e80d5025",
            "messageTitle": "Update pin notes to ignore case when searching",
            "messageBody": "",
            "fileTypesAndContributionMap": {
              "functional-code": {
                "insertions": 1,
                "deletions": 1
              }
            }
          },
          {
            "hash": "b0cc64aa5c32125b54120db0b0cb66d55f96d960",
            "messageTitle": "Temporary fix for printing color in windows command prompt",
            "messageBody": "",
            "fileTypesAndContributionMap": {
              "functional-code": {
                "insertions": 3,
                "deletions": 1
              },
              "test-code": {
                "insertions": 5,
                "deletions": 3
              }
            }
          }
        ]
      },
      {
        "date": "2020-10-15",
        "commitResults": [
          {
            "hash": "ffcfd48e0fbbe91a0d01d86c0ad69ed666c65406",
            "messageTitle": "Tried importing JColor library to fix printing of colored text in windows terminal, but it still does not work",
            "messageBody": "Rename the default jar file from \u0027Duke\u0027 to \u0027Notus\u0027 in build.gradle\n",
            "fileTypesAndContributionMap": {
              "functional-code": {
                "insertions": 13,
                "deletions": 0
              },
              "other": {
                "insertions": 4,
                "deletions": 1
              }
            }
          },
          {
            "hash": "727d04a19e97fa584370ed7e63c3df87ce70924d",
            "messageTitle": "Created Formatter class with some default functions. Moved System.lineSeparator to this class since its for formatting",
            "messageBody": "",
            "fileTypesAndContributionMap": {
              "functional-code": {
                "insertions": 118,
                "deletions": 69
              },
              "test-code": {
                "insertions": 52,
                "deletions": 52
              }
            }
          }
        ]
      },
      {
        "date": "2020-10-16",
        "commitResults": [
          {
            "hash": "1c536ed710469db332f29fb6ad1f1d31e7b308eb",
            "messageTitle": "Tempory fix for printing color in windows terminal by enabling virtual terminal processing",
            "messageBody": "",
            "fileTypesAndContributionMap": {
              "functional-code": {
                "insertions": 45,
                "deletions": 15
              },
              "other": {
                "insertions": 1,
                "deletions": 1
              }
            }
          },
          {
            "hash": "db67c668bfa6dbda473f9bd35f62daaba7b6ac6d",
            "messageTitle": "Updating Formatter class",
            "messageBody": "",
            "fileTypesAndContributionMap": {
              "functional-code": {
                "insertions": 6,
                "deletions": 1
              }
            }
          },
          {
            "hash": "21711a4b2ffdf79101095183d2f988309a3488b6",
            "messageTitle": "SetConsoleMode to enable Virtual Terminal Processing for windows",
            "messageBody": "",
            "fileTypesAndContributionMap": {
              "functional-code": {
                "insertions": 15,
                "deletions": 13
              }
            }
          },
          {
            "hash": "5019dd80f10cf7618ec28d7a62d74c2342595923",
            "messageTitle": "Updated some functions to take in header",
            "messageBody": "",
            "fileTypesAndContributionMap": {
              "functional-code": {
                "insertions": 23,
                "deletions": 13
              }
            }
          },
          {
            "hash": "c8e1eb4435d9b4972e79285fe19321d69fecb454",
            "messageTitle": "Fixed varible naming for checkStyle",
            "messageBody": "",
            "fileTypesAndContributionMap": {
              "functional-code": {
                "insertions": 15,
                "deletions": 15
              }
            }
          },
          {
            "hash": "cc499e7f8ca4bfe6c98143c243f471e5da0a6a5b",
            "messageTitle": "Fix createTag Test",
            "messageBody": "",
            "fileTypesAndContributionMap": {
              "functional-code": {
                "insertions": 10,
                "deletions": 2
              }
            }
          },
          {
            "hash": "ef0cae8c99ea58a16ac31b3097529bfbc81c7342",
            "messageTitle": "Fix checkStyle",
            "messageBody": "",
            "fileTypesAndContributionMap": {
              "functional-code": {
                "insertions": 8,
                "deletions": 8
              }
            }
          },
          {
            "hash": "cb98db8e9a3e0c7c77dcb75232742e013c8fa115",
            "messageTitle": "Refactored enable virtual terminal code",
            "messageBody": "",
            "fileTypesAndContributionMap": {
              "functional-code": {
                "insertions": 29,
                "deletions": 28
              }
            }
          },
          {
            "hash": "f2806f41bb9abc68d62480655386423a5d06a6f1",
            "messageTitle": "Updated code to use JColor library",
            "messageBody": "",
            "fileTypesAndContributionMap": {
              "functional-code": {
                "insertions": 41,
                "deletions": 95
              },
              "other": {
                "insertions": 1,
                "deletions": 4
              },
              "test-code": {
                "insertions": 21,
                "deletions": 24
              }
            }
          },
          {
            "hash": "88961c39741c1cfcd149eddc5311a26837b66dba",
            "messageTitle": "Implemented basic formatting for the output. Updated JUnit test to not compare string output. Updated EXPECTED.txt",
            "messageBody": "",
            "fileTypesAndContributionMap": {
              "functional-code": {
                "insertions": 157,
                "deletions": 75
              },
              "test-code": {
                "insertions": 22,
                "deletions": 34
              }
            }
          },
          {
            "hash": "4074a334d10db280fa3bcd6799927aba0f560b0a",
            "messageTitle": "New lib to simplify printing color on windows terminal",
            "messageBody": "",
            "fileTypesAndContributionMap": {
              "functional-code": {
                "insertions": 4,
                "deletions": 29
              },
              "other": {
                "insertions": 1,
                "deletions": 0
              }
            }
          }
        ]
      },
      {
        "date": "2020-10-17",
        "commitResults": [
          {
            "hash": "5a80b1ecd54c56c54d9662f676bad769b9f4ed64",
            "messageTitle": "Update src/main/java/seedu/duke/data/notebook/Tag.java",
            "messageBody": "Co-authored-by: R Ramana \u003c54029207+R-Ramana@users.noreply.github.com\u003e",
            "fileTypesAndContributionMap": {
              "functional-code": {
                "insertions": 2,
                "deletions": 2
              }
            }
          },
          {
            "hash": "b7121fba73538f33e931189b27cc1b6d90c78146",
            "messageTitle": "Modified formatString to not take in isColored boolean. Checking of color strings should be done within the format message itself.",
            "messageBody": "",
            "fileTypesAndContributionMap": {
              "functional-code": {
                "insertions": 32,
                "deletions": 21
              },
              "other": {
                "insertions": 0,
                "deletions": 1
              },
              "test-code": {
                "insertions": 2,
                "deletions": 2
              }
            }
          },
          {
            "hash": "afc09d655aeed2b40409fa1a3e96ed9c19a7fc21",
            "messageTitle": "Update test cases for JUnit test to pass",
            "messageBody": "",
            "fileTypesAndContributionMap": {
              "functional-code": {
                "insertions": 4,
                "deletions": 9
              }
            }
          },
          {
            "hash": "487a178922b9d577f0d558eca6264c2e6709a8a9",
            "messageTitle": "Updated JUnit test cases to pass",
            "messageBody": "",
            "fileTypesAndContributionMap": {
              "functional-code": {
                "insertions": 3,
                "deletions": 7
              },
              "test-code": {
                "insertions": 4,
                "deletions": 4
              }
            }
          }
        ]
      }
    ],
    "brandonywl": [
      {
        "date": "2020-10-01",
        "commitResults": [
          {
            "hash": "9e77298820170bb9c509407df6999dd724daf659",
            "messageTitle": "Updated AboutUs.md",
            "messageBody": "",
            "fileTypesAndContributionMap": {
              "docs": {
                "insertions": 2,
                "deletions": 2
              }
            }
          }
        ]
      },
      {
        "date": "2020-10-09",
        "commitResults": [
          {
            "hash": "df4e1483e2641fcc7cd9e127c7e916419dc8aaac",
            "messageTitle": "Added Event Functionality",
            "messageBody": "",
            "fileTypesAndContributionMap": {
              "functional-code": {
                "insertions": 116,
                "deletions": 28
              }
            }
          }
        ]
      },
      {
        "date": "2020-10-10",
        "commitResults": [
          {
            "hash": "dcdab6d66b501680c702af7644e5c32235aba55e",
            "messageTitle": "Updated coding violations",
            "messageBody": "",
            "fileTypesAndContributionMap": {
              "functional-code": {
                "insertions": 84,
                "deletions": 17
              }
            }
          },
          {
            "hash": "14fe6c4e51ad9be2cd9c47aaceef4fa6c63b0dc0",
            "messageTitle": "Added Recurring Events",
            "messageBody": "",
            "fileTypesAndContributionMap": {
              "functional-code": {
                "insertions": 178,
                "deletions": 13
              }
            }
          },
          {
            "hash": "6b3aa8dec91ccde892930c950f9e25b1f396a502",
            "messageTitle": "Updated issue with prefix clash",
            "messageBody": "",
            "fileTypesAndContributionMap": {
              "functional-code": {
                "insertions": 0,
                "deletions": 2
              }
            }
          },
          {
            "hash": "458ea29c1833d663ee2792288d2056d8906a5561",
            "messageTitle": "Added daily and weekly events",
            "messageBody": "",
            "fileTypesAndContributionMap": {
              "functional-code": {
                "insertions": 109,
                "deletions": 29
              }
            }
          },
          {
            "hash": "c4b919fa0e2e549f4fd4db80f655656f53014cf0",
            "messageTitle": "Added Delete and List Event functionality",
            "messageBody": "",
            "fileTypesAndContributionMap": {
              "functional-code": {
                "insertions": 138,
                "deletions": 38
              }
            }
          },
          {
            "hash": "351880d3342ffd40a3623a58b1b703ff2dd3d614",
            "messageTitle": "Fixed Delete and List Event Commands",
            "messageBody": "",
            "fileTypesAndContributionMap": {
              "functional-code": {
                "insertions": 82,
                "deletions": 22
              }
            }
          },
          {
            "hash": "9a0dd67b1d4663a2b20cc70c83d62910c93d078e",
            "messageTitle": "Refactored naming to clean code",
            "messageBody": "",
            "fileTypesAndContributionMap": {
              "functional-code": {
                "insertions": 15,
                "deletions": 26
              }
            }
          },
          {
            "hash": "ec68422b78049c5d1169ec2a4204af3b5bae4862",
            "messageTitle": "Cleaned Coding Standards Violation",
            "messageBody": "",
            "fileTypesAndContributionMap": {
              "functional-code": {
                "insertions": 72,
                "deletions": 75
              }
            }
          },
          {
            "hash": "3dce23a1c702594612a2ecb305e1f746f19e3c9f",
            "messageTitle": "Fixed bugs on AddEvent",
            "messageBody": "",
            "fileTypesAndContributionMap": {
              "functional-code": {
                "insertions": 1,
                "deletions": 1
              }
            }
          },
          {
            "hash": "5fd0eb697ed4c356b407902ed77511e84d14fe98",
            "messageTitle": "Fixed string concats on SystemException",
            "messageBody": "",
            "fileTypesAndContributionMap": {
              "functional-code": {
                "insertions": 8,
                "deletions": 8
              }
            }
          },
          {
            "hash": "560c3fa644b2d4c50d57fb912f03a34527d8d6ec",
            "messageTitle": "Updated to pass runtest.bat",
            "messageBody": "",
            "fileTypesAndContributionMap": {
              "functional-code": {
                "insertions": 8,
                "deletions": 14
              },
              "other": {
                "insertions": 1,
                "deletions": 0
              }
            }
          },
          {
            "hash": "7d913a6518b0d9f9ac5ad5f339ded0fb8315d9d9",
            "messageTitle": "Fixed auto wildcard import",
            "messageBody": "",
            "fileTypesAndContributionMap": {
              "functional-code": {
                "insertions": 9,
                "deletions": 1
              }
            }
          }
        ]
      },
      {
        "date": "2020-10-11",
        "commitResults": [
          {
            "hash": "f698518a8d24983316b04d00a92122a729f6a529",
            "messageTitle": "Standardised structure of AddEventCommand Class",
            "messageBody": "",
            "fileTypesAndContributionMap": {
              "functional-code": {
                "insertions": 7,
                "deletions": 6
              }
            }
          },
          {
            "hash": "d77862766e93199b36d6b15a2155686d462e1511",
            "messageTitle": "Added AddEventCommand back to HelpCommand",
            "messageBody": "",
            "fileTypesAndContributionMap": {
              "functional-code": {
                "insertions": 1,
                "deletions": 2
              }
            }
          },
          {
            "hash": "40711f9bcdcb3d02f321d019b4e9456a98a3b17f",
            "messageTitle": "Updated for Consistencies",
            "messageBody": "",
            "fileTypesAndContributionMap": {
              "functional-code": {
                "insertions": 10,
                "deletions": 4
              }
            }
          },
          {
            "hash": "5b616e2b6dd8051addf36212ce9e657e15f1a615",
            "messageTitle": "Updated Line Separators for Consistency",
            "messageBody": "",
            "fileTypesAndContributionMap": {
              "functional-code": {
                "insertions": 7,
                "deletions": 2
              }
            }
          },
          {
            "hash": "5698c116feb550655b32f5f0662ba6a6c7b019ab",
            "messageTitle": "Updated one code standard violation",
            "messageBody": "",
            "fileTypesAndContributionMap": {
              "functional-code": {
                "insertions": 2,
                "deletions": 1
              }
            }
          },
          {
            "hash": "09fa37a99fdd5f4cb5b3e361b67bb713c973ec97",
            "messageTitle": "Ensure code standards",
            "messageBody": "",
            "fileTypesAndContributionMap": {
              "functional-code": {
                "insertions": 1,
                "deletions": 1
              }
            }
          },
          {
            "hash": "1a8fcd28f0d852abbd3d209375b28ab1d7c44464",
            "messageTitle": "Fixed 2 coding standard violations",
            "messageBody": "",
            "fileTypesAndContributionMap": {
              "functional-code": {
                "insertions": 19,
                "deletions": 3
              }
            }
          },
          {
            "hash": "1a2ae7654389c5cc4f2de930cffe55b73eba028e",
            "messageTitle": "Update src/main/java/seedu/duke/data/exception/SystemException.java",
            "messageBody": "Co-authored-by: R Ramana \u003c54029207+R-Ramana@users.noreply.github.com\u003e",
            "fileTypesAndContributionMap": {
              "functional-code": {
                "insertions": 1,
                "deletions": 1
              }
            }
          },
          {
            "hash": "598c27347697880d3c9598f7f153b1cb626a4115",
            "messageTitle": "Update src/main/java/seedu/duke/data/timetable/Event.java",
            "messageBody": "Co-authored-by: R Ramana \u003c54029207+R-Ramana@users.noreply.github.com\u003e",
            "fileTypesAndContributionMap": {
              "functional-code": {
                "insertions": 1,
                "deletions": 1
              }
            }
          },
          {
            "hash": "0dfbcfb046e4a08fe10308c29e778ff96099a927",
            "messageTitle": "Update src/main/java/seedu/duke/util/DateTimeManager.java",
            "messageBody": "Co-authored-by: R Ramana \u003c54029207+R-Ramana@users.noreply.github.com\u003e",
            "fileTypesAndContributionMap": {
              "functional-code": {
                "insertions": 1,
                "deletions": 0
              }
            }
          },
          {
            "hash": "b9c7fb548032d36e99a986b191648ef17ff4fbbf",
            "messageTitle": "Standardized JavaDocs Style",
            "messageBody": "",
            "fileTypesAndContributionMap": {
              "functional-code": {
                "insertions": 91,
                "deletions": 14
              }
            }
          },
          {
            "hash": "7a5467f8a834e15c11e2399db0e9b40bd3f33efe",
            "messageTitle": "Cleaned up JavaDocs",
            "messageBody": "",
            "fileTypesAndContributionMap": {
              "functional-code": {
                "insertions": 67,
                "deletions": 36
              }
            }
          },
          {
            "hash": "2637e105a1254119596f814c23e4846dac7b46b7",
            "messageTitle": "Added NullPointerException Catch",
            "messageBody": "",
            "fileTypesAndContributionMap": {
              "functional-code": {
                "insertions": 2,
                "deletions": 0
              }
            }
          },
          {
            "hash": "d2e77d2aaec4857ed152349ba8a262a809ec6c9c",
            "messageTitle": "Removed repeated import statement",
            "messageBody": "",
            "fileTypesAndContributionMap": {
              "functional-code": {
                "insertions": 0,
                "deletions": 1
              }
            }
          },
          {
            "hash": "88c6415a77d0a84d9ad83c4dbe2e3dfbdc04a19d",
            "messageTitle": "Cleaned up code",
            "messageBody": "",
            "fileTypesAndContributionMap": {
              "functional-code": {
                "insertions": 6,
                "deletions": 3
              }
            }
          },
          {
            "hash": "6b355d5b77a4c810e9bdcaefcbf8b82e2c78d510",
            "messageTitle": "Added a NullPointerException Catch",
            "messageBody": "",
            "fileTypesAndContributionMap": {
              "functional-code": {
                "insertions": 2,
                "deletions": 0
              }
            }
          },
          {
            "hash": "23da291004975ffa381977171950ab0a977a16a3",
            "messageTitle": "Added some reminder supprot",
            "messageBody": "",
            "fileTypesAndContributionMap": {
              "functional-code": {
                "insertions": 109,
                "deletions": 16
              }
            }
          },
          {
            "hash": "688f88de93cf0f5896dbb79601f951a4d4cfb9cd",
            "messageTitle": "Fixed up lines that were not consistent with rest of code",
            "messageBody": "",
            "fileTypesAndContributionMap": {
              "functional-code": {
                "insertions": 13,
                "deletions": 14
              }
            }
          },
          {
            "hash": "bfcc1fb9f8da55a478f7e008021a613a3faf9aec",
            "messageTitle": "Fixed Constant Naming",
            "messageBody": "",
            "fileTypesAndContributionMap": {
              "functional-code": {
                "insertions": 6,
                "deletions": 6
              }
            }
          },
          {
            "hash": "04414c09c56f8de38bb6cae4d4485aeefac9b0a1",
            "messageTitle": "Renamed constants",
            "messageBody": "",
            "fileTypesAndContributionMap": {
              "functional-code": {
                "insertions": 12,
                "deletions": 12
              }
            }
          },
          {
            "hash": "d2a94232979de5cf06d48b4df6e75d7509fbe5ca",
            "messageTitle": "Fixed visibility of attributes",
            "messageBody": "",
            "fileTypesAndContributionMap": {
              "functional-code": {
                "insertions": 2,
                "deletions": 20
              }
            }
          },
          {
            "hash": "e4a40c47cfeeab79790002d40952cc49dc107fa3",
            "messageTitle": "Fixed sentence",
            "messageBody": "",
            "fileTypesAndContributionMap": {
              "functional-code": {
                "insertions": 1,
                "deletions": 1
              }
            }
          }
        ]
      },
      {
        "date": "2020-10-12",
        "commitResults": [
          {
            "hash": "df92f2596a17a3df564ffff5226332cfc9be93e1",
            "messageTitle": "Added functionality to Reminders",
            "messageBody": "",
            "fileTypesAndContributionMap": {
              "functional-code": {
                "insertions": 38,
                "deletions": 13
              }
            }
          },
          {
            "hash": "92d2b21458f00e8cf151040e8e53c3e63cabc759",
            "messageTitle": "Added Reminder and Recurring Event functionality",
            "messageBody": "",
            "fileTypesAndContributionMap": {
              "functional-code": {
                "insertions": 530,
                "deletions": 161
              }
            }
          },
          {
            "hash": "781ba352b1c8c39043dc20813126ed17a463353f",
            "messageTitle": "Cleaned up some JavaDocs",
            "messageBody": "",
            "fileTypesAndContributionMap": {
              "functional-code": {
                "insertions": 28,
                "deletions": 12
              }
            }
          },
          {
            "hash": "219c08c387b08d86f0ab4109dab45b2a7ef174af",
            "messageTitle": "Removed one coding violation",
            "messageBody": "",
            "fileTypesAndContributionMap": {
              "functional-code": {
                "insertions": 1,
                "deletions": 1
              }
            }
          },
          {
            "hash": "6da9114e667d30602897c31980b3bce79297e4ac",
            "messageTitle": "Removed one merge conflict",
            "messageBody": "",
            "fileTypesAndContributionMap": {
              "functional-code": {
                "insertions": 1,
                "deletions": 9
              }
            }
          },
          {
            "hash": "3ae5a773b055809f53271f89ac1497f6e7695ba1",
            "messageTitle": "Updated error handling in Command",
            "messageBody": "",
            "fileTypesAndContributionMap": {
              "functional-code": {
                "insertions": 12,
                "deletions": 10
              }
            }
          },
          {
            "hash": "35af0d403f902f0dd9ad5954c95a5742cb67aaff",
            "messageTitle": "Standarized error catching and Command success/failure messages",
            "messageBody": "",
            "fileTypesAndContributionMap": {
              "functional-code": {
                "insertions": 21,
                "deletions": 11
              }
            }
          },
          {
            "hash": "ffa8c7bf498b6438ec3a25e029199c6504bbdeb4",
            "messageTitle": "Removed Import",
            "messageBody": "",
            "fileTypesAndContributionMap": {
              "functional-code": {
                "insertions": 0,
                "deletions": 1
              }
            }
          },
          {
            "hash": "0af5e73150c2ea71b7c1bdb575edccd86d565ab5",
            "messageTitle": "Update src/main/java/seedu/duke/command/DeleteEventCommand.java",
            "messageBody": "Co-authored-by: R Ramana \u003c54029207+R-Ramana@users.noreply.github.com\u003e",
            "fileTypesAndContributionMap": {
              "functional-code": {
                "insertions": 1,
                "deletions": 1
              }
            }
          },
          {
            "hash": "021aee3a9c31be03719effcab08843d910232c7b",
            "messageTitle": "Updated line",
            "messageBody": "",
            "fileTypesAndContributionMap": {
              "functional-code": {
                "insertions": 2,
                "deletions": 2
              }
            }
          }
        ]
      },
      {
        "date": "2020-10-13",
        "commitResults": [
          {
            "hash": "443fd9624f58d478131ca1017fd10f3eec0decde",
            "messageTitle": "Updated Exception Naming",
            "messageBody": "",
            "fileTypesAndContributionMap": {
              "functional-code": {
                "insertions": 1,
                "deletions": 3
              }
            }
          },
          {
            "hash": "20074ce3a8cbe7d1c07f979f10d678c8db1f0917",
            "messageTitle": "Cleaned up JavaDocs",
            "messageBody": "",
            "fileTypesAndContributionMap": {
              "functional-code": {
                "insertions": 86,
                "deletions": 0
              }
            }
          }
        ]
      },
      {
        "date": "2020-10-14",
        "commitResults": [
          {
            "hash": "5012a2de4a2d7b1bad552c87912d42bfb8da6c6b",
            "messageTitle": "Updated parser to instantiate a new RemindCommand directly",
            "messageBody": "",
            "fileTypesAndContributionMap": {
              "functional-code": {
                "insertions": 2,
                "deletions": 1
              }
            }
          },
          {
            "hash": "ab875db70c175e22bcb2ed5328d9f572d1033714",
            "messageTitle": "Added JUnit Test for Event.",
            "messageBody": "",
            "fileTypesAndContributionMap": {
              "functional-code": {
                "insertions": 0,
                "deletions": 1
              },
              "other": {
                "insertions": 3,
                "deletions": 0
              },
              "test-code": {
                "insertions": 38,
                "deletions": 2
              }
            }
          },
          {
            "hash": "abf37f80b31d231b08c3c93ca331c2a11562a03c",
            "messageTitle": "Fixed JUnit test",
            "messageBody": "",
            "fileTypesAndContributionMap": {
              "test-code": {
                "insertions": 1,
                "deletions": 0
              }
            }
          },
          {
            "hash": "31b5f67faa2eeb2e15e1a9cfd7df04144fdb1342",
            "messageTitle": "Fixed JUnit Test",
            "messageBody": "",
            "fileTypesAndContributionMap": {
              "test-code": {
                "insertions": 3,
                "deletions": 2
              }
            }
          },
          {
            "hash": "d6e6b0faed88a874010a7ae2d9a84be0f75be0bf",
            "messageTitle": "Fixed formatting on JUnit Test.",
            "messageBody": "",
            "fileTypesAndContributionMap": {
              "test-code": {
                "insertions": 4,
                "deletions": 4
              }
            }
          },
          {
            "hash": "3fe342429c94d97804d89007aae0dbddd9d5a9c4",
            "messageTitle": "Fixed bug on Event.java",
            "messageBody": "",
            "fileTypesAndContributionMap": {
              "functional-code": {
                "insertions": 2,
                "deletions": 2
              },
              "test-code": {
                "insertions": 5,
                "deletions": 3
              }
            }
          },
          {
            "hash": "e4eee1852248923cfa4e4f6de1e1c5b4ff532330",
            "messageTitle": "Added JUnit Tests and Javadocs for most",
            "messageBody": "",
            "fileTypesAndContributionMap": {
              "functional-code": {
                "insertions": 39,
                "deletions": 10
              },
              "test-code": {
                "insertions": 349,
                "deletions": 2
              }
            }
          },
          {
            "hash": "e688af7524b0c8c1c59ca3ea141f9d23c07b956a",
            "messageTitle": "Updated AddEventCommandTest",
            "messageBody": "",
            "fileTypesAndContributionMap": {
              "test-code": {
                "insertions": 46,
                "deletions": 0
              }
            }
          },
          {
            "hash": "8eeb77042659b0b986d642739fa9db595182da43",
            "messageTitle": "Added RemindCommandTest",
            "messageBody": "",
            "fileTypesAndContributionMap": {
              "test-code": {
                "insertions": 42,
                "deletions": 0
              }
            }
          },
          {
            "hash": "6168337c1ab690b070d793b134470ec96c87983c",
            "messageTitle": "Fixed Coding Standard Violations",
            "messageBody": "",
            "fileTypesAndContributionMap": {
              "test-code": {
                "insertions": 5,
                "deletions": 5
              }
            }
          },
          {
            "hash": "c6b8834b7389634c1a9f654ee485edca5d55c076",
            "messageTitle": "Renaming test functions to standard.",
            "messageBody": "",
            "fileTypesAndContributionMap": {
              "test-code": {
                "insertions": 43,
                "deletions": 54
              }
            }
          }
        ]
      },
      {
        "date": "2020-10-15",
        "commitResults": [
          {
            "hash": "3a5ba12dba7f3aa588d8363bbd8857e061817dea",
            "messageTitle": "Cleaned up unneccessary code",
            "messageBody": "",
            "fileTypesAndContributionMap": {
              "test-code": {
                "insertions": 1,
                "deletions": 7
              }
            }
          },
          {
            "hash": "2418d0040ee0c2e162f41348b88270b59e50ced9",
            "messageTitle": "Update src/test/java/seedu/duke/data/timetable/EventTest.java",
            "messageBody": "Co-authored-by: R Ramana \u003c54029207+R-Ramana@users.noreply.github.com\u003e",
            "fileTypesAndContributionMap": {
              "test-code": {
                "insertions": 1,
                "deletions": 0
              }
            }
          },
          {
            "hash": "ac110f38c8afce932f0f072614ee6e36b25373fb",
            "messageTitle": "Update src/test/java/seedu/duke/data/timetable/TimetableTest.java",
            "messageBody": "Co-authored-by: R Ramana \u003c54029207+R-Ramana@users.noreply.github.com\u003e",
            "fileTypesAndContributionMap": {
              "test-code": {
                "insertions": 2,
                "deletions": 1
              }
            }
          },
          {
            "hash": "8db92a638669eb3cd4098b99c2a7ee0b5a4b2910",
            "messageTitle": "Update src/test/java/seedu/duke/data/timetable/TimetableTest.java",
            "messageBody": "Co-authored-by: R Ramana \u003c54029207+R-Ramana@users.noreply.github.com\u003e",
            "fileTypesAndContributionMap": {
              "test-code": {
                "insertions": 1,
                "deletions": 0
              }
            }
          }
        ]
      }
    ],
    "prachi2023": [
      {
        "date": "2020-10-01",
        "commitResults": [
          {
            "hash": "13daff1aa131c9f79454befcb744d76fb050dc24",
            "messageTitle": "Add name and git details",
            "messageBody": "",
            "fileTypesAndContributionMap": {
              "docs": {
                "insertions": 1,
                "deletions": 1
              }
            }
          }
        ]
      },
      {
        "date": "2020-10-08",
        "commitResults": [
          {
            "hash": "c81592ade96a96fcb5da0b65340bea755a2cb2fb",
            "messageTitle": "Add ability to store content of file as a text file",
            "messageBody": "",
            "fileTypesAndContributionMap": {
              "functional-code": {
                "insertions": 55,
                "deletions": 3
              },
              "test-code": {
                "insertions": 42,
                "deletions": 0
              }
            }
          },
          {
            "hash": "735c9929a11888831ef9c92f7a5d19ca8252cf8e",
            "messageTitle": "Check and create directory to store notes in if it does not already exist",
            "messageBody": "",
            "fileTypesAndContributionMap": {
              "functional-code": {
                "insertions": 16,
                "deletions": 2
              }
            }
          },
          {
            "hash": "3eebe896bb23dd7584ef605c541918649b236b3f",
            "messageTitle": "Save note details (title, tags and isPinned) in Notebook.txt",
            "messageBody": "",
            "fileTypesAndContributionMap": {
              "functional-code": {
                "insertions": 13,
                "deletions": 1
              }
            }
          },
          {
            "hash": "ec48a06c9b98be166e86af02a08a9a2723b7757f",
            "messageTitle": "Update to pass Checkstyle",
            "messageBody": "",
            "fileTypesAndContributionMap": {
              "functional-code": {
                "insertions": 4,
                "deletions": 4
              },
              "test-code": {
                "insertions": 18,
                "deletions": 17
              }
            }
          },
          {
            "hash": "76e33b09b8d088dc8237956d45689ce3e06d0f55",
            "messageTitle": "Fix CheckStyle Errors",
            "messageBody": "",
            "fileTypesAndContributionMap": {
              "functional-code": {
                "insertions": 20,
                "deletions": 12
              }
            }
          },
          {
            "hash": "f0448a886b43b35be28b4ee002c1289b58d9460f",
            "messageTitle": "Change criteria for saveNoteContent test to fail.",
            "messageBody": "",
            "fileTypesAndContributionMap": {
              "test-code": {
                "insertions": 0,
                "deletions": 1
              }
            }
          },
          {
            "hash": "b07c483bc448b97a27eacf74a5b9948a0181c7b6",
            "messageTitle": "Update src/main/java/seedu/duke/storage/StorageManager.java",
            "messageBody": "Co-authored-by: R Ramana \u003c54029207+R-Ramana@users.noreply.github.com\u003e",
            "fileTypesAndContributionMap": {
              "functional-code": {
                "insertions": 1,
                "deletions": 1
              }
            }
          },
          {
            "hash": "fabe1e6480aea795dc3df0f3aeb7b7d5038d5a91",
            "messageTitle": "Update src/main/java/seedu/duke/data/notebook/Notebook.java",
            "messageBody": "Co-authored-by: R Ramana \u003c54029207+R-Ramana@users.noreply.github.com\u003e",
            "fileTypesAndContributionMap": {
              "functional-code": {
                "insertions": 1,
                "deletions": 1
              }
            }
          },
          {
            "hash": "16cf94ec6b29d575dc75d8176c81183d225d35aa",
            "messageTitle": "Update src/main/java/seedu/duke/storage/StorageManager.java",
            "messageBody": "Co-authored-by: R Ramana \u003c54029207+R-Ramana@users.noreply.github.com\u003e",
            "fileTypesAndContributionMap": {
              "functional-code": {
                "insertions": 1,
                "deletions": 1
              }
            }
          },
          {
            "hash": "5f4844fb476de6a46b5f7025cd4973a2df05ce4b",
            "messageTitle": "Update src/main/java/seedu/duke/data/notebook/Notebook.java",
            "messageBody": "Co-authored-by: R Ramana \u003c54029207+R-Ramana@users.noreply.github.com\u003e",
            "fileTypesAndContributionMap": {
              "functional-code": {
                "insertions": 1,
                "deletions": 1
              }
            }
          },
          {
            "hash": "dd44932a01755952f55ac3d9acb965332f49da47",
            "messageTitle": "Update src/main/java/seedu/duke/storage/StorageManager.java",
            "messageBody": "Co-authored-by: R Ramana \u003c54029207+R-Ramana@users.noreply.github.com\u003e",
            "fileTypesAndContributionMap": {
              "functional-code": {
                "insertions": 1,
                "deletions": 1
              }
            }
          }
        ]
      },
      {
        "date": "2020-10-10",
        "commitResults": [
          {
            "hash": "29bf4f3f3d362a38bf47015c54c7d26decfed8e2",
            "messageTitle": "Add view note command",
            "messageBody": "",
            "fileTypesAndContributionMap": {
              "functional-code": {
                "insertions": 63,
                "deletions": 8
              }
            }
          }
        ]
      },
      {
        "date": "2020-10-11",
        "commitResults": [
          {
            "hash": "cdc03d8ee38277d8661ce737137a2caf5872f69a",
            "messageTitle": "edit addNote and deleteNote to not throw systemException",
            "messageBody": "",
            "fileTypesAndContributionMap": {
              "functional-code": {
                "insertions": 2,
                "deletions": 2
              }
            }
          },
          {
            "hash": "eec3d9552c72dc28df7ec6e6de7444233942e5f7",
            "messageTitle": "Edit viewNoteParser to throw systemException instead of returning incorrectCommand",
            "messageBody": "",
            "fileTypesAndContributionMap": {
              "functional-code": {
                "insertions": 11,
                "deletions": 11
              }
            }
          }
        ]
      },
      {
        "date": "2020-10-12",
        "commitResults": [
          {
            "hash": "4c18674b9d5108da5e7e9613617144341eebe815",
            "messageTitle": "Solve merge conflicts with master",
            "messageBody": "",
            "fileTypesAndContributionMap": {
              "functional-code": {
                "insertions": 5,
                "deletions": 4
              }
            }
          },
          {
            "hash": "a16d06f5d4225e2b3a26ca9802a82e853ccc60e4",
            "messageTitle": "Add pin and unpin command and parser",
            "messageBody": "",
            "fileTypesAndContributionMap": {
              "functional-code": {
                "insertions": 57,
                "deletions": 5
              }
            }
          },
          {
            "hash": "2f970b5ea0948be80de75bea6d13f78ce51fe54b",
            "messageTitle": "Update PinCommand.java",
            "messageBody": "",
            "fileTypesAndContributionMap": {
              "functional-code": {
                "insertions": 3,
                "deletions": 3
              }
            }
          },
          {
            "hash": "a9a6ecb27a5f54fbe0988a54698ec24038147eb6",
            "messageTitle": "Update src/main/java/seedu/duke/util/Parser.java",
            "messageBody": "Co-authored-by: R Ramana \u003c54029207+R-Ramana@users.noreply.github.com\u003e",
            "fileTypesAndContributionMap": {
              "functional-code": {
                "insertions": 1,
                "deletions": 1
              }
            }
          },
          {
            "hash": "f56951bb8876680047901f5979aa6f14ca58acb2",
            "messageTitle": "Update pin Command to no longer initialise new Note",
            "messageBody": "",
            "fileTypesAndContributionMap": {
              "functional-code": {
                "insertions": 2,
                "deletions": 5
              }
            }
          },
          {
            "hash": "23cb548378efd9bdb637189e3b9708087207ed48",
            "messageTitle": "Edit code to be more organized",
            "messageBody": "",
            "fileTypesAndContributionMap": {
              "functional-code": {
                "insertions": 23,
                "deletions": 10
              }
            }
          },
          {
            "hash": "214302b775cf0727c78b6a0c5df655958b8adeb2",
            "messageTitle": "Change newline from \\n to InterfaceManager.LS",
            "messageBody": "Co-authored-by: R Ramana \u003c54029207+R-Ramana@users.noreply.github.com\u003e",
            "fileTypesAndContributionMap": {
              "functional-code": {
                "insertions": 2,
                "deletions": 2
              }
            }
          },
          {
            "hash": "ab11e37775b18be65913c5176035ff192e4b34de",
            "messageTitle": "Import InterfaceManager into ViewNoteCommand class",
            "messageBody": "",
            "fileTypesAndContributionMap": {
              "functional-code": {
                "insertions": 3,
                "deletions": 2
              }
            }
          },
          {
            "hash": "d2a114a347cebefb4475b83525aa7db8b05eabd7",
            "messageTitle": "Change view note string output format",
            "messageBody": "",
            "fileTypesAndContributionMap": {
              "functional-code": {
                "insertions": 3,
                "deletions": 3
              }
            }
          }
        ]
      },
      {
        "date": "2020-10-14",
        "commitResults": [
          {
            "hash": "1b02264962d8a02d15a0efd7149bbea9be90fb60",
            "messageTitle": "Add junit test for pin and unpin command",
            "messageBody": "",
            "fileTypesAndContributionMap": {
              "functional-code": {
                "insertions": 1,
                "deletions": 2
              },
              "test-code": {
                "insertions": 68,
                "deletions": 0
              }
            }
          },
          {
            "hash": "0257485e4e3951c5ea1d1123447ef8b75d1abb56",
            "messageTitle": "Add Junit test for viewNoteCommand",
            "messageBody": "",
            "fileTypesAndContributionMap": {
              "functional-code": {
                "insertions": 1,
                "deletions": 1
              },
              "test-code": {
                "insertions": 95,
                "deletions": 1
              }
            }
          }
        ]
      },
      {
        "date": "2020-10-15",
        "commitResults": [
          {
            "hash": "8756f6a4b478981f171331f196a9971bac1e3630",
            "messageTitle": "Swap expected and actual in assert equal to follow standard",
            "messageBody": "Co-authored-by: brandonywl \u003cbrandonywl@gmail.com\u003e",
            "fileTypesAndContributionMap": {
              "test-code": {
                "insertions": 16,
                "deletions": 16
              }
            }
          },
          {
            "hash": "af287a3cb575eba0cb0cfba88e1bc149d3e9c762",
            "messageTitle": "Change to spaces in import lines for pinCommandTest",
            "messageBody": "",
            "fileTypesAndContributionMap": {
              "test-code": {
                "insertions": 2,
                "deletions": 0
              }
            }
          }
        ]
      }
    ],
    "Nazryl": [
      {
        "date": "2020-10-01",
        "commitResults": [
          {
            "hash": "4c2b6d1418d9211faa2db7d683c161521d7656ae",
            "messageTitle": "Update particulars in about us",
            "messageBody": "",
            "fileTypesAndContributionMap": {
              "docs": {
                "insertions": 12,
                "deletions": 1
              }
            }
          },
          {
            "hash": "d74afdfcb6440b0f06f520cac1ce6976c49cb0f5",
            "messageTitle": "Add classes needed for Notus",
            "messageBody": "Update\n*Removed John Doe from AboutUs.md\n",
            "fileTypesAndContributionMap": {
              "functional-code": {
                "insertions": 92,
                "deletions": 0
              },
              "docs": {
                "insertions": 0,
                "deletions": 1
              }
            }
          }
        ]
      },
      {
        "date": "2020-10-06",
        "commitResults": [
          {
            "hash": "21ddaffb8bf897e134cab4815ffa5973d26b631c",
            "messageTitle": "Add *Add notes now available *IncorrectCommand.java to handle incorrect inputs *PrefixSyntax.java to store all prefix for inputs",
            "messageBody": "Add notes\n*Multiple lines input\n*Shuffle inputs will work\n*Handle duplicates\n*Pin notes\n\nCommands:\n*/d delete prev line\n*/end to end note editing\n",
            "fileTypesAndContributionMap": {
              "functional-code": {
                "insertions": 194,
                "deletions": 15
              }
            }
          }
        ]
      },
      {
        "date": "2020-10-07",
        "commitResults": [
          {
            "hash": "c9b1109c4ed96571807014a81d7d2c48f6a3a7c1",
            "messageTitle": "Delete Notes *Deletion is now available *Delete by index *Error handling for invalid inputs",
            "messageBody": "",
            "fileTypesAndContributionMap": {
              "functional-code": {
                "insertions": 60,
                "deletions": 16
              }
            }
          },
          {
            "hash": "29c1a6c99344b4c3a48892ea782387fedfa085ed",
            "messageTitle": "Fixed minor error with delete exceptions",
            "messageBody": "",
            "fileTypesAndContributionMap": {
              "functional-code": {
                "insertions": 1,
                "deletions": 1
              }
            }
          },
          {
            "hash": "899a7e390268db275f1b6770739abcc690580913",
            "messageTitle": "Update SystemException.java",
            "messageBody": "Edit on Exception notes",
            "fileTypesAndContributionMap": {
              "functional-code": {
                "insertions": 2,
                "deletions": 2
              }
            }
          },
          {
            "hash": "b204093ba59761ded1e95caab4591870ced909d3",
            "messageTitle": "Update PrefixSyntax.java",
            "messageBody": "Add delete line prefix",
            "fileTypesAndContributionMap": {
              "functional-code": {
                "insertions": 1,
                "deletions": 0
              }
            }
          }
        ]
      },
      {
        "date": "2020-10-08",
        "commitResults": [
          {
            "hash": "016dd783cb0f1b69d5549da0173295cd77a9a900",
            "messageTitle": "Delete *Delete with partial note title now available",
            "messageBody": "Update\n*Refactor codes\n*Comments on header functions\n*Remove Events from AddCommand and DeleteCommand\n",
            "fileTypesAndContributionMap": {
              "functional-code": {
                "insertions": 122,
                "deletions": 64
              }
            }
          }
        ]
      },
      {
        "date": "2020-10-09",
        "commitResults": [
          {
            "hash": "4bffbc68a574f52b091e0dd3b7b72cc916ba12bb",
            "messageTitle": "More file edit due to failed gradle test",
            "messageBody": "",
            "fileTypesAndContributionMap": {
              "functional-code": {
                "insertions": 4,
                "deletions": 4
              }
            }
          },
          {
            "hash": "b2e6e4f4acc1879be64c9eae9dc6f913598f8c6b",
            "messageTitle": "Still trying to fix this problem...",
            "messageBody": "",
            "fileTypesAndContributionMap": {
              "other": {
                "insertions": 0,
                "deletions": 1
              }
            }
          },
          {
            "hash": "f3c16430129a45080e7dcf79b3da433ce0006f76",
            "messageTitle": "Update DeleteNoteCommand.java",
            "messageBody": "",
            "fileTypesAndContributionMap": {
              "functional-code": {
                "insertions": 1,
                "deletions": 0
              }
            }
          },
          {
            "hash": "730a87a1bd486dcea7bcc2df01ebfbbf29f8be18",
            "messageTitle": "Update DeleteNoteCommand.java",
            "messageBody": "",
            "fileTypesAndContributionMap": {
              "functional-code": {
                "insertions": 1,
                "deletions": 1
              }
            }
          },
          {
            "hash": "28e1e227ad8e2b8adb8dbe46aa9341e0c69818a6",
            "messageTitle": "Update AddNoteCommand.java",
            "messageBody": "",
            "fileTypesAndContributionMap": {
              "functional-code": {
                "insertions": 2,
                "deletions": 2
              }
            }
          },
          {
            "hash": "9f04057795b15fa2e374b96fbdfd5709145f3be8",
            "messageTitle": "Update Notebook.java",
            "messageBody": "",
            "fileTypesAndContributionMap": {
              "functional-code": {
                "insertions": 0,
                "deletions": 6
              }
            }
          },
          {
            "hash": "733ea6a8a9864a966b44e235cb3909862654297f",
            "messageTitle": "Update src/main/java/seedu/duke/util/Parser.java",
            "messageBody": "Co-authored-by: R Ramana \u003c54029207+R-Ramana@users.noreply.github.com\u003e",
            "fileTypesAndContributionMap": {
              "functional-code": {
                "insertions": 1,
                "deletions": 0
              }
            }
          },
          {
            "hash": "f716e11c7b45f7ef8e09ad7f9d5b63e510146aed",
            "messageTitle": "Update src/main/java/seedu/duke/util/Parser.java",
            "messageBody": "Co-authored-by: R Ramana \u003c54029207+R-Ramana@users.noreply.github.com\u003e",
            "fileTypesAndContributionMap": {
              "functional-code": {
                "insertions": 1,
                "deletions": 0
              }
            }
          },
          {
            "hash": "3dc758f8f9f3cd0417fdc512decf9eb3a84f2013",
            "messageTitle": "Update src/main/java/seedu/duke/util/Parser.java",
            "messageBody": "Co-authored-by: R Ramana \u003c54029207+R-Ramana@users.noreply.github.com\u003e",
            "fileTypesAndContributionMap": {
              "functional-code": {
                "insertions": 1,
                "deletions": 0
              }
            }
          },
          {
            "hash": "77fb72853293e3958a80bca1871fddc66e74d504",
            "messageTitle": "Update DeleteNoteCommand.java",
            "messageBody": "",
            "fileTypesAndContributionMap": {
              "functional-code": {
                "insertions": 2,
                "deletions": 1
              }
            }
          },
          {
            "hash": "5889f4c812abb620cc3aad66a9d6bdc49581d0fc",
            "messageTitle": "Update AddNoteCommand.java",
            "messageBody": "",
            "fileTypesAndContributionMap": {
              "functional-code": {
                "insertions": 2,
                "deletions": 1
              }
            }
          },
          {
            "hash": "9800bdd000c8f9935cab95b2043c6a78120c7737",
            "messageTitle": "Changes made for Ramana suggestions.",
            "messageBody": "",
            "fileTypesAndContributionMap": {
              "functional-code": {
                "insertions": 11,
                "deletions": 13
              }
            }
          },
          {
            "hash": "7335f4b27a9a784f7cc3feed05b3cb86bb688231",
            "messageTitle": "Update DeleteNoteCommand.java",
            "messageBody": "",
            "fileTypesAndContributionMap": {
              "functional-code": {
                "insertions": 1,
                "deletions": 1
              }
            }
          }
        ]
      },
      {
        "date": "2020-10-11",
        "commitResults": [
          {
            "hash": "196a24bc8a81c7f59f62960a0bc7c7ed33719e4c",
            "messageTitle": "Update. Minor refactor and commenting done.",
            "messageBody": "",
            "fileTypesAndContributionMap": {
              "functional-code": {
                "insertions": 17,
                "deletions": 39
              }
            }
          }
        ]
      },
      {
        "date": "2020-10-12",
        "commitResults": [
          {
            "hash": "8790b31fec451da91062d37f3fb93ce8f0d59a0e",
            "messageTitle": "Undo some changes for merging",
            "messageBody": "",
            "fileTypesAndContributionMap": {
              "functional-code": {
                "insertions": 11,
                "deletions": 6
              }
            }
          },
          {
            "hash": "02c7c50ee6e947ee61092cffb9d9e5f4249feb09",
            "messageTitle": "Update *Remove redundant messages and exceptions *Fix IllegalArguementException issue",
            "messageBody": "",
            "fileTypesAndContributionMap": {
              "functional-code": {
                "insertions": 32,
                "deletions": 43
              }
            }
          }
        ]
      },
      {
        "date": "2020-10-13",
        "commitResults": [
          {
            "hash": "2dae389e9b43f1fb89d18ab1c9a3d8dbab740f97",
            "messageTitle": "Junit Delete, Add and deleteLine has been done.",
            "messageBody": "",
            "fileTypesAndContributionMap": {
              "test-code": {
                "insertions": 208,
                "deletions": 2
              }
            }
          }
        ]
      },
      {
        "date": "2020-10-14",
        "commitResults": [
          {
            "hash": "13aa665c00bcc3f372ca984be1aed35bd9e5598e",
            "messageTitle": "Commented on add and delete test classes",
            "messageBody": "",
            "fileTypesAndContributionMap": {
              "functional-code": {
                "insertions": 5,
                "deletions": 1
              },
              "test-code": {
                "insertions": 42,
                "deletions": 17
              }
            }
          },
          {
            "hash": "ddc570cb7bff36adb0b96298287b8e56924e36b0",
            "messageTitle": "Minor refactor on library groupings",
            "messageBody": "",
            "fileTypesAndContributionMap": {
              "test-code": {
                "insertions": 4,
                "deletions": 0
              }
            }
          }
        ]
      }
    ]
  },
  "authorFileTypeContributionMap": {
    "R-Ramana": {
      "docs": 80,
      "functional-code": 453,
      "test-code": 78
    },
    "Chongjx": {
      "docs": 7,
      "functional-code": 1924,
      "test-code": 826,
      "other": 6
    },
    "brandonywl": {
      "docs": 2,
      "functional-code": 1220,
      "test-code": 460,
      "other": 2
    },
    "prachi2023": {
      "docs": 1,
      "functional-code": 191,
      "test-code": 202
    },
    "Nazryl": {
      "docs": 12,
      "functional-code": 324,
      "test-code": 239
    }
  },
  "authorContributionVariance": {
    "R-Ramana": 24261.557,
    "Chongjx": 112560.66,
    "brandonywl": 88994.83,
    "prachi2023": 3835.7417,
    "Nazryl": 5037.9307
  },
  "authorDisplayNameMap": {
    "R-Ramana": "CS2113-T13-1 R RA..MANA",
    "Chongjx": "CS2113-T13-1 CHON..IANG",
    "brandonywl": "CS2113-T13-1 YEOW..NDON",
    "prachi2023": "CS2113-T13-1 PRAC..ENKA",
    "Nazryl": "CS2113-T13-1 NAZR.. LIM"
  }
}
