[
  {
    "path": "build.gradle",
    "fileType": "other",
    "lines": [
      {
        "lineNumber": 1,
        "author": {
          "gitId": "-"
        },
        "content": "plugins {"
      },
      {
        "lineNumber": 2,
        "author": {
          "gitId": "-"
        },
        "content": "    id \u0027java\u0027"
      },
      {
        "lineNumber": 3,
        "author": {
          "gitId": "-"
        },
        "content": "    id \u0027application\u0027"
      },
      {
        "lineNumber": 4,
        "author": {
          "gitId": "-"
        },
        "content": "    id \u0027checkstyle\u0027"
      },
      {
        "lineNumber": 5,
        "author": {
          "gitId": "-"
        },
        "content": "    id \u0027com.github.johnrengelman.shadow\u0027 version \u00275.1.0\u0027"
      },
      {
        "lineNumber": 6,
        "author": {
          "gitId": "-"
        },
        "content": "}"
      },
      {
        "lineNumber": 7,
        "author": {
          "gitId": "-"
        },
        "content": ""
      },
      {
        "lineNumber": 8,
        "author": {
          "gitId": "-"
        },
        "content": "repositories {"
      },
      {
        "lineNumber": 9,
        "author": {
          "gitId": "-"
        },
        "content": "    mavenCentral()"
      },
      {
        "lineNumber": 10,
        "author": {
          "gitId": "-"
        },
        "content": "}"
      },
      {
        "lineNumber": 11,
        "author": {
          "gitId": "-"
        },
        "content": ""
      },
      {
        "lineNumber": 12,
        "author": {
          "gitId": "-"
        },
        "content": "dependencies {"
      },
      {
        "lineNumber": 13,
        "author": {
          "gitId": "-"
        },
        "content": "    testImplementation group: \u0027org.junit.jupiter\u0027, name: \u0027junit-jupiter-api\u0027, version: \u00275.5.0\u0027"
      },
      {
        "lineNumber": 14,
        "author": {
          "gitId": "-"
        },
        "content": "    testRuntimeOnly group: \u0027org.junit.jupiter\u0027, name: \u0027junit-jupiter-engine\u0027, version: \u00275.5.0\u0027"
      },
      {
        "lineNumber": 15,
        "author": {
          "gitId": "-"
        },
        "content": "}"
      },
      {
        "lineNumber": 16,
        "author": {
          "gitId": "-"
        },
        "content": ""
      },
      {
        "lineNumber": 17,
        "author": {
          "gitId": "-"
        },
        "content": "test {"
      },
      {
        "lineNumber": 18,
        "author": {
          "gitId": "-"
        },
        "content": "    useJUnitPlatform()"
      },
      {
        "lineNumber": 19,
        "author": {
          "gitId": "-"
        },
        "content": ""
      },
      {
        "lineNumber": 20,
        "author": {
          "gitId": "-"
        },
        "content": "    testLogging {"
      },
      {
        "lineNumber": 21,
        "author": {
          "gitId": "-"
        },
        "content": "        events \"passed\", \"skipped\", \"failed\""
      },
      {
        "lineNumber": 22,
        "author": {
          "gitId": "-"
        },
        "content": ""
      },
      {
        "lineNumber": 23,
        "author": {
          "gitId": "-"
        },
        "content": "        showExceptions true"
      },
      {
        "lineNumber": 24,
        "author": {
          "gitId": "-"
        },
        "content": "        exceptionFormat \"full\""
      },
      {
        "lineNumber": 25,
        "author": {
          "gitId": "-"
        },
        "content": "        showCauses true"
      },
      {
        "lineNumber": 26,
        "author": {
          "gitId": "-"
        },
        "content": "        showStackTraces true"
      },
      {
        "lineNumber": 27,
        "author": {
          "gitId": "-"
        },
        "content": "        showStandardStreams \u003d false"
      },
      {
        "lineNumber": 28,
        "author": {
          "gitId": "-"
        },
        "content": "    }"
      },
      {
        "lineNumber": 29,
        "author": {
          "gitId": "-"
        },
        "content": "}"
      },
      {
        "lineNumber": 30,
        "author": {
          "gitId": "-"
        },
        "content": ""
      },
      {
        "lineNumber": 31,
        "author": {
          "gitId": "-"
        },
        "content": "application {"
      },
      {
        "lineNumber": 32,
        "author": {
          "gitId": "jerichochua"
        },
        "content": "    mainClassName \u003d \"seedu.duke.Fitr\""
      },
      {
        "lineNumber": 33,
        "author": {
          "gitId": "-"
        },
        "content": "}"
      },
      {
        "lineNumber": 34,
        "author": {
          "gitId": "-"
        },
        "content": ""
      },
      {
        "lineNumber": 35,
        "author": {
          "gitId": "-"
        },
        "content": "shadowJar {"
      },
      {
        "lineNumber": 36,
        "author": {
          "gitId": "-"
        },
        "content": "    archiveBaseName \u003d \"duke\""
      },
      {
        "lineNumber": 37,
        "author": {
          "gitId": "-"
        },
        "content": "    archiveClassifier \u003d null"
      },
      {
        "lineNumber": 38,
        "author": {
          "gitId": "-"
        },
        "content": "}"
      },
      {
        "lineNumber": 39,
        "author": {
          "gitId": "-"
        },
        "content": ""
      },
      {
        "lineNumber": 40,
        "author": {
          "gitId": "-"
        },
        "content": "checkstyle {"
      },
      {
        "lineNumber": 41,
        "author": {
          "gitId": "-"
        },
        "content": "    toolVersion \u003d \u00278.23\u0027"
      },
      {
        "lineNumber": 42,
        "author": {
          "gitId": "-"
        },
        "content": "}"
      },
      {
        "lineNumber": 43,
        "author": {
          "gitId": "-"
        },
        "content": ""
      },
      {
        "lineNumber": 44,
        "author": {
          "gitId": "-"
        },
        "content": "run{"
      },
      {
        "lineNumber": 45,
        "author": {
          "gitId": "-"
        },
        "content": "    standardInput \u003d System.in"
      },
      {
        "lineNumber": 46,
        "author": {
          "gitId": "-"
        },
        "content": "}"
      }
    ],
    "authorContributionMap": {
      "jerichochua": 1,
      "-": 45
    }
  },
  {
    "path": "docs/AboutUs.md",
    "fileType": "docs",
    "lines": [
      {
        "lineNumber": 1,
        "author": {
          "gitId": "-"
        },
        "content": "# About us"
      },
      {
        "lineNumber": 2,
        "author": {
          "gitId": "-"
        },
        "content": ""
      },
      {
        "lineNumber": 3,
        "author": {
          "gitId": "-"
        },
        "content": "Display | Name | Github Profile | Portfolio "
      },
      {
        "lineNumber": 4,
        "author": {
          "gitId": "-"
        },
        "content": "--------|:----:|:--------------:|:---------:"
      },
      {
        "lineNumber": 5,
        "author": {
          "gitId": "jerichochua"
        },
        "content": "![](https://via.placeholder.com/100.png?text\u003dPhoto) | Fang Hui Hui | [Github](https://github.com/hui444) | [Portfolio](docs/team/johndoe.md)"
      },
      {
        "lineNumber": 6,
        "author": {
          "gitId": "gohsonghan98"
        },
        "content": "![](https://via.placeholder.com/100.png?text\u003dPhoto) | Goh Song Han | [Github](https://github.com/gohsonghan98) | [Portfolio](docs/team/johndoe.md)"
      },
      {
        "lineNumber": 7,
        "author": {
          "gitId": "jerichochua"
        },
        "content": "![](https://via.placeholder.com/100.png?text\u003dPhoto) | Harris Maung | [Github](https://github.com/sixletters) | [Portfolio](docs/team/johndoe.md)"
      },
      {
        "lineNumber": 8,
        "author": {
          "gitId": "jerichochua"
        },
        "content": "![](https://via.placeholder.com/100.png?text\u003dPhoto) | Jericho Chua | [Github](https://github.com/jerichochua) | [Portfolio](docs/team/johndoe.md)"
      },
      {
        "lineNumber": 9,
        "author": {
          "gitId": "dmbclub"
        },
        "content": "![](https://via.placeholder.com/100.png?text\u003dPhoto) | Mingbang | [Github](https://github.com/dmbclub) | [Portfolio](docs/team/johndoe.md)"
      }
    ],
    "authorContributionMap": {
      "jerichochua": 3,
      "dmbclub": 1,
      "-": 4,
      "gohsonghan98": 1
    }
  },
  {
    "path": "src/main/java/seedu/duke/AddCommand.java",
    "fileType": "functional-code",
    "lines": [
      {
        "lineNumber": 1,
        "author": {
          "gitId": "sixletters"
        },
        "content": "package seedu.duke;"
      },
      {
        "lineNumber": 2,
        "author": {
          "gitId": "sixletters"
        },
        "content": ""
      },
      {
        "lineNumber": 3,
        "author": {
          "gitId": "sixletters"
        },
        "content": "public class AddCommand extends Command{"
      },
      {
        "lineNumber": 4,
        "author": {
          "gitId": "sixletters"
        },
        "content": "    @Override"
      },
      {
        "lineNumber": 5,
        "author": {
          "gitId": "sixletters"
        },
        "content": "    public void execute(FoodList foodlist, ExericseList exericseList, Storage storage) {"
      },
      {
        "lineNumber": 6,
        "author": {
          "gitId": "sixletters"
        },
        "content": ""
      },
      {
        "lineNumber": 7,
        "author": {
          "gitId": "sixletters"
        },
        "content": "    }"
      },
      {
        "lineNumber": 8,
        "author": {
          "gitId": "sixletters"
        },
        "content": "}"
      }
    ],
    "authorContributionMap": {
      "sixletters": 8
    }
  },
  {
    "path": "src/main/java/seedu/duke/Calorie.java",
    "fileType": "functional-code",
    "lines": [
      {
        "lineNumber": 1,
        "author": {
          "gitId": "sixletters"
        },
        "content": "package seedu.duke;"
      },
      {
        "lineNumber": 2,
        "author": {
          "gitId": "sixletters"
        },
        "content": ""
      },
      {
        "lineNumber": 3,
        "author": {
          "gitId": "sixletters"
        },
        "content": "public class Calorie {"
      },
      {
        "lineNumber": 4,
        "author": {
          "gitId": "sixletters"
        },
        "content": "    protected int amountOfCalories;"
      },
      {
        "lineNumber": 5,
        "author": {
          "gitId": "sixletters"
        },
        "content": ""
      },
      {
        "lineNumber": 6,
        "author": {
          "gitId": "sixletters"
        },
        "content": "    public Calorie(int calories){"
      },
      {
        "lineNumber": 7,
        "author": {
          "gitId": "sixletters"
        },
        "content": "        this.amountOfCalories \u003d calories;"
      },
      {
        "lineNumber": 8,
        "author": {
          "gitId": "sixletters"
        },
        "content": "    }"
      },
      {
        "lineNumber": 9,
        "author": {
          "gitId": "sixletters"
        },
        "content": "    public int get(){"
      },
      {
        "lineNumber": 10,
        "author": {
          "gitId": "sixletters"
        },
        "content": "        return amountOfCalories;"
      },
      {
        "lineNumber": 11,
        "author": {
          "gitId": "sixletters"
        },
        "content": "    }"
      },
      {
        "lineNumber": 12,
        "author": {
          "gitId": "sixletters"
        },
        "content": "}"
      }
    ],
    "authorContributionMap": {
      "sixletters": 12
    }
  },
  {
    "path": "src/main/java/seedu/duke/Command.java",
    "fileType": "functional-code",
    "lines": [
      {
        "lineNumber": 1,
        "author": {
          "gitId": "sixletters"
        },
        "content": "package seedu.duke;"
      },
      {
        "lineNumber": 2,
        "author": {
          "gitId": "sixletters"
        },
        "content": ""
      },
      {
        "lineNumber": 3,
        "author": {
          "gitId": "sixletters"
        },
        "content": "public abstract class Command {"
      },
      {
        "lineNumber": 4,
        "author": {
          "gitId": "sixletters"
        },
        "content": "    protected String command;"
      },
      {
        "lineNumber": 5,
        "author": {
          "gitId": "sixletters"
        },
        "content": ""
      },
      {
        "lineNumber": 6,
        "author": {
          "gitId": "sixletters"
        },
        "content": "    public abstract void execute(FoodList foodlist,ExericseList exericseList, Storage storage);"
      },
      {
        "lineNumber": 7,
        "author": {
          "gitId": "sixletters"
        },
        "content": ""
      },
      {
        "lineNumber": 8,
        "author": {
          "gitId": "sixletters"
        },
        "content": "}"
      },
      {
        "lineNumber": 9,
        "author": {
          "gitId": "sixletters"
        },
        "content": ""
      }
    ],
    "authorContributionMap": {
      "sixletters": 9
    }
  },
  {
    "path": "src/main/java/seedu/duke/DeleteCommand.java",
    "fileType": "functional-code",
    "lines": [
      {
        "lineNumber": 1,
        "author": {
          "gitId": "sixletters"
        },
        "content": "package seedu.duke;"
      },
      {
        "lineNumber": 2,
        "author": {
          "gitId": "sixletters"
        },
        "content": ""
      },
      {
        "lineNumber": 3,
        "author": {
          "gitId": "sixletters"
        },
        "content": "public class DeleteCommand extends Command {"
      },
      {
        "lineNumber": 4,
        "author": {
          "gitId": "sixletters"
        },
        "content": ""
      },
      {
        "lineNumber": 5,
        "author": {
          "gitId": "sixletters"
        },
        "content": "    @Override"
      },
      {
        "lineNumber": 6,
        "author": {
          "gitId": "sixletters"
        },
        "content": "    public void execute(FoodList foodlist, ExericseList exericseList, Storage storage) {"
      },
      {
        "lineNumber": 7,
        "author": {
          "gitId": "sixletters"
        },
        "content": ""
      },
      {
        "lineNumber": 8,
        "author": {
          "gitId": "sixletters"
        },
        "content": "    }"
      },
      {
        "lineNumber": 9,
        "author": {
          "gitId": "sixletters"
        },
        "content": "}"
      }
    ],
    "authorContributionMap": {
      "sixletters": 9
    }
  },
  {
    "path": "src/main/java/seedu/duke/Exercise.java",
    "fileType": "functional-code",
    "lines": [
      {
        "lineNumber": 1,
        "author": {
          "gitId": "sixletters"
        },
        "content": "package seedu.duke;"
      },
      {
        "lineNumber": 2,
        "author": {
          "gitId": "sixletters"
        },
        "content": ""
      },
      {
        "lineNumber": 3,
        "author": {
          "gitId": "sixletters"
        },
        "content": "public class Exercise {"
      },
      {
        "lineNumber": 4,
        "author": {
          "gitId": "sixletters"
        },
        "content": "    protected String nameOfExercise; // The name of the Exercise"
      },
      {
        "lineNumber": 5,
        "author": {
          "gitId": "sixletters"
        },
        "content": "    protected Calorie caloriesBurnt;// Amount of calories burnt from exercise"
      },
      {
        "lineNumber": 6,
        "author": {
          "gitId": "sixletters"
        },
        "content": "    protected int durationOfExercise \u003d 1; // Duration of the exercises"
      },
      {
        "lineNumber": 7,
        "author": {
          "gitId": "sixletters"
        },
        "content": "    protected int caloricBurnRate \u003d caloriesBurnt.get()/durationOfExercise; // Caloric Rate of the food, if amount isnt given we will take it as a whole unit."
      },
      {
        "lineNumber": 8,
        "author": {
          "gitId": "sixletters"
        },
        "content": ""
      },
      {
        "lineNumber": 9,
        "author": {
          "gitId": "sixletters"
        },
        "content": "    public Exercise(String nameOfExercise,Calorie caloriesBurnt, int durationOfExercise) {"
      },
      {
        "lineNumber": 10,
        "author": {
          "gitId": "sixletters"
        },
        "content": "        this.nameOfExercise \u003d nameOfExercise;"
      },
      {
        "lineNumber": 11,
        "author": {
          "gitId": "sixletters"
        },
        "content": "        this.caloriesBurnt \u003d caloriesBurnt;"
      },
      {
        "lineNumber": 12,
        "author": {
          "gitId": "sixletters"
        },
        "content": "        this.durationOfExercise \u003d durationOfExercise;"
      },
      {
        "lineNumber": 13,
        "author": {
          "gitId": "sixletters"
        },
        "content": "    }"
      },
      {
        "lineNumber": 14,
        "author": {
          "gitId": "sixletters"
        },
        "content": ""
      },
      {
        "lineNumber": 15,
        "author": {
          "gitId": "sixletters"
        },
        "content": "    public Exercise(String name,Calorie caloriesBurnt) {"
      },
      {
        "lineNumber": 16,
        "author": {
          "gitId": "sixletters"
        },
        "content": "        this.nameOfExercise \u003d name;"
      },
      {
        "lineNumber": 17,
        "author": {
          "gitId": "sixletters"
        },
        "content": "        this.caloriesBurnt \u003d caloriesBurnt;"
      },
      {
        "lineNumber": 18,
        "author": {
          "gitId": "sixletters"
        },
        "content": "    }"
      },
      {
        "lineNumber": 19,
        "author": {
          "gitId": "sixletters"
        },
        "content": ""
      },
      {
        "lineNumber": 20,
        "author": {
          "gitId": "sixletters"
        },
        "content": "    public int getCalories() {"
      },
      {
        "lineNumber": 21,
        "author": {
          "gitId": "sixletters"
        },
        "content": "        return caloriesBurnt.get();"
      },
      {
        "lineNumber": 22,
        "author": {
          "gitId": "sixletters"
        },
        "content": "    }"
      },
      {
        "lineNumber": 23,
        "author": {
          "gitId": "sixletters"
        },
        "content": ""
      },
      {
        "lineNumber": 24,
        "author": {
          "gitId": "sixletters"
        },
        "content": "    public String getNameOfExercise() {"
      },
      {
        "lineNumber": 25,
        "author": {
          "gitId": "sixletters"
        },
        "content": "        return nameOfExercise;"
      },
      {
        "lineNumber": 26,
        "author": {
          "gitId": "sixletters"
        },
        "content": "    }"
      },
      {
        "lineNumber": 27,
        "author": {
          "gitId": "sixletters"
        },
        "content": ""
      },
      {
        "lineNumber": 28,
        "author": {
          "gitId": "sixletters"
        },
        "content": "    public int getCaloricBurnRate() {"
      },
      {
        "lineNumber": 29,
        "author": {
          "gitId": "sixletters"
        },
        "content": "        return caloricBurnRate;"
      },
      {
        "lineNumber": 30,
        "author": {
          "gitId": "sixletters"
        },
        "content": "    }"
      },
      {
        "lineNumber": 31,
        "author": {
          "gitId": "sixletters"
        },
        "content": ""
      },
      {
        "lineNumber": 32,
        "author": {
          "gitId": "sixletters"
        },
        "content": "    public int getDuration() {"
      },
      {
        "lineNumber": 33,
        "author": {
          "gitId": "sixletters"
        },
        "content": "        return durationOfExercise;"
      },
      {
        "lineNumber": 34,
        "author": {
          "gitId": "sixletters"
        },
        "content": "    }"
      },
      {
        "lineNumber": 35,
        "author": {
          "gitId": "sixletters"
        },
        "content": "}"
      }
    ],
    "authorContributionMap": {
      "sixletters": 35
    }
  },
  {
    "path": "src/main/java/seedu/duke/ExerciseList.java",
    "fileType": "functional-code",
    "lines": [
      {
        "lineNumber": 1,
        "author": {
          "gitId": "jerichochua"
        },
        "content": "package seedu.duke;"
      },
      {
        "lineNumber": 2,
        "author": {
          "gitId": "jerichochua"
        },
        "content": ""
      },
      {
        "lineNumber": 3,
        "author": {
          "gitId": "jerichochua"
        },
        "content": "import java.util.ArrayList;"
      },
      {
        "lineNumber": 4,
        "author": {
          "gitId": "jerichochua"
        },
        "content": ""
      },
      {
        "lineNumber": 5,
        "author": {
          "gitId": "jerichochua"
        },
        "content": "public class ExerciseList {"
      },
      {
        "lineNumber": 6,
        "author": {
          "gitId": "jerichochua"
        },
        "content": "    private final ArrayList\u003cExercise\u003e exerciseList;"
      },
      {
        "lineNumber": 7,
        "author": {
          "gitId": "jerichochua"
        },
        "content": ""
      },
      {
        "lineNumber": 8,
        "author": {
          "gitId": "jerichochua"
        },
        "content": "    public ExerciseList() {"
      },
      {
        "lineNumber": 9,
        "author": {
          "gitId": "jerichochua"
        },
        "content": "        this(new ArrayList\u003c\u003e());"
      },
      {
        "lineNumber": 10,
        "author": {
          "gitId": "jerichochua"
        },
        "content": "    }"
      },
      {
        "lineNumber": 11,
        "author": {
          "gitId": "jerichochua"
        },
        "content": ""
      },
      {
        "lineNumber": 12,
        "author": {
          "gitId": "jerichochua"
        },
        "content": "    public ExerciseList(ArrayList\u003cExercise\u003e exerciseList) {"
      },
      {
        "lineNumber": 13,
        "author": {
          "gitId": "jerichochua"
        },
        "content": "        this.exerciseList \u003d exerciseList;"
      },
      {
        "lineNumber": 14,
        "author": {
          "gitId": "jerichochua"
        },
        "content": "    }"
      },
      {
        "lineNumber": 15,
        "author": {
          "gitId": "jerichochua"
        },
        "content": ""
      },
      {
        "lineNumber": 16,
        "author": {
          "gitId": "jerichochua"
        },
        "content": "    public void addExercise(Exercise exercise) {"
      },
      {
        "lineNumber": 17,
        "author": {
          "gitId": "jerichochua"
        },
        "content": "        exerciseList.add(exercise);"
      },
      {
        "lineNumber": 18,
        "author": {
          "gitId": "jerichochua"
        },
        "content": "    }"
      },
      {
        "lineNumber": 19,
        "author": {
          "gitId": "jerichochua"
        },
        "content": ""
      },
      {
        "lineNumber": 20,
        "author": {
          "gitId": "jerichochua"
        },
        "content": "    public Exercise getExercise(int index) {"
      },
      {
        "lineNumber": 21,
        "author": {
          "gitId": "jerichochua"
        },
        "content": "        return exerciseList.get(index);"
      },
      {
        "lineNumber": 22,
        "author": {
          "gitId": "jerichochua"
        },
        "content": "    }"
      },
      {
        "lineNumber": 23,
        "author": {
          "gitId": "jerichochua"
        },
        "content": ""
      },
      {
        "lineNumber": 24,
        "author": {
          "gitId": "jerichochua"
        },
        "content": "    public Exercise deleteExercise(int index) {"
      },
      {
        "lineNumber": 25,
        "author": {
          "gitId": "jerichochua"
        },
        "content": "        return exerciseList.remove(index);"
      },
      {
        "lineNumber": 26,
        "author": {
          "gitId": "jerichochua"
        },
        "content": "    }"
      },
      {
        "lineNumber": 27,
        "author": {
          "gitId": "jerichochua"
        },
        "content": "}"
      }
    ],
    "authorContributionMap": {
      "jerichochua": 27
    }
  },
  {
    "path": "src/main/java/seedu/duke/ExitCommand.java",
    "fileType": "functional-code",
    "lines": [
      {
        "lineNumber": 1,
        "author": {
          "gitId": "sixletters"
        },
        "content": "package seedu.duke;"
      },
      {
        "lineNumber": 2,
        "author": {
          "gitId": "sixletters"
        },
        "content": ""
      },
      {
        "lineNumber": 3,
        "author": {
          "gitId": "sixletters"
        },
        "content": "public class ExitCommand extends Command {"
      },
      {
        "lineNumber": 4,
        "author": {
          "gitId": "sixletters"
        },
        "content": "    @Override"
      },
      {
        "lineNumber": 5,
        "author": {
          "gitId": "sixletters"
        },
        "content": "    public void execute(FoodList foodlist, ExericseList exericseList, Storage storage) {"
      },
      {
        "lineNumber": 6,
        "author": {
          "gitId": "sixletters"
        },
        "content": ""
      },
      {
        "lineNumber": 7,
        "author": {
          "gitId": "sixletters"
        },
        "content": "    }"
      },
      {
        "lineNumber": 8,
        "author": {
          "gitId": "sixletters"
        },
        "content": "}"
      }
    ],
    "authorContributionMap": {
      "sixletters": 8
    }
  },
  {
    "path": "src/main/java/seedu/duke/Fitr.java",
    "fileType": "functional-code",
    "lines": [
      {
        "lineNumber": 1,
        "author": {
          "gitId": "-"
        },
        "content": "package seedu.duke;"
      },
      {
        "lineNumber": 2,
        "author": {
          "gitId": "-"
        },
        "content": ""
      },
      {
        "lineNumber": 3,
        "author": {
          "gitId": "-"
        },
        "content": "import java.util.Scanner;"
      },
      {
        "lineNumber": 4,
        "author": {
          "gitId": "-"
        },
        "content": ""
      },
      {
        "lineNumber": 5,
        "author": {
          "gitId": "sixletters"
        },
        "content": "public class Fitr {"
      },
      {
        "lineNumber": 6,
        "author": {
          "gitId": "-"
        },
        "content": "    /**"
      },
      {
        "lineNumber": 7,
        "author": {
          "gitId": "-"
        },
        "content": "     * Main entry-point for the java.duke.Duke application."
      },
      {
        "lineNumber": 8,
        "author": {
          "gitId": "-"
        },
        "content": "     */"
      },
      {
        "lineNumber": 9,
        "author": {
          "gitId": "-"
        },
        "content": "    public static void main(String[] args) {"
      },
      {
        "lineNumber": 10,
        "author": {
          "gitId": "-"
        },
        "content": "        String logo \u003d \" ____        _        \\n\""
      },
      {
        "lineNumber": 11,
        "author": {
          "gitId": "-"
        },
        "content": "                + \"|  _ \\\\ _   _| | _____ \\n\""
      },
      {
        "lineNumber": 12,
        "author": {
          "gitId": "-"
        },
        "content": "                + \"| | | | | | | |/ / _ \\\\\\n\""
      },
      {
        "lineNumber": 13,
        "author": {
          "gitId": "-"
        },
        "content": "                + \"| |_| | |_| |   \u003c  __/\\n\""
      },
      {
        "lineNumber": 14,
        "author": {
          "gitId": "-"
        },
        "content": "                + \"|____/ \\\\__,_|_|\\\\_\\\\___|\\n\";"
      },
      {
        "lineNumber": 15,
        "author": {
          "gitId": "-"
        },
        "content": "        System.out.println(\"Hello from\\n\" + logo);"
      },
      {
        "lineNumber": 16,
        "author": {
          "gitId": "-"
        },
        "content": "        System.out.println(\"What is your name?\");"
      },
      {
        "lineNumber": 17,
        "author": {
          "gitId": "-"
        },
        "content": ""
      },
      {
        "lineNumber": 18,
        "author": {
          "gitId": "-"
        },
        "content": "        Scanner in \u003d new Scanner(System.in);"
      },
      {
        "lineNumber": 19,
        "author": {
          "gitId": "-"
        },
        "content": "        System.out.println(\"Hello \" + in.nextLine());"
      },
      {
        "lineNumber": 20,
        "author": {
          "gitId": "-"
        },
        "content": "    }"
      },
      {
        "lineNumber": 21,
        "author": {
          "gitId": "-"
        },
        "content": "}"
      }
    ],
    "authorContributionMap": {
      "sixletters": 1,
      "-": 20
    }
  },
  {
    "path": "src/main/java/seedu/duke/Food.java",
    "fileType": "functional-code",
    "lines": [
      {
        "lineNumber": 1,
        "author": {
          "gitId": "sixletters"
        },
        "content": "package seedu.duke;"
      },
      {
        "lineNumber": 2,
        "author": {
          "gitId": "sixletters"
        },
        "content": ""
      },
      {
        "lineNumber": 3,
        "author": {
          "gitId": "sixletters"
        },
        "content": "public class Food{"
      },
      {
        "lineNumber": 4,
        "author": {
          "gitId": "sixletters"
        },
        "content": "    protected String nameOfFood; // The name of the Food"
      },
      {
        "lineNumber": 5,
        "author": {
          "gitId": "sixletters"
        },
        "content": "    protected Calorie caloriesInFood;// Amount of calories consumed"
      },
      {
        "lineNumber": 6,
        "author": {
          "gitId": "sixletters"
        },
        "content": "    protected int amountOfFood \u003d 1; // Amount of food in grams, if not it will be taken as arbritary unit e.g, 1 banana"
      },
      {
        "lineNumber": 7,
        "author": {
          "gitId": "sixletters"
        },
        "content": "    protected int caloricRate \u003d caloriesInFood.get()/amountOfFood;// Caloric Rate of the food, if amount is not given we will take it as a whole unit."
      },
      {
        "lineNumber": 8,
        "author": {
          "gitId": "sixletters"
        },
        "content": ""
      },
      {
        "lineNumber": 9,
        "author": {
          "gitId": "sixletters"
        },
        "content": "    public Food(String nameOfExercise,Calorie calories, int Amount) {"
      },
      {
        "lineNumber": 10,
        "author": {
          "gitId": "sixletters"
        },
        "content": "        this.nameOfFood \u003d nameOfFood;"
      },
      {
        "lineNumber": 11,
        "author": {
          "gitId": "sixletters"
        },
        "content": "        this.caloriesInFood \u003d calories;"
      },
      {
        "lineNumber": 12,
        "author": {
          "gitId": "sixletters"
        },
        "content": "        this.amountOfFood \u003d Amount;"
      },
      {
        "lineNumber": 13,
        "author": {
          "gitId": "sixletters"
        },
        "content": "    }"
      },
      {
        "lineNumber": 14,
        "author": {
          "gitId": "sixletters"
        },
        "content": ""
      },
      {
        "lineNumber": 15,
        "author": {
          "gitId": "sixletters"
        },
        "content": "    public Food(String name,Calorie caloriesBurnt) {"
      },
      {
        "lineNumber": 16,
        "author": {
          "gitId": "sixletters"
        },
        "content": "        this.nameOfFood \u003d name;"
      },
      {
        "lineNumber": 17,
        "author": {
          "gitId": "sixletters"
        },
        "content": "        this.caloriesInFood \u003d caloriesBurnt;"
      },
      {
        "lineNumber": 18,
        "author": {
          "gitId": "sixletters"
        },
        "content": "    }"
      },
      {
        "lineNumber": 19,
        "author": {
          "gitId": "sixletters"
        },
        "content": ""
      },
      {
        "lineNumber": 20,
        "author": {
          "gitId": "sixletters"
        },
        "content": "    public int getCalories(){"
      },
      {
        "lineNumber": 21,
        "author": {
          "gitId": "sixletters"
        },
        "content": "        return caloriesInFood.get();"
      },
      {
        "lineNumber": 22,
        "author": {
          "gitId": "sixletters"
        },
        "content": "    }"
      },
      {
        "lineNumber": 23,
        "author": {
          "gitId": "sixletters"
        },
        "content": ""
      },
      {
        "lineNumber": 24,
        "author": {
          "gitId": "sixletters"
        },
        "content": "    public String getFoodName(){"
      },
      {
        "lineNumber": 25,
        "author": {
          "gitId": "sixletters"
        },
        "content": "        return nameOfFood;"
      },
      {
        "lineNumber": 26,
        "author": {
          "gitId": "sixletters"
        },
        "content": "    }"
      },
      {
        "lineNumber": 27,
        "author": {
          "gitId": "sixletters"
        },
        "content": ""
      },
      {
        "lineNumber": 28,
        "author": {
          "gitId": "sixletters"
        },
        "content": "    public int getCaloricRate(){"
      },
      {
        "lineNumber": 29,
        "author": {
          "gitId": "sixletters"
        },
        "content": "        return caloricRate;"
      },
      {
        "lineNumber": 30,
        "author": {
          "gitId": "sixletters"
        },
        "content": "    }"
      },
      {
        "lineNumber": 31,
        "author": {
          "gitId": "sixletters"
        },
        "content": ""
      },
      {
        "lineNumber": 32,
        "author": {
          "gitId": "sixletters"
        },
        "content": "    public int getAmountOfFood(){"
      },
      {
        "lineNumber": 33,
        "author": {
          "gitId": "sixletters"
        },
        "content": "        return amountOfFood;"
      },
      {
        "lineNumber": 34,
        "author": {
          "gitId": "sixletters"
        },
        "content": "    }"
      },
      {
        "lineNumber": 35,
        "author": {
          "gitId": "sixletters"
        },
        "content": "}"
      }
    ],
    "authorContributionMap": {
      "sixletters": 35
    }
  },
  {
    "path": "src/main/java/seedu/duke/FoodList.java",
    "fileType": "functional-code",
    "lines": [
      {
        "lineNumber": 1,
        "author": {
          "gitId": "sixletters"
        },
        "content": "package seedu.duke;"
      },
      {
        "lineNumber": 2,
        "author": {
          "gitId": "sixletters"
        },
        "content": ""
      },
      {
        "lineNumber": 3,
        "author": {
          "gitId": "jerichochua"
        },
        "content": "import java.util.ArrayList;"
      },
      {
        "lineNumber": 4,
        "author": {
          "gitId": "jerichochua"
        },
        "content": ""
      },
      {
        "lineNumber": 5,
        "author": {
          "gitId": "sixletters"
        },
        "content": "public class FoodList {"
      },
      {
        "lineNumber": 6,
        "author": {
          "gitId": "jerichochua"
        },
        "content": "    private final ArrayList\u003cFood\u003e foodList;"
      },
      {
        "lineNumber": 7,
        "author": {
          "gitId": "jerichochua"
        },
        "content": ""
      },
      {
        "lineNumber": 8,
        "author": {
          "gitId": "jerichochua"
        },
        "content": "    public FoodList() {"
      },
      {
        "lineNumber": 9,
        "author": {
          "gitId": "jerichochua"
        },
        "content": "        this(new ArrayList\u003c\u003e());"
      },
      {
        "lineNumber": 10,
        "author": {
          "gitId": "jerichochua"
        },
        "content": "    }"
      },
      {
        "lineNumber": 11,
        "author": {
          "gitId": "jerichochua"
        },
        "content": ""
      },
      {
        "lineNumber": 12,
        "author": {
          "gitId": "jerichochua"
        },
        "content": "    public FoodList(ArrayList\u003cFood\u003e foodList) {"
      },
      {
        "lineNumber": 13,
        "author": {
          "gitId": "jerichochua"
        },
        "content": "        this.foodList \u003d foodList;"
      },
      {
        "lineNumber": 14,
        "author": {
          "gitId": "jerichochua"
        },
        "content": "    }"
      },
      {
        "lineNumber": 15,
        "author": {
          "gitId": "jerichochua"
        },
        "content": ""
      },
      {
        "lineNumber": 16,
        "author": {
          "gitId": "jerichochua"
        },
        "content": "    public void addFood(Food food) {"
      },
      {
        "lineNumber": 17,
        "author": {
          "gitId": "jerichochua"
        },
        "content": "        foodList.add(food);"
      },
      {
        "lineNumber": 18,
        "author": {
          "gitId": "jerichochua"
        },
        "content": "    }"
      },
      {
        "lineNumber": 19,
        "author": {
          "gitId": "jerichochua"
        },
        "content": ""
      },
      {
        "lineNumber": 20,
        "author": {
          "gitId": "jerichochua"
        },
        "content": "    public Food getFood(int index) {"
      },
      {
        "lineNumber": 21,
        "author": {
          "gitId": "jerichochua"
        },
        "content": "        return foodList.get(index);"
      },
      {
        "lineNumber": 22,
        "author": {
          "gitId": "jerichochua"
        },
        "content": "    }"
      },
      {
        "lineNumber": 23,
        "author": {
          "gitId": "jerichochua"
        },
        "content": ""
      },
      {
        "lineNumber": 24,
        "author": {
          "gitId": "jerichochua"
        },
        "content": "    public Food deleteFood(int index) {"
      },
      {
        "lineNumber": 25,
        "author": {
          "gitId": "jerichochua"
        },
        "content": "        return foodList.remove(index);"
      },
      {
        "lineNumber": 26,
        "author": {
          "gitId": "jerichochua"
        },
        "content": "    }"
      },
      {
        "lineNumber": 27,
        "author": {
          "gitId": "sixletters"
        },
        "content": "}"
      }
    ],
    "authorContributionMap": {
      "sixletters": 4,
      "jerichochua": 23
    }
  },
  {
    "path": "src/main/java/seedu/duke/Storage.java",
    "fileType": "functional-code",
    "lines": [
      {
        "lineNumber": 1,
        "author": {
          "gitId": "sixletters"
        },
        "content": "package seedu.duke;"
      },
      {
        "lineNumber": 2,
        "author": {
          "gitId": "sixletters"
        },
        "content": ""
      },
      {
        "lineNumber": 3,
        "author": {
          "gitId": "sixletters"
        },
        "content": "public class Storage {"
      },
      {
        "lineNumber": 4,
        "author": {
          "gitId": "sixletters"
        },
        "content": "}"
      }
    ],
    "authorContributionMap": {
      "sixletters": 4
    }
  },
  {
    "path": "src/main/java/seedu/duke/UI.java",
    "fileType": "functional-code",
    "lines": [
      {
        "lineNumber": 1,
        "author": {
          "gitId": "sixletters"
        },
        "content": "package seedu.duke;"
      },
      {
        "lineNumber": 2,
        "author": {
          "gitId": "sixletters"
        },
        "content": ""
      },
      {
        "lineNumber": 3,
        "author": {
          "gitId": "hui444"
        },
        "content": "import seedu.duke.common.Commands;"
      },
      {
        "lineNumber": 4,
        "author": {
          "gitId": "hui444"
        },
        "content": "import seedu.duke.common.Messages;"
      },
      {
        "lineNumber": 5,
        "author": {
          "gitId": "hui444"
        },
        "content": ""
      },
      {
        "lineNumber": 6,
        "author": {
          "gitId": "hui444"
        },
        "content": "import java.util.Scanner;"
      },
      {
        "lineNumber": 7,
        "author": {
          "gitId": "hui444"
        },
        "content": ""
      },
      {
        "lineNumber": 8,
        "author": {
          "gitId": "hui444"
        },
        "content": "/**"
      },
      {
        "lineNumber": 9,
        "author": {
          "gitId": "hui444"
        },
        "content": " * Prints messages"
      },
      {
        "lineNumber": 10,
        "author": {
          "gitId": "hui444"
        },
        "content": " */"
      },
      {
        "lineNumber": 11,
        "author": {
          "gitId": "sixletters"
        },
        "content": "public class UI {"
      },
      {
        "lineNumber": 12,
        "author": {
          "gitId": "hui444"
        },
        "content": "    public String read() {"
      },
      {
        "lineNumber": 13,
        "author": {
          "gitId": "hui444"
        },
        "content": "        Scanner sc \u003d new Scanner(System.in);"
      },
      {
        "lineNumber": 14,
        "author": {
          "gitId": "hui444"
        },
        "content": "        return sc.nextLine();"
      },
      {
        "lineNumber": 15,
        "author": {
          "gitId": "hui444"
        },
        "content": "    }"
      },
      {
        "lineNumber": 16,
        "author": {
          "gitId": "hui444"
        },
        "content": ""
      },
      {
        "lineNumber": 17,
        "author": {
          "gitId": "hui444"
        },
        "content": "    public void printGreetingMessage() {"
      },
      {
        "lineNumber": 18,
        "author": {
          "gitId": "hui444"
        },
        "content": "        System.out.println(Messages.MESSAGE_GREET);"
      },
      {
        "lineNumber": 19,
        "author": {
          "gitId": "hui444"
        },
        "content": "    }"
      },
      {
        "lineNumber": 20,
        "author": {
          "gitId": "hui444"
        },
        "content": ""
      },
      {
        "lineNumber": 21,
        "author": {
          "gitId": "hui444"
        },
        "content": "    public void printExitMessage() {"
      },
      {
        "lineNumber": 22,
        "author": {
          "gitId": "hui444"
        },
        "content": "        System.out.println(Messages.MESSAGE_BYE);"
      },
      {
        "lineNumber": 23,
        "author": {
          "gitId": "hui444"
        },
        "content": "    }"
      },
      {
        "lineNumber": 24,
        "author": {
          "gitId": "hui444"
        },
        "content": ""
      },
      {
        "lineNumber": 25,
        "author": {
          "gitId": "hui444"
        },
        "content": "    public void printHelpMessage() {"
      },
      {
        "lineNumber": 26,
        "author": {
          "gitId": "hui444"
        },
        "content": "        System.out.println(\"These are commands Fitr understands: \\n\""
      },
      {
        "lineNumber": 27,
        "author": {
          "gitId": "hui444"
        },
        "content": "                + Commands.COMMAND_ADD + \"\\t Adds food/exercise to Fitr program\\n\""
      },
      {
        "lineNumber": 28,
        "author": {
          "gitId": "hui444"
        },
        "content": "                + Commands.COMMAND_SHOW + \" \u003cdate\u003e\\t Shows entries for specified date\\n\""
      },
      {
        "lineNumber": 29,
        "author": {
          "gitId": "hui444"
        },
        "content": "                + Commands.COMMAND_DELETE + \" \u003centry index\u003e\\t Deletes selected entry\\n\""
      },
      {
        "lineNumber": 30,
        "author": {
          "gitId": "hui444"
        },
        "content": "                + Commands.COMMAND_BMI + \" /cm \u003cheight\u003e /kg \u003cweight\u003e\\t Calculates BMI and outputs health risk\\n\""
      },
      {
        "lineNumber": 31,
        "author": {
          "gitId": "hui444"
        },
        "content": "                + Commands.COMMAND_EXIT + \"\\t Exits the program\");"
      },
      {
        "lineNumber": 32,
        "author": {
          "gitId": "hui444"
        },
        "content": "    }"
      },
      {
        "lineNumber": 33,
        "author": {
          "gitId": "hui444"
        },
        "content": ""
      },
      {
        "lineNumber": 34,
        "author": {
          "gitId": "hui444"
        },
        "content": "    public void printFoodOrExercise() {"
      },
      {
        "lineNumber": 35,
        "author": {
          "gitId": "hui444"
        },
        "content": "        System.out.println(\"Would you like to add a food (F) or exercise (E) entry?\");"
      },
      {
        "lineNumber": 36,
        "author": {
          "gitId": "hui444"
        },
        "content": "    }"
      },
      {
        "lineNumber": 37,
        "author": {
          "gitId": "hui444"
        },
        "content": ""
      },
      {
        "lineNumber": 38,
        "author": {
          "gitId": "hui444"
        },
        "content": "    public void printDeleteOrBack() {"
      },
      {
        "lineNumber": 39,
        "author": {
          "gitId": "hui444"
        },
        "content": "        System.out.println(\"Would you like to delete an entry? (Y/N)\");"
      },
      {
        "lineNumber": 40,
        "author": {
          "gitId": "hui444"
        },
        "content": "    }"
      },
      {
        "lineNumber": 41,
        "author": {
          "gitId": "hui444"
        },
        "content": ""
      },
      {
        "lineNumber": 42,
        "author": {
          "gitId": "hui444"
        },
        "content": "    public void echoEntry(String entryType, String entry) {"
      },
      {
        "lineNumber": 43,
        "author": {
          "gitId": "hui444"
        },
        "content": "        System.out.println(\"Okay! Fitr recorded:\" + System.lineSeparator()"
      },
      {
        "lineNumber": 44,
        "author": {
          "gitId": "hui444"
        },
        "content": "                + \"\\t [\" + entryType + \"] \" + entry);"
      },
      {
        "lineNumber": 45,
        "author": {
          "gitId": "hui444"
        },
        "content": "    }"
      },
      {
        "lineNumber": 46,
        "author": {
          "gitId": "hui444"
        },
        "content": ""
      },
      {
        "lineNumber": 47,
        "author": {
          "gitId": "hui444"
        },
        "content": "    public void printDelete(String entry) {"
      },
      {
        "lineNumber": 48,
        "author": {
          "gitId": "hui444"
        },
        "content": "        System.out.println(\"Done! \" + entry + \"is removed\");"
      },
      {
        "lineNumber": 49,
        "author": {
          "gitId": "hui444"
        },
        "content": "    }"
      },
      {
        "lineNumber": 50,
        "author": {
          "gitId": "sixletters"
        },
        "content": "}"
      }
    ],
    "authorContributionMap": {
      "hui444": 46,
      "sixletters": 4
    }
  },
  {
    "path": "src/main/java/seedu/duke/User.java",
    "fileType": "functional-code",
    "lines": [
      {
        "lineNumber": 1,
        "author": {
          "gitId": "sixletters"
        },
        "content": "package seedu.duke;"
      },
      {
        "lineNumber": 2,
        "author": {
          "gitId": "sixletters"
        },
        "content": ""
      },
      {
        "lineNumber": 3,
        "author": {
          "gitId": "gohsonghan98"
        },
        "content": "import java.util.Scanner;"
      },
      {
        "lineNumber": 4,
        "author": {
          "gitId": "gohsonghan98"
        },
        "content": ""
      },
      {
        "lineNumber": 5,
        "author": {
          "gitId": "gohsonghan98"
        },
        "content": "/**"
      },
      {
        "lineNumber": 6,
        "author": {
          "gitId": "gohsonghan98"
        },
        "content": " * User class keeps track of user\u0027s personal information."
      },
      {
        "lineNumber": 7,
        "author": {
          "gitId": "gohsonghan98"
        },
        "content": " */"
      },
      {
        "lineNumber": 8,
        "author": {
          "gitId": "sixletters"
        },
        "content": "public class User {"
      },
      {
        "lineNumber": 9,
        "author": {
          "gitId": "gohsonghan98"
        },
        "content": "    public static String name;"
      },
      {
        "lineNumber": 10,
        "author": {
          "gitId": "gohsonghan98"
        },
        "content": "    public static Integer age;"
      },
      {
        "lineNumber": 11,
        "author": {
          "gitId": "gohsonghan98"
        },
        "content": "    public static Double height;"
      },
      {
        "lineNumber": 12,
        "author": {
          "gitId": "gohsonghan98"
        },
        "content": "    public static Double weight;"
      },
      {
        "lineNumber": 13,
        "author": {
          "gitId": "gohsonghan98"
        },
        "content": "    public static String gender;"
      },
      {
        "lineNumber": 14,
        "author": {
          "gitId": "gohsonghan98"
        },
        "content": "    public Scanner in \u003d new Scanner(System.in);"
      },
      {
        "lineNumber": 15,
        "author": {
          "gitId": "gohsonghan98"
        },
        "content": ""
      },
      {
        "lineNumber": 16,
        "author": {
          "gitId": "gohsonghan98"
        },
        "content": "    public User() {"
      },
      {
        "lineNumber": 17,
        "author": {
          "gitId": "gohsonghan98"
        },
        "content": "        setup();"
      },
      {
        "lineNumber": 18,
        "author": {
          "gitId": "gohsonghan98"
        },
        "content": "    }"
      },
      {
        "lineNumber": 19,
        "author": {
          "gitId": "gohsonghan98"
        },
        "content": ""
      },
      {
        "lineNumber": 20,
        "author": {
          "gitId": "gohsonghan98"
        },
        "content": "    private void setup() {"
      },
      {
        "lineNumber": 21,
        "author": {
          "gitId": "gohsonghan98"
        },
        "content": "        System.out.println(\"Hi there, before we begin, let me get to know you :)\");"
      },
      {
        "lineNumber": 22,
        "author": {
          "gitId": "gohsonghan98"
        },
        "content": "        System.out.println(\"Please enter your name:\");"
      },
      {
        "lineNumber": 23,
        "author": {
          "gitId": "gohsonghan98"
        },
        "content": "        setName();"
      },
      {
        "lineNumber": 24,
        "author": {
          "gitId": "gohsonghan98"
        },
        "content": "        System.out.println(\"Please enter your age:\");"
      },
      {
        "lineNumber": 25,
        "author": {
          "gitId": "gohsonghan98"
        },
        "content": "        setupAge();"
      },
      {
        "lineNumber": 26,
        "author": {
          "gitId": "gohsonghan98"
        },
        "content": "        System.out.println(\"Please enter your height (in m):\");"
      },
      {
        "lineNumber": 27,
        "author": {
          "gitId": "gohsonghan98"
        },
        "content": "        setupHeight();"
      },
      {
        "lineNumber": 28,
        "author": {
          "gitId": "gohsonghan98"
        },
        "content": "        System.out.println(\"Please enter your weight (in kg):\");"
      },
      {
        "lineNumber": 29,
        "author": {
          "gitId": "gohsonghan98"
        },
        "content": "        setupWeight();"
      },
      {
        "lineNumber": 30,
        "author": {
          "gitId": "gohsonghan98"
        },
        "content": "        System.out.println(\"Please enter your gender (Enter \u00271\u0027 for Male or \u00272\u0027 for Female):\");"
      },
      {
        "lineNumber": 31,
        "author": {
          "gitId": "gohsonghan98"
        },
        "content": "        setupGender();"
      },
      {
        "lineNumber": 32,
        "author": {
          "gitId": "gohsonghan98"
        },
        "content": "    }"
      },
      {
        "lineNumber": 33,
        "author": {
          "gitId": "gohsonghan98"
        },
        "content": ""
      },
      {
        "lineNumber": 34,
        "author": {
          "gitId": "gohsonghan98"
        },
        "content": "    public static String getName() {"
      },
      {
        "lineNumber": 35,
        "author": {
          "gitId": "gohsonghan98"
        },
        "content": "        return name;"
      },
      {
        "lineNumber": 36,
        "author": {
          "gitId": "gohsonghan98"
        },
        "content": "    }"
      },
      {
        "lineNumber": 37,
        "author": {
          "gitId": "gohsonghan98"
        },
        "content": ""
      },
      {
        "lineNumber": 38,
        "author": {
          "gitId": "gohsonghan98"
        },
        "content": "    public static Integer getAge() {"
      },
      {
        "lineNumber": 39,
        "author": {
          "gitId": "gohsonghan98"
        },
        "content": "        return age;"
      },
      {
        "lineNumber": 40,
        "author": {
          "gitId": "gohsonghan98"
        },
        "content": "    }"
      },
      {
        "lineNumber": 41,
        "author": {
          "gitId": "gohsonghan98"
        },
        "content": ""
      },
      {
        "lineNumber": 42,
        "author": {
          "gitId": "gohsonghan98"
        },
        "content": "    public static Double getHeight() {"
      },
      {
        "lineNumber": 43,
        "author": {
          "gitId": "gohsonghan98"
        },
        "content": "        return height;"
      },
      {
        "lineNumber": 44,
        "author": {
          "gitId": "gohsonghan98"
        },
        "content": "    }"
      },
      {
        "lineNumber": 45,
        "author": {
          "gitId": "gohsonghan98"
        },
        "content": ""
      },
      {
        "lineNumber": 46,
        "author": {
          "gitId": "gohsonghan98"
        },
        "content": "    public static Double getWeight() {"
      },
      {
        "lineNumber": 47,
        "author": {
          "gitId": "gohsonghan98"
        },
        "content": "        return weight;"
      },
      {
        "lineNumber": 48,
        "author": {
          "gitId": "gohsonghan98"
        },
        "content": "    }"
      },
      {
        "lineNumber": 49,
        "author": {
          "gitId": "gohsonghan98"
        },
        "content": ""
      },
      {
        "lineNumber": 50,
        "author": {
          "gitId": "gohsonghan98"
        },
        "content": "    public static String getGender() {"
      },
      {
        "lineNumber": 51,
        "author": {
          "gitId": "gohsonghan98"
        },
        "content": "        return gender;"
      },
      {
        "lineNumber": 52,
        "author": {
          "gitId": "gohsonghan98"
        },
        "content": "    }"
      },
      {
        "lineNumber": 53,
        "author": {
          "gitId": "gohsonghan98"
        },
        "content": ""
      },
      {
        "lineNumber": 54,
        "author": {
          "gitId": "gohsonghan98"
        },
        "content": "    public void setName() {"
      },
      {
        "lineNumber": 55,
        "author": {
          "gitId": "gohsonghan98"
        },
        "content": "        name \u003d in.nextLine();"
      },
      {
        "lineNumber": 56,
        "author": {
          "gitId": "gohsonghan98"
        },
        "content": "    }"
      },
      {
        "lineNumber": 57,
        "author": {
          "gitId": "gohsonghan98"
        },
        "content": ""
      },
      {
        "lineNumber": 58,
        "author": {
          "gitId": "gohsonghan98"
        },
        "content": "    public void setupAge() {"
      },
      {
        "lineNumber": 59,
        "author": {
          "gitId": "gohsonghan98"
        },
        "content": "        Integer ageInput \u003d 0;"
      },
      {
        "lineNumber": 60,
        "author": {
          "gitId": "gohsonghan98"
        },
        "content": "        while (ageInput \u003c\u003d 0) {"
      },
      {
        "lineNumber": 61,
        "author": {
          "gitId": "gohsonghan98"
        },
        "content": "            try {"
      },
      {
        "lineNumber": 62,
        "author": {
          "gitId": "gohsonghan98"
        },
        "content": "                ageInput \u003d Integer.parseInt(in.nextLine());"
      },
      {
        "lineNumber": 63,
        "author": {
          "gitId": "gohsonghan98"
        },
        "content": "                if (ageInput \u003c\u003d 0) {"
      },
      {
        "lineNumber": 64,
        "author": {
          "gitId": "gohsonghan98"
        },
        "content": "                    System.out.println(\"oops that is an invalid age input.\\n\""
      },
      {
        "lineNumber": 65,
        "author": {
          "gitId": "gohsonghan98"
        },
        "content": "                            + \"Please enter your age:\");"
      },
      {
        "lineNumber": 66,
        "author": {
          "gitId": "gohsonghan98"
        },
        "content": "                }"
      },
      {
        "lineNumber": 67,
        "author": {
          "gitId": "gohsonghan98"
        },
        "content": "            } catch (NumberFormatException e) {"
      },
      {
        "lineNumber": 68,
        "author": {
          "gitId": "gohsonghan98"
        },
        "content": "                System.out.println(\"Oops that is an invalid age input.\\n\""
      },
      {
        "lineNumber": 69,
        "author": {
          "gitId": "gohsonghan98"
        },
        "content": "                        + \"Please enter your age:\");"
      },
      {
        "lineNumber": 70,
        "author": {
          "gitId": "gohsonghan98"
        },
        "content": "                ageInput \u003d 0;"
      },
      {
        "lineNumber": 71,
        "author": {
          "gitId": "gohsonghan98"
        },
        "content": "                continue;"
      },
      {
        "lineNumber": 72,
        "author": {
          "gitId": "gohsonghan98"
        },
        "content": "            }"
      },
      {
        "lineNumber": 73,
        "author": {
          "gitId": "gohsonghan98"
        },
        "content": "        }"
      },
      {
        "lineNumber": 74,
        "author": {
          "gitId": "gohsonghan98"
        },
        "content": "        age \u003d ageInput;"
      },
      {
        "lineNumber": 75,
        "author": {
          "gitId": "gohsonghan98"
        },
        "content": "    }"
      },
      {
        "lineNumber": 76,
        "author": {
          "gitId": "gohsonghan98"
        },
        "content": ""
      },
      {
        "lineNumber": 77,
        "author": {
          "gitId": "gohsonghan98"
        },
        "content": "    public void setupHeight() {"
      },
      {
        "lineNumber": 78,
        "author": {
          "gitId": "gohsonghan98"
        },
        "content": "        Double heightInput \u003d 0.00;"
      },
      {
        "lineNumber": 79,
        "author": {
          "gitId": "gohsonghan98"
        },
        "content": "        // Height (in m)"
      },
      {
        "lineNumber": 80,
        "author": {
          "gitId": "gohsonghan98"
        },
        "content": "        while (heightInput \u003c\u003d 0.00) {"
      },
      {
        "lineNumber": 81,
        "author": {
          "gitId": "gohsonghan98"
        },
        "content": "            try {"
      },
      {
        "lineNumber": 82,
        "author": {
          "gitId": "gohsonghan98"
        },
        "content": "                heightInput \u003d Double.parseDouble(in.nextLine());"
      },
      {
        "lineNumber": 83,
        "author": {
          "gitId": "gohsonghan98"
        },
        "content": "                if (heightInput \u003c\u003d 0.00) {"
      },
      {
        "lineNumber": 84,
        "author": {
          "gitId": "gohsonghan98"
        },
        "content": "                    System.out.println(\"oops that is an invalid height input.\\n\""
      },
      {
        "lineNumber": 85,
        "author": {
          "gitId": "gohsonghan98"
        },
        "content": "                            + \"Please enter your weight (in m):\");"
      },
      {
        "lineNumber": 86,
        "author": {
          "gitId": "gohsonghan98"
        },
        "content": "                }"
      },
      {
        "lineNumber": 87,
        "author": {
          "gitId": "gohsonghan98"
        },
        "content": "            } catch (NumberFormatException e) {"
      },
      {
        "lineNumber": 88,
        "author": {
          "gitId": "gohsonghan98"
        },
        "content": "                System.out.println(\"Oops that is an invalid height input.\\n\""
      },
      {
        "lineNumber": 89,
        "author": {
          "gitId": "gohsonghan98"
        },
        "content": "                        + \"Please enter your weight (in m):\");"
      },
      {
        "lineNumber": 90,
        "author": {
          "gitId": "gohsonghan98"
        },
        "content": "                heightInput \u003d 0.00;"
      },
      {
        "lineNumber": 91,
        "author": {
          "gitId": "gohsonghan98"
        },
        "content": "                continue;"
      },
      {
        "lineNumber": 92,
        "author": {
          "gitId": "gohsonghan98"
        },
        "content": "            }"
      },
      {
        "lineNumber": 93,
        "author": {
          "gitId": "gohsonghan98"
        },
        "content": "        }"
      },
      {
        "lineNumber": 94,
        "author": {
          "gitId": "gohsonghan98"
        },
        "content": "        height \u003d heightInput;"
      },
      {
        "lineNumber": 95,
        "author": {
          "gitId": "gohsonghan98"
        },
        "content": "    }"
      },
      {
        "lineNumber": 96,
        "author": {
          "gitId": "gohsonghan98"
        },
        "content": ""
      },
      {
        "lineNumber": 97,
        "author": {
          "gitId": "gohsonghan98"
        },
        "content": "    public void setupWeight() {"
      },
      {
        "lineNumber": 98,
        "author": {
          "gitId": "gohsonghan98"
        },
        "content": "        // Weight (in kg)"
      },
      {
        "lineNumber": 99,
        "author": {
          "gitId": "gohsonghan98"
        },
        "content": "        Double weightInput \u003d 0.00;"
      },
      {
        "lineNumber": 100,
        "author": {
          "gitId": "gohsonghan98"
        },
        "content": "        while (weightInput \u003c\u003d 0.00) {"
      },
      {
        "lineNumber": 101,
        "author": {
          "gitId": "gohsonghan98"
        },
        "content": "            try {"
      },
      {
        "lineNumber": 102,
        "author": {
          "gitId": "gohsonghan98"
        },
        "content": "                weightInput \u003d Double.parseDouble(in.nextLine());"
      },
      {
        "lineNumber": 103,
        "author": {
          "gitId": "gohsonghan98"
        },
        "content": "                if (weightInput \u003c\u003d 0.00) {"
      },
      {
        "lineNumber": 104,
        "author": {
          "gitId": "gohsonghan98"
        },
        "content": "                    System.out.println(\"Oops that is an invalid weight input\\n\""
      },
      {
        "lineNumber": 105,
        "author": {
          "gitId": "gohsonghan98"
        },
        "content": "                            + \"Please enter your weight (in kg):\");"
      },
      {
        "lineNumber": 106,
        "author": {
          "gitId": "gohsonghan98"
        },
        "content": "                }"
      },
      {
        "lineNumber": 107,
        "author": {
          "gitId": "gohsonghan98"
        },
        "content": "            } catch (NumberFormatException e) {"
      },
      {
        "lineNumber": 108,
        "author": {
          "gitId": "gohsonghan98"
        },
        "content": "                System.out.println(\"Oops that is an invalid weight input.\\n\""
      },
      {
        "lineNumber": 109,
        "author": {
          "gitId": "gohsonghan98"
        },
        "content": "                        + \"Please enter your weight (in kg):\");"
      },
      {
        "lineNumber": 110,
        "author": {
          "gitId": "gohsonghan98"
        },
        "content": "                weightInput \u003d 0.00;"
      },
      {
        "lineNumber": 111,
        "author": {
          "gitId": "gohsonghan98"
        },
        "content": "                continue;"
      },
      {
        "lineNumber": 112,
        "author": {
          "gitId": "gohsonghan98"
        },
        "content": "            }"
      },
      {
        "lineNumber": 113,
        "author": {
          "gitId": "gohsonghan98"
        },
        "content": "        }"
      },
      {
        "lineNumber": 114,
        "author": {
          "gitId": "gohsonghan98"
        },
        "content": "        weight \u003d weightInput;"
      },
      {
        "lineNumber": 115,
        "author": {
          "gitId": "gohsonghan98"
        },
        "content": "    }"
      },
      {
        "lineNumber": 116,
        "author": {
          "gitId": "gohsonghan98"
        },
        "content": ""
      },
      {
        "lineNumber": 117,
        "author": {
          "gitId": "gohsonghan98"
        },
        "content": "    public void setupGender() {"
      },
      {
        "lineNumber": 118,
        "author": {
          "gitId": "gohsonghan98"
        },
        "content": "        Integer genderInput \u003d 0;"
      },
      {
        "lineNumber": 119,
        "author": {
          "gitId": "gohsonghan98"
        },
        "content": "        while (genderInput !\u003d 1 \u0026\u0026 genderInput !\u003d 2) {"
      },
      {
        "lineNumber": 120,
        "author": {
          "gitId": "gohsonghan98"
        },
        "content": "            try {"
      },
      {
        "lineNumber": 121,
        "author": {
          "gitId": "gohsonghan98"
        },
        "content": "                genderInput \u003d Integer.parseInt(in.nextLine());"
      },
      {
        "lineNumber": 122,
        "author": {
          "gitId": "gohsonghan98"
        },
        "content": "                System.out.println(genderInput);"
      },
      {
        "lineNumber": 123,
        "author": {
          "gitId": "gohsonghan98"
        },
        "content": "                if (genderInput !\u003d 1 \u0026\u0026 genderInput !\u003d 2) {"
      },
      {
        "lineNumber": 124,
        "author": {
          "gitId": "gohsonghan98"
        },
        "content": "                    System.out.println(\"oops that is an invalid Gender input.\\n\""
      },
      {
        "lineNumber": 125,
        "author": {
          "gitId": "gohsonghan98"
        },
        "content": "                            + \"Please enter your gender (Enter \u00271\u0027 for Male or \u00272\u0027 for Female):\");"
      },
      {
        "lineNumber": 126,
        "author": {
          "gitId": "gohsonghan98"
        },
        "content": "                }"
      },
      {
        "lineNumber": 127,
        "author": {
          "gitId": "gohsonghan98"
        },
        "content": "            } catch (NumberFormatException e) {"
      },
      {
        "lineNumber": 128,
        "author": {
          "gitId": "gohsonghan98"
        },
        "content": "                System.out.println(\"Oops that is an invalid gender input.\\n\""
      },
      {
        "lineNumber": 129,
        "author": {
          "gitId": "gohsonghan98"
        },
        "content": "                        + \"Please enter your gender (Enter \u00271\u0027 for Male or \u00272\u0027 for Female):\");"
      },
      {
        "lineNumber": 130,
        "author": {
          "gitId": "gohsonghan98"
        },
        "content": "                genderInput \u003d 0;"
      },
      {
        "lineNumber": 131,
        "author": {
          "gitId": "gohsonghan98"
        },
        "content": "                continue;"
      },
      {
        "lineNumber": 132,
        "author": {
          "gitId": "gohsonghan98"
        },
        "content": "            }"
      },
      {
        "lineNumber": 133,
        "author": {
          "gitId": "gohsonghan98"
        },
        "content": "        }"
      },
      {
        "lineNumber": 134,
        "author": {
          "gitId": "gohsonghan98"
        },
        "content": "        if (genderInput \u003d\u003d 1) {"
      },
      {
        "lineNumber": 135,
        "author": {
          "gitId": "gohsonghan98"
        },
        "content": "            gender \u003d \"Male\";"
      },
      {
        "lineNumber": 136,
        "author": {
          "gitId": "gohsonghan98"
        },
        "content": "        } else if (genderInput \u003d\u003d 2) {"
      },
      {
        "lineNumber": 137,
        "author": {
          "gitId": "gohsonghan98"
        },
        "content": "            gender \u003d \"Female\";"
      },
      {
        "lineNumber": 138,
        "author": {
          "gitId": "gohsonghan98"
        },
        "content": "        }"
      },
      {
        "lineNumber": 139,
        "author": {
          "gitId": "gohsonghan98"
        },
        "content": "    }"
      },
      {
        "lineNumber": 140,
        "author": {
          "gitId": "gohsonghan98"
        },
        "content": ""
      },
      {
        "lineNumber": 141,
        "author": {
          "gitId": "gohsonghan98"
        },
        "content": "    public void viewProfile() {"
      },
      {
        "lineNumber": 142,
        "author": {
          "gitId": "gohsonghan98"
        },
        "content": "        System.out.println(\"Name:\");"
      },
      {
        "lineNumber": 143,
        "author": {
          "gitId": "gohsonghan98"
        },
        "content": "        System.out.println(getName());"
      },
      {
        "lineNumber": 144,
        "author": {
          "gitId": "gohsonghan98"
        },
        "content": "        System.out.println(\"Age:\");"
      },
      {
        "lineNumber": 145,
        "author": {
          "gitId": "gohsonghan98"
        },
        "content": "        System.out.println(getAge());"
      },
      {
        "lineNumber": 146,
        "author": {
          "gitId": "gohsonghan98"
        },
        "content": "        System.out.println(\"Gender:\");"
      },
      {
        "lineNumber": 147,
        "author": {
          "gitId": "gohsonghan98"
        },
        "content": "        System.out.println(getGender());"
      },
      {
        "lineNumber": 148,
        "author": {
          "gitId": "gohsonghan98"
        },
        "content": "        System.out.println(\"Height:\");"
      },
      {
        "lineNumber": 149,
        "author": {
          "gitId": "gohsonghan98"
        },
        "content": "        System.out.println(getHeight());"
      },
      {
        "lineNumber": 150,
        "author": {
          "gitId": "gohsonghan98"
        },
        "content": "        System.out.println(\"Weight:\");"
      },
      {
        "lineNumber": 151,
        "author": {
          "gitId": "gohsonghan98"
        },
        "content": "        System.out.println(getWeight());"
      },
      {
        "lineNumber": 152,
        "author": {
          "gitId": "gohsonghan98"
        },
        "content": "    }"
      },
      {
        "lineNumber": 153,
        "author": {
          "gitId": "gohsonghan98"
        },
        "content": ""
      },
      {
        "lineNumber": 154,
        "author": {
          "gitId": "sixletters"
        },
        "content": "}"
      }
    ],
    "authorContributionMap": {
      "sixletters": 4,
      "gohsonghan98": 150
    }
  },
  {
    "path": "src/main/java/seedu/duke/ViewCommand.java",
    "fileType": "functional-code",
    "lines": [
      {
        "lineNumber": 1,
        "author": {
          "gitId": "sixletters"
        },
        "content": "package seedu.duke;"
      },
      {
        "lineNumber": 2,
        "author": {
          "gitId": "sixletters"
        },
        "content": ""
      },
      {
        "lineNumber": 3,
        "author": {
          "gitId": "sixletters"
        },
        "content": "public class ViewCommand extends Command {"
      },
      {
        "lineNumber": 4,
        "author": {
          "gitId": "sixletters"
        },
        "content": "    @Override"
      },
      {
        "lineNumber": 5,
        "author": {
          "gitId": "sixletters"
        },
        "content": "    public void execute(FoodList foodlist, ExericseList exericseList, Storage storage) {"
      },
      {
        "lineNumber": 6,
        "author": {
          "gitId": "sixletters"
        },
        "content": ""
      },
      {
        "lineNumber": 7,
        "author": {
          "gitId": "sixletters"
        },
        "content": "    }"
      },
      {
        "lineNumber": 8,
        "author": {
          "gitId": "sixletters"
        },
        "content": "}"
      }
    ],
    "authorContributionMap": {
      "sixletters": 8
    }
  },
  {
    "path": "src/main/java/seedu/duke/common/Commands.java",
    "fileType": "functional-code",
    "lines": [
      {
        "lineNumber": 1,
        "author": {
          "gitId": "hui444"
        },
        "content": "package seedu.duke.common;"
      },
      {
        "lineNumber": 2,
        "author": {
          "gitId": "hui444"
        },
        "content": ""
      },
      {
        "lineNumber": 3,
        "author": {
          "gitId": "hui444"
        },
        "content": "/**"
      },
      {
        "lineNumber": 4,
        "author": {
          "gitId": "hui444"
        },
        "content": " * Container for commands"
      },
      {
        "lineNumber": 5,
        "author": {
          "gitId": "hui444"
        },
        "content": " */"
      },
      {
        "lineNumber": 6,
        "author": {
          "gitId": "hui444"
        },
        "content": "public class Commands {"
      },
      {
        "lineNumber": 7,
        "author": {
          "gitId": "hui444"
        },
        "content": "    public static final String COMMAND_ADD \u003d \"add\";"
      },
      {
        "lineNumber": 8,
        "author": {
          "gitId": "hui444"
        },
        "content": "    public static final String COMMAND_SHOW \u003d \"show\";"
      },
      {
        "lineNumber": 9,
        "author": {
          "gitId": "hui444"
        },
        "content": "    public static final String COMMAND_DELETE \u003d \"delete\";"
      },
      {
        "lineNumber": 10,
        "author": {
          "gitId": "hui444"
        },
        "content": "    public static final String COMMAND_BMI \u003d \"bmi\";"
      },
      {
        "lineNumber": 11,
        "author": {
          "gitId": "hui444"
        },
        "content": "    public static final String COMMAND_EXIT \u003d \"exit\";"
      },
      {
        "lineNumber": 12,
        "author": {
          "gitId": "hui444"
        },
        "content": "}"
      }
    ],
    "authorContributionMap": {
      "hui444": 12
    }
  },
  {
    "path": "src/main/java/seedu/duke/common/Messages.java",
    "fileType": "functional-code",
    "lines": [
      {
        "lineNumber": 1,
        "author": {
          "gitId": "hui444"
        },
        "content": "package seedu.duke.common;"
      },
      {
        "lineNumber": 2,
        "author": {
          "gitId": "hui444"
        },
        "content": ""
      },
      {
        "lineNumber": 3,
        "author": {
          "gitId": "hui444"
        },
        "content": "/**"
      },
      {
        "lineNumber": 4,
        "author": {
          "gitId": "hui444"
        },
        "content": " * Container for user visible messages."
      },
      {
        "lineNumber": 5,
        "author": {
          "gitId": "hui444"
        },
        "content": " */"
      },
      {
        "lineNumber": 6,
        "author": {
          "gitId": "hui444"
        },
        "content": "public class Messages {"
      },
      {
        "lineNumber": 7,
        "author": {
          "gitId": "hui444"
        },
        "content": "    public static final String MESSAGE_GREET \u003d \"Hello! Welcome to Fitr. \""
      },
      {
        "lineNumber": 8,
        "author": {
          "gitId": "hui444"
        },
        "content": "            + System.lineSeparator() + \"What can I do for you?\";"
      },
      {
        "lineNumber": 9,
        "author": {
          "gitId": "hui444"
        },
        "content": "    public static final String MESSAGE_BYE \u003d \"Bye. Hope to see you again soon!\";"
      },
      {
        "lineNumber": 10,
        "author": {
          "gitId": "hui444"
        },
        "content": "}"
      }
    ],
    "authorContributionMap": {
      "hui444": 10
    }
  }
]
