{
  "authorDailyContributionsMap": {
    "hui444": [
      {
        "date": "2020-09-30",
        "commitResults": [
          {
            "hash": "aefa9eddcda308e42bd7d313bd73f82f0f94558a",
            "messageTitle": "Update AboutUs",
            "messageBody": "",
            "fileTypesAndContributionMap": {
              "docs": {
                "insertions": 1,
                "deletions": 1
              }
            }
          }
        ]
      },
      {
        "date": "2020-10-06",
        "commitResults": [
          {
            "hash": "fff97c7e60a16e991f43c048fd2b9d2b90912611",
            "messageTitle": "Add help and ui texts",
            "messageBody": "",
            "fileTypesAndContributionMap": {
              "functional-code": {
                "insertions": 45,
                "deletions": 0
              }
            }
          },
          {
            "hash": "0e262013e39598f8ea6920fd848d7b946c45791e",
            "messageTitle": "Add read function and refactor messages",
            "messageBody": "",
            "fileTypesAndContributionMap": {
              "functional-code": {
                "insertions": 38,
                "deletions": 15
              }
            }
          }
        ]
      },
      {
        "date": "2020-10-09",
        "commitResults": [
          {
            "hash": "9f3c8cb4dea5145680918cd1d379dded67e345ae",
            "messageTitle": "Minor changes",
            "messageBody": "",
            "fileTypesAndContributionMap": {
              "functional-code": {
                "insertions": 34,
                "deletions": 20
              }
            }
          }
        ]
      },
      {
        "date": "2020-10-12",
        "commitResults": [
          {
            "hash": "ad79dea3fea8451513b62fb1c24548b5b9f98398",
            "messageTitle": "Add more UI texts",
            "messageBody": "",
            "fileTypesAndContributionMap": {
              "functional-code": {
                "insertions": 101,
                "deletions": 41
              }
            }
          },
          {
            "hash": "1ae253d96c6e44e2c7e1987ccfae87fa06037cdf",
            "messageTitle": "Add more UI texts",
            "messageBody": "",
            "fileTypesAndContributionMap": {
              "functional-code": {
                "insertions": 11,
                "deletions": 8
              }
            }
          }
        ]
      },
      {
        "date": "2020-10-13",
        "commitResults": [
          {
            "hash": "63059f76c96871cbcfef538647876c3b27ba25a8",
            "messageTitle": "Add JUnit for UI test",
            "messageBody": "",
            "fileTypesAndContributionMap": {
              "functional-code": {
                "insertions": 12,
                "deletions": 2
              },
              "test-code": {
                "insertions": 22,
                "deletions": 0
              }
            }
          },
          {
            "hash": "599868959e9759d02b2104dbc8be699bc09a0ae4",
            "messageTitle": "Add JUnit for UI",
            "messageBody": "",
            "fileTypesAndContributionMap": {
              "test-code": {
                "insertions": 2,
                "deletions": 2
              }
            }
          },
          {
            "hash": "05dc72ecb31986ac8002efe50642d76d03d8da71",
            "messageTitle": "Add JUnit for UI and edit help message",
            "messageBody": "",
            "fileTypesAndContributionMap": {
              "functional-code": {
                "insertions": 3,
                "deletions": 3
              },
              "other": {
                "insertions": 1,
                "deletions": 0
              }
            }
          },
          {
            "hash": "c8cb26eb2da2faa229b7a6c960fb23318979dfeb",
            "messageTitle": "Add JUnit for UI and edit help message",
            "messageBody": "",
            "fileTypesAndContributionMap": {
              "other": {
                "insertions": 0,
                "deletions": 1
              }
            }
          },
          {
            "hash": "19d9daa932e27999128f9a43c63a673f37bb2357",
            "messageTitle": "Add JUnit for UI and edit help message",
            "messageBody": "",
            "fileTypesAndContributionMap": {
              "functional-code": {
                "insertions": 5,
                "deletions": 2
              }
            }
          },
          {
            "hash": "96b448e6ef49ccaaf6b78855a0c4e94abe1d3434",
            "messageTitle": "Remove duplicates in UI, Fix text output format",
            "messageBody": "",
            "fileTypesAndContributionMap": {
              "functional-code": {
                "insertions": 21,
                "deletions": 19
              },
              "other": {
                "insertions": 1,
                "deletions": 0
              }
            }
          },
          {
            "hash": "ed21ed6efd43f5ceba4ad47a2dd1c33dd32a30b4",
            "messageTitle": "Remove duplicates in UI, Fix text output format",
            "messageBody": "",
            "fileTypesAndContributionMap": {
              "other": {
                "insertions": 0,
                "deletions": 1
              }
            }
          },
          {
            "hash": "9f8a41b6903c8285a66429ad078581ad07a523ae",
            "messageTitle": "Remove duplicates in UI, Fix text output format",
            "messageBody": "",
            "fileTypesAndContributionMap": {
              "functional-code": {
                "insertions": 7,
                "deletions": 8
              }
            }
          }
        ]
      },
      {
        "date": "2020-10-19",
        "commitResults": [
          {
            "hash": "57dff2901864c21078d29fb9aabd62d443e10d5a",
            "messageTitle": "Update UG, Add Goal feature",
            "messageBody": "",
            "fileTypesAndContributionMap": {
              "functional-code": {
                "insertions": 100,
                "deletions": 21
              },
              "docs": {
                "insertions": 13,
                "deletions": 1
              }
            }
          }
        ]
      },
      {
        "date": "2020-10-20",
        "commitResults": [
          {
            "hash": "404eee8d41045917fa4092ffd3bf13d93148f3a0",
            "messageTitle": "Add getCurrentDate method to parser class",
            "messageBody": "",
            "fileTypesAndContributionMap": {
              "functional-code": {
                "insertions": 10,
                "deletions": 0
              }
            }
          },
          {
            "hash": "87dd746b5ca0112ebca32ad4746fd71e3d65dbcf",
            "messageTitle": "Refactor date method, Add simple goal feature",
            "messageBody": "",
            "fileTypesAndContributionMap": {
              "functional-code": {
                "insertions": 195,
                "deletions": 33
              },
              "test-code": {
                "insertions": 4,
                "deletions": 2
              }
            }
          }
        ]
      },
      {
        "date": "2020-10-21",
        "commitResults": [
          {
            "hash": "dbdb515fa58ee8ace3fb2f9d3a3f9a0a7b0383be",
            "messageTitle": "Remove unused comments, Change format for printing errors in User",
            "messageBody": "",
            "fileTypesAndContributionMap": {
              "functional-code": {
                "insertions": 19,
                "deletions": 31
              }
            }
          },
          {
            "hash": "cfdcc8eaa876358a8ca63d0fdafedee590e0e585",
            "messageTitle": "Update Storage.java",
            "messageBody": "",
            "fileTypesAndContributionMap": {
              "functional-code": {
                "insertions": 2,
                "deletions": 1
              }
            }
          },
          {
            "hash": "eacdec711cbbe521b5ae3747563464384505ebb8",
            "messageTitle": "Fixed checkstyle in storage",
            "messageBody": "",
            "fileTypesAndContributionMap": {
              "functional-code": {
                "insertions": 2,
                "deletions": 1
              }
            }
          },
          {
            "hash": "f19a92e97b9e2ce65fbf37fbdf99a5eefa9e0307",
            "messageTitle": "Fix indentation",
            "messageBody": "",
            "fileTypesAndContributionMap": {
              "functional-code": {
                "insertions": 1,
                "deletions": 0
              }
            }
          },
          {
            "hash": "2ea7d63669f440db26f80c6249b5c8136dda64f1",
            "messageTitle": "Add colours to UI",
            "messageBody": "",
            "fileTypesAndContributionMap": {
              "functional-code": {
                "insertions": 48,
                "deletions": 52
              }
            }
          },
          {
            "hash": "b758b081fc23f01961dd6dc0843f16e7c46bd321",
            "messageTitle": "Fix code style",
            "messageBody": "",
            "fileTypesAndContributionMap": {
              "functional-code": {
                "insertions": 1,
                "deletions": 1
              }
            }
          },
          {
            "hash": "8b01b67f9567c856c5f3142494066837c8ba2dff",
            "messageTitle": "Remove unused method in Ui",
            "messageBody": "",
            "fileTypesAndContributionMap": {
              "functional-code": {
                "insertions": 0,
                "deletions": 4
              }
            }
          },
          {
            "hash": "b5a09179b184509a0e60dd743d9b162bd01be784",
            "messageTitle": "Updated DG",
            "messageBody": "",
            "fileTypesAndContributionMap": {
              "docs": {
                "insertions": 71,
                "deletions": 9
              }
            }
          }
        ]
      },
      {
        "date": "2020-10-23",
        "commitResults": [
          {
            "hash": "25f728f11e0bc43c1a5e27182064ba8d2ade8e14",
            "messageTitle": "Change goal command structure",
            "messageBody": "",
            "fileTypesAndContributionMap": {
              "functional-code": {
                "insertions": 40,
                "deletions": 46
              }
            }
          }
        ]
      }
    ],
    "sixletters": [
      {
        "date": "2020-09-30",
        "commitResults": [
          {
            "hash": "8a6981f2bd8a6a2b5f628cb496a4cf805b7f1f30",
            "messageTitle": "Update AboutUs.md",
            "messageBody": "",
            "fileTypesAndContributionMap": {
              "docs": {
                "insertions": 1,
                "deletions": 5
              }
            }
          }
        ]
      },
      {
        "date": "2020-10-04",
        "commitResults": [
          {
            "hash": "28b86af5ca639b566bba82e9c4f76d623139fd17",
            "messageTitle": "Start of TP YAYERS",
            "messageBody": "",
            "fileTypesAndContributionMap": {
              "functional-code": {
                "insertions": 48,
                "deletions": 0
              },
              "other": {
                "insertions": 1,
                "deletions": 1
              }
            }
          },
          {
            "hash": "0dd389d25e7d4e26485f0496d204161bf764fab7",
            "messageTitle": "Updates",
            "messageBody": "",
            "fileTypesAndContributionMap": {
              "functional-code": {
                "insertions": 8,
                "deletions": 0
              }
            }
          }
        ]
      },
      {
        "date": "2020-10-06",
        "commitResults": [
          {
            "hash": "945ee9068999232b973b39fe9daf77461fc4b9f4",
            "messageTitle": "Exercise and Food Class",
            "messageBody": "",
            "fileTypesAndContributionMap": {
              "functional-code": {
                "insertions": 65,
                "deletions": 3
              }
            }
          },
          {
            "hash": "1ba076c2508ade633196cdfee35ba5ea41a3cd7b",
            "messageTitle": "Indentation errors",
            "messageBody": "",
            "fileTypesAndContributionMap": {
              "functional-code": {
                "insertions": 8,
                "deletions": 12
              }
            }
          },
          {
            "hash": "e63132fa2648e021bb479fd5e690ff96cafba03f",
            "messageTitle": "Implementing Command classes",
            "messageBody": "",
            "fileTypesAndContributionMap": {
              "functional-code": {
                "insertions": 36,
                "deletions": 6
              }
            }
          },
          {
            "hash": "ff1367bb7260b4c40dfc82068dd4af5cc0588b2a",
            "messageTitle": "Update public",
            "messageBody": "",
            "fileTypesAndContributionMap": {
              "functional-code": {
                "insertions": 1,
                "deletions": 1
              }
            }
          }
        ]
      },
      {
        "date": "2020-10-08",
        "commitResults": [
          {
            "hash": "4f6148b6bec34da3b673dcf8447d248f60433707",
            "messageTitle": "AddCommand",
            "messageBody": "",
            "fileTypesAndContributionMap": {
              "functional-code": {
                "insertions": 45,
                "deletions": 8
              }
            }
          },
          {
            "hash": "56bb9ba20c1df410114d59f4237fd2ecb42e5fda",
            "messageTitle": "AddCommandandDeleteCommand",
            "messageBody": "",
            "fileTypesAndContributionMap": {
              "functional-code": {
                "insertions": 38,
                "deletions": 20
              }
            }
          }
        ]
      },
      {
        "date": "2020-10-09",
        "commitResults": [
          {
            "hash": "e4b0394ca6f22e99e7a3cdcf888ad6aefe846620",
            "messageTitle": "Updates",
            "messageBody": "",
            "fileTypesAndContributionMap": {
              "functional-code": {
                "insertions": 64,
                "deletions": 27
              }
            }
          },
          {
            "hash": "bd8e3c362501ebc546640a885c677dec3b638153",
            "messageTitle": "Updates",
            "messageBody": "",
            "fileTypesAndContributionMap": {
              "functional-code": {
                "insertions": 12,
                "deletions": 16
              }
            }
          }
        ]
      },
      {
        "date": "2020-10-12",
        "commitResults": [
          {
            "hash": "46f116c68387c37589c23bccda41fe5842dac6fd",
            "messageTitle": "Abstraction of COmmand",
            "messageBody": "",
            "fileTypesAndContributionMap": {
              "functional-code": {
                "insertions": 77,
                "deletions": 54
              },
              "other": {
                "insertions": 1,
                "deletions": 0
              }
            }
          },
          {
            "hash": "e32163ca7faa51e0218ebe19acd87a7ad95c9f55",
            "messageTitle": "Checkstlye Main",
            "messageBody": "",
            "fileTypesAndContributionMap": {
              "functional-code": {
                "insertions": 7,
                "deletions": 5
              }
            }
          },
          {
            "hash": "a88dd91ea048f1034a1b18b9667c471af34a4c9c",
            "messageTitle": "Update of Delete Command",
            "messageBody": "",
            "fileTypesAndContributionMap": {
              "functional-code": {
                "insertions": 3,
                "deletions": 3
              }
            }
          },
          {
            "hash": "b5df57c80a14d4a245a86003fccfd03297e7b3e9",
            "messageTitle": "Checkstyle stuff again",
            "messageBody": "",
            "fileTypesAndContributionMap": {
              "functional-code": {
                "insertions": 4,
                "deletions": 2
              }
            }
          }
        ]
      },
      {
        "date": "2020-10-13",
        "commitResults": [
          {
            "hash": "a5c81eab8642258ef20177095a393dffee895484",
            "messageTitle": "UpdatesAndJunitTest",
            "messageBody": "",
            "fileTypesAndContributionMap": {
              "functional-code": {
                "insertions": 25,
                "deletions": 6
              },
              "other": {
                "insertions": 3,
                "deletions": 0
              },
              "test-code": {
                "insertions": 108,
                "deletions": 0
              }
            }
          },
          {
            "hash": "d4b5cceb655b567bdadfbf797fa59122fff75d8b",
            "messageTitle": "Clearing of TextFiles",
            "messageBody": "",
            "fileTypesAndContributionMap": {
              "other": {
                "insertions": 0,
                "deletions": 3
              }
            }
          },
          {
            "hash": "c4d09d871a06c58d83526e8094ac4b235bcb457e",
            "messageTitle": "PackagingErrorResolved",
            "messageBody": "",
            "fileTypesAndContributionMap": {
              "other": {
                "insertions": 5,
                "deletions": 3
              }
            }
          },
          {
            "hash": "d043e6504ccb702d1cce13894123a30bdd21ac0d",
            "messageTitle": "UpdatesonUIinDelete",
            "messageBody": "",
            "fileTypesAndContributionMap": {
              "functional-code": {
                "insertions": 2,
                "deletions": 2
              }
            }
          },
          {
            "hash": "ce55ff95c37f4a8386029de639101d611b4f20f1",
            "messageTitle": "Update on bugs",
            "messageBody": "",
            "fileTypesAndContributionMap": {
              "functional-code": {
                "insertions": 35,
                "deletions": 8
              },
              "other": {
                "insertions": 4,
                "deletions": 0
              }
            }
          },
          {
            "hash": "697a9742c2023095eff6de6db9b17478d27c7488",
            "messageTitle": "Update on bugs",
            "messageBody": "",
            "fileTypesAndContributionMap": {
              "other": {
                "insertions": 0,
                "deletions": 4
              }
            }
          }
        ]
      },
      {
        "date": "2020-10-19",
        "commitResults": [
          {
            "hash": "cacc401f99d399648acbbb5ad22af647ab0a93fe",
            "messageTitle": "UG developement",
            "messageBody": "",
            "fileTypesAndContributionMap": {
              "functional-code": {
                "insertions": 2,
                "deletions": 2
              },
              "docs": {
                "insertions": 44,
                "deletions": 18
              }
            }
          }
        ]
      },
      {
        "date": "2020-10-20",
        "commitResults": [
          {
            "hash": "97954f4f4d1111ae9ead4bc1e78972d8dde28b3f",
            "messageTitle": "Update of the recommender class",
            "messageBody": "",
            "fileTypesAndContributionMap": {
              "functional-code": {
                "insertions": 185,
                "deletions": 52
              },
              "test-code": {
                "insertions": 9,
                "deletions": 47
              }
            }
          }
        ]
      },
      {
        "date": "2020-10-21",
        "commitResults": [
          {
            "hash": "3e2620ffef47eda38e0792291545cb8c044fa323",
            "messageTitle": "Updates on recommender",
            "messageBody": "",
            "fileTypesAndContributionMap": {
              "functional-code": {
                "insertions": 7,
                "deletions": 3
              }
            }
          },
          {
            "hash": "000336db2511214ba8d1ddc60f81306f8ef24513",
            "messageTitle": "Updates",
            "messageBody": "",
            "fileTypesAndContributionMap": {
              "functional-code": {
                "insertions": 1,
                "deletions": 1
              }
            }
          },
          {
            "hash": "a8a93dec810e7677f3fed0df76fea0509dd77151",
            "messageTitle": "more updates",
            "messageBody": "",
            "fileTypesAndContributionMap": {
              "functional-code": {
                "insertions": 0,
                "deletions": 1
              }
            }
          }
        ]
      },
      {
        "date": "2020-10-23",
        "commitResults": [
          {
            "hash": "cf19449fd652867bb4f7daf517fb5176f585c5d4",
            "messageTitle": "Update on bugs",
            "messageBody": "",
            "fileTypesAndContributionMap": {
              "functional-code": {
                "insertions": 40,
                "deletions": 19
              },
              "other": {
                "insertions": 0,
                "deletions": 0
              }
            }
          },
          {
            "hash": "f0ed4d544aa49056930514cfcf138663bf9f6296",
            "messageTitle": "Updates on recommendCommand",
            "messageBody": "",
            "fileTypesAndContributionMap": {
              "functional-code": {
                "insertions": 1,
                "deletions": 1
              }
            }
          },
          {
            "hash": "70fb4a1f84d3729ec904e786c445f9e5e6040d95",
            "messageTitle": "Updats",
            "messageBody": "",
            "fileTypesAndContributionMap": {
              "functional-code": {
                "insertions": 14,
                "deletions": 9
              }
            }
          },
          {
            "hash": "c910bde8579a6f0371e8b32de41bb785814f93e3",
            "messageTitle": "Updates",
            "messageBody": "",
            "fileTypesAndContributionMap": {
              "functional-code": {
                "insertions": 10,
                "deletions": 3
              }
            }
          },
          {
            "hash": "2f51491ad585abbebb256a3c2b2dbc612ec35a73",
            "messageTitle": "Update on bugs",
            "messageBody": "",
            "fileTypesAndContributionMap": {
              "functional-code": {
                "insertions": 37,
                "deletions": 25
              },
              "other": {
                "insertions": 1,
                "deletions": 0
              }
            }
          },
          {
            "hash": "0a3d17aec59349a63059d1d0a06c3b41041b75aa",
            "messageTitle": "Updates",
            "messageBody": "",
            "fileTypesAndContributionMap": {
              "other": {
                "insertions": 0,
                "deletions": 1
              }
            }
          }
        ]
      },
      {
        "date": "2020-10-24",
        "commitResults": [
          {
            "hash": "b24e3f71f797360ff749d84eea64f23ff613bd42",
            "messageTitle": "Updates",
            "messageBody": "",
            "fileTypesAndContributionMap": {
              "functional-code": {
                "insertions": 5,
                "deletions": 3
              }
            }
          },
          {
            "hash": "e325f91c0312dce8dc2dc441e8b4d47ad1b61648",
            "messageTitle": "updates",
            "messageBody": "",
            "fileTypesAndContributionMap": {
              "functional-code": {
                "insertions": 1,
                "deletions": 2
              }
            }
          }
        ]
      }
    ],
    "jerichochua": [
      {
        "date": "2020-09-30",
        "commitResults": [
          {
            "hash": "f4ec6c3388e5eb526647f5937152c0c65b26bcf0",
            "messageTitle": "Update AboutUs.md",
            "messageBody": "",
            "fileTypesAndContributionMap": {
              "docs": {
                "insertions": 1,
                "deletions": 1
              }
            }
          }
        ]
      },
      {
        "date": "2020-10-01",
        "commitResults": [
          {
            "hash": "ee06fce08d4bf7daccb58574ee81293ff17b714d",
            "messageTitle": "Update AboutUs.md",
            "messageBody": "Arrange names in alphabetical order\n",
            "fileTypesAndContributionMap": {
              "docs": {
                "insertions": 2,
                "deletions": 2
              }
            }
          }
        ]
      },
      {
        "date": "2020-10-04",
        "commitResults": [
          {
            "hash": "b8d68985a95612fece5e5c0e0d37be3b35782239",
            "messageTitle": "Implement basic functions in FoodList class",
            "messageBody": "",
            "fileTypesAndContributionMap": {
              "functional-code": {
                "insertions": 23,
                "deletions": 0
              }
            }
          },
          {
            "hash": "4131c399fbf1887050de9454d74631b7ed905f36",
            "messageTitle": "Implement basic functions in ExerciseList class",
            "messageBody": "",
            "fileTypesAndContributionMap": {
              "functional-code": {
                "insertions": 27,
                "deletions": 4
              }
            }
          },
          {
            "hash": "40aa248ad2d98b2253bf64e4fd12012bda23fff8",
            "messageTitle": "Update build.gradle",
            "messageBody": "Fixes failing checks.",
            "fileTypesAndContributionMap": {
              "other": {
                "insertions": 1,
                "deletions": 1
              }
            }
          }
        ]
      },
      {
        "date": "2020-10-05",
        "commitResults": [
          {
            "hash": "4c71bca3a689dd22e9900a8e1bf58fe3ec5d05a9",
            "messageTitle": "Fix failing checks",
            "messageBody": "",
            "fileTypesAndContributionMap": {
              "other": {
                "insertions": 1,
                "deletions": 1
              }
            }
          }
        ]
      },
      {
        "date": "2020-10-06",
        "commitResults": [
          {
            "hash": "b6357c6d3083ec8b9b34e346fc88b4d36bc174a5",
            "messageTitle": "Implement isExit method for all Command classes",
            "messageBody": "",
            "fileTypesAndContributionMap": {
              "functional-code": {
                "insertions": 25,
                "deletions": 6
              }
            }
          }
        ]
      },
      {
        "date": "2020-10-07",
        "commitResults": [
          {
            "hash": "9b32345bad5791e520bbdcc93ed3a7598d82122d",
            "messageTitle": "Implement basic functionality for Storage class",
            "messageBody": "",
            "fileTypesAndContributionMap": {
              "functional-code": {
                "insertions": 74,
                "deletions": 0
              }
            }
          }
        ]
      },
      {
        "date": "2020-10-08",
        "commitResults": [
          {
            "hash": "91f3838d3573d4bac3d128be5c770e2fb658fe3e",
            "messageTitle": "Implement getSize methods in both list classes",
            "messageBody": "",
            "fileTypesAndContributionMap": {
              "functional-code": {
                "insertions": 8,
                "deletions": 0
              }
            }
          }
        ]
      },
      {
        "date": "2020-10-09",
        "commitResults": [
          {
            "hash": "966cac0698c8b7fda7c1d4f1b116722518f75435",
            "messageTitle": "Implement saving of user\u0027s data into text file",
            "messageBody": "Loading of user\u0027s data not implemented yet.\n",
            "fileTypesAndContributionMap": {
              "functional-code": {
                "insertions": 33,
                "deletions": 7
              }
            }
          }
        ]
      },
      {
        "date": "2020-10-10",
        "commitResults": [
          {
            "hash": "682cc11c83f1154cb5f78501dc0fc58cd46ab9fe",
            "messageTitle": "Implement the reading of the user\u0027s data file",
            "messageBody": "",
            "fileTypesAndContributionMap": {
              "functional-code": {
                "insertions": 23,
                "deletions": 5
              }
            }
          },
          {
            "hash": "18af56e5c115a8c360a075b918c6f8658214422b",
            "messageTitle": "Improve loading and saving of user\u0027s data",
            "messageBody": "",
            "fileTypesAndContributionMap": {
              "functional-code": {
                "insertions": 30,
                "deletions": 17
              }
            }
          },
          {
            "hash": "e3c7de5404a28e83f688e7fb51fd18239b6ef70c",
            "messageTitle": "Fix loading and saving of user data",
            "messageBody": "",
            "fileTypesAndContributionMap": {
              "functional-code": {
                "insertions": 11,
                "deletions": 2
              }
            }
          },
          {
            "hash": "c7251327454128fe1a4933d960d0bce7574e9f96",
            "messageTitle": "Implement loading and saving of the user\u0027s consumed food",
            "messageBody": "",
            "fileTypesAndContributionMap": {
              "functional-code": {
                "insertions": 33,
                "deletions": 4
              }
            }
          },
          {
            "hash": "1007d69138fdc0eff0b2387b6de06166d739c892",
            "messageTitle": "Implement loading and saving of the user\u0027s exercises",
            "messageBody": "",
            "fileTypesAndContributionMap": {
              "functional-code": {
                "insertions": 19,
                "deletions": 3
              }
            }
          },
          {
            "hash": "ca9675a337c3f59ec9437a12ddf2e6dad1ff3d05",
            "messageTitle": "Improve code quality and comments",
            "messageBody": "",
            "fileTypesAndContributionMap": {
              "functional-code": {
                "insertions": 28,
                "deletions": 15
              }
            }
          },
          {
            "hash": "93b6b142b7f57ed6b368b8a3f5daadda61b8b4c5",
            "messageTitle": "Add FoodListTest JUnit test",
            "messageBody": "",
            "fileTypesAndContributionMap": {
              "test-code": {
                "insertions": 31,
                "deletions": 0
              }
            }
          },
          {
            "hash": "24e89d79997fbd81ef27bc551e0422ced2d2702e",
            "messageTitle": "Add ExerciseListTest JUnit test",
            "messageBody": "",
            "fileTypesAndContributionMap": {
              "test-code": {
                "insertions": 31,
                "deletions": 0
              }
            }
          }
        ]
      },
      {
        "date": "2020-10-11",
        "commitResults": [
          {
            "hash": "19447c5ca33544a10da300303b951811b2d968e5",
            "messageTitle": "Update user guide",
            "messageBody": "",
            "fileTypesAndContributionMap": {
              "docs": {
                "insertions": 15,
                "deletions": 3
              }
            }
          },
          {
            "hash": "b4a70d0bdf8db009a95f5358d17156be55d4c4eb",
            "messageTitle": "Fix checkstyle errors",
            "messageBody": "",
            "fileTypesAndContributionMap": {
              "functional-code": {
                "insertions": 4,
                "deletions": 3
              }
            }
          }
        ]
      },
      {
        "date": "2020-10-13",
        "commitResults": [
          {
            "hash": "309d16d15f1262c87a4ef47f86e72bbc3877a4c7",
            "messageTitle": "Organise project into packages",
            "messageBody": "",
            "fileTypesAndContributionMap": {
              "other": {
                "insertions": 148,
                "deletions": 55
              },
              "test-code": {
                "insertions": 0,
                "deletions": 12
              }
            }
          },
          {
            "hash": "eeb407ee0adcd2af952df097abd59de628b60ec3",
            "messageTitle": "Add more Storage JUnit test",
            "messageBody": "",
            "fileTypesAndContributionMap": {
              "test-code": {
                "insertions": 31,
                "deletions": 0
              }
            }
          },
          {
            "hash": "c74ec4f6fceb693851d998addc192c58741b4dfc",
            "messageTitle": "Delete exerciseList.txt",
            "messageBody": "",
            "fileTypesAndContributionMap": {
              "other": {
                "insertions": 0,
                "deletions": 0
              }
            }
          },
          {
            "hash": "1d2ab30d030b3e14de5c900ca6bad60c53a01b65",
            "messageTitle": "Delete foodList.txt",
            "messageBody": "",
            "fileTypesAndContributionMap": {
              "other": {
                "insertions": 0,
                "deletions": 0
              }
            }
          },
          {
            "hash": "3b4db74df31d00cad921ba5611dbfa10f55f05aa",
            "messageTitle": "Delete userConfig.txt",
            "messageBody": "",
            "fileTypesAndContributionMap": {
              "other": {
                "insertions": 0,
                "deletions": 0
              }
            }
          },
          {
            "hash": "26c95442fcdd007ab5cf1440adb02d673039f823",
            "messageTitle": "Update AddExerciseCommand.java",
            "messageBody": "Fix spelling mistake.",
            "fileTypesAndContributionMap": {
              "functional-code": {
                "insertions": 2,
                "deletions": 2
              }
            }
          },
          {
            "hash": "92cafca3341c8ed44cf2d50f3c5e5f99abdaa167",
            "messageTitle": "Delete exerciseList.txt",
            "messageBody": "",
            "fileTypesAndContributionMap": {
              "other": {
                "insertions": 0,
                "deletions": 0
              }
            }
          },
          {
            "hash": "7ea7287a059605789d60ab4ebb1b00a4c5f53e8b",
            "messageTitle": "Delete userConfig.txt",
            "messageBody": "",
            "fileTypesAndContributionMap": {
              "other": {
                "insertions": 0,
                "deletions": 0
              }
            }
          },
          {
            "hash": "2fa748398419c407add1c09fe7bed9af20425da6",
            "messageTitle": "Delete foodList.txt",
            "messageBody": "",
            "fileTypesAndContributionMap": {
              "other": {
                "insertions": 0,
                "deletions": 0
              }
            }
          },
          {
            "hash": "8b633ab849f5500c4a780c7a174ddc3f4aac81ac",
            "messageTitle": "Prepare for v1.0 release",
            "messageBody": "",
            "fileTypesAndContributionMap": {
              "other": {
                "insertions": 1,
                "deletions": 0
              }
            }
          }
        ]
      },
      {
        "date": "2020-10-17",
        "commitResults": [
          {
            "hash": "f7504e2102ddee5aba3c7357afb1479c269ca503",
            "messageTitle": "Add clear command",
            "messageBody": "Clears the food and exercise list.\n",
            "fileTypesAndContributionMap": {
              "functional-code": {
                "insertions": 49,
                "deletions": 8
              },
              "test-code": {
                "insertions": 61,
                "deletions": 0
              }
            }
          },
          {
            "hash": "73a9e724a433d285f498d81fa0eef92173edfee9",
            "messageTitle": "Fix coding standard violations",
            "messageBody": "",
            "fileTypesAndContributionMap": {
              "functional-code": {
                "insertions": 9,
                "deletions": 1
              }
            }
          },
          {
            "hash": "44272e9be82ff16ae16a47443487cfac7fab452e",
            "messageTitle": "Add clear command to user guide",
            "messageBody": "",
            "fileTypesAndContributionMap": {
              "docs": {
                "insertions": 29,
                "deletions": 9
              }
            }
          },
          {
            "hash": "9e6e1a769d24a8f786bb42403424675b29142746",
            "messageTitle": "Update developer guide",
            "messageBody": "",
            "fileTypesAndContributionMap": {
              "docs": {
                "insertions": 15,
                "deletions": 4
              }
            }
          },
          {
            "hash": "ce0cbdec9b5cc47282af308d85a81a0125f7f497",
            "messageTitle": "Add more logging and assertion",
            "messageBody": "",
            "fileTypesAndContributionMap": {
              "functional-code": {
                "insertions": 23,
                "deletions": 7
              }
            }
          },
          {
            "hash": "be2eefae03f6f31e6ecad332651c2a20272bc9d0",
            "messageTitle": "Add more JUnit test cases",
            "messageBody": "",
            "fileTypesAndContributionMap": {
              "test-code": {
                "insertions": 63,
                "deletions": 5
              }
            }
          },
          {
            "hash": "aa1bd2e2df35c822111bc8ec3a135ba0673cf945",
            "messageTitle": "Add assertion, logging",
            "messageBody": "",
            "fileTypesAndContributionMap": {
              "functional-code": {
                "insertions": 7,
                "deletions": 0
              }
            }
          }
        ]
      },
      {
        "date": "2020-10-18",
        "commitResults": [
          {
            "hash": "d28a753259455fad8070eda08450767867ba727c",
            "messageTitle": "Update documentation",
            "messageBody": "",
            "fileTypesAndContributionMap": {
              "docs": {
                "insertions": 12,
                "deletions": 3
              }
            }
          }
        ]
      },
      {
        "date": "2020-10-19",
        "commitResults": [
          {
            "hash": "32a45c5e494d3c3793b1a3ad89772a605892b717",
            "messageTitle": "Make changes in ClearCommand class based on latest changes",
            "messageBody": "",
            "fileTypesAndContributionMap": {
              "functional-code": {
                "insertions": 11,
                "deletions": 7
              },
              "test-code": {
                "insertions": 7,
                "deletions": 3
              }
            }
          },
          {
            "hash": "d6dd302629224e1f7df048c19bd4df8a94256754",
            "messageTitle": "Update UserGuide.md",
            "messageBody": "Missing section",
            "fileTypesAndContributionMap": {
              "docs": {
                "insertions": 15,
                "deletions": 1
              }
            }
          },
          {
            "hash": "5c487488be2c630d91a23061a1453d0f50201fd7",
            "messageTitle": "Make changes to user guide",
            "messageBody": "",
            "fileTypesAndContributionMap": {
              "docs": {
                "insertions": 68,
                "deletions": 95
              }
            }
          },
          {
            "hash": "d9d1888d415ad0ed747577d798dfd1c45df6c5ad",
            "messageTitle": "Make changes to clear command based on latest changes",
            "messageBody": "",
            "fileTypesAndContributionMap": {
              "functional-code": {
                "insertions": 23,
                "deletions": 14
              }
            }
          },
          {
            "hash": "10a8dcef5906e7ad53085f382010ff5c374e9f85",
            "messageTitle": "Implement editing of previous food and exercise entries",
            "messageBody": "Previous EditProfileCommand class is now EditCommand class, which\nhandles the editing of the user\u0027s details as well as previous food and\nexercise entries.\n\nSetter methods also created under Exercise and Food class, which are\nused in the new EditCommand class.\n",
            "fileTypesAndContributionMap": {
              "functional-code": {
                "insertions": 200,
                "deletions": 84
              }
            }
          },
          {
            "hash": "284963f6b69a4035f43333feaba452e94ca70675",
            "messageTitle": "Update user guide to reflect new edit command changes",
            "messageBody": "",
            "fileTypesAndContributionMap": {
              "docs": {
                "insertions": 38,
                "deletions": 0
              }
            }
          },
          {
            "hash": "7860af6c33f0b348186dd8f24ee63e3d3ef94a3b",
            "messageTitle": "Fix failing checks",
            "messageBody": "",
            "fileTypesAndContributionMap": {
              "functional-code": {
                "insertions": 1,
                "deletions": 1
              },
              "test-code": {
                "insertions": 3,
                "deletions": 7
              }
            }
          },
          {
            "hash": "ae9f383a562180891e9842d3b5cb594f626d4410",
            "messageTitle": "Fix checks that are still failing",
            "messageBody": "Checks are failing because the valid data files used for testing got\ncleared during testing. Current workaround is to set a flag and check\nif a test is being performed, to prevent the files from being cleared.\nThis is likely going to be a temporary solution.\n",
            "fileTypesAndContributionMap": {
              "functional-code": {
                "insertions": 13,
                "deletions": 2
              },
              "test-code": {
                "insertions": 14,
                "deletions": 4
              }
            }
          }
        ]
      },
      {
        "date": "2020-10-20",
        "commitResults": [
          {
            "hash": "f16275248a1ac2971131608957fe95091fa08252",
            "messageTitle": "Add details of storage component in DG",
            "messageBody": "",
            "fileTypesAndContributionMap": {
              "docs": {
                "insertions": 8,
                "deletions": 1
              }
            }
          },
          {
            "hash": "43c6482e0545d058ba89c8f199b47b63f03b14e6",
            "messageTitle": "Add class diagram for storage component in DG",
            "messageBody": "",
            "fileTypesAndContributionMap": {
              "docs": {
                "insertions": 7,
                "deletions": 5
              }
            }
          }
        ]
      },
      {
        "date": "2020-10-21",
        "commitResults": [
          {
            "hash": "87490fbed0f328a6de31b3283262d5468b240a63",
            "messageTitle": "Fix clear command bugs based on latest changes",
            "messageBody": "",
            "fileTypesAndContributionMap": {
              "functional-code": {
                "insertions": 5,
                "deletions": 2
              },
              "test-code": {
                "insertions": 15,
                "deletions": 6
              }
            }
          },
          {
            "hash": "39a75e1266f4a33603c0190f78e17a63c285f88a",
            "messageTitle": "Update UG, DG",
            "messageBody": "",
            "fileTypesAndContributionMap": {
              "docs": {
                "insertions": 22,
                "deletions": 10
              }
            }
          },
          {
            "hash": "6873eeb5efd5bbac90c4a36907472624eaaf258c",
            "messageTitle": "Refactor Storage class to use new User constructors",
            "messageBody": "",
            "fileTypesAndContributionMap": {
              "functional-code": {
                "insertions": 29,
                "deletions": 25
              }
            }
          },
          {
            "hash": "f47e07fd13f5aedbd7914ccb8f73a228987be619",
            "messageTitle": "Fix failing checks",
            "messageBody": "",
            "fileTypesAndContributionMap": {
              "functional-code": {
                "insertions": 8,
                "deletions": 14
              },
              "test-code": {
                "insertions": 4,
                "deletions": 6
              }
            }
          },
          {
            "hash": "2eb0462b66582f51746a4ac5d68ab44d9adf9327",
            "messageTitle": "Update DG with new sequence diagram",
            "messageBody": "",
            "fileTypesAndContributionMap": {
              "docs": {
                "insertions": 15,
                "deletions": 10
              }
            }
          }
        ]
      },
      {
        "date": "2020-10-22",
        "commitResults": [
          {
            "hash": "18983dbf84ac1145401344dc95e107e2a6493374",
            "messageTitle": "Delete goalList.txt",
            "messageBody": "",
            "fileTypesAndContributionMap": {
              "other": {
                "insertions": 0,
                "deletions": 0
              }
            }
          },
          {
            "hash": "4d63c77b72d26a525b3762dc9fbf4bc33b17eed3",
            "messageTitle": "Refactor Storage class into separate classes",
            "messageBody": "Previously all read and write operations were done in one class.\nNow, they have been separated into different classes, and one\nStorageManager class to manage the other classes.\n\nCurrently write operations are not working.\n",
            "fileTypesAndContributionMap": {
              "functional-code": {
                "insertions": 294,
                "deletions": 219
              },
              "test-code": {
                "insertions": 0,
                "deletions": 81
              }
            }
          },
          {
            "hash": "5230a38a431d1192bd0c7f1966285a6230816acd",
            "messageTitle": "Finish refactoring Storage class",
            "messageBody": "Refactor the remaining Storage class to separate classes,\nand add necessary methods into StorageManager class.\n\nWrite operations not yet supported.\n",
            "fileTypesAndContributionMap": {
              "functional-code": {
                "insertions": 150,
                "deletions": 159
              }
            }
          },
          {
            "hash": "81bcac88ddb2d2d5ea6bd2ac84b89d853675eb34",
            "messageTitle": "Support write operations",
            "messageBody": "",
            "fileTypesAndContributionMap": {
              "functional-code": {
                "insertions": 30,
                "deletions": 0
              }
            }
          },
          {
            "hash": "68cd9646ca1b92a326c707e0b8ed29229ec9b0f6",
            "messageTitle": "Implement JUnit tests for ExerciseStorage and FoodStorage classes",
            "messageBody": "",
            "fileTypesAndContributionMap": {
              "functional-code": {
                "insertions": 26,
                "deletions": 14
              },
              "test-code": {
                "insertions": 78,
                "deletions": 0
              }
            }
          },
          {
            "hash": "30fd16941fd4446416eaebbb2e32544b7092d5d2",
            "messageTitle": "Handle exceptions when data files do not follow format",
            "messageBody": "",
            "fileTypesAndContributionMap": {
              "functional-code": {
                "insertions": 35,
                "deletions": 6
              },
              "test-code": {
                "insertions": 8,
                "deletions": 6
              }
            }
          },
          {
            "hash": "ff54289d4b3e75123568b2b35e04efb65addd706",
            "messageTitle": "Add Javadoc for ExerciseStorage, FoodStorage",
            "messageBody": "",
            "fileTypesAndContributionMap": {
              "functional-code": {
                "insertions": 11,
                "deletions": 4
              }
            }
          }
        ]
      },
      {
        "date": "2020-10-23",
        "commitResults": [
          {
            "hash": "2021a94b0ff80cfb8ff00009be7acb846af1e6b5",
            "messageTitle": "Delete goalList.txt",
            "messageBody": "",
            "fileTypesAndContributionMap": {
              "other": {
                "insertions": 0,
                "deletions": 0
              }
            }
          },
          {
            "hash": "4ed3f1735c6059e967dffbc7f397727d36d162c0",
            "messageTitle": "Update clear command based on latest changes",
            "messageBody": "Removed JUnit test for clear command - a new JUnit test will be written\n",
            "fileTypesAndContributionMap": {
              "functional-code": {
                "insertions": 5,
                "deletions": 8
              },
              "test-code": {
                "insertions": 0,
                "deletions": 80
              }
            }
          },
          {
            "hash": "34d089b7cb567a0a9e4492db573c4f84cd97c4e2",
            "messageTitle": "Fix crash when user profile is invalid",
            "messageBody": "",
            "fileTypesAndContributionMap": {
              "functional-code": {
                "insertions": 16,
                "deletions": 3
              }
            }
          },
          {
            "hash": "2c6c8753bac3f49d0f512c75a196f69513f9cfca",
            "messageTitle": "Fix adding exercise bug",
            "messageBody": "",
            "fileTypesAndContributionMap": {
              "functional-code": {
                "insertions": 0,
                "deletions": 1
              }
            }
          },
          {
            "hash": "9924af49d2d370b8bb460923c514c2c111954073",
            "messageTitle": "Update edit command based on latest changes",
            "messageBody": "",
            "fileTypesAndContributionMap": {
              "functional-code": {
                "insertions": 49,
                "deletions": 49
              }
            }
          },
          {
            "hash": "6d081a576bb2da19015e8016bdeb4381083138f2",
            "messageTitle": "Fix bug when invalid index is entered when editing entries",
            "messageBody": "",
            "fileTypesAndContributionMap": {
              "functional-code": {
                "insertions": 7,
                "deletions": 8
              },
              "other": {
                "insertions": 30,
                "deletions": 29
              }
            }
          },
          {
            "hash": "fed2b47eecc86d4c6a97d023f47aa75c68ee8d19",
            "messageTitle": "Cover more invalid input cases",
            "messageBody": "",
            "fileTypesAndContributionMap": {
              "functional-code": {
                "insertions": 19,
                "deletions": 2
              }
            }
          }
        ]
      },
      {
        "date": "2020-10-24",
        "commitResults": [
          {
            "hash": "0a780f0de12b5600322a5f7de64e6336b8c84cff",
            "messageTitle": "Update user guide",
            "messageBody": "",
            "fileTypesAndContributionMap": {
              "docs": {
                "insertions": 0,
                "deletions": 2
              }
            }
          }
        ]
      }
    ],
    "dmbclub": [
      {
        "date": "2020-09-30",
        "commitResults": [
          {
            "hash": "66bca3fb51da4260a85168db444cd3746e877b03",
            "messageTitle": "mingbang-AboutUs",
            "messageBody": "",
            "fileTypesAndContributionMap": {
              "docs": {
                "insertions": 1,
                "deletions": 0
              }
            }
          }
        ]
      },
      {
        "date": "2020-10-06",
        "commitResults": [
          {
            "hash": "8810331f37cc44e7b9bca9b4367eb0b9cc932688",
            "messageTitle": "Add InvalidCommand class and Parser class. Edit Fitr class.",
            "messageBody": "",
            "fileTypesAndContributionMap": {
              "functional-code": {
                "insertions": 86,
                "deletions": 28
              }
            }
          }
        ]
      },
      {
        "date": "2020-10-07",
        "commitResults": [
          {
            "hash": "705d358459d93e2a72ad29236ba1c6bc257fc597",
            "messageTitle": "Revise the main and spacing issue.",
            "messageBody": "",
            "fileTypesAndContributionMap": {
              "functional-code": {
                "insertions": 12,
                "deletions": 9
              }
            }
          },
          {
            "hash": "0d052df4f7b8f381151c2e5c6c4a60ad70d850ef",
            "messageTitle": "Void instead of boolean for commands",
            "messageBody": "",
            "fileTypesAndContributionMap": {
              "functional-code": {
                "insertions": 6,
                "deletions": 6
              }
            }
          }
        ]
      },
      {
        "date": "2020-10-08",
        "commitResults": [
          {
            "hash": "c78ecd5fde89178405cfe883f3a184c35c502db8",
            "messageTitle": "Add exit function in InvalidCommand.",
            "messageBody": "",
            "fileTypesAndContributionMap": {
              "functional-code": {
                "insertions": 4,
                "deletions": 0
              }
            }
          }
        ]
      },
      {
        "date": "2020-10-12",
        "commitResults": [
          {
            "hash": "3538af2d206eb83d37fb018b0856f256f05ea09d",
            "messageTitle": "Handle the case when enter just food or exercise without any description.",
            "messageBody": "",
            "fileTypesAndContributionMap": {
              "functional-code": {
                "insertions": 3,
                "deletions": 0
              }
            }
          },
          {
            "hash": "d2ffc23145dc012abb0b6d7c3e0f8228e241a510",
            "messageTitle": "Update on parser",
            "messageBody": "",
            "fileTypesAndContributionMap": {
              "functional-code": {
                "insertions": 10,
                "deletions": 4
              }
            }
          },
          {
            "hash": "5b0dcc58d10293f76add688554c43763c016e964",
            "messageTitle": "Update Parser",
            "messageBody": "",
            "fileTypesAndContributionMap": {
              "functional-code": {
                "insertions": 1,
                "deletions": 1
              }
            }
          }
        ]
      },
      {
        "date": "2020-10-13",
        "commitResults": [
          {
            "hash": "8044dff6e54fb4e00ca556b0ee704b09ac244bbe",
            "messageTitle": "Add helpCommand",
            "messageBody": "",
            "fileTypesAndContributionMap": {
              "functional-code": {
                "insertions": 19,
                "deletions": 0
              }
            }
          },
          {
            "hash": "e58871c0e2a989e46752f5459ba3acc95ec47754",
            "messageTitle": "greeting after setting up user",
            "messageBody": "",
            "fileTypesAndContributionMap": {
              "functional-code": {
                "insertions": 1,
                "deletions": 0
              }
            }
          },
          {
            "hash": "f98b210ac96126c6bc52af39c34ae2b56e7f3f94",
            "messageTitle": "coding standard",
            "messageBody": "",
            "fileTypesAndContributionMap": {
              "functional-code": {
                "insertions": 1,
                "deletions": 1
              }
            }
          },
          {
            "hash": "1f8b1a8786c250ea83bcbab7680c1893c8d708cf",
            "messageTitle": "Add Parser HelpCommand InvalidCommand Junit test.",
            "messageBody": "",
            "fileTypesAndContributionMap": {
              "test-code": {
                "insertions": 71,
                "deletions": 0
              }
            }
          },
          {
            "hash": "99974dbf63c2e4784b1c250b8adeaaab79fef683",
            "messageTitle": "Update InvalidCommand using printFormatError",
            "messageBody": "",
            "fileTypesAndContributionMap": {
              "functional-code": {
                "insertions": 1,
                "deletions": 1
              }
            }
          },
          {
            "hash": "7bf6cbee0c937e076a88896e4556de93671c2d91",
            "messageTitle": "Edit ParserTest",
            "messageBody": "",
            "fileTypesAndContributionMap": {
              "other": {
                "insertions": 6,
                "deletions": 6
              },
              "test-code": {
                "insertions": 39,
                "deletions": 45
              }
            }
          },
          {
            "hash": "3238dbecb90c35d231b53063c0abcc0756b79fc9",
            "messageTitle": "Checkstyle",
            "messageBody": "",
            "fileTypesAndContributionMap": {
              "test-code": {
                "insertions": 3,
                "deletions": 3
              }
            }
          },
          {
            "hash": "d924f78b973242edee37a81d67edb6e38c52c822",
            "messageTitle": "checkstyle also",
            "messageBody": "",
            "fileTypesAndContributionMap": {
              "test-code": {
                "insertions": 1,
                "deletions": 0
              }
            }
          },
          {
            "hash": "43b149fa556dcc0ca53ed39b4aadcea5520ef90a",
            "messageTitle": "remove ParserTest",
            "messageBody": "",
            "fileTypesAndContributionMap": {
              "test-code": {
                "insertions": 0,
                "deletions": 40
              }
            }
          }
        ]
      },
      {
        "date": "2020-10-19",
        "commitResults": [
          {
            "hash": "8ff9a085ad4310e0a8e5180cfa5727298cff0e3c",
            "messageTitle": "Update on Userguide",
            "messageBody": "",
            "fileTypesAndContributionMap": {
              "docs": {
                "insertions": 21,
                "deletions": 8
              }
            }
          },
          {
            "hash": "72dd6ca48f5bb8c66dbb56e90d0af6d847b2ea2b",
            "messageTitle": "update on userguide",
            "messageBody": "",
            "fileTypesAndContributionMap": {
              "docs": {
                "insertions": 2,
                "deletions": 1
              }
            }
          },
          {
            "hash": "9d289298eb0abd784ff4ba9f65625081c7c82c64",
            "messageTitle": "Update DeveloperGuide",
            "messageBody": "",
            "fileTypesAndContributionMap": {
              "docs": {
                "insertions": 8,
                "deletions": 2
              }
            }
          },
          {
            "hash": "4d9f2f45548d7742863bdd65552d9fbeb2274f52",
            "messageTitle": "Edit Parser and add some text in the Commands file.",
            "messageBody": "",
            "fileTypesAndContributionMap": {
              "functional-code": {
                "insertions": 39,
                "deletions": 27
              }
            }
          },
          {
            "hash": "cb3463c23222f51e73fa986a0df4c80ed89a7388",
            "messageTitle": "Add trim() for the arguments and checkstyle",
            "messageBody": "",
            "fileTypesAndContributionMap": {
              "functional-code": {
                "insertions": 4,
                "deletions": 3
              }
            }
          }
        ]
      },
      {
        "date": "2020-10-20",
        "commitResults": [
          {
            "hash": "7a264c3907052b7a15002b15353ede2af16d847f",
            "messageTitle": "Tip of the day feature.",
            "messageBody": "",
            "fileTypesAndContributionMap": {
              "functional-code": {
                "insertions": 81,
                "deletions": 7
              },
              "other": {
                "insertions": 50,
                "deletions": 0
              }
            }
          },
          {
            "hash": "5dda847ecf35e6243116bbae9aebdf5cd6d2d4a8",
            "messageTitle": "Checkstyle",
            "messageBody": "",
            "fileTypesAndContributionMap": {
              "functional-code": {
                "insertions": 9,
                "deletions": 5
              },
              "docs": {
                "insertions": 1,
                "deletions": 1
              }
            }
          },
          {
            "hash": "803693876fe0c1ab4c239334c6143d718544870e",
            "messageTitle": "checkstyle",
            "messageBody": "",
            "fileTypesAndContributionMap": {
              "functional-code": {
                "insertions": 1,
                "deletions": 1
              }
            }
          },
          {
            "hash": "fc54b8c3080fee1faaeff5e44a140d90de98e397",
            "messageTitle": "Use bufferreader to read tips.txt",
            "messageBody": "",
            "fileTypesAndContributionMap": {
              "functional-code": {
                "insertions": 13,
                "deletions": 8
              },
              "other": {
                "insertions": 1,
                "deletions": 1
              }
            }
          },
          {
            "hash": "02b03bfecd6047190a69a1001ce002b26f01ad99",
            "messageTitle": "update on tip of the day",
            "messageBody": "",
            "fileTypesAndContributionMap": {
              "functional-code": {
                "insertions": 32,
                "deletions": 53
              }
            }
          }
        ]
      },
      {
        "date": "2020-10-21",
        "commitResults": [
          {
            "hash": "cade0de6519830b93ee0cc5176e088866bdb7bce",
            "messageTitle": "Put tipmanager in tip file.",
            "messageBody": "",
            "fileTypesAndContributionMap": {
              "functional-code": {
                "insertions": 2,
                "deletions": 3
              },
              "other": {
                "insertions": 1,
                "deletions": 1
              }
            }
          }
        ]
      },
      {
        "date": "2020-10-22",
        "commitResults": [
          {
            "hash": "a8221973b2228b393a747742d5295b6eb26b59e6",
            "messageTitle": "Update parser for recommend command.",
            "messageBody": "",
            "fileTypesAndContributionMap": {
              "functional-code": {
                "insertions": 4,
                "deletions": 0
              }
            }
          }
        ]
      },
      {
        "date": "2020-10-23",
        "commitResults": [
          {
            "hash": "abba640a1e31cf69b96abdc4b09596c6550f186a",
            "messageTitle": "Update Parser",
            "messageBody": "",
            "fileTypesAndContributionMap": {
              "functional-code": {
                "insertions": 9,
                "deletions": 4
              }
            }
          },
          {
            "hash": "8dfeb2a85282b33713467e4baa8d83c2b0778908",
            "messageTitle": "Added date attribute to food and exercise and fixed some bugs.",
            "messageBody": "",
            "fileTypesAndContributionMap": {
              "functional-code": {
                "insertions": 46,
                "deletions": 28
              },
              "test-code": {
                "insertions": 30,
                "deletions": 23
              }
            }
          },
          {
            "hash": "4c8e37fb0c65af61a3f940c60ff4b60fe9805adb",
            "messageTitle": "Update foodtest",
            "messageBody": "",
            "fileTypesAndContributionMap": {
              "test-code": {
                "insertions": 3,
                "deletions": 3
              }
            }
          },
          {
            "hash": "08f1ff85c9de96e7246cb199e0d9bdd1029a7cef",
            "messageTitle": "Update ExerciseStorageTest and FoodStorageTest to test the date attribute",
            "messageBody": "",
            "fileTypesAndContributionMap": {
              "test-code": {
                "insertions": 4,
                "deletions": 0
              }
            }
          },
          {
            "hash": "2c4838e1893499bc40f47ced67a074bb97855a41",
            "messageTitle": "Update validFoodData.txt and validExerciseData.txt",
            "messageBody": "",
            "fileTypesAndContributionMap": {
              "test-code": {
                "insertions": 8,
                "deletions": 8
              }
            }
          },
          {
            "hash": "0e0b2f426a4a9fcedc65a9fe97a281aa4b474cea",
            "messageTitle": "update ExerciseStorageTest",
            "messageBody": "",
            "fileTypesAndContributionMap": {
              "test-code": {
                "insertions": 3,
                "deletions": 3
              }
            }
          },
          {
            "hash": "72adc0ccd93960d86340c3e0dca973b42689894e",
            "messageTitle": "Use static string ViewCommand to replace \"view\"",
            "messageBody": "",
            "fileTypesAndContributionMap": {
              "functional-code": {
                "insertions": 5,
                "deletions": 5
              }
            }
          }
        ]
      }
    ],
    "gohsonghan98": [
      {
        "date": "2020-09-30",
        "commitResults": [
          {
            "hash": "a79a0863d6dc0f41771c79b04f1689a724c9c412",
            "messageTitle": "Add songHan-AboutUs",
            "messageBody": "",
            "fileTypesAndContributionMap": {
              "docs": {
                "insertions": 1,
                "deletions": 1
              }
            }
          }
        ]
      },
      {
        "date": "2020-10-06",
        "commitResults": [
          {
            "hash": "df133ed2a55270498cbf5dae364b1f989cacff7d",
            "messageTitle": "Add User class",
            "messageBody": "",
            "fileTypesAndContributionMap": {
              "functional-code": {
                "insertions": 150,
                "deletions": 0
              }
            }
          },
          {
            "hash": "0c74fea261ad6ff52dee13da916f8389eaf9225c",
            "messageTitle": "Fix code style",
            "messageBody": "",
            "fileTypesAndContributionMap": {
              "functional-code": {
                "insertions": 18,
                "deletions": 18
              }
            }
          }
        ]
      },
      {
        "date": "2020-10-08",
        "commitResults": [
          {
            "hash": "fd228212d3b7cc445816402e5a5313fb75c37761",
            "messageTitle": "Add ViewCommand class and add calorie calculation method in User class",
            "messageBody": "",
            "fileTypesAndContributionMap": {
              "functional-code": {
                "insertions": 91,
                "deletions": 8
              }
            }
          },
          {
            "hash": "fa2e2f9cfaf2c86bf8bde9daf77a3ab9665f866a",
            "messageTitle": "Bug Fixes",
            "messageBody": "",
            "fileTypesAndContributionMap": {
              "functional-code": {
                "insertions": 7,
                "deletions": 5
              }
            }
          }
        ]
      },
      {
        "date": "2020-10-10",
        "commitResults": [
          {
            "hash": "9b712d383be3c7798847467b93287e4426df2a98",
            "messageTitle": "Bug fixes",
            "messageBody": "",
            "fileTypesAndContributionMap": {
              "functional-code": {
                "insertions": 61,
                "deletions": 83
              }
            }
          }
        ]
      },
      {
        "date": "2020-10-12",
        "commitResults": [
          {
            "hash": "540a9af0d5762ae33dc44f160fd161a887651be7",
            "messageTitle": "Add view BMI and view profile.",
            "messageBody": "",
            "fileTypesAndContributionMap": {
              "functional-code": {
                "insertions": 44,
                "deletions": 17
              }
            }
          },
          {
            "hash": "82657771e25dd7b038c46bb88d1afa32dfbc1671",
            "messageTitle": "Fix code style",
            "messageBody": "",
            "fileTypesAndContributionMap": {
              "functional-code": {
                "insertions": 16,
                "deletions": 12
              }
            }
          }
        ]
      },
      {
        "date": "2020-10-13",
        "commitResults": [
          {
            "hash": "e9d8fd4a8ad706c0e09ba367cae9f55ec207a771",
            "messageTitle": "UI implementation in User and ViewCommand class",
            "messageBody": "",
            "fileTypesAndContributionMap": {
              "functional-code": {
                "insertions": 84,
                "deletions": 44
              }
            }
          },
          {
            "hash": "e6a6f6acb93186ac1a3ba85bee21a2783253970c",
            "messageTitle": "Add Ui integration and JUnitTest",
            "messageBody": "",
            "fileTypesAndContributionMap": {
              "functional-code": {
                "insertions": 123,
                "deletions": 62
              },
              "test-code": {
                "insertions": 48,
                "deletions": 0
              }
            }
          },
          {
            "hash": "7872cdb1da30c396f2ba8eacba27a1800a106fa6",
            "messageTitle": "Fix code style",
            "messageBody": "",
            "fileTypesAndContributionMap": {
              "functional-code": {
                "insertions": 5,
                "deletions": 3
              },
              "test-code": {
                "insertions": 4,
                "deletions": 4
              }
            }
          },
          {
            "hash": "68c9efc9dc8750e990ecdbdd738fed00cf2360e8",
            "messageTitle": "Fix code style",
            "messageBody": "",
            "fileTypesAndContributionMap": {
              "test-code": {
                "insertions": 1,
                "deletions": 1
              }
            }
          },
          {
            "hash": "3107702b86866f583b6586ea5868a9a6d5e8cee2",
            "messageTitle": "Fix BMI display to 2 decimal places",
            "messageBody": "",
            "fileTypesAndContributionMap": {
              "functional-code": {
                "insertions": 3,
                "deletions": 1
              }
            }
          }
        ]
      },
      {
        "date": "2020-10-18",
        "commitResults": [
          {
            "hash": "992db4c4678ee889bbb0e81faef00354b728bded",
            "messageTitle": "Add more OOP",
            "messageBody": "",
            "fileTypesAndContributionMap": {
              "functional-code": {
                "insertions": 79,
                "deletions": 81
              }
            }
          },
          {
            "hash": "15656bef40b830002ed1fc347b719e4247d1415e",
            "messageTitle": "Add EditProfileCommand class",
            "messageBody": "",
            "fileTypesAndContributionMap": {
              "functional-code": {
                "insertions": 101,
                "deletions": 4
              }
            }
          },
          {
            "hash": "6c994c595d13bb0251bbfea2c2b770910dee46d8",
            "messageTitle": "Change datatype in User class",
            "messageBody": "",
            "fileTypesAndContributionMap": {
              "functional-code": {
                "insertions": 13,
                "deletions": 13
              }
            }
          }
        ]
      },
      {
        "date": "2020-10-19",
        "commitResults": [
          {
            "hash": "6476293056fc340a3d73380adbbae1f2caf4e84a",
            "messageTitle": "Add User Guide for View and Edit",
            "messageBody": "",
            "fileTypesAndContributionMap": {
              "docs": {
                "insertions": 128,
                "deletions": 0
              }
            }
          }
        ]
      },
      {
        "date": "2020-10-21",
        "commitResults": [
          {
            "hash": "78e7bf046a44967bd1e1c3f9cd026d558fd2c5d6",
            "messageTitle": "Add standard exercise and user fitness",
            "messageBody": "",
            "fileTypesAndContributionMap": {
              "functional-code": {
                "insertions": 71,
                "deletions": 0
              },
              "test-code": {
                "insertions": 11,
                "deletions": 0
              }
            }
          },
          {
            "hash": "648ef89f607e06e195c9278f9b9dad5fc4ec5c39",
            "messageTitle": "Add constructors for user class",
            "messageBody": "",
            "fileTypesAndContributionMap": {
              "functional-code": {
                "insertions": 32,
                "deletions": 23
              }
            }
          }
        ]
      },
      {
        "date": "2020-10-22",
        "commitResults": [
          {
            "hash": "f36343faf8e143fac28861f249896e6dca4ce3f2",
            "messageTitle": "Add standardExerciseStorage class and improve recommender",
            "messageBody": "",
            "fileTypesAndContributionMap": {
              "functional-code": {
                "insertions": 119,
                "deletions": 15
              },
              "other": {
                "insertions": 2,
                "deletions": 2
              }
            }
          },
          {
            "hash": "c8edf8095a0217f33c83bb985854547a921a3240",
            "messageTitle": "Fix parser",
            "messageBody": "",
            "fileTypesAndContributionMap": {
              "functional-code": {
                "insertions": 1,
                "deletions": 0
              }
            }
          },
          {
            "hash": "b9c2239b422c48427a4f6f26d3f7d113b8e6dd9e",
            "messageTitle": "Fix code style",
            "messageBody": "",
            "fileTypesAndContributionMap": {
              "functional-code": {
                "insertions": 12,
                "deletions": 12
              },
              "other": {
                "insertions": 2,
                "deletions": 2
              }
            }
          },
          {
            "hash": "7844621285270506d092b4feda6b035e63a9b650",
            "messageTitle": "Fix code style",
            "messageBody": "",
            "fileTypesAndContributionMap": {
              "functional-code": {
                "insertions": 16,
                "deletions": 23
              }
            }
          },
          {
            "hash": "ed13882bd67b6e7a1a55ab8c108ec61e14bc7b8e",
            "messageTitle": "Remove unncessary code",
            "messageBody": "",
            "fileTypesAndContributionMap": {
              "functional-code": {
                "insertions": 0,
                "deletions": 2
              }
            }
          },
          {
            "hash": "94a64a747fcc337c0c1d12e95567ad1b353e88e1",
            "messageTitle": "Add User component in DG",
            "messageBody": "",
            "fileTypesAndContributionMap": {
              "docs": {
                "insertions": 20,
                "deletions": 0
              }
            }
          },
          {
            "hash": "a8a7921c7539b52c38413218c46c1965d0d6348d",
            "messageTitle": "Fix code style",
            "messageBody": "",
            "fileTypesAndContributionMap": {
              "functional-code": {
                "insertions": 2,
                "deletions": 2
              }
            }
          }
        ]
      },
      {
        "date": "2020-10-23",
        "commitResults": [
          {
            "hash": "e6c584bcee4d3680844957aabd5986ecfaa2515d",
            "messageTitle": "Fix user fitness level component",
            "messageBody": "",
            "fileTypesAndContributionMap": {
              "functional-code": {
                "insertions": 31,
                "deletions": 4
              }
            }
          },
          {
            "hash": "ea915f90ce22ce625df3010c5df8f732e0f78cbb",
            "messageTitle": "Add edit function for fitness level",
            "messageBody": "",
            "fileTypesAndContributionMap": {
              "functional-code": {
                "insertions": 15,
                "deletions": 5
              }
            }
          },
          {
            "hash": "32877b5e25433fbdd3ac3eb78c8b26df24aee96f",
            "messageTitle": "Revise standard exercise list values",
            "messageBody": "",
            "fileTypesAndContributionMap": {
              "functional-code": {
                "insertions": 44,
                "deletions": 44
              }
            }
          },
          {
            "hash": "6a8d216c9211dd4e1c1def283287ef4865abdd09",
            "messageTitle": "Fix checkstyle",
            "messageBody": "",
            "fileTypesAndContributionMap": {
              "functional-code": {
                "insertions": 4,
                "deletions": 4
              }
            }
          },
          {
            "hash": "d160101eca406d7fa9e66f7e1ad554ad29118fd9",
            "messageTitle": "Fix User class test case",
            "messageBody": "",
            "fileTypesAndContributionMap": {
              "test-code": {
                "insertions": 4,
                "deletions": 13
              }
            }
          },
          {
            "hash": "10ef5484e9069e48ac51af57f0eaca96d10d8ada",
            "messageTitle": "Fix code style",
            "messageBody": "",
            "fileTypesAndContributionMap": {
              "test-code": {
                "insertions": 1,
                "deletions": 1
              }
            }
          }
        ]
      }
    ]
  },
  "authorFileTypeContributionMap": {
    "hui444": {
      "docs": 65,
      "functional-code": 353,
      "test-code": 22
    },
    "sixletters": {
      "docs": 10,
      "functional-code": 410,
      "test-code": 68
    },
    "jerichochua": {
      "docs": 202,
      "functional-code": 965,
      "test-code": 136,
      "other": 3
    },
    "dmbclub": {
      "docs": 4,
      "functional-code": 215,
      "test-code": 65
    },
    "gohsonghan98": {
      "docs": 124,
      "functional-code": 621,
      "test-code": 44
    }
  },
  "authorContributionVariance": {
    "hui444": 5328.106,
    "sixletters": 5991.6587,
    "jerichochua": 56832.24,
    "dmbclub": 5458.8203,
    "gohsonghan98": 10697.669
  },
  "authorDisplayNameMap": {
    "hui444": "CS2113T-W13-2 FANG.. HUI",
    "sixletters": "CS2113T-W13-2 HARR..AUNG",
    "jerichochua": "CS2113T-W13-2 JERI..QUAN",
    "dmbclub": "CS2113T-W13-2 DING..BANG",
    "gohsonghan98": "CS2113T-W13-2 GOH .. HAN"
  }
}
