{
  "authorDailyContributionsMap": {
    "alwaysnacy": [
      {
        "date": "2020-10-01",
        "commitResults": [
          {
            "hash": "dbee83406594ebc00c5052e4eef00fe3645f2fcf",
            "messageTitle": "update AboutUs.md",
            "messageBody": "",
            "fileTypesAndContributionMap": {
              "docs": {
                "insertions": 1,
                "deletions": 1
              }
            }
          }
        ]
      },
      {
        "date": "2020-10-06",
        "commitResults": [
          {
            "hash": "6f275f84fbe44c45f090a78cf10065fe9819d2fd",
            "messageTitle": "add CreateCommand",
            "messageBody": "",
            "fileTypesAndContributionMap": {
              "functional-code": {
                "insertions": 117,
                "deletions": 5
              }
            }
          },
          {
            "hash": "5c8c6a7c326af44be29fe8045d1bfe3515c036da",
            "messageTitle": "add DecksCommand",
            "messageBody": "",
            "fileTypesAndContributionMap": {
              "functional-code": {
                "insertions": 16,
                "deletions": 0
              }
            }
          },
          {
            "hash": "d08acfc32d506f50543f4801338a16431426e097",
            "messageTitle": "add DeleteDeckCommand",
            "messageBody": "",
            "fileTypesAndContributionMap": {
              "functional-code": {
                "insertions": 33,
                "deletions": 0
              }
            }
          },
          {
            "hash": "484906a21e14773992bdb3eb42fe452842078b9b",
            "messageTitle": "fix checkstyle errors",
            "messageBody": "",
            "fileTypesAndContributionMap": {
              "functional-code": {
                "insertions": 12,
                "deletions": 7
              }
            }
          },
          {
            "hash": "8ca7e3196b9327198ae1929da77766a5654a3a61",
            "messageTitle": "change if-else statement to switch statement in NormalParser, fix checkstyle errors",
            "messageBody": "",
            "fileTypesAndContributionMap": {
              "functional-code": {
                "insertions": 17,
                "deletions": 20
              }
            }
          }
        ]
      },
      {
        "date": "2020-10-12",
        "commitResults": [
          {
            "hash": "3612304c8430f885d6c6102267da6e3d361df186",
            "messageTitle": "Refractor code",
            "messageBody": "",
            "fileTypesAndContributionMap": {
              "functional-code": {
                "insertions": 13,
                "deletions": 13
              },
              "other": {
                "insertions": 87,
                "deletions": 87
              }
            }
          },
          {
            "hash": "6b41a2af60253cf473fecf15512b3cf97b3bbbf7",
            "messageTitle": "add-JUnit tests for Ui class",
            "messageBody": "",
            "fileTypesAndContributionMap": {
              "functional-code": {
                "insertions": 24,
                "deletions": 13
              },
              "test-code": {
                "insertions": 14,
                "deletions": 3
              }
            }
          },
          {
            "hash": "44cac5836283313f05019a1b5add9b62aa70111b",
            "messageTitle": "add add future in Deck Mode",
            "messageBody": "",
            "fileTypesAndContributionMap": {
              "docs": {
                "insertions": 24,
                "deletions": 10
              }
            }
          },
          {
            "hash": "590223f331e648f38dd3504352988fa69ad301b0",
            "messageTitle": "fix checkstyle",
            "messageBody": "",
            "fileTypesAndContributionMap": {
              "test-code": {
                "insertions": 4,
                "deletions": 3
              }
            }
          },
          {
            "hash": "8491c4c478e74dc11ed13e89b95c4007211ae9df",
            "messageTitle": "solve conflicts",
            "messageBody": "",
            "fileTypesAndContributionMap": {
              "functional-code": {
                "insertions": 3,
                "deletions": 9
              },
              "other": {
                "insertions": 3,
                "deletions": 4
              }
            }
          }
        ]
      },
      {
        "date": "2020-10-21",
        "commitResults": [
          {
            "hash": "b042ae28702cbc33db258d391cc9d47ac0080dfc",
            "messageTitle": "add tag attribute to Deck",
            "messageBody": "",
            "fileTypesAndContributionMap": {
              "functional-code": {
                "insertions": 43,
                "deletions": 3
              }
            }
          },
          {
            "hash": "d8dd87efc4995a8681c0c73bd1225a67afce5ba8",
            "messageTitle": "add TagCommand",
            "messageBody": "",
            "fileTypesAndContributionMap": {
              "functional-code": {
                "insertions": 51,
                "deletions": 12
              }
            }
          },
          {
            "hash": "5a2963dd2b865944b823a31a3a86e0d7520e1137",
            "messageTitle": "add UntagCommand",
            "messageBody": "",
            "fileTypesAndContributionMap": {
              "functional-code": {
                "insertions": 24,
                "deletions": 0
              }
            }
          },
          {
            "hash": "fbd8921ca7a6dc84d7ec5492ea7b73ae525f8a81",
            "messageTitle": "change checkYandNReponse for deleted decks and removed tags confirmation",
            "messageBody": "",
            "fileTypesAndContributionMap": {
              "functional-code": {
                "insertions": 68,
                "deletions": 10
              }
            }
          },
          {
            "hash": "4f390192daa5f5ef46cc5a83c13c8ad47300aaed",
            "messageTitle": "no message",
            "messageBody": "",
            "fileTypesAndContributionMap": {
              "functional-code": {
                "insertions": 0,
                "deletions": 1
              }
            }
          },
          {
            "hash": "863cc1b4c172c57330be9d68297ba5bb584b4480",
            "messageTitle": "fix checkstyles",
            "messageBody": "",
            "fileTypesAndContributionMap": {
              "functional-code": {
                "insertions": 11,
                "deletions": 5
              }
            }
          },
          {
            "hash": "c3726d9dc4147369bd400f21bdf3c553e4eaa399",
            "messageTitle": "no message",
            "messageBody": "",
            "fileTypesAndContributionMap": {
              "functional-code": {
                "insertions": 1,
                "deletions": 1
              }
            }
          }
        ]
      },
      {
        "date": "2020-10-22",
        "commitResults": [
          {
            "hash": "105a73022c34952cb5f5fe24d8ca024017911797",
            "messageTitle": "refractoring",
            "messageBody": "",
            "fileTypesAndContributionMap": {
              "functional-code": {
                "insertions": 43,
                "deletions": 3
              }
            }
          },
          {
            "hash": "d3e4b066da47dd93aba4170280b66a79ad148916",
            "messageTitle": "add Logic Component to DG",
            "messageBody": "",
            "fileTypesAndContributionMap": {
              "docs": {
                "insertions": 10,
                "deletions": 2
              }
            }
          },
          {
            "hash": "0ed8d4921bde7b7c36914ad3beecf3df53d24d83",
            "messageTitle": "no message",
            "messageBody": "",
            "fileTypesAndContributionMap": {
              "functional-code": {
                "insertions": 2,
                "deletions": 2
              }
            }
          },
          {
            "hash": "0435960f442da25d1222d59a71d0b4fd69b52844",
            "messageTitle": "no message",
            "messageBody": "",
            "fileTypesAndContributionMap": {
              "functional-code": {
                "insertions": 1,
                "deletions": 1
              }
            }
          }
        ]
      },
      {
        "date": "2020-10-26",
        "commitResults": [
          {
            "hash": "b875bb99ac59e96ebbce1026186f6a30a17d8edf",
            "messageTitle": "move YorNResponse and relevant files to Ui",
            "messageBody": "",
            "fileTypesAndContributionMap": {
              "functional-code": {
                "insertions": 133,
                "deletions": 96
              }
            }
          },
          {
            "hash": "a2c1151a7802a84c81af2171ca7614da51d3b8c2",
            "messageTitle": "add comments",
            "messageBody": "",
            "fileTypesAndContributionMap": {
              "functional-code": {
                "insertions": 9,
                "deletions": 6
              },
              "test-code": {
                "insertions": 2,
                "deletions": 2
              }
            }
          },
          {
            "hash": "f09dc18a454ab7435448dcd1e0dcb11ecbddb6e0",
            "messageTitle": "no message",
            "messageBody": "",
            "fileTypesAndContributionMap": {
              "functional-code": {
                "insertions": 1,
                "deletions": 1
              }
            }
          },
          {
            "hash": "61018561c07aac345af7a05261070ec5f4d44184",
            "messageTitle": "adjust print out tags methods format in Ui",
            "messageBody": "",
            "fileTypesAndContributionMap": {
              "functional-code": {
                "insertions": 27,
                "deletions": 11
              }
            }
          }
        ]
      },
      {
        "date": "2020-10-27",
        "commitResults": [
          {
            "hash": "609fd26f675da50829fbc3747e4766f70749222d",
            "messageTitle": "add NoSeparatorException when no /tag untag: check for vaild tags enter",
            "messageBody": "",
            "fileTypesAndContributionMap": {
              "functional-code": {
                "insertions": 84,
                "deletions": 27
              }
            }
          },
          {
            "hash": "15815b4ad70fc1e5a39b7c5a5f27ae7272b8b622",
            "messageTitle": "no message",
            "messageBody": "",
            "fileTypesAndContributionMap": {
              "functional-code": {
                "insertions": 47,
                "deletions": 36
              }
            }
          },
          {
            "hash": "c32fd13937e8b61482438105788a8c6c3847379f",
            "messageTitle": "add comments",
            "messageBody": "",
            "fileTypesAndContributionMap": {
              "functional-code": {
                "insertions": 6,
                "deletions": 0
              }
            }
          },
          {
            "hash": "b9cd83725bf70e757c311763bb96e91dd439aabd",
            "messageTitle": "add SearchCommand",
            "messageBody": "",
            "fileTypesAndContributionMap": {
              "functional-code": {
                "insertions": 72,
                "deletions": 13
              }
            }
          },
          {
            "hash": "900384c20fc3c47ad27ece3f3486cd9b67c82e58",
            "messageTitle": "no message",
            "messageBody": "",
            "fileTypesAndContributionMap": {
              "functional-code": {
                "insertions": 1,
                "deletions": 1
              }
            }
          },
          {
            "hash": "2a9adef9bd88191bd9d9cfbe0f8e1cb91819946a",
            "messageTitle": "fix checkstyle",
            "messageBody": "",
            "fileTypesAndContributionMap": {
              "functional-code": {
                "insertions": 10,
                "deletions": 10
              }
            }
          },
          {
            "hash": "6c0650aebc7e4c8626aa25a821df90e3b98c73e0",
            "messageTitle": "modify test deletedeck",
            "messageBody": "",
            "fileTypesAndContributionMap": {
              "functional-code": {
                "insertions": 5,
                "deletions": 3
              },
              "test-code": {
                "insertions": 3,
                "deletions": 9
              }
            }
          },
          {
            "hash": "b0ccbb81849be18769ba869b42a9e80ee918bdc5",
            "messageTitle": "no message",
            "messageBody": "",
            "fileTypesAndContributionMap": {
              "functional-code": {
                "insertions": 0,
                "deletions": 4
              }
            }
          },
          {
            "hash": "a01da8a7b6078e9c80567a7af759fee6baa12e26",
            "messageTitle": "fix checkstyles",
            "messageBody": "",
            "fileTypesAndContributionMap": {
              "functional-code": {
                "insertions": 11,
                "deletions": 3
              }
            }
          },
          {
            "hash": "88e2c4b4cbd3cdce68b163154a24209504444e4e",
            "messageTitle": "fix checkstyles",
            "messageBody": "",
            "fileTypesAndContributionMap": {
              "functional-code": {
                "insertions": 1,
                "deletions": 1
              }
            }
          },
          {
            "hash": "641a8710a20fecb763b6158dfa33e47032234e75",
            "messageTitle": "adjust test file",
            "messageBody": "",
            "fileTypesAndContributionMap": {
              "functional-code": {
                "insertions": 3,
                "deletions": 3
              },
              "test-code": {
                "insertions": 1,
                "deletions": 1
              }
            }
          },
          {
            "hash": "6c8c39640953a4633f3fc67d8836240c0eb7ff29",
            "messageTitle": "add JUnit tests",
            "messageBody": "",
            "fileTypesAndContributionMap": {
              "functional-code": {
                "insertions": 13,
                "deletions": 1
              },
              "test-code": {
                "insertions": 141,
                "deletions": 11
              }
            }
          },
          {
            "hash": "bb40d50757d8f1319300546c8c057de9628bb62f",
            "messageTitle": "fix checkstyles",
            "messageBody": "",
            "fileTypesAndContributionMap": {
              "test-code": {
                "insertions": 13,
                "deletions": 1
              }
            }
          }
        ]
      },
      {
        "date": "2020-10-28",
        "commitResults": [
          {
            "hash": "2a48b68bd93a0b7821c178922572966ec9aafddb",
            "messageTitle": "no message",
            "messageBody": "",
            "fileTypesAndContributionMap": {
              "other": {
                "insertions": 1,
                "deletions": 1
              }
            }
          },
          {
            "hash": "8be61504fc4a618aaacaffaec0cc3d6b1f1443d4",
            "messageTitle": "update UG and DG",
            "messageBody": "",
            "fileTypesAndContributionMap": {
              "docs": {
                "insertions": 89,
                "deletions": 2
              }
            }
          }
        ]
      },
      {
        "date": "2020-10-30",
        "commitResults": [
          {
            "hash": "2fa37f914708605f0c4de4febe07f9c7c1674153",
            "messageTitle": "add examples",
            "messageBody": "",
            "fileTypesAndContributionMap": {
              "docs": {
                "insertions": 6,
                "deletions": 0
              }
            }
          }
        ]
      }
    ],
    "kaijiel24": [
      {
        "date": "2020-10-01",
        "commitResults": [
          {
            "hash": "ed4234d1fcf40c7522a19eadb32ab1600a0350c9",
            "messageTitle": "Add Kai Jie About Us",
            "messageBody": "",
            "fileTypesAndContributionMap": {
              "docs": {
                "insertions": 1,
                "deletions": 1
              }
            }
          }
        ]
      },
      {
        "date": "2020-10-03",
        "commitResults": [
          {
            "hash": "a46b0b5a1e6b35677e86a7ececc42425a790bb43",
            "messageTitle": "Add Main and Parser",
            "messageBody": "",
            "fileTypesAndContributionMap": {
              "functional-code": {
                "insertions": 337,
                "deletions": 22
              }
            }
          },
          {
            "hash": "af084ba04c792e9562f8e7bb26de7cc950140739",
            "messageTitle": "Add Main and Parser",
            "messageBody": "",
            "fileTypesAndContributionMap": {
              "functional-code": {
                "insertions": 124,
                "deletions": 0
              }
            }
          },
          {
            "hash": "996cd45ead686ff713329b6c8245994fb5d438ec",
            "messageTitle": "Update IO Test Input",
            "messageBody": "",
            "fileTypesAndContributionMap": {
              "other": {
                "insertions": 1,
                "deletions": 1
              }
            }
          },
          {
            "hash": "e2b717c90f4b0a9f54822c36f44e202d2099c6b3",
            "messageTitle": "Update IO Test Input 2",
            "messageBody": "",
            "fileTypesAndContributionMap": {
              "other": {
                "insertions": 3,
                "deletions": 3
              }
            }
          },
          {
            "hash": "57ea2267e5adb0003842da9f272bab1de7c3243a",
            "messageTitle": "Add new print prompt function",
            "messageBody": "",
            "fileTypesAndContributionMap": {
              "functional-code": {
                "insertions": 8,
                "deletions": 0
              }
            }
          }
        ]
      },
      {
        "date": "2020-10-10",
        "commitResults": [
          {
            "hash": "cf596c87119fdd5933c0a1cb702508f4846c2463",
            "messageTitle": "Refactor getIndex() as Parser method",
            "messageBody": "",
            "fileTypesAndContributionMap": {
              "functional-code": {
                "insertions": 54,
                "deletions": 17
              }
            }
          }
        ]
      },
      {
        "date": "2020-10-13",
        "commitResults": [
          {
            "hash": "0339eb5322e7f789be1d366789ec3477aeffa729",
            "messageTitle": "Update list and delete command w/ UG",
            "messageBody": "",
            "fileTypesAndContributionMap": {
              "functional-code": {
                "insertions": 16,
                "deletions": 11
              },
              "docs": {
                "insertions": 128,
                "deletions": 2
              }
            }
          },
          {
            "hash": "a1fc31f64cfbb71d75e37e95e0bc3506c72ae94d",
            "messageTitle": "Update list and delete command w/ UG",
            "messageBody": "",
            "fileTypesAndContributionMap": {
              "functional-code": {
                "insertions": 1,
                "deletions": 1
              }
            }
          },
          {
            "hash": "dd0e14c5dff0132e5c769527c626ee3c43b4361b",
            "messageTitle": "Update list and delete command JUnit",
            "messageBody": "",
            "fileTypesAndContributionMap": {
              "test-code": {
                "insertions": 6,
                "deletions": 7
              }
            }
          },
          {
            "hash": "b421cc1be711d52d4765e2a1dfb57e1837642930",
            "messageTitle": "Update flashcard and deck JUnit",
            "messageBody": "",
            "fileTypesAndContributionMap": {
              "test-code": {
                "insertions": 2,
                "deletions": 2
              }
            }
          }
        ]
      },
      {
        "date": "2020-10-14",
        "commitResults": [
          {
            "hash": "f819495743bb2e8a081d2368eb05704f2819ab44",
            "messageTitle": "Update Parser JUnit Tests",
            "messageBody": "",
            "fileTypesAndContributionMap": {
              "functional-code": {
                "insertions": 19,
                "deletions": 8
              },
              "test-code": {
                "insertions": 107,
                "deletions": 80
              }
            }
          },
          {
            "hash": "c42225a0c708a1889a351dc839a7792746bde20f",
            "messageTitle": "Update Parser JUnit Tests",
            "messageBody": "",
            "fileTypesAndContributionMap": {
              "functional-code": {
                "insertions": 2,
                "deletions": 2
              },
              "test-code": {
                "insertions": 89,
                "deletions": 71
              }
            }
          },
          {
            "hash": "f6f22dc183c1bed5e1c813176f92b59da178e709",
            "messageTitle": "Update Parser JUnit Tests",
            "messageBody": "",
            "fileTypesAndContributionMap": {
              "test-code": {
                "insertions": 25,
                "deletions": 29
              }
            }
          }
        ]
      },
      {
        "date": "2020-10-20",
        "commitResults": [
          {
            "hash": "80e7c744fc144c47c65b0876a82acc31b77e7075",
            "messageTitle": "Update printing for consistency",
            "messageBody": "",
            "fileTypesAndContributionMap": {
              "functional-code": {
                "insertions": 26,
                "deletions": 37
              },
              "test-code": {
                "insertions": 11,
                "deletions": 13
              }
            }
          }
        ]
      },
      {
        "date": "2020-10-22",
        "commitResults": [
          {
            "hash": "d49027647dad0ce63756b15ec46a1000e4d0aab3",
            "messageTitle": "Update Architecture in DG",
            "messageBody": "",
            "fileTypesAndContributionMap": {
              "other": {
                "insertions": 1,
                "deletions": 0
              },
              "docs": {
                "insertions": 17,
                "deletions": 0
              }
            }
          }
        ]
      },
      {
        "date": "2020-10-27",
        "commitResults": [
          {
            "hash": "e81095de4cf124eabccb75fce52e00a1d384737e",
            "messageTitle": "Added PPTX feature",
            "messageBody": "",
            "fileTypesAndContributionMap": {
              "functional-code": {
                "insertions": 164,
                "deletions": 3
              },
              "other": {
                "insertions": 44,
                "deletions": 41
              }
            }
          },
          {
            "hash": "c11770a9cc895ba7a593cb1fec47b0d319550fa3",
            "messageTitle": "Update to PPTX command to work from Deck Mode too",
            "messageBody": "",
            "fileTypesAndContributionMap": {
              "functional-code": {
                "insertions": 90,
                "deletions": 17
              },
              "test-code": {
                "insertions": 16,
                "deletions": 4
              }
            }
          },
          {
            "hash": "5c398c4b666efb7719c83f83513d797c8cbccdd6",
            "messageTitle": "Add JUnit Test for PPTX",
            "messageBody": "",
            "fileTypesAndContributionMap": {
              "functional-code": {
                "insertions": 0,
                "deletions": 1
              },
              "test-code": {
                "insertions": 54,
                "deletions": 7
              }
            }
          },
          {
            "hash": "04f4ed4c2bc9675d5f4d4ca8bbf6054b5fb716bd",
            "messageTitle": "Updated PPTX in HelpCommand",
            "messageBody": "",
            "fileTypesAndContributionMap": {
              "functional-code": {
                "insertions": 2,
                "deletions": 0
              }
            }
          },
          {
            "hash": "f1e8236473a9b95fce7c8aed66693e852573a446",
            "messageTitle": "Update Start command in Deck Mode in UG",
            "messageBody": "",
            "fileTypesAndContributionMap": {
              "docs": {
                "insertions": 2,
                "deletions": 4
              }
            }
          },
          {
            "hash": "dd11ff784a529a299229f761f601235fa4f7cb23",
            "messageTitle": "Update PPTX in UG",
            "messageBody": "",
            "fileTypesAndContributionMap": {
              "functional-code": {
                "insertions": 4,
                "deletions": 5
              },
              "docs": {
                "insertions": 150,
                "deletions": 17
              }
            }
          },
          {
            "hash": "be277972d4033f708f037ae10d733745080ca698",
            "messageTitle": "Add PPTX DG",
            "messageBody": "",
            "fileTypesAndContributionMap": {
              "docs": {
                "insertions": 24,
                "deletions": 1
              }
            }
          }
        ]
      }
    ],
    "LiewWS": [
      {
        "date": "2020-10-01",
        "commitResults": [
          {
            "hash": "484137ea9d56e99f4d9629c8d1e66ac80e62e809",
            "messageTitle": "Update AboutUs.md",
            "messageBody": "",
            "fileTypesAndContributionMap": {
              "docs": {
                "insertions": 1,
                "deletions": 1
              }
            }
          }
        ]
      },
      {
        "date": "2020-10-05",
        "commitResults": [
          {
            "hash": "435baf7d15a4d89f571ec69ac242c5e096b3c563",
            "messageTitle": "Add functionality for detecting help command to normal parser",
            "messageBody": "",
            "fileTypesAndContributionMap": {
              "functional-code": {
                "insertions": 6,
                "deletions": 0
              }
            }
          },
          {
            "hash": "33a66c56c4c2750be15220ac09256f4a13e56b8d",
            "messageTitle": "Add HelpCommand class to normal mode command package",
            "messageBody": "",
            "fileTypesAndContributionMap": {
              "functional-code": {
                "insertions": 31,
                "deletions": 0
              }
            }
          },
          {
            "hash": "41667e13e7a9f017cbf27ec8adf05d514b6192ce",
            "messageTitle": "Update Ui.printHelp() to print help in both modes",
            "messageBody": "",
            "fileTypesAndContributionMap": {
              "functional-code": {
                "insertions": 2,
                "deletions": 2
              }
            }
          },
          {
            "hash": "e0b96632bb758b6cd22a7beb5f04317832dda681",
            "messageTitle": "Update help message for Deck Mode",
            "messageBody": "",
            "fileTypesAndContributionMap": {
              "functional-code": {
                "insertions": 3,
                "deletions": 1
              }
            }
          }
        ]
      },
      {
        "date": "2020-10-07",
        "commitResults": [
          {
            "hash": "385809d33457be3a43c663a963025025eff96592",
            "messageTitle": "Move EditCommand and NormalComand into normal package",
            "messageBody": "",
            "fileTypesAndContributionMap": {
              "other": {
                "insertions": 6,
                "deletions": 4
              }
            }
          },
          {
            "hash": "e81a7204a570f8368241a33bac2998c7468f492b",
            "messageTitle": "Add throws Exception to signature of method execute()",
            "messageBody": "",
            "fileTypesAndContributionMap": {
              "functional-code": {
                "insertions": 4,
                "deletions": 8
              }
            }
          },
          {
            "hash": "5046c58543dabde0678989f33ff3dd4ddbe4ba05",
            "messageTitle": "Add JUnit test for CreateCommand happy path",
            "messageBody": "",
            "fileTypesAndContributionMap": {
              "test-code": {
                "insertions": 23,
                "deletions": 0
              }
            }
          },
          {
            "hash": "667417bda7b3f045fc86f120d43faf69b15be86a",
            "messageTitle": "Revert \"Add throws Exception to signature of method execute()\"",
            "messageBody": "This reverts commit e81a7204a570f8368241a33bac2998c7468f492b.\nWe do not want to implement this yet.\n",
            "fileTypesAndContributionMap": {
              "functional-code": {
                "insertions": 8,
                "deletions": 4
              }
            }
          },
          {
            "hash": "6ade77463865f9ccad7e5ec5711906ee617e7df2",
            "messageTitle": "Fix problems in PR #30",
            "messageBody": "",
            "fileTypesAndContributionMap": {
              "functional-code": {
                "insertions": 4,
                "deletions": 9
              },
              "test-code": {
                "insertions": 1,
                "deletions": 5
              }
            }
          },
          {
            "hash": "0ef9d9f806a7eb541aa53fb8a00def1e4d4a96c2",
            "messageTitle": "Remove * import",
            "messageBody": "",
            "fileTypesAndContributionMap": {
              "test-code": {
                "insertions": 1,
                "deletions": 1
              }
            }
          },
          {
            "hash": "448e1393dbc5cd632c03391fbb0284a059db68d1",
            "messageTitle": "Fix #28",
            "messageBody": "",
            "fileTypesAndContributionMap": {
              "test-code": {
                "insertions": 56,
                "deletions": 0
              }
            }
          },
          {
            "hash": "a6a174f94caf6ac934c1f8cbb0fffb1eb72d06d4",
            "messageTitle": "Revert \"Fix #28\"",
            "messageBody": "This reverts commit 448e1393dbc5cd632c03391fbb0284a059db68d1.\nMore work needed to implement JUnit for delete command in Normal Mode.\n",
            "fileTypesAndContributionMap": {
              "test-code": {
                "insertions": 0,
                "deletions": 56
              }
            }
          }
        ]
      },
      {
        "date": "2020-10-10",
        "commitResults": [
          {
            "hash": "ee6cd0114cf8231302d625207401c2884fd9e30f",
            "messageTitle": "refactor index checking from DeleteDeckCommand to NormalParser",
            "messageBody": "",
            "fileTypesAndContributionMap": {
              "functional-code": {
                "insertions": 8,
                "deletions": 17
              }
            }
          },
          {
            "hash": "9534ddc83c3c7a5d03f956500a74bc6139cbf41f",
            "messageTitle": "refactor delete verification to NormalParser",
            "messageBody": "",
            "fileTypesAndContributionMap": {
              "functional-code": {
                "insertions": 22,
                "deletions": 10
              }
            }
          },
          {
            "hash": "36bacbbf9c61b320c3f91285a2891ba1ca1c8933",
            "messageTitle": "add JUnit test for DeleteDeckCommand",
            "messageBody": "",
            "fileTypesAndContributionMap": {
              "test-code": {
                "insertions": 30,
                "deletions": 0
              }
            }
          }
        ]
      },
      {
        "date": "2020-10-11",
        "commitResults": [
          {
            "hash": "6745f3dae6acf2d503c1777299a94207a9cd0778",
            "messageTitle": "add User Guide for Deck Mode Commands",
            "messageBody": "",
            "fileTypesAndContributionMap": {
              "docs": {
                "insertions": 425,
                "deletions": 16
              }
            }
          }
        ]
      },
      {
        "date": "2020-10-12",
        "commitResults": [
          {
            "hash": "31b47aa1afef432456a5a7be6352b6cb111ed617",
            "messageTitle": "update delete command behaviour",
            "messageBody": "",
            "fileTypesAndContributionMap": {
              "functional-code": {
                "insertions": 41,
                "deletions": 21
              }
            }
          },
          {
            "hash": "b88e285a95c9c691149314c976ccb8e775b109de",
            "messageTitle": "update ui method name",
            "messageBody": "",
            "fileTypesAndContributionMap": {
              "test-code": {
                "insertions": 4,
                "deletions": 2
              }
            }
          },
          {
            "hash": "deef53d99658b0e89dd3e2e8c39c47debc3c45be",
            "messageTitle": "add line separator to expected output",
            "messageBody": "",
            "fileTypesAndContributionMap": {
              "functional-code": {
                "insertions": 1,
                "deletions": 1
              },
              "test-code": {
                "insertions": 2,
                "deletions": 2
              }
            }
          }
        ]
      },
      {
        "date": "2020-10-14",
        "commitResults": [
          {
            "hash": "1234534e160eeb355db6152a01019b82db85c446",
            "messageTitle": "enable assertions in build.gradle",
            "messageBody": "",
            "fileTypesAndContributionMap": {
              "other": {
                "insertions": 2,
                "deletions": 0
              }
            }
          },
          {
            "hash": "7a047671fb54b3874218796afb189ff7b1b1dd9d",
            "messageTitle": "add assertions to NormalParser methods",
            "messageBody": "",
            "fileTypesAndContributionMap": {
              "functional-code": {
                "insertions": 5,
                "deletions": 2
              }
            }
          },
          {
            "hash": "65ddd7e9743ffcd9e87d451ebef0ef82380b4d95",
            "messageTitle": "add javadoc comments",
            "messageBody": "",
            "fileTypesAndContributionMap": {
              "functional-code": {
                "insertions": 109,
                "deletions": 17
              }
            }
          },
          {
            "hash": "a4adf3e3a9f8a3ad0abe8c63fe659d730698edfa",
            "messageTitle": "add assertions to Deck, DeckList and Flashcard methods",
            "messageBody": "",
            "fileTypesAndContributionMap": {
              "functional-code": {
                "insertions": 13,
                "deletions": 0
              }
            }
          },
          {
            "hash": "a7054dea53cc2c7db1a7877d4efa6551a3439562",
            "messageTitle": "update HelpCommand to not track any particular deck",
            "messageBody": "",
            "fileTypesAndContributionMap": {
              "functional-code": {
                "insertions": 3,
                "deletions": 3
              }
            }
          },
          {
            "hash": "f6984f9612f17d16030a7e998f5dc363cf412e2a",
            "messageTitle": "add assertions to Command classes",
            "messageBody": "",
            "fileTypesAndContributionMap": {
              "functional-code": {
                "insertions": 14,
                "deletions": 0
              }
            }
          },
          {
            "hash": "ce3e97c199db153460461989a9ea8512eb88fe48",
            "messageTitle": "add logging for NormalParser",
            "messageBody": "",
            "fileTypesAndContributionMap": {
              "functional-code": {
                "insertions": 28,
                "deletions": 0
              }
            }
          }
        ]
      },
      {
        "date": "2020-10-20",
        "commitResults": [
          {
            "hash": "274fb7a5da36f944d5f31c23e1fe95a1d975ef2f",
            "messageTitle": "add logic to format question and answer string for printing",
            "messageBody": "",
            "fileTypesAndContributionMap": {
              "functional-code": {
                "insertions": 53,
                "deletions": 5
              }
            }
          },
          {
            "hash": "9ab376087d84d85b0dbab045a5427615f4ba3113",
            "messageTitle": "add JUnit tests for formatted question and answer string",
            "messageBody": "",
            "fileTypesAndContributionMap": {
              "test-code": {
                "insertions": 52,
                "deletions": 0
              }
            }
          }
        ]
      },
      {
        "date": "2020-10-21",
        "commitResults": [
          {
            "hash": "7a5b539dc820325d04672ad13a4df0184f0b135f",
            "messageTitle": "implement update command in deck mode",
            "messageBody": "",
            "fileTypesAndContributionMap": {
              "functional-code": {
                "insertions": 91,
                "deletions": 2
              }
            }
          },
          {
            "hash": "421e631731321d2ec72caefcf6d52c9f7bb707ef",
            "messageTitle": "remove duplicate line",
            "messageBody": "",
            "fileTypesAndContributionMap": {
              "functional-code": {
                "insertions": 0,
                "deletions": 1
              }
            }
          },
          {
            "hash": "e1128b5040a0846df26a9478c636d7f84eb4d947",
            "messageTitle": "update prepareUpdate() method to keep old QnA if no new QnA provided",
            "messageBody": "",
            "fileTypesAndContributionMap": {
              "functional-code": {
                "insertions": 7,
                "deletions": 5
              }
            }
          },
          {
            "hash": "90ad9c3b9bcdff9ad228ab2af3d58a381f033dac",
            "messageTitle": "add JUnit tests for update command",
            "messageBody": "",
            "fileTypesAndContributionMap": {
              "functional-code": {
                "insertions": 2,
                "deletions": 2
              },
              "test-code": {
                "insertions": 75,
                "deletions": 0
              }
            }
          },
          {
            "hash": "81fe6e758a7be6ca373e7627ee7bece31653ad8f",
            "messageTitle": "update UG to include update command in deck mode",
            "messageBody": "",
            "fileTypesAndContributionMap": {
              "docs": {
                "insertions": 94,
                "deletions": 8
              }
            }
          },
          {
            "hash": "dba28a291d02d0d8b2f38ff668755f7fd5e9bbb2",
            "messageTitle": "update message of update command",
            "messageBody": "",
            "fileTypesAndContributionMap": {
              "functional-code": {
                "insertions": 25,
                "deletions": 5
              }
            }
          },
          {
            "hash": "242ae505193e06b77a8d60ad4dc69125cb190c01",
            "messageTitle": "update UI component under Design section",
            "messageBody": "",
            "fileTypesAndContributionMap": {
              "docs": {
                "insertions": 17,
                "deletions": 0
              }
            }
          },
          {
            "hash": "05095a54fd165f6c7f17a0a33999ce54cf16a6d0",
            "messageTitle": "add deck model component under Design section",
            "messageBody": "",
            "fileTypesAndContributionMap": {
              "docs": {
                "insertions": 23,
                "deletions": 1
              }
            }
          }
        ]
      },
      {
        "date": "2020-10-24",
        "commitResults": [
          {
            "hash": "07ac1edbfac19b03a15bae891a4d77812028e066",
            "messageTitle": "Fix printing format to avoid hardcode offset and prevent infinite loop when single word is too long",
            "messageBody": "",
            "fileTypesAndContributionMap": {
              "functional-code": {
                "insertions": 66,
                "deletions": 60
              },
              "test-code": {
                "insertions": 69,
                "deletions": 49
              }
            }
          }
        ]
      },
      {
        "date": "2020-10-27",
        "commitResults": [
          {
            "hash": "1bb1f4f74df2718eda64367b0db9042febe630db",
            "messageTitle": "update pretty print to Developer Guide",
            "messageBody": "",
            "fileTypesAndContributionMap": {
              "docs": {
                "insertions": 50,
                "deletions": 5
              }
            }
          },
          {
            "hash": "c899ef0345018f299fdef752968e7c3de9f67b15",
            "messageTitle": "update design consideration",
            "messageBody": "",
            "fileTypesAndContributionMap": {
              "docs": {
                "insertions": 9,
                "deletions": 0
              }
            }
          },
          {
            "hash": "8cbcd486893c7a0ad6eede1d673a3cdc97acab8d",
            "messageTitle": "Update test case",
            "messageBody": "",
            "fileTypesAndContributionMap": {
              "functional-code": {
                "insertions": 1,
                "deletions": 0
              },
              "test-code": {
                "insertions": 34,
                "deletions": 16
              }
            }
          }
        ]
      },
      {
        "date": "2020-10-28",
        "commitResults": [
          {
            "hash": "e7995f0c51e072e8733a84997634e32538fff41c",
            "messageTitle": "Remove unused method and refactor delete branch for SLAP",
            "messageBody": "",
            "fileTypesAndContributionMap": {
              "functional-code": {
                "insertions": 6,
                "deletions": 32
              }
            }
          },
          {
            "hash": "217e7a700b6ec9049369e024c4b517570db7380f",
            "messageTitle": "Add one-shot delete deck command",
            "messageBody": "",
            "fileTypesAndContributionMap": {
              "functional-code": {
                "insertions": 11,
                "deletions": 3
              },
              "test-code": {
                "insertions": 7,
                "deletions": 6
              }
            }
          },
          {
            "hash": "38221c9187e1907ad5c62dd4638303db4dc8f760",
            "messageTitle": "Add one-shot add flashcard command",
            "messageBody": "",
            "fileTypesAndContributionMap": {
              "functional-code": {
                "insertions": 38,
                "deletions": 14
              },
              "test-code": {
                "insertions": 5,
                "deletions": 4
              }
            }
          },
          {
            "hash": "39c2e00030671f8ddfd820559366df76ffd3ffe2",
            "messageTitle": "Move confirmation methods to Ui",
            "messageBody": "",
            "fileTypesAndContributionMap": {
              "functional-code": {
                "insertions": 34,
                "deletions": 60
              }
            }
          },
          {
            "hash": "433adefa288fa70d60df2e0d2ff888bd71cfa452",
            "messageTitle": "add one-shot delete delete command",
            "messageBody": "",
            "fileTypesAndContributionMap": {
              "functional-code": {
                "insertions": 53,
                "deletions": 109
              },
              "test-code": {
                "insertions": 5,
                "deletions": 4
              }
            }
          },
          {
            "hash": "d79f978dfa07d245362c8e67c520574ce98ae988",
            "messageTitle": "refactor update for SLAP",
            "messageBody": "",
            "fileTypesAndContributionMap": {
              "functional-code": {
                "insertions": 4,
                "deletions": 4
              }
            }
          },
          {
            "hash": "105585d3e48687b564f6f422b0b3da3c879d7c70",
            "messageTitle": "update UG to include one-line commands",
            "messageBody": "",
            "fileTypesAndContributionMap": {
              "docs": {
                "insertions": 24,
                "deletions": 2
              }
            }
          }
        ]
      }
    ],
    "zhixiangteoh": [
      {
        "date": "2020-09-27",
        "commitResults": [
          {
            "hash": "d10c8846d0929eb727700ab755abe50af111e9d2",
            "messageTitle": "implement initial structure",
            "messageBody": "",
            "fileTypesAndContributionMap": {
              "functional-code": {
                "insertions": 156,
                "deletions": 0
              },
              "other": {
                "insertions": 8,
                "deletions": 3
              }
            }
          }
        ]
      },
      {
        "date": "2020-10-01",
        "commitResults": [
          {
            "hash": "af1d5f85f4d8aa2b31480ae94d54c211a07c28a2",
            "messageTitle": "refactor to conform to checkstyle",
            "messageBody": "",
            "fileTypesAndContributionMap": {
              "functional-code": {
                "insertions": 2,
                "deletions": 3
              }
            }
          },
          {
            "hash": "82992263bb547f2129fa46abb3b84c1962b4f332",
            "messageTitle": "update aboutus",
            "messageBody": "",
            "fileTypesAndContributionMap": {
              "docs": {
                "insertions": 8,
                "deletions": 1
              }
            }
          },
          {
            "hash": "21bcb58151495404853142fd54717aebf191a7c5",
            "messageTitle": "update i/o tests to conform with new project name",
            "messageBody": "",
            "fileTypesAndContributionMap": {
              "other": {
                "insertions": 1,
                "deletions": 1
              }
            }
          },
          {
            "hash": "b9fca20c429f3d6dcf262028a81395fb93f08736",
            "messageTitle": "update i/o tests to conform with new project name",
            "messageBody": "",
            "fileTypesAndContributionMap": {
              "other": {
                "insertions": 2,
                "deletions": 2
              }
            }
          }
        ]
      },
      {
        "date": "2020-10-03",
        "commitResults": [
          {
            "hash": "552b16e7a5b02a0779e703862b61eb9ad3723eb2",
            "messageTitle": "fix #8",
            "messageBody": "",
            "fileTypesAndContributionMap": {
              "functional-code": {
                "insertions": 4,
                "deletions": 4
              },
              "other": {
                "insertions": 1,
                "deletions": 1
              },
              "test-code": {
                "insertions": 4,
                "deletions": 0
              }
            }
          }
        ]
      },
      {
        "date": "2020-10-04",
        "commitResults": [
          {
            "hash": "4f52a8d8aa29b3dbe61442f4eaf3117bf3f1c9ac",
            "messageTitle": "fix #12",
            "messageBody": "",
            "fileTypesAndContributionMap": {
              "functional-code": {
                "insertions": 84,
                "deletions": 2
              }
            }
          },
          {
            "hash": "622e584ff2847c15877375fd05a3c7db60bc9858",
            "messageTitle": "fix #15",
            "messageBody": "",
            "fileTypesAndContributionMap": {
              "functional-code": {
                "insertions": 41,
                "deletions": 2
              }
            }
          },
          {
            "hash": "9c6af1ad2d6394addac0de1006c5d1fab6b9fe61",
            "messageTitle": "fix checkstyle errors",
            "messageBody": "",
            "fileTypesAndContributionMap": {
              "functional-code": {
                "insertions": 13,
                "deletions": 13
              }
            }
          }
        ]
      },
      {
        "date": "2020-10-08",
        "commitResults": [
          {
            "hash": "4b66f9c44e7269ef6756f9be542945362c3cb766",
            "messageTitle": "refactor Deck Mode commands to command.deck package",
            "messageBody": "",
            "fileTypesAndContributionMap": {
              "functional-code": {
                "insertions": 9,
                "deletions": 9
              },
              "other": {
                "insertions": 14,
                "deletions": 6
              }
            }
          }
        ]
      },
      {
        "date": "2020-10-09",
        "commitResults": [
          {
            "hash": "77d03e19188394fb9a6d7d1e688f548d15b55d7a",
            "messageTitle": "refactor Parser classes to be more uniform, reorder command classes in packages",
            "messageBody": "",
            "fileTypesAndContributionMap": {
              "functional-code": {
                "insertions": 20,
                "deletions": 38
              },
              "other": {
                "insertions": 4,
                "deletions": 2
              }
            }
          }
        ]
      },
      {
        "date": "2020-10-10",
        "commitResults": [
          {
            "hash": "c85f726a6f0147a5e420f4b557c227c6bb96398e",
            "messageTitle": "add javadoc",
            "messageBody": "",
            "fileTypesAndContributionMap": {
              "functional-code": {
                "insertions": 24,
                "deletions": 0
              }
            }
          },
          {
            "hash": "83f7fd1f3de73e79e6fc24a2f68fa81012d9a00f",
            "messageTitle": "create and add tests",
            "messageBody": "",
            "fileTypesAndContributionMap": {
              "test-code": {
                "insertions": 181,
                "deletions": 0
              }
            }
          },
          {
            "hash": "726a6a3095479206e3c8a3a96e043d5afffa47cb",
            "messageTitle": "fix checkstyle errors and test bugs",
            "messageBody": "",
            "fileTypesAndContributionMap": {
              "test-code": {
                "insertions": 49,
                "deletions": 49
              }
            }
          },
          {
            "hash": "66fb7bd020383bee8389158430dd600e656c2b55",
            "messageTitle": "fix javadoc checkstyle",
            "messageBody": "",
            "fileTypesAndContributionMap": {
              "functional-code": {
                "insertions": 5,
                "deletions": 3
              }
            }
          },
          {
            "hash": "a3164cdd3380e035bcd1d99fe51240b7010092ae",
            "messageTitle": "edit DeckRangeException message line",
            "messageBody": "",
            "fileTypesAndContributionMap": {
              "functional-code": {
                "insertions": 84,
                "deletions": 28
              },
              "test-code": {
                "insertions": 113,
                "deletions": 0
              }
            }
          },
          {
            "hash": "4b74ccd3e2b712362bd772414eb15861e4588a18",
            "messageTitle": "Revert \"fix javadoc checkstyle\"",
            "messageBody": "This reverts commit 66fb7bd020383bee8389158430dd600e656c2b55.\n",
            "fileTypesAndContributionMap": {
              "functional-code": {
                "insertions": 3,
                "deletions": 5
              }
            }
          },
          {
            "hash": "77439570f77776359abf3ad5779ee67ca79a9435",
            "messageTitle": "Revert \"Revert \"fix javadoc checkstyle\"\"",
            "messageBody": "This reverts commit 4b74ccd3e2b712362bd772414eb15861e4588a18.\n",
            "fileTypesAndContributionMap": {
              "functional-code": {
                "insertions": 5,
                "deletions": 3
              }
            }
          },
          {
            "hash": "71ccf976ec3ffd6521b0434ddb5af4c79f14620b",
            "messageTitle": "edit DeckRangeException message line",
            "messageBody": "",
            "fileTypesAndContributionMap": {
              "functional-code": {
                "insertions": 1,
                "deletions": 1
              }
            }
          },
          {
            "hash": "ac7421b044992fad73d17472fa9439f7dfe3812c",
            "messageTitle": "refactor logic in DeleteCommand to DeckParser",
            "messageBody": "",
            "fileTypesAndContributionMap": {
              "functional-code": {
                "insertions": 71,
                "deletions": 32
              }
            }
          },
          {
            "hash": "d5913b74f92830b092f1336d19b31c827552cf1c",
            "messageTitle": "add line for invalid Y/N response",
            "messageBody": "",
            "fileTypesAndContributionMap": {
              "functional-code": {
                "insertions": 8,
                "deletions": 0
              }
            }
          },
          {
            "hash": "5339c72fcc4e0bb36f426d9364abcde83f5f76d8",
            "messageTitle": "add equals() implementation",
            "messageBody": "",
            "fileTypesAndContributionMap": {
              "functional-code": {
                "insertions": 15,
                "deletions": 0
              }
            }
          },
          {
            "hash": "33a574c4cd9e1136e09854506ce4eb135a2d7cfc",
            "messageTitle": "refactor more logic to DeckParser, also use getIndex() method",
            "messageBody": "",
            "fileTypesAndContributionMap": {
              "functional-code": {
                "insertions": 34,
                "deletions": 56
              }
            }
          },
          {
            "hash": "79e1295da214e01d95139f6d59db2f224fea709a",
            "messageTitle": "add Deck and FlashCard JUnit tests",
            "messageBody": "",
            "fileTypesAndContributionMap": {
              "test-code": {
                "insertions": 25,
                "deletions": 19
              }
            }
          },
          {
            "hash": "a685f8fba647561159236defe840e455f0b2bac6",
            "messageTitle": "add DeckListTest, refine FlashCardTest",
            "messageBody": "",
            "fileTypesAndContributionMap": {
              "functional-code": {
                "insertions": 1,
                "deletions": 3
              },
              "test-code": {
                "insertions": 23,
                "deletions": 19
              }
            }
          },
          {
            "hash": "7ad38c7a6bc5eef3e308aaa5be452e6f6d1ee440",
            "messageTitle": "fix checkstyle errors",
            "messageBody": "",
            "fileTypesAndContributionMap": {
              "functional-code": {
                "insertions": 0,
                "deletions": 8
              }
            }
          },
          {
            "hash": "0dc147db354bd6369e416faa08a5d41c6b050a30",
            "messageTitle": "fix Windows checkstyle errors due to lineSeparator()",
            "messageBody": "",
            "fileTypesAndContributionMap": {
              "test-code": {
                "insertions": 6,
                "deletions": 3
              }
            }
          },
          {
            "hash": "768192db9fdb8e2064ca44348375dd7664faf855",
            "messageTitle": "add DeckParserTest, NormalParserTest, repackage ExitCommand",
            "messageBody": "",
            "fileTypesAndContributionMap": {
              "functional-code": {
                "insertions": 6,
                "deletions": 6
              },
              "other": {
                "insertions": 1,
                "deletions": 3
              },
              "test-code": {
                "insertions": 268,
                "deletions": 2
              }
            }
          },
          {
            "hash": "e70731bc0cb81fccff0ad8451dfdf6a6b3475578",
            "messageTitle": "debug NormalParserTest",
            "messageBody": "",
            "fileTypesAndContributionMap": {
              "test-code": {
                "insertions": 25,
                "deletions": 1
              }
            }
          }
        ]
      },
      {
        "date": "2020-10-11",
        "commitResults": [
          {
            "hash": "a4eb7de173daddef27e3c76c7a58b62939063e0b",
            "messageTitle": "update README with description, UserGuide with preliminaries and first 2 commands",
            "messageBody": "",
            "fileTypesAndContributionMap": {
              "docs": {
                "insertions": 98,
                "deletions": 12
              }
            }
          },
          {
            "hash": "afd37e97d5f1fe4d585538d3b8973cf45dd75b51",
            "messageTitle": "update UserGuide with all Normal Mode commands for v1.0",
            "messageBody": "",
            "fileTypesAndContributionMap": {
              "docs": {
                "insertions": 107,
                "deletions": 2
              }
            }
          },
          {
            "hash": "c9d16d286de7d1338ae8ec4dcaf224f45f8f0b78",
            "messageTitle": "add command summary",
            "messageBody": "",
            "fileTypesAndContributionMap": {
              "docs": {
                "insertions": 71,
                "deletions": 3
              }
            }
          },
          {
            "hash": "818244c4d43834e067ffab0ec07b2b827a9c5456",
            "messageTitle": "update summary table to remove colspan tags",
            "messageBody": "",
            "fileTypesAndContributionMap": {
              "docs": {
                "insertions": 9,
                "deletions": 3
              }
            }
          },
          {
            "hash": "38ecb7309cc1bffdb041e6a68018f284333667cb",
            "messageTitle": "change table to md format",
            "messageBody": "",
            "fileTypesAndContributionMap": {
              "docs": {
                "insertions": 16,
                "deletions": 77
              }
            }
          },
          {
            "hash": "6ad9bd8b2413aad243e76e22f68ff58e79922216",
            "messageTitle": "split summary table into 3",
            "messageBody": "",
            "fileTypesAndContributionMap": {
              "docs": {
                "insertions": 10,
                "deletions": 3
              }
            }
          },
          {
            "hash": "07bac82cf7de3dedbe022f5d0fb42cf6695e618c",
            "messageTitle": "debug tables",
            "messageBody": "",
            "fileTypesAndContributionMap": {
              "docs": {
                "insertions": 3,
                "deletions": 1
              }
            }
          },
          {
            "hash": "20ff7eff49df4d200a50ca67c0a0b50c15f9009e",
            "messageTitle": "add Anywhere header",
            "messageBody": "",
            "fileTypesAndContributionMap": {
              "docs": {
                "insertions": 1,
                "deletions": 1
              }
            }
          }
        ]
      },
      {
        "date": "2020-10-14",
        "commitResults": [
          {
            "hash": "364f4755bef2c0cdf665e9131371a315e9a74c37",
            "messageTitle": "add assertions and logging to DeckParser",
            "messageBody": "",
            "fileTypesAndContributionMap": {
              "functional-code": {
                "insertions": 42,
                "deletions": 6
              }
            }
          },
          {
            "hash": "e99241c2d17f5e6cb429e7ac0680799e23cdabb2",
            "messageTitle": "modify NormalParser to throw exception for empty input for create command",
            "messageBody": "",
            "fileTypesAndContributionMap": {
              "functional-code": {
                "insertions": 9,
                "deletions": 1
              }
            }
          },
          {
            "hash": "c344d838cdc9fcc54e537687ab70263957fd41c7",
            "messageTitle": "fix checkstyle",
            "messageBody": "",
            "fileTypesAndContributionMap": {
              "functional-code": {
                "insertions": 2,
                "deletions": 4
              }
            }
          },
          {
            "hash": "00a9e236adb87b139fc2dcd0aa540e1d9c9345d6",
            "messageTitle": "add --version command support",
            "messageBody": "",
            "fileTypesAndContributionMap": {
              "functional-code": {
                "insertions": 32,
                "deletions": 11
              },
              "other": {
                "insertions": 2,
                "deletions": 1
              }
            }
          }
        ]
      },
      {
        "date": "2020-10-21",
        "commitResults": [
          {
            "hash": "12889b4a1a75f4a3aa1bd4c28450c837b1d22289",
            "messageTitle": "add DG structure for split work",
            "messageBody": "",
            "fileTypesAndContributionMap": {
              "docs": {
                "insertions": 23,
                "deletions": 2
              }
            }
          },
          {
            "hash": "072d00d0e703b9d90d486f0c8ab35bc9f6bf7261",
            "messageTitle": "add Design-Commands section to DG",
            "messageBody": "",
            "fileTypesAndContributionMap": {
              "docs": {
                "insertions": 27,
                "deletions": 0
              }
            }
          }
        ]
      },
      {
        "date": "2020-10-25",
        "commitResults": [
          {
            "hash": "f3975adca5c43c6172d4cc7d7d5a6452493368d5",
            "messageTitle": "add Game Mode Logic",
            "messageBody": "",
            "fileTypesAndContributionMap": {
              "functional-code": {
                "insertions": 531,
                "deletions": 9
              }
            }
          },
          {
            "hash": "83e4b3430d21518cd7eeb70a53e0e6fa6b1e89ae",
            "messageTitle": "add help and version command support",
            "messageBody": "",
            "fileTypesAndContributionMap": {
              "functional-code": {
                "insertions": 85,
                "deletions": 24
              }
            }
          },
          {
            "hash": "d0ae888e0cb7fae08aadccf3d8b912cd76247f01",
            "messageTitle": "conform to checkstyle",
            "messageBody": "",
            "fileTypesAndContributionMap": {
              "functional-code": {
                "insertions": 10,
                "deletions": 10
              }
            }
          },
          {
            "hash": "db7e43a4ba8431afd23fe2611fee7799d063410d",
            "messageTitle": "streamline update() method",
            "messageBody": "",
            "fileTypesAndContributionMap": {
              "functional-code": {
                "insertions": 1,
                "deletions": 3
              }
            }
          },
          {
            "hash": "d84cb868e6d201c32cdbcbe6bb299a4bf20f1b00",
            "messageTitle": "fix bug where original order of deck would be changed on starting game mode",
            "messageBody": "",
            "fileTypesAndContributionMap": {
              "functional-code": {
                "insertions": 3,
                "deletions": 2
              }
            }
          }
        ]
      },
      {
        "date": "2020-10-26",
        "commitResults": [
          {
            "hash": "20116260dd6b4da7b968aaf79ce1ac63bca5dfe0",
            "messageTitle": "fix bug where running game mode for empty deck causes program to crash",
            "messageBody": "",
            "fileTypesAndContributionMap": {
              "functional-code": {
                "insertions": 34,
                "deletions": 14
              },
              "other": {
                "insertions": 7,
                "deletions": 0
              }
            }
          },
          {
            "hash": "33cbc60b95db63946b0041d93044ac35f2a56111",
            "messageTitle": "remove EmptyDeckException",
            "messageBody": "",
            "fileTypesAndContributionMap": {
              "functional-code": {
                "insertions": 0,
                "deletions": 17
              }
            }
          },
          {
            "hash": "7e408f6974dc9d465e93e0a7b9135a615ae12fff",
            "messageTitle": "add StartCommand functionality to Deck Mode",
            "messageBody": "",
            "fileTypesAndContributionMap": {
              "functional-code": {
                "insertions": 13,
                "deletions": 3
              }
            }
          },
          {
            "hash": "207103b41966691a768502f899e1b6d4c23a3950",
            "messageTitle": "update UG with Game Mode feature",
            "messageBody": "",
            "fileTypesAndContributionMap": {
              "docs": {
                "insertions": 515,
                "deletions": 77
              }
            }
          },
          {
            "hash": "4c0503dbd16e0495eba3e9ed143090228559216f",
            "messageTitle": "remove Intro and Contents links",
            "messageBody": "",
            "fileTypesAndContributionMap": {
              "docs": {
                "insertions": 0,
                "deletions": 12
              }
            }
          },
          {
            "hash": "3cf51f961ee11e303e5916d36e5a1d3d3417f1eb",
            "messageTitle": "make table of contents collapsible",
            "messageBody": "",
            "fileTypesAndContributionMap": {
              "docs": {
                "insertions": 21,
                "deletions": 0
              }
            }
          },
          {
            "hash": "f67e1806839d8250f1336d14cb5bf50c263fc6ac",
            "messageTitle": "Revert \"make table of contents collapsible\"",
            "messageBody": "",
            "fileTypesAndContributionMap": {
              "docs": {
                "insertions": 0,
                "deletions": 21
              }
            }
          },
          {
            "hash": "52c8c9fa88a5a426a35317d493defcba3e9a0cfc",
            "messageTitle": "alter attempt feedback line",
            "messageBody": "",
            "fileTypesAndContributionMap": {
              "functional-code": {
                "insertions": 3,
                "deletions": 3
              }
            }
          },
          {
            "hash": "ba39ebbb46ce52e55001857c0c8a65e57af053a3",
            "messageTitle": "add Game Mode implementation to DG",
            "messageBody": "",
            "fileTypesAndContributionMap": {
              "docs": {
                "insertions": 35,
                "deletions": 11
              }
            }
          },
          {
            "hash": "b22e88ee875479db0b77ee021487ae6253afd3b0",
            "messageTitle": "add Product Scope and User Stories",
            "messageBody": "",
            "fileTypesAndContributionMap": {
              "docs": {
                "insertions": 18,
                "deletions": 7
              }
            }
          }
        ]
      },
      {
        "date": "2020-10-28",
        "commitResults": [
          {
            "hash": "15b51255ecde6085d941e0825180668e5d1a149d",
            "messageTitle": "update help command list for all modes",
            "messageBody": "",
            "fileTypesAndContributionMap": {
              "functional-code": {
                "insertions": 43,
                "deletions": 67
              },
              "other": {
                "insertions": 3,
                "deletions": 1
              },
              "docs": {
                "insertions": 2,
                "deletions": 2
              }
            }
          },
          {
            "hash": "53d1b845f4cbd521bb0dc71d96fe7d9fbd7b9397",
            "messageTitle": "fix checkstyle",
            "messageBody": "",
            "fileTypesAndContributionMap": {
              "functional-code": {
                "insertions": 6,
                "deletions": 6
              },
              "test-code": {
                "insertions": 1,
                "deletions": 2
              }
            }
          }
        ]
      },
      {
        "date": "2020-10-30",
        "commitResults": [
          {
            "hash": "2e190b385950c896d24f9b7956d58b6e5d6270d5",
            "messageTitle": "update ug with proposed feature",
            "messageBody": "",
            "fileTypesAndContributionMap": {
              "docs": {
                "insertions": 4,
                "deletions": 1
              }
            }
          }
        ]
      },
      {
        "date": "2020-10-31",
        "commitResults": [
          {
            "hash": "4129639e2d6e3c6fc421e1e0ebec79148b967d96",
            "messageTitle": "update ug help commands, and command summary",
            "messageBody": "",
            "fileTypesAndContributionMap": {
              "functional-code": {
                "insertions": 2,
                "deletions": 2
              },
              "docs": {
                "insertions": 30,
                "deletions": 20
              }
            }
          },
          {
            "hash": "ee27946f6e8ca8fb42701e7990b844162499d58a",
            "messageTitle": "update toc",
            "messageBody": "",
            "fileTypesAndContributionMap": {
              "docs": {
                "insertions": 79,
                "deletions": 79
              }
            }
          },
          {
            "hash": "6326f375b09d46658f06e98489f39b7393b7989a",
            "messageTitle": "fix wild 0 in deck\u0027s start command",
            "messageBody": "",
            "fileTypesAndContributionMap": {
              "functional-code": {
                "insertions": 0,
                "deletions": 1
              },
              "other": {
                "insertions": 4,
                "deletions": 4
              }
            }
          }
        ]
      }
    ],
    "wangwaynesg": [
      {
        "date": "2020-10-03",
        "commitResults": [
          {
            "hash": "0078a68d8dda93396e80dcf625784b3816ab2230",
            "messageTitle": "Update AboutUs.md",
            "messageBody": "",
            "fileTypesAndContributionMap": {
              "docs": {
                "insertions": 1,
                "deletions": 2
              }
            }
          },
          {
            "hash": "d05a15ca8444d36ab5444088cf8d1ccf79a2236f",
            "messageTitle": "Add AddCommand to add Flash Cards in deck mode",
            "messageBody": "",
            "fileTypesAndContributionMap": {
              "functional-code": {
                "insertions": 73,
                "deletions": 4
              }
            }
          }
        ]
      },
      {
        "date": "2020-10-04",
        "commitResults": [
          {
            "hash": "a4adfca07c704843f83a7e75cc3d7581d93abf1b",
            "messageTitle": "Fix checkstyle",
            "messageBody": "",
            "fileTypesAndContributionMap": {
              "functional-code": {
                "insertions": 7,
                "deletions": 3
              }
            }
          },
          {
            "hash": "ea9ddc1961568c699a9d768a307c401745638768",
            "messageTitle": "Add ListCommand to list all FlashCards in Deck Mode",
            "messageBody": "",
            "fileTypesAndContributionMap": {
              "functional-code": {
                "insertions": 61,
                "deletions": 1
              }
            }
          }
        ]
      },
      {
        "date": "2020-10-10",
        "commitResults": [
          {
            "hash": "599267f44bef5496d279a1cebeafe6a75dedde20",
            "messageTitle": "Add Refactoring to better handle exceptions",
            "messageBody": "",
            "fileTypesAndContributionMap": {
              "functional-code": {
                "insertions": 50,
                "deletions": 13
              }
            }
          },
          {
            "hash": "776a05b594406d269a92a2e7035383cd939b745b",
            "messageTitle": "Fix whitespace coding violation",
            "messageBody": "",
            "fileTypesAndContributionMap": {
              "functional-code": {
                "insertions": 1,
                "deletions": 1
              }
            }
          }
        ]
      },
      {
        "date": "2020-10-14",
        "commitResults": [
          {
            "hash": "8c78cd44af9e9d7dfb3aa067ce0026e16adb06f4",
            "messageTitle": "Add JUnit tests for AddCommand and ListCommand",
            "messageBody": "",
            "fileTypesAndContributionMap": {
              "test-code": {
                "insertions": 96,
                "deletions": 0
              }
            }
          }
        ]
      },
      {
        "date": "2020-10-25",
        "commitResults": [
          {
            "hash": "d740f6b51d759260e82ab460f4d1be0377ac6b8e",
            "messageTitle": "Add Storage Class to read and write data",
            "messageBody": "",
            "fileTypesAndContributionMap": {
              "functional-code": {
                "insertions": 98,
                "deletions": 4
              },
              "other": {
                "insertions": 41,
                "deletions": 0
              }
            }
          },
          {
            "hash": "ac685fed78297626d6e78b7837507017e0a91614",
            "messageTitle": "Fix checkstyle problems",
            "messageBody": "",
            "fileTypesAndContributionMap": {
              "functional-code": {
                "insertions": 4,
                "deletions": 6
              }
            }
          }
        ]
      },
      {
        "date": "2020-10-28",
        "commitResults": [
          {
            "hash": "433a10bc9af8661602d27daf2576a324fa6a0537",
            "messageTitle": "Add DG for Storage class",
            "messageBody": "",
            "fileTypesAndContributionMap": {
              "functional-code": {
                "insertions": 0,
                "deletions": 2
              },
              "docs": {
                "insertions": 19,
                "deletions": 0
              }
            }
          }
        ]
      },
      {
        "date": "2020-10-31",
        "commitResults": [
          {
            "hash": "317717d567f90c134aeae8fc0244b7c05dd7dc6b",
            "messageTitle": "Add Class and Method conventions in DG",
            "messageBody": "",
            "fileTypesAndContributionMap": {
              "docs": {
                "insertions": 3,
                "deletions": 5
              }
            }
          },
          {
            "hash": "b596fe3c0cd59355e67a69ade7761e618632a757",
            "messageTitle": "Add checking for corrupted Storage file",
            "messageBody": "",
            "fileTypesAndContributionMap": {
              "functional-code": {
                "insertions": 44,
                "deletions": 10
              },
              "other": {
                "insertions": 5,
                "deletions": 5
              }
            }
          },
          {
            "hash": "41c741387561d96ae8b41cb832e2a8debd118f79",
            "messageTitle": "Fix Storage check corruption bugs",
            "messageBody": "",
            "fileTypesAndContributionMap": {
              "functional-code": {
                "insertions": 10,
                "deletions": 3
              },
              "other": {
                "insertions": 5,
                "deletions": 4
              }
            }
          }
        ]
      }
    ]
  },
  "authorFileTypeContributionMap": {
    "alwaysnacy": {
      "docs": 119,
      "functional-code": 566,
      "test-code": 163
    },
    "kaijiel24": {
      "docs": 257,
      "functional-code": 698,
      "test-code": 168,
      "other": 7
    },
    "LiewWS": {
      "docs": 240,
      "functional-code": 518,
      "test-code": 244,
      "other": 2
    },
    "zhixiangteoh": {
      "docs": 784,
      "functional-code": 951,
      "test-code": 500,
      "other": 5
    },
    "wangwaynesg": {
      "docs": 20,
      "functional-code": 255,
      "test-code": 87,
      "other": 41
    }
  },
  "authorContributionVariance": {
    "alwaysnacy": 14187.905,
    "kaijiel24": 22716.031,
    "LiewWS": 15093.768,
    "zhixiangteoh": 67720.31,
    "wangwaynesg": 1373.3257
  },
  "authorDisplayNameMap": {
    "alwaysnacy": "CS2113-T14-2 HUYN..RANG",
    "kaijiel24": "CS2113-T14-2 LIAU.. JIE",
    "LiewWS": "CS2113-T14-2 LIEW..SIEW",
    "zhixiangteoh": "CS2113-T14-2 TEOH..IANG",
    "wangwaynesg": "CS2113-T14-2 WANG..AYNE"
  }
}
