{
  "authorDailyContributionsMap": {
    "0xZ3RO": [
      {
        "date": "2020-09-30",
        "commitResults": [
          {
            "hash": "6204d6f34b6ec3f97224d680ff29ea53893f6a6a",
            "messageTitle": "Update About Us",
            "messageBody": "",
            "fileTypesAndContributionMap": {
              "docs": {
                "insertions": 1,
                "deletions": 1
              }
            }
          },
          {
            "hash": "a1985f607b7994b5e4e6e7b663220415034156f3",
            "messageTitle": "fix gradle issues",
            "messageBody": "",
            "fileTypesAndContributionMap": {
              "functional-code": {
                "insertions": 2,
                "deletions": 2
              }
            }
          }
        ]
      },
      {
        "date": "2020-10-06",
        "commitResults": [
          {
            "hash": "66c994757054cde82de323c157a2746ac45c9bdc",
            "messageTitle": "Remove database",
            "messageBody": "",
            "fileTypesAndContributionMap": {
              "functional-code": {
                "insertions": 0,
                "deletions": 1
              }
            }
          },
          {
            "hash": "48b78cbadb8e723e5c0706da7d2c2603555f24ff",
            "messageTitle": "Fix database",
            "messageBody": "",
            "fileTypesAndContributionMap": {
              "functional-code": {
                "insertions": 3,
                "deletions": 5
              }
            }
          },
          {
            "hash": "3fe1104069597efb1b2770c2180da1f25350728c",
            "messageTitle": "Fix filePath",
            "messageBody": "",
            "fileTypesAndContributionMap": {
              "functional-code": {
                "insertions": 3,
                "deletions": 1
              }
            }
          },
          {
            "hash": "37c8c5d9726b555ef5eb49717c34f112f8a863cc",
            "messageTitle": "Fix filepath",
            "messageBody": "",
            "fileTypesAndContributionMap": {
              "functional-code": {
                "insertions": 13,
                "deletions": 5
              }
            }
          },
          {
            "hash": "81a71aade35161333f47dc6721207ddadb5d7d17",
            "messageTitle": "Fix UI",
            "messageBody": "",
            "fileTypesAndContributionMap": {
              "functional-code": {
                "insertions": 4,
                "deletions": 4
              }
            }
          },
          {
            "hash": "acf194d72fa999e8b2f1089d00b99c0536cb3f4e",
            "messageTitle": "Fix gradle",
            "messageBody": "",
            "fileTypesAndContributionMap": {
              "functional-code": {
                "insertions": 5,
                "deletions": 5
              }
            }
          },
          {
            "hash": "5eec81d914bce12155e7659f8851026f621c8da5",
            "messageTitle": "Fix gradle",
            "messageBody": "",
            "fileTypesAndContributionMap": {
              "functional-code": {
                "insertions": 9,
                "deletions": 9
              }
            }
          }
        ]
      },
      {
        "date": "2020-10-11",
        "commitResults": [
          {
            "hash": "5bab7f0d5967865b623cfdab42e4db48b3f06557",
            "messageTitle": "add names",
            "messageBody": "",
            "fileTypesAndContributionMap": {
              "functional-code": {
                "insertions": 103,
                "deletions": 2
              }
            }
          },
          {
            "hash": "057f5bcad14c4091534c41826c6b0731751ab84e",
            "messageTitle": "Fix class",
            "messageBody": "",
            "fileTypesAndContributionMap": {
              "functional-code": {
                "insertions": 5,
                "deletions": 1
              }
            }
          }
        ]
      },
      {
        "date": "2020-10-12",
        "commitResults": [
          {
            "hash": "f52ea58aa74519c09f638e030c43609e6e823736",
            "messageTitle": "Add names",
            "messageBody": "",
            "fileTypesAndContributionMap": {
              "functional-code": {
                "insertions": 479,
                "deletions": 5
              }
            }
          }
        ]
      },
      {
        "date": "2020-10-15",
        "commitResults": [
          {
            "hash": "50a0589cf97e3244fd046491d104f8dec987e1a2",
            "messageTitle": "Update names.txt",
            "messageBody": "",
            "fileTypesAndContributionMap": {
              "functional-code": {
                "insertions": 2,
                "deletions": 2
              },
              "other": {
                "insertions": 0,
                "deletions": 0
              }
            }
          },
          {
            "hash": "e5481743a1a76ab1fd74084f001c6078bb3089a5",
            "messageTitle": "Update names",
            "messageBody": "",
            "fileTypesAndContributionMap": {
              "functional-code": {
                "insertions": 0,
                "deletions": 1
              }
            }
          },
          {
            "hash": "7e6fc167e978c04b881b7b4083fab4c15a3ef8ee",
            "messageTitle": "Update name",
            "messageBody": "",
            "fileTypesAndContributionMap": {
              "functional-code": {
                "insertions": 13,
                "deletions": 2
              }
            }
          }
        ]
      },
      {
        "date": "2020-10-18",
        "commitResults": [
          {
            "hash": "c27095530669d5f2700921d22c1513ffa99931e0",
            "messageTitle": "Add names db and name exception",
            "messageBody": "",
            "fileTypesAndContributionMap": {
              "functional-code": {
                "insertions": 600,
                "deletions": 49
              },
              "other": {
                "insertions": 0,
                "deletions": 500
              }
            }
          },
          {
            "hash": "97f09917dfe0ebaf90c55283cc325def8fd13037",
            "messageTitle": "Fix style",
            "messageBody": "",
            "fileTypesAndContributionMap": {
              "functional-code": {
                "insertions": 6,
                "deletions": 2
              }
            }
          }
        ]
      },
      {
        "date": "2020-10-19",
        "commitResults": [
          {
            "hash": "655f61d0e9da6391980d554e6de41354725b0ca7",
            "messageTitle": "Add function to add and remove names",
            "messageBody": "",
            "fileTypesAndContributionMap": {
              "functional-code": {
                "insertions": 109,
                "deletions": 24
              },
              "other": {
                "insertions": 0,
                "deletions": 0
              }
            }
          },
          {
            "hash": "d4ff1e2a64cca5353c6a8197e0fce88c68f1f58a",
            "messageTitle": "Fix style",
            "messageBody": "",
            "fileTypesAndContributionMap": {
              "functional-code": {
                "insertions": 8,
                "deletions": 8
              }
            }
          }
        ]
      }
    ],
    "hungvo0603": [
      {
        "date": "2020-09-30",
        "commitResults": [
          {
            "hash": "d780efa55207d58b78dbf2251513db12194f1aff",
            "messageTitle": "Add FileLoaders.java and FileSavers.java into database package",
            "messageBody": "",
            "fileTypesAndContributionMap": {
              "functional-code": {
                "insertions": 8,
                "deletions": 0
              }
            }
          },
          {
            "hash": "305755ecca74be21da3f4fcda1ee234a9c456307",
            "messageTitle": "Change the first name in AboutUs.md",
            "messageBody": "",
            "fileTypesAndContributionMap": {
              "other": {
                "insertions": 0,
                "deletions": 0
              },
              "docs": {
                "insertions": 1,
                "deletions": 1
              }
            }
          },
          {
            "hash": "4af84e492131f649c9d208dad624c40871de9035",
            "messageTitle": "Fix coding standard error",
            "messageBody": "",
            "fileTypesAndContributionMap": {
              "functional-code": {
                "insertions": 2,
                "deletions": 2
              }
            }
          }
        ]
      },
      {
        "date": "2020-10-01",
        "commitResults": [
          {
            "hash": "584d3195c01f758d05795d3f66125c15929517fd",
            "messageTitle": "Add saver function for Qna Question",
            "messageBody": "",
            "fileTypesAndContributionMap": {
              "functional-code": {
                "insertions": 26,
                "deletions": 0
              }
            }
          },
          {
            "hash": "5e30293d07a3bba8849a457e5d148942f46a1914",
            "messageTitle": "Add saver function of fill-in-the-blank questions",
            "messageBody": "",
            "fileTypesAndContributionMap": {
              "functional-code": {
                "insertions": 29,
                "deletions": 0
              }
            }
          },
          {
            "hash": "fa506248c1da128377626e485f5a2da3e043168e",
            "messageTitle": "Merge saver functions for Qna and FillBlank questions",
            "messageBody": "",
            "fileTypesAndContributionMap": {
              "functional-code": {
                "insertions": 24,
                "deletions": 32
              }
            }
          }
        ]
      },
      {
        "date": "2020-10-02",
        "commitResults": [
          {
            "hash": "0773e129f1b32d0bb483c748b855033f438657c2",
            "messageTitle": "Add manual test for Qna and FillBlank filesaver",
            "messageBody": "",
            "fileTypesAndContributionMap": {
              "functional-code": {
                "insertions": 50,
                "deletions": 3
              }
            }
          }
        ]
      },
      {
        "date": "2020-10-03",
        "commitResults": [
          {
            "hash": "7d5a7c97a2901656afa5f1cb5777abce9cb2fae1",
            "messageTitle": "Add loaders and savers for QnA and FillBlank questions",
            "messageBody": "",
            "fileTypesAndContributionMap": {
              "functional-code": {
                "insertions": 108,
                "deletions": 5
              },
              "other": {
                "insertions": 27,
                "deletions": 8
              }
            }
          },
          {
            "hash": "8fc7cea3da1f31112c6f141e150d1c032bb716e3",
            "messageTitle": "Add test function for Qna and FillBlank loaders and savers",
            "messageBody": "",
            "fileTypesAndContributionMap": {
              "functional-code": {
                "insertions": 45,
                "deletions": 29
              }
            }
          },
          {
            "hash": "ac14e850527e178a5a3b097c6ad54a24ef1b44b5",
            "messageTitle": "Test output path of UserSettings.txt",
            "messageBody": "",
            "fileTypesAndContributionMap": {
              "functional-code": {
                "insertions": 5,
                "deletions": 2
              }
            }
          }
        ]
      },
      {
        "date": "2020-10-04",
        "commitResults": [
          {
            "hash": "fc98b915dd54aa33d32a41ab02034c3f6d7add36",
            "messageTitle": "Add extract methods for \"mcq\", \"qna\", \"fillblank\" commands",
            "messageBody": "",
            "fileTypesAndContributionMap": {
              "functional-code": {
                "insertions": 133,
                "deletions": 0
              }
            }
          },
          {
            "hash": "c07ce15de0475009c482e77a8faeae1469fbbe8e",
            "messageTitle": "Add command checker for available commands",
            "messageBody": "",
            "fileTypesAndContributionMap": {
              "functional-code": {
                "insertions": 66,
                "deletions": 0
              }
            }
          },
          {
            "hash": "b7724f404be463e8c5bfb57fe45e9f9a22e70252",
            "messageTitle": "Modify slicer for each \"add\" command",
            "messageBody": "",
            "fileTypesAndContributionMap": {
              "functional-code": {
                "insertions": 29,
                "deletions": 12
              }
            }
          }
        ]
      },
      {
        "date": "2020-10-05",
        "commitResults": [
          {
            "hash": "f46e5bf2a6ea112b2bb59801aab0a546d08209fe",
            "messageTitle": "Add functions to generate Qna and FillBlank questions to file",
            "messageBody": "",
            "fileTypesAndContributionMap": {
              "functional-code": {
                "insertions": 129,
                "deletions": 44
              }
            }
          },
          {
            "hash": "d6ef1d5b352806f7ceddc6e31af8904174674917",
            "messageTitle": "Clear comments in Duke.java",
            "messageBody": "",
            "fileTypesAndContributionMap": {
              "functional-code": {
                "insertions": 13,
                "deletions": 74
              }
            }
          },
          {
            "hash": "bf7db590ca7f0c45dc64a613e204fe277b9eef6b",
            "messageTitle": "Fix checkstyle issues",
            "messageBody": "",
            "fileTypesAndContributionMap": {
              "functional-code": {
                "insertions": 71,
                "deletions": 71
              }
            }
          },
          {
            "hash": "b329fda942cf9f6ffd2c496fd1cba32edb624c2f",
            "messageTitle": "Fix checkstyle issues",
            "messageBody": "",
            "fileTypesAndContributionMap": {
              "functional-code": {
                "insertions": 2,
                "deletions": 2
              }
            }
          }
        ]
      },
      {
        "date": "2020-10-10",
        "commitResults": [
          {
            "hash": "95ab7ee2bda9ca42243483e567b07134f6ece4ac",
            "messageTitle": "Add filter words by type,starting letters, containing letters feature",
            "messageBody": "",
            "fileTypesAndContributionMap": {
              "functional-code": {
                "insertions": 88,
                "deletions": 0
              }
            }
          },
          {
            "hash": "1d6be83c6643f599b5bdfd1be574f62adbc4cd76",
            "messageTitle": "Remove redundant getUserInput method",
            "messageBody": "",
            "fileTypesAndContributionMap": {
              "functional-code": {
                "insertions": 1,
                "deletions": 15
              }
            }
          }
        ]
      },
      {
        "date": "2020-10-11",
        "commitResults": [
          {
            "hash": "19848288fbcfeb7d04e4d013f8b196dc76470c49",
            "messageTitle": "Remove redundant boolean isExit",
            "messageBody": "",
            "fileTypesAndContributionMap": {
              "functional-code": {
                "insertions": 6,
                "deletions": 1
              }
            }
          },
          {
            "hash": "fead5bc952ea2b1a609fe6be7ae3b939af41e028",
            "messageTitle": "Add command checker for filter",
            "messageBody": "",
            "fileTypesAndContributionMap": {
              "functional-code": {
                "insertions": 2,
                "deletions": 3
              }
            }
          },
          {
            "hash": "50e39620881271c405d7bb93ab3ef19aa132869b",
            "messageTitle": "Link filter command and functions",
            "messageBody": "",
            "fileTypesAndContributionMap": {
              "functional-code": {
                "insertions": 4,
                "deletions": 0
              }
            }
          },
          {
            "hash": "09dcf5c1bddd696a0b181bebb5db3fcbabe1acf7",
            "messageTitle": "Add slicer for filter command",
            "messageBody": "",
            "fileTypesAndContributionMap": {
              "functional-code": {
                "insertions": 65,
                "deletions": 2
              }
            }
          },
          {
            "hash": "f89581a7908b40c4dbfaeaf98a97c27588fbb666",
            "messageTitle": "Add enumeration FilterType",
            "messageBody": "",
            "fileTypesAndContributionMap": {
              "functional-code": {
                "insertions": 6,
                "deletions": 1
              }
            }
          },
          {
            "hash": "9d8b413e7c0078b813547c75d2e1973203cf94c6",
            "messageTitle": "Add FilterExecutor class and remove redundant data folder",
            "messageBody": "",
            "fileTypesAndContributionMap": {
              "functional-code": {
                "insertions": 38,
                "deletions": 1
              },
              "other": {
                "insertions": 0,
                "deletions": 137
              }
            }
          },
          {
            "hash": "96ab45c4f71e95733ac5130a0648cf3bd8de103d",
            "messageTitle": "Modify slicer and add filter functions",
            "messageBody": "",
            "fileTypesAndContributionMap": {
              "functional-code": {
                "insertions": 56,
                "deletions": 35
              }
            }
          },
          {
            "hash": "8fc5e9850216d14e2d5d4f66207e461cf5ea4ee2",
            "messageTitle": "Fix bug in filter slicer and executor",
            "messageBody": "",
            "fileTypesAndContributionMap": {
              "functional-code": {
                "insertions": 7,
                "deletions": 7
              }
            }
          },
          {
            "hash": "70d7108dbf8f0203c4c4e2df6c3cd4a3e59f10c2",
            "messageTitle": "Restructure word filter methods",
            "messageBody": "",
            "fileTypesAndContributionMap": {
              "functional-code": {
                "insertions": 68,
                "deletions": 45
              }
            }
          },
          {
            "hash": "bd0141a0713c332224917e8318397b43a070f6e8",
            "messageTitle": "Fix bug for slicer of filtering by starting letters and including letters",
            "messageBody": "",
            "fileTypesAndContributionMap": {
              "functional-code": {
                "insertions": 22,
                "deletions": 9
              }
            }
          },
          {
            "hash": "fcebfd1966956d528a35738bd5621ec7fdcae493",
            "messageTitle": "Comment out Essay.java and Poem.java",
            "messageBody": "",
            "fileTypesAndContributionMap": {
              "functional-code": {
                "insertions": 29,
                "deletions": 29
              }
            }
          },
          {
            "hash": "5cf5962ffd6e56970f5adcaeeb26d8c2a85e655b",
            "messageTitle": "Fix bug for FilterExecutor.java",
            "messageBody": "",
            "fileTypesAndContributionMap": {
              "functional-code": {
                "insertions": 1,
                "deletions": 1
              }
            }
          },
          {
            "hash": "8d9252d63004fcbdfea966f1b65e367380e0cc7d",
            "messageTitle": "Fix gradle issues",
            "messageBody": "",
            "fileTypesAndContributionMap": {
              "functional-code": {
                "insertions": 24,
                "deletions": 21
              },
              "other": {
                "insertions": 6,
                "deletions": 11
              }
            }
          },
          {
            "hash": "161149bd5be5ff0f4b617af04262b2e511234325",
            "messageTitle": "Fix gradle issues",
            "messageBody": "",
            "fileTypesAndContributionMap": {
              "functional-code": {
                "insertions": 2,
                "deletions": 1
              }
            }
          },
          {
            "hash": "f2d2a3d70042e429daf1a39e197d2a0b9432a1d6",
            "messageTitle": "Comment out mockTest in DukeTest",
            "messageBody": "",
            "fileTypesAndContributionMap": {
              "test-code": {
                "insertions": 4,
                "deletions": 4
              }
            }
          },
          {
            "hash": "dacda66f049f58cb1ceefe76ee7c03391939857d",
            "messageTitle": "Delete mockTest",
            "messageBody": "",
            "fileTypesAndContributionMap": {
              "test-code": {
                "insertions": 0,
                "deletions": 5
              }
            }
          },
          {
            "hash": "2214bd43b4488cde27551d2c4342debc2c48b3e2",
            "messageTitle": "Rename boolean method continueLastFilter to startNewFilter",
            "messageBody": "",
            "fileTypesAndContributionMap": {
              "functional-code": {
                "insertions": 3,
                "deletions": 3
              }
            }
          },
          {
            "hash": "27044b0d07895bce57947e837a77e82294a4b95c",
            "messageTitle": "Move getTypeOfFilter to FilterType enumeration",
            "messageBody": "",
            "fileTypesAndContributionMap": {
              "functional-code": {
                "insertions": 26,
                "deletions": 24
              }
            }
          },
          {
            "hash": "4b643e53f46b680b11e8b7dbe4d195d617c52e82",
            "messageTitle": "Rename startNewFilter method",
            "messageBody": "",
            "fileTypesAndContributionMap": {
              "functional-code": {
                "insertions": 3,
                "deletions": 3
              }
            }
          },
          {
            "hash": "7309d1ecf034b9d1436a490b6a32a8eeb6182dab",
            "messageTitle": "Rename startNewFilter to isNewFilter",
            "messageBody": "",
            "fileTypesAndContributionMap": {
              "functional-code": {
                "insertions": 3,
                "deletions": 3
              }
            }
          }
        ]
      },
      {
        "date": "2020-10-12",
        "commitResults": [
          {
            "hash": "82672e4202c49f5a6341a1f396141912df19f03e",
            "messageTitle": "Add JUnit test for FilterCommandSlicer and FilterType",
            "messageBody": "",
            "fileTypesAndContributionMap": {
              "test-code": {
                "insertions": 118,
                "deletions": 0
              }
            }
          },
          {
            "hash": "38f30d2bfc89b6f6b36f335bbeb75c109e46cc16",
            "messageTitle": "Add Javadoc comments for public methods",
            "messageBody": "",
            "fileTypesAndContributionMap": {
              "functional-code": {
                "insertions": 39,
                "deletions": 9
              }
            }
          },
          {
            "hash": "0205d7f352bebda45899f62bea9717c370e95e8b",
            "messageTitle": "Add JUnit WordsFilterTest.java",
            "messageBody": "",
            "fileTypesAndContributionMap": {
              "functional-code": {
                "insertions": 5,
                "deletions": 3
              },
              "test-code": {
                "insertions": 59,
                "deletions": 0
              }
            }
          },
          {
            "hash": "b462dfdb7b5179a80e9432d5e6935dbd7975286a",
            "messageTitle": "Fix gradle issues",
            "messageBody": "",
            "fileTypesAndContributionMap": {
              "test-code": {
                "insertions": 9,
                "deletions": 7
              }
            }
          }
        ]
      },
      {
        "date": "2020-10-15",
        "commitResults": [
          {
            "hash": "0abdf6ed51932926b9d8807c1017f9bbda11d34f",
            "messageTitle": "Add assertion in FilterExecutor.java",
            "messageBody": "",
            "fileTypesAndContributionMap": {
              "functional-code": {
                "insertions": 1,
                "deletions": 0
              }
            }
          },
          {
            "hash": "08b6137edd5cf0786e02b31f062114ba1e3f0d72",
            "messageTitle": "Fix gradle issues",
            "messageBody": "",
            "fileTypesAndContributionMap": {
              "functional-code": {
                "insertions": 1,
                "deletions": 1
              }
            }
          }
        ]
      },
      {
        "date": "2020-10-20",
        "commitResults": [
          {
            "hash": "9e39c9c4c1880cda77e5f7b45933bc09ea5a42de",
            "messageTitle": "Refactor code",
            "messageBody": "",
            "fileTypesAndContributionMap": {
              "functional-code": {
                "insertions": 68,
                "deletions": 57
              }
            }
          },
          {
            "hash": "9ce93a15f8e6ff493169c5a57df6bf32194fc406",
            "messageTitle": "Remove magic strings from filter code",
            "messageBody": "",
            "fileTypesAndContributionMap": {
              "functional-code": {
                "insertions": 89,
                "deletions": 38
              }
            }
          },
          {
            "hash": "709a06b9020b7d0ca8948fbb58e9f39669e8b639",
            "messageTitle": "Fix gradle issues",
            "messageBody": "",
            "fileTypesAndContributionMap": {
              "functional-code": {
                "insertions": 1,
                "deletions": 2
              }
            }
          }
        ]
      }
    ],
    "AmeliaTYR": [
      {
        "date": "2020-09-30",
        "commitResults": [
          {
            "hash": "92768dcd06fdcf8ba646cda52bab2d3b33542ec2",
            "messageTitle": "More Gradle stuff fixed",
            "messageBody": "",
            "fileTypesAndContributionMap": {
              "functional-code": {
                "insertions": 3,
                "deletions": 3
              }
            }
          },
          {
            "hash": "2aad8ebadc9c8a0dd9b288af12b48553be2233e5",
            "messageTitle": "Change ui class to UI",
            "messageBody": "",
            "fileTypesAndContributionMap": {
              "functional-code": {
                "insertions": 0,
                "deletions": 1
              },
              "other": {
                "insertions": 1,
                "deletions": 1
              }
            }
          },
          {
            "hash": "25facb6f460404223ddaacb8b382156054935eb2",
            "messageTitle": "Add name to AboutUs",
            "messageBody": "",
            "fileTypesAndContributionMap": {
              "docs": {
                "insertions": 1,
                "deletions": 1
              }
            }
          }
        ]
      },
      {
        "date": "2020-10-01",
        "commitResults": [
          {
            "hash": "4c9001fc8c74ec5960fedb4a92866c8af618a63e",
            "messageTitle": "Add custom greeting and settings file",
            "messageBody": "",
            "fileTypesAndContributionMap": {
              "functional-code": {
                "insertions": 316,
                "deletions": 4
              },
              "other": {
                "insertions": 2,
                "deletions": 0
              },
              "docs": {
                "insertions": 1,
                "deletions": 1
              }
            }
          },
          {
            "hash": "8118dfd9208e961bd2d5f58c55cf3968d7a317aa",
            "messageTitle": "Gradle issues fixed",
            "messageBody": "",
            "fileTypesAndContributionMap": {
              "functional-code": {
                "insertions": 37,
                "deletions": 33
              }
            }
          },
          {
            "hash": "f509e778e9741a95a00e5724a25f2c7d9d36d9bf",
            "messageTitle": "Update EXPECTED.txt",
            "messageBody": "",
            "fileTypesAndContributionMap": {
              "other": {
                "insertions": 0,
                "deletions": 1
              }
            }
          },
          {
            "hash": "18ea10208bb079e127d48fd9e8e5a5a12c2ace1c",
            "messageTitle": "Fix Gradle issues",
            "messageBody": "",
            "fileTypesAndContributionMap": {
              "functional-code": {
                "insertions": 8,
                "deletions": 6
              }
            }
          },
          {
            "hash": "84f2d0d8af059dc00525d49776cbcf6f7f709d58",
            "messageTitle": "Fix more Gradle issues",
            "messageBody": "",
            "fileTypesAndContributionMap": {
              "functional-code": {
                "insertions": 3,
                "deletions": 3
              }
            }
          },
          {
            "hash": "d1dc2d5bba8ae442979d07d3b6b441518b8a2588",
            "messageTitle": "Fix even more Gradle issues",
            "messageBody": "",
            "fileTypesAndContributionMap": {
              "functional-code": {
                "insertions": 1,
                "deletions": 1
              }
            }
          },
          {
            "hash": "ecb06dc22ad5c96e48209329069b095584354f6e",
            "messageTitle": "Create test directory for r/w ops",
            "messageBody": "",
            "fileTypesAndContributionMap": {
              "other": {
                "insertions": 27,
                "deletions": 0
              }
            }
          },
          {
            "hash": "75fe3688020d9ddfe41cb2400582bfa0c7cdf7f4",
            "messageTitle": "Add 2 sample QNA questions",
            "messageBody": "",
            "fileTypesAndContributionMap": {
              "other": {
                "insertions": 14,
                "deletions": 0
              }
            }
          }
        ]
      },
      {
        "date": "2020-10-02",
        "commitResults": [
          {
            "hash": "0f5fd1683fb6fe591ed36159742a354bb60a7741",
            "messageTitle": "Add file creator function",
            "messageBody": "",
            "fileTypesAndContributionMap": {
              "functional-code": {
                "insertions": 118,
                "deletions": 1
              },
              "other": {
                "insertions": 1,
                "deletions": 1
              }
            }
          },
          {
            "hash": "cca0d4519890fc2a3e6d1e29aefea12dbc638f75",
            "messageTitle": "Fix Gradle issues",
            "messageBody": "",
            "fileTypesAndContributionMap": {
              "functional-code": {
                "insertions": 4,
                "deletions": 6
              }
            }
          },
          {
            "hash": "8cde5fc7b939cc849750e7b6c06ba894f3182448",
            "messageTitle": "Add CommandChecker class",
            "messageBody": "",
            "fileTypesAndContributionMap": {
              "functional-code": {
                "insertions": 47,
                "deletions": 0
              }
            }
          },
          {
            "hash": "72c6f2d7f8e0807a17cddadf584629cdd693e73c",
            "messageTitle": "Fix Gradle issues",
            "messageBody": "",
            "fileTypesAndContributionMap": {
              "functional-code": {
                "insertions": 10,
                "deletions": 10
              }
            }
          }
        ]
      },
      {
        "date": "2020-10-04",
        "commitResults": [
          {
            "hash": "623f2e2dc2267ef9eb92e36921cf00661c3829ba",
            "messageTitle": "Add executeCommand skeleton code",
            "messageBody": "",
            "fileTypesAndContributionMap": {
              "functional-code": {
                "insertions": 49,
                "deletions": 1
              }
            }
          }
        ]
      },
      {
        "date": "2020-10-08",
        "commitResults": [
          {
            "hash": "170d4f68f56bffcf1e556497b1974ec1637ccf5c",
            "messageTitle": "Update Fluffle logo",
            "messageBody": "+ consolidated the 3 conflicting command checkers\n",
            "fileTypesAndContributionMap": {
              "functional-code": {
                "insertions": 586,
                "deletions": 769
              },
              "other": {
                "insertions": 2,
                "deletions": 1
              }
            }
          },
          {
            "hash": "48a5a336e4611060e20b38d1c05f3a8330a01ce0",
            "messageTitle": "Fix expected output spaces error",
            "messageBody": "",
            "fileTypesAndContributionMap": {
              "functional-code": {
                "insertions": 6,
                "deletions": 5
              }
            }
          },
          {
            "hash": "3bf450cdee8e055f634cc3b85798e2642ea51646",
            "messageTitle": "Use constants for divider printing",
            "messageBody": "",
            "fileTypesAndContributionMap": {
              "functional-code": {
                "insertions": 7,
                "deletions": 3
              }
            }
          }
        ]
      },
      {
        "date": "2020-10-11",
        "commitResults": [
          {
            "hash": "fa61791f77dd28c0b1aa0495239be89a4e72f6c5",
            "messageTitle": "Add bunny class",
            "messageBody": "",
            "fileTypesAndContributionMap": {
              "functional-code": {
                "insertions": 420,
                "deletions": 47
              },
              "test-code": {
                "insertions": 16,
                "deletions": 0
              }
            }
          }
        ]
      },
      {
        "date": "2020-10-12",
        "commitResults": [
          {
            "hash": "4012fc2781b3256db9dc763628cbc1c16e9ae417",
            "messageTitle": "Add bunny loader skeleton",
            "messageBody": "",
            "fileTypesAndContributionMap": {
              "functional-code": {
                "insertions": 115,
                "deletions": 2
              },
              "other": {
                "insertions": 17,
                "deletions": 0
              }
            }
          },
          {
            "hash": "ca13ec4ad55cc9a76d73a8cb496d0acb8912e4aa",
            "messageTitle": "Create BunnyLoader",
            "messageBody": "",
            "fileTypesAndContributionMap": {
              "functional-code": {
                "insertions": 87,
                "deletions": 19
              },
              "other": {
                "insertions": 4,
                "deletions": 4
              }
            }
          },
          {
            "hash": "fc3a0bb6fe2efb4d5e7b4af7f27c6a02dc603c07",
            "messageTitle": "Fix gradle issues",
            "messageBody": "",
            "fileTypesAndContributionMap": {
              "functional-code": {
                "insertions": 20,
                "deletions": 12
              }
            }
          },
          {
            "hash": "9e70e5f65adc27e5af5b28db7fccc66d604adc64",
            "messageTitle": "Fix gradle issue with CharacterList class",
            "messageBody": "",
            "fileTypesAndContributionMap": {
              "functional-code": {
                "insertions": 2,
                "deletions": 3
              }
            }
          },
          {
            "hash": "e7de391889278d1e046cd0bef843193d3ae1325e",
            "messageTitle": "Update runtest",
            "messageBody": "",
            "fileTypesAndContributionMap": {
              "other": {
                "insertions": 2,
                "deletions": 1
              }
            }
          }
        ]
      },
      {
        "date": "2020-10-13",
        "commitResults": [
          {
            "hash": "d346a4fcdd263a102bdebc852391c252e6dd1ba3",
            "messageTitle": "Add bunny filter and save commands",
            "messageBody": "",
            "fileTypesAndContributionMap": {
              "functional-code": {
                "insertions": 214,
                "deletions": 16
              },
              "other": {
                "insertions": 12,
                "deletions": 8
              }
            }
          },
          {
            "hash": "d16d5d5adfdb975af4b13092ee2292173bf7892d",
            "messageTitle": "Fix gradle issues",
            "messageBody": "",
            "fileTypesAndContributionMap": {
              "functional-code": {
                "insertions": 4,
                "deletions": 3
              }
            }
          }
        ]
      },
      {
        "date": "2020-10-14",
        "commitResults": [
          {
            "hash": "c30a7bec54bc6f174fe7bd53004deb17b6593266",
            "messageTitle": "Add assertion to gradle and test it",
            "messageBody": "",
            "fileTypesAndContributionMap": {
              "functional-code": {
                "insertions": 2,
                "deletions": 0
              },
              "other": {
                "insertions": 9,
                "deletions": 12
              }
            }
          }
        ]
      },
      {
        "date": "2020-10-21",
        "commitResults": [
          {
            "hash": "4f9283f513ea31b84124c8368078321c1dc7d258",
            "messageTitle": "Set up Delete Bunny code",
            "messageBody": "",
            "fileTypesAndContributionMap": {
              "functional-code": {
                "insertions": 27,
                "deletions": 11
              },
              "other": {
                "insertions": 12,
                "deletions": 8
              }
            }
          },
          {
            "hash": "c8090bdc1d1b24ff7b513bfb2f502b5946c4f207",
            "messageTitle": "Add tests",
            "messageBody": "",
            "fileTypesAndContributionMap": {
              "functional-code": {
                "insertions": 10,
                "deletions": 5
              },
              "test-code": {
                "insertions": 46,
                "deletions": 4
              }
            }
          },
          {
            "hash": "ea4a9ccb267b26ea0a0bf6d1a75582dc4adaf333",
            "messageTitle": "Fix checkstyle problem",
            "messageBody": "",
            "fileTypesAndContributionMap": {
              "functional-code": {
                "insertions": 4,
                "deletions": 4
              }
            }
          },
          {
            "hash": "85fe85c10fd7ce8084f2fefcf5624f950c0d67bd",
            "messageTitle": "Fix checkstyle problems",
            "messageBody": "",
            "fileTypesAndContributionMap": {
              "test-code": {
                "insertions": 0,
                "deletions": 1
              }
            }
          }
        ]
      }
    ],
    "thngyuxuan": [
      {
        "date": "2020-09-30",
        "commitResults": [
          {
            "hash": "5b7fe46ccb31c2240c06a1cc6b8a07237551256e",
            "messageTitle": "Added my name to AboutUs.md",
            "messageBody": "",
            "fileTypesAndContributionMap": {
              "docs": {
                "insertions": 1,
                "deletions": 1
              }
            }
          }
        ]
      },
      {
        "date": "2020-10-03",
        "commitResults": [
          {
            "hash": "59ac18727472dd0b03e234dc912a957a5cae8fc0",
            "messageTitle": "Added help and settings",
            "messageBody": "",
            "fileTypesAndContributionMap": {
              "functional-code": {
                "insertions": 0,
                "deletions": 2
              }
            }
          }
        ]
      },
      {
        "date": "2020-10-07",
        "commitResults": [
          {
            "hash": "081bfbf692b3dbfc9ad108b012b395e19ac23539",
            "messageTitle": "Added word and wordlist package",
            "messageBody": "",
            "fileTypesAndContributionMap": {
              "functional-code": {
                "insertions": 164,
                "deletions": 5
              }
            }
          },
          {
            "hash": "c48d1ca5dce418f04fa3d5df8681345a97d8e6d6",
            "messageTitle": "Minor syntax changes to fix gradle issues",
            "messageBody": "",
            "fileTypesAndContributionMap": {
              "functional-code": {
                "insertions": 11,
                "deletions": 8
              }
            }
          },
          {
            "hash": "4aa97af04cb6fbba0f66cec2f6abbe3b72d666a2",
            "messageTitle": "Minor changes to fix IO redirection test issue",
            "messageBody": "",
            "fileTypesAndContributionMap": {
              "functional-code": {
                "insertions": 0,
                "deletions": 1
              }
            }
          }
        ]
      },
      {
        "date": "2020-10-08",
        "commitResults": [
          {
            "hash": "ebb617db3e89551aed7a83c69723da11899c833b",
            "messageTitle": "Made a few minor changes to add words function",
            "messageBody": "",
            "fileTypesAndContributionMap": {
              "functional-code": {
                "insertions": 7,
                "deletions": 31
              }
            }
          }
        ]
      },
      {
        "date": "2020-10-09",
        "commitResults": [
          {
            "hash": "75eae40a279f590a826515ba35bd286fdef2ec41",
            "messageTitle": "Added words function",
            "messageBody": "",
            "fileTypesAndContributionMap": {
              "functional-code": {
                "insertions": 1,
                "deletions": 1
              }
            }
          }
        ]
      }
    ],
    "Promethees": [
      {
        "date": "2020-09-30",
        "commitResults": [
          {
            "hash": "31c92e5706c54fdbef8154feb9c248a807620e6d",
            "messageTitle": "update about us",
            "messageBody": "",
            "fileTypesAndContributionMap": {
              "docs": {
                "insertions": 5,
                "deletions": 5
              }
            }
          },
          {
            "hash": "213ec6e7625fa22e4c74d9d1003350116b4cb2ea",
            "messageTitle": "Update AboutUs.md",
            "messageBody": "",
            "fileTypesAndContributionMap": {
              "docs": {
                "insertions": 4,
                "deletions": 4
              }
            }
          }
        ]
      },
      {
        "date": "2020-10-04",
        "commitResults": [
          {
            "hash": "43cc616bd07e30a704422dd7ecedd3f24c9bcb7b",
            "messageTitle": "add sample file of MCQ questions and initiate history file loader",
            "messageBody": "",
            "fileTypesAndContributionMap": {
              "functional-code": {
                "insertions": 99,
                "deletions": 1
              },
              "other": {
                "insertions": 94,
                "deletions": 0
              }
            }
          }
        ]
      },
      {
        "date": "2020-10-05",
        "commitResults": [
          {
            "hash": "47545a40542a88c9d07898dbcb13bf9303fb0a76",
            "messageTitle": "miscellaneous changes",
            "messageBody": "",
            "fileTypesAndContributionMap": {
              "functional-code": {
                "insertions": 27,
                "deletions": 1
              },
              "other": {
                "insertions": 3,
                "deletions": 4
              }
            }
          }
        ]
      },
      {
        "date": "2020-10-08",
        "commitResults": [
          {
            "hash": "239aca9ac71f09764f07135f96fd007758666a2d",
            "messageTitle": "start config the history class and functions",
            "messageBody": "",
            "fileTypesAndContributionMap": {
              "functional-code": {
                "insertions": 111,
                "deletions": 34
              }
            }
          }
        ]
      },
      {
        "date": "2020-10-10",
        "commitResults": [
          {
            "hash": "ea4bb9ec2f32a13afeeceac52d4cb923c015a50a",
            "messageTitle": "Add writings and set history class to abstract",
            "messageBody": "",
            "fileTypesAndContributionMap": {
              "functional-code": {
                "insertions": 54,
                "deletions": 32
              }
            }
          },
          {
            "hash": "cde9291c4b27a1515f19c9fcce9c4bdae752e16b",
            "messageTitle": "Add first JUnit test",
            "messageBody": "",
            "fileTypesAndContributionMap": {
              "test-code": {
                "insertions": 6,
                "deletions": 0
              }
            }
          }
        ]
      },
      {
        "date": "2020-10-15",
        "commitResults": [
          {
            "hash": "7e46a20273fe344853ccc900c1054e2890d19fcd",
            "messageTitle": "Add my implementations on WritingList with Dependency classes like Poem, User, Essay ...",
            "messageBody": "",
            "fileTypesAndContributionMap": {
              "functional-code": {
                "insertions": 488,
                "deletions": 381
              }
            }
          },
          {
            "hash": "07e8e755eed226c197289578676a1c3d9574ead1",
            "messageTitle": "Add TYPE, START, STATS to the CommandExecutor",
            "messageBody": "",
            "fileTypesAndContributionMap": {
              "functional-code": {
                "insertions": 60,
                "deletions": 6
              }
            }
          },
          {
            "hash": "69a08ce1827c7f4120155d2f5651569f2f8ef041",
            "messageTitle": "fix exit with non 1 error with the exit command",
            "messageBody": "",
            "fileTypesAndContributionMap": {
              "functional-code": {
                "insertions": 0,
                "deletions": 2
              }
            }
          },
          {
            "hash": "73db8ed68b6234e24ed1a1bce6d91bd24450c6a1",
            "messageTitle": "refractoring in CommandExecutor",
            "messageBody": "",
            "fileTypesAndContributionMap": {
              "functional-code": {
                "insertions": 57,
                "deletions": 38
              }
            }
          },
          {
            "hash": "6460bab3f9a75c21b809a713c522fc81831ff0e1",
            "messageTitle": "fix Gradle things",
            "messageBody": "",
            "fileTypesAndContributionMap": {
              "functional-code": {
                "insertions": 13,
                "deletions": 16
              }
            }
          },
          {
            "hash": "0935a6bd85d01b163ba5a1f34f9a2c5b1d3a1d29",
            "messageTitle": "Edit the EXPECT.txt file to adapt with new changes. P/s: the connection between type and start is yet completed. when update to the new one, remind to change the registration date to pass the test",
            "messageBody": "",
            "fileTypesAndContributionMap": {
              "functional-code": {
                "insertions": 12,
                "deletions": 3
              },
              "other": {
                "insertions": 1,
                "deletions": 0
              }
            }
          },
          {
            "hash": "2c9282b93ebc13409890d2889a3ee1c0a30e0e00",
            "messageTitle": "change printHelp() and adapt new EXPECTED.txt",
            "messageBody": "",
            "fileTypesAndContributionMap": {
              "functional-code": {
                "insertions": 2,
                "deletions": 2
              }
            }
          },
          {
            "hash": "58a9e084f104d4dcd5d3e93f1581a172edb27a5f",
            "messageTitle": "test IO adapt",
            "messageBody": "",
            "fileTypesAndContributionMap": {
              "functional-code": {
                "insertions": 2,
                "deletions": 1
              }
            }
          }
        ]
      },
      {
        "date": "2020-10-16",
        "commitResults": [
          {
            "hash": "6544ce8031bc0496e11554a1570ad6032d122c93",
            "messageTitle": "bugs fixed with command \"Type\"",
            "messageBody": "",
            "fileTypesAndContributionMap": {
              "functional-code": {
                "insertions": 26,
                "deletions": 9
              },
              "test-code": {
                "insertions": 4,
                "deletions": 0
              }
            }
          },
          {
            "hash": "8d78eceac784d44d151b2f5381bd72bde0d217e3",
            "messageTitle": "adapt with new day test",
            "messageBody": "",
            "fileTypesAndContributionMap": {
              "functional-code": {
                "insertions": 2,
                "deletions": 2
              }
            }
          },
          {
            "hash": "fdf5b91dd56179edc71bc64d0ed58c0cf15ec24a",
            "messageTitle": "add Junit test and modification on writings dependency classes",
            "messageBody": "",
            "fileTypesAndContributionMap": {
              "functional-code": {
                "insertions": 78,
                "deletions": 19
              },
              "test-code": {
                "insertions": 21,
                "deletions": 4
              }
            }
          }
        ]
      },
      {
        "date": "2020-10-17",
        "commitResults": [
          {
            "hash": "a0352a11996f11d2f5888de842e87961fd5a2acc",
            "messageTitle": "complete writings recording",
            "messageBody": "",
            "fileTypesAndContributionMap": {
              "functional-code": {
                "insertions": 86,
                "deletions": 103
              },
              "other": {
                "insertions": 44,
                "deletions": 63
              }
            }
          },
          {
            "hash": "3cdaddb11b4b5f064d6568fa805013029b2b643a",
            "messageTitle": "minor change to pass gradle",
            "messageBody": "",
            "fileTypesAndContributionMap": {
              "functional-code": {
                "insertions": 1,
                "deletions": 1
              }
            }
          }
        ]
      },
      {
        "date": "2020-10-18",
        "commitResults": [
          {
            "hash": "3c0fb79e36c7aeb96cadf14d90502037864ded11",
            "messageTitle": "Enhance the writing class with more stats firgures.",
            "messageBody": "",
            "fileTypesAndContributionMap": {
              "functional-code": {
                "insertions": 73,
                "deletions": 8
              },
              "test-code": {
                "insertions": 24,
                "deletions": 0
              }
            }
          },
          {
            "hash": "d663334826adfffad88d3e7d5a2239673459f778",
            "messageTitle": "fix adding unnecessary information to content",
            "messageBody": "",
            "fileTypesAndContributionMap": {
              "functional-code": {
                "insertions": 7,
                "deletions": 1
              }
            }
          },
          {
            "hash": "f9ca45bc355ca74b9bc7dd8243cb8d1fcd3b177d",
            "messageTitle": "Enhance stats functions with more detailed information. Add \"reset writings\" and \"count writings\" to expand user\u0027s interactions. Adapt WritingList with Assertion test.",
            "messageBody": "",
            "fileTypesAndContributionMap": {
              "functional-code": {
                "insertions": 56,
                "deletions": 36
              },
              "other": {
                "insertions": 7,
                "deletions": 18
              },
              "test-code": {
                "insertions": 11,
                "deletions": 8
              }
            }
          }
        ]
      },
      {
        "date": "2020-10-19",
        "commitResults": [
          {
            "hash": "69f47a4de3878f75f05d875fcc8b5e71a38564dc",
            "messageTitle": "fix reset writings bug",
            "messageBody": "",
            "fileTypesAndContributionMap": {
              "functional-code": {
                "insertions": 21,
                "deletions": 20
              },
              "other": {
                "insertions": 0,
                "deletions": 10
              },
              "test-code": {
                "insertions": 1,
                "deletions": 1
              }
            }
          }
        ]
      },
      {
        "date": "2020-10-20",
        "commitResults": [
          {
            "hash": "04c6ac7cb9872c5620c863961989a0d86354ba2d",
            "messageTitle": "Improve OOP with constants and arbitrary functions. Start using \"assert\". Add explantion for several public functions.",
            "messageBody": "",
            "fileTypesAndContributionMap": {
              "functional-code": {
                "insertions": 101,
                "deletions": 38
              },
              "test-code": {
                "insertions": 7,
                "deletions": 0
              }
            }
          }
        ]
      },
      {
        "date": "2020-10-21",
        "commitResults": [
          {
            "hash": "92d74262d03ee0bf4f3b0decfb7572d48b8021ef",
            "messageTitle": "Use INFO logging for Writing Loader.",
            "messageBody": "",
            "fileTypesAndContributionMap": {
              "functional-code": {
                "insertions": 18,
                "deletions": 2
              }
            }
          },
          {
            "hash": "8dea9dbe8e58a36dd19b6a4998be20e1524c7cc8",
            "messageTitle": "Add \"topic\" functionality",
            "messageBody": "",
            "fileTypesAndContributionMap": {
              "functional-code": {
                "insertions": 12,
                "deletions": 3
              }
            }
          },
          {
            "hash": "4f93c423cbbceecd454ea91d3fac571864093c97",
            "messageTitle": "update to \"help\" command, replacing \"history\" with \"start\"",
            "messageBody": "",
            "fileTypesAndContributionMap": {
              "functional-code": {
                "insertions": 4,
                "deletions": 4
              }
            }
          }
        ]
      }
    ]
  },
  "authorFileTypeContributionMap": {
    "0xZ3RO": {
      "docs": 0,
      "functional-code": 764,
      "test-code": 0
    },
    "hungvo0603": {
      "docs": 5,
      "functional-code": 458,
      "test-code": 180
    },
    "AmeliaTYR": {
      "docs": 1,
      "functional-code": 1550,
      "test-code": 54,
      "other": 26
    },
    "thngyuxuan": {
      "docs": 0,
      "functional-code": 278,
      "test-code": 0
    },
    "Promethees": {
      "docs": 0,
      "functional-code": 859,
      "test-code": 56,
      "other": 24
    }
  },
  "authorContributionVariance": {
    "0xZ3RO": 58132.414,
    "hungvo0603": 28814.645,
    "AmeliaTYR": 84935.67,
    "thngyuxuan": 1400.218,
    "Promethees": 47732.586
  },
  "authorDisplayNameMap": {
    "0xZ3RO": "CS2113T-W11-4 AW Y.. WEE",
    "hungvo0603": "CS2113T-W11-4 VO Q..HUNG",
    "AmeliaTYR": "CS2113T-W11-4 TAN ..ELIA",
    "thngyuxuan": "CS2113T-W11-4 THNG..XUAN",
    "Promethees": "CS2113T-W11-4 TRA ..HONG"
  }
}
