{
  "authorDailyContributionsMap": {
    "kstonekuan": [
      {
        "date": "2020-10-02",
        "commitResults": [
          {
            "hash": "58efcc03a3adb8fdce91c44ee0a91fcbcde68704",
            "messageTitle": "Add my profile and portfolio to docs",
            "messageBody": "",
            "fileTypesAndContributionMap": {
              "docs": {
                "insertions": 10,
                "deletions": 0
              }
            }
          },
          {
            "hash": "a2ad73b57a6f3e851450af0576c0e8a9c3e2b95c",
            "messageTitle": "Add basic interfaces as skeleton",
            "messageBody": "",
            "fileTypesAndContributionMap": {
              "functional-code": {
                "insertions": 109,
                "deletions": 0
              }
            }
          },
          {
            "hash": "8a62be42a114c1159021e0d9dacf1376fb13acc9",
            "messageTitle": "Fix codestyle for gradle build by separating methods",
            "messageBody": "",
            "fileTypesAndContributionMap": {
              "functional-code": {
                "insertions": 101,
                "deletions": 52
              }
            }
          }
        ]
      },
      {
        "date": "2020-10-05",
        "commitResults": [
          {
            "hash": "a940b269fc238bcda938ff35d49668121cae2f9a",
            "messageTitle": "Add json-simple dependency to maven",
            "messageBody": "",
            "fileTypesAndContributionMap": {
              "other": {
                "insertions": 2,
                "deletions": 0
              }
            }
          },
          {
            "hash": "8d5751cc697395e6569fbac5d9ed74060e39063a",
            "messageTitle": "Add Storage class skeleton with null return for unimplemented classes",
            "messageBody": "",
            "fileTypesAndContributionMap": {
              "functional-code": {
                "insertions": 116,
                "deletions": 0
              }
            }
          },
          {
            "hash": "e5e0a76919aec9afa0cb7c5f9aa497cd1be78e77",
            "messageTitle": "Add junit tests for storage load from empty json and example json",
            "messageBody": "",
            "fileTypesAndContributionMap": {
              "test-code": {
                "insertions": 26,
                "deletions": 0
              }
            }
          },
          {
            "hash": "4541d7791fa682e69bfb18c529b7733b5a9b93d8",
            "messageTitle": "Move classes to storage package",
            "messageBody": "",
            "fileTypesAndContributionMap": {
              "functional-code": {
                "insertions": 2,
                "deletions": 0
              },
              "other": {
                "insertions": 5,
                "deletions": 2
              },
              "test-code": {
                "insertions": 1,
                "deletions": 0
              }
            }
          },
          {
            "hash": "1ca06d41cdc91baa55be4b5e382176d07b0e0828",
            "messageTitle": "Replace wild card import with single class imports",
            "messageBody": "",
            "fileTypesAndContributionMap": {
              "functional-code": {
                "insertions": 7,
                "deletions": 1
              }
            }
          }
        ]
      },
      {
        "date": "2020-10-07",
        "commitResults": [
          {
            "hash": "b8f41938dbb13b8bd48a0ce9b238ac76f67aa1d5",
            "messageTitle": "Add skeleton for Quiz class",
            "messageBody": "",
            "fileTypesAndContributionMap": {
              "functional-code": {
                "insertions": 48,
                "deletions": 14
              }
            }
          },
          {
            "hash": "70c79f595f837f88d700beac52ee7cef013e54bd",
            "messageTitle": "Add logic to Quiz class",
            "messageBody": "",
            "fileTypesAndContributionMap": {
              "functional-code": {
                "insertions": 26,
                "deletions": 7
              }
            }
          },
          {
            "hash": "7bc46c792857df6c962098ce14e4182159d5bd54",
            "messageTitle": "Fix import of TopicInterface with topic package",
            "messageBody": "",
            "fileTypesAndContributionMap": {
              "functional-code": {
                "insertions": 1,
                "deletions": 1
              }
            }
          }
        ]
      },
      {
        "date": "2020-10-08",
        "commitResults": [
          {
            "hash": "19c667c86b2119e130d8acd0640121fe471024b8",
            "messageTitle": "Implement the storage loading with constructors for the other classes",
            "messageBody": "",
            "fileTypesAndContributionMap": {
              "functional-code": {
                "insertions": 27,
                "deletions": 18
              },
              "test-code": {
                "insertions": 10,
                "deletions": 5
              }
            }
          }
        ]
      },
      {
        "date": "2020-10-09",
        "commitResults": [
          {
            "hash": "81262b7d2a0f7f9e3caffb3d27cbfd1aee432b14",
            "messageTitle": "Attempt to simplify interfaces into more common ones",
            "messageBody": "",
            "fileTypesAndContributionMap": {
              "functional-code": {
                "insertions": 373,
                "deletions": 453
              },
              "other": {
                "insertions": 17,
                "deletions": 17
              },
              "test-code": {
                "insertions": 36,
                "deletions": 35
              }
            }
          },
          {
            "hash": "3473c146d122a2dd4651621071b9a439b80fb807",
            "messageTitle": "Decrease coupling by removing some dependencies",
            "messageBody": "",
            "fileTypesAndContributionMap": {
              "functional-code": {
                "insertions": 104,
                "deletions": 70
              },
              "test-code": {
                "insertions": 23,
                "deletions": 10
              }
            }
          },
          {
            "hash": "cc977bc8e85ec94162d5fdb77e21441889091576",
            "messageTitle": "Fix checkstyle build error",
            "messageBody": "",
            "fileTypesAndContributionMap": {
              "functional-code": {
                "insertions": 1,
                "deletions": 1
              },
              "other": {
                "insertions": 2,
                "deletions": 3
              }
            }
          },
          {
            "hash": "b80f1af96cd6b3815709bcbe899407ce22532450",
            "messageTitle": "Fix NullPointException by removing unimplemented method calls",
            "messageBody": "",
            "fileTypesAndContributionMap": {
              "functional-code": {
                "insertions": 3,
                "deletions": 3
              }
            }
          }
        ]
      },
      {
        "date": "2020-10-11",
        "commitResults": [
          {
            "hash": "daad097edb1b68ea1b3d7564be4290bc05a73b35",
            "messageTitle": "Add more methods to DisplayableList and make Command abstract class",
            "messageBody": "",
            "fileTypesAndContributionMap": {
              "functional-code": {
                "insertions": 48,
                "deletions": 8
              }
            }
          },
          {
            "hash": "434af3a027292e9fd8600e978453d9531db53a7f",
            "messageTitle": "Fix checkstyle error",
            "messageBody": "",
            "fileTypesAndContributionMap": {
              "functional-code": {
                "insertions": 1,
                "deletions": 1
              }
            }
          },
          {
            "hash": "ad55e4bf072c264139ae14246424985bc722271d",
            "messageTitle": "Fix add method",
            "messageBody": "",
            "fileTypesAndContributionMap": {
              "functional-code": {
                "insertions": 1,
                "deletions": 1
              }
            }
          },
          {
            "hash": "471756e9d6f10f8260b6032e4655dc97ecd26671",
            "messageTitle": "Add AnswerCommand and HintCommand implementations",
            "messageBody": "",
            "fileTypesAndContributionMap": {
              "functional-code": {
                "insertions": 80,
                "deletions": 26
              },
              "other": {
                "insertions": 1,
                "deletions": 1
              }
            }
          },
          {
            "hash": "c5d2ab9d4534061d9768aeb1d152a02535579873",
            "messageTitle": "Add AnswerCommand and HintCommand junit tests",
            "messageBody": "",
            "fileTypesAndContributionMap": {
              "test-code": {
                "insertions": 48,
                "deletions": 0
              }
            }
          }
        ]
      },
      {
        "date": "2020-10-12",
        "commitResults": [
          {
            "hash": "0cfbbd36cd432a015feb0f912f785d352d96d0ab",
            "messageTitle": "Add test for 0 questions passed to Quiz",
            "messageBody": "",
            "fileTypesAndContributionMap": {
              "test-code": {
                "insertions": 30,
                "deletions": 0
              }
            }
          },
          {
            "hash": "05038253007500ef1d0d1e6a7b21c2e90f5967c3",
            "messageTitle": "Add assertions to SingleTopicQuiz",
            "messageBody": "",
            "fileTypesAndContributionMap": {
              "functional-code": {
                "insertions": 6,
                "deletions": 0
              }
            }
          },
          {
            "hash": "2d8693056ade2945142fc250f82d4fb5a143e6cd",
            "messageTitle": "Add too many questions test case",
            "messageBody": "",
            "fileTypesAndContributionMap": {
              "test-code": {
                "insertions": 18,
                "deletions": 5
              }
            }
          }
        ]
      },
      {
        "date": "2020-10-13",
        "commitResults": [
          {
            "hash": "e45476825cc7c85193ac6fa180ea8b3620082afd",
            "messageTitle": "Fix first working version of quiz",
            "messageBody": "",
            "fileTypesAndContributionMap": {
              "functional-code": {
                "insertions": 25,
                "deletions": 9
              }
            }
          },
          {
            "hash": "c915b74ea789027ad9797d2466fad883f5e88189",
            "messageTitle": "Update recursion testing",
            "messageBody": "",
            "fileTypesAndContributionMap": {
              "other": {
                "insertions": 6,
                "deletions": 0
              }
            }
          },
          {
            "hash": "03e8f9c5aabceecba0f51b275208edd457ac5c1f",
            "messageTitle": "Fix runtest.bat not loading from storage",
            "messageBody": "",
            "fileTypesAndContributionMap": {
              "other": {
                "insertions": 2,
                "deletions": 2
              }
            }
          },
          {
            "hash": "1f9fb6522874af8111010686f1d0cf099cf1483d",
            "messageTitle": "Add logging to local file",
            "messageBody": "",
            "fileTypesAndContributionMap": {
              "functional-code": {
                "insertions": 85,
                "deletions": 19
              }
            }
          },
          {
            "hash": "463fe7830221b798d84d59d0fefcfdd59f5eccb8",
            "messageTitle": "Move constructors to abstract class",
            "messageBody": "",
            "fileTypesAndContributionMap": {
              "functional-code": {
                "insertions": 11,
                "deletions": 12
              }
            }
          }
        ]
      },
      {
        "date": "2020-10-14",
        "commitResults": [
          {
            "hash": "58576610f190c6f1ebbec82f68b828c703d2dded",
            "messageTitle": "Add logging and assertions",
            "messageBody": "",
            "fileTypesAndContributionMap": {
              "functional-code": {
                "insertions": 51,
                "deletions": 19
              },
              "other": {
                "insertions": 1,
                "deletions": 0
              }
            }
          },
          {
            "hash": "c50e21391b7d20ea71ff63381a66489db6e980b1",
            "messageTitle": "Add assertions to constructors",
            "messageBody": "",
            "fileTypesAndContributionMap": {
              "functional-code": {
                "insertions": 5,
                "deletions": 2
              }
            }
          },
          {
            "hash": "78f1074bdb32112bb711e3024b895a90057d2f24",
            "messageTitle": "Add WARNING level logs to catch statements",
            "messageBody": "",
            "fileTypesAndContributionMap": {
              "functional-code": {
                "insertions": 9,
                "deletions": 0
              }
            }
          }
        ]
      },
      {
        "date": "2020-10-15",
        "commitResults": [
          {
            "hash": "ac35d6d216f702bf136c5e91aa8f82dbe73fc167",
            "messageTitle": "Add method to find the correct option",
            "messageBody": "",
            "fileTypesAndContributionMap": {
              "functional-code": {
                "insertions": 12,
                "deletions": 0
              }
            }
          },
          {
            "hash": "b12e713ba94b87f629b627f47f995ae6f14701a3",
            "messageTitle": "Add IOOB exception",
            "messageBody": "",
            "fileTypesAndContributionMap": {
              "functional-code": {
                "insertions": 15,
                "deletions": 17
              }
            }
          },
          {
            "hash": "91cd2fc5ae4ab77be08976f8345b5fd951b45fea",
            "messageTitle": "Update docs using our discussion notes",
            "messageBody": "",
            "fileTypesAndContributionMap": {
              "docs": {
                "insertions": 116,
                "deletions": 27
              }
            }
          },
          {
            "hash": "ace2d6a001a8a5618b0240b3c5543f11091eeea9",
            "messageTitle": "Update README.md to force github action on PR",
            "messageBody": "",
            "fileTypesAndContributionMap": {
              "docs": {
                "insertions": 1,
                "deletions": 1
              }
            }
          }
        ]
      },
      {
        "date": "2020-10-16",
        "commitResults": [
          {
            "hash": "703d365765e39e20cdca01076a924f5c33411da4",
            "messageTitle": "Add LogStorageTest to test log file creation",
            "messageBody": "",
            "fileTypesAndContributionMap": {
              "functional-code": {
                "insertions": 5,
                "deletions": 5
              },
              "test-code": {
                "insertions": 41,
                "deletions": 0
              }
            }
          },
          {
            "hash": "4d33d6bbf7c5eab4f8758a7d94c43b21c421c244",
            "messageTitle": "SLAP some methods",
            "messageBody": "",
            "fileTypesAndContributionMap": {
              "functional-code": {
                "insertions": 18,
                "deletions": 8
              },
              "test-code": {
                "insertions": 19,
                "deletions": 7
              }
            }
          }
        ]
      },
      {
        "date": "2020-10-19",
        "commitResults": [
          {
            "hash": "4e7b477aa2eacf22c35f82d036e35ac76211269a",
            "messageTitle": "Add images",
            "messageBody": "",
            "fileTypesAndContributionMap": {
              "docs": {
                "insertions": 13,
                "deletions": 5
              }
            }
          },
          {
            "hash": "39784f529f2aa0debb89e6456772464e130c88fc",
            "messageTitle": "Add class diagram and sequence diagram for loading data",
            "messageBody": "",
            "fileTypesAndContributionMap": {
              "functional-code": {
                "insertions": 3,
                "deletions": 3
              },
              "docs": {
                "insertions": 12,
                "deletions": 2
              }
            }
          }
        ]
      }
    ],
    "Zhi-You": [
      {
        "date": "2020-10-02",
        "commitResults": [
          {
            "hash": "b89dab24662a09d369453c58493e4f363d6396ee",
            "messageTitle": "Add name to about us",
            "messageBody": "",
            "fileTypesAndContributionMap": {
              "docs": {
                "insertions": 1,
                "deletions": 1
              }
            }
          }
        ]
      },
      {
        "date": "2020-10-06",
        "commitResults": [
          {
            "hash": "7233ec4a35b256ede321f06e3f9108958504b3f4",
            "messageTitle": "Add Question class",
            "messageBody": "",
            "fileTypesAndContributionMap": {
              "functional-code": {
                "insertions": 115,
                "deletions": 24
              },
              "other": {
                "insertions": 1,
                "deletions": 1
              }
            }
          }
        ]
      },
      {
        "date": "2020-10-07",
        "commitResults": [
          {
            "hash": "d6d3ace9cf7ab4a60eae0c5e353b68a31526e606",
            "messageTitle": "Add QuestionList class",
            "messageBody": "",
            "fileTypesAndContributionMap": {
              "functional-code": {
                "insertions": 79,
                "deletions": 4
              }
            }
          },
          {
            "hash": "d9b00de3fd8a772290f292e5720315176e9161f3",
            "messageTitle": "Tweak code to use interfaces as reference instead of classes directly",
            "messageBody": "",
            "fileTypesAndContributionMap": {
              "functional-code": {
                "insertions": 5,
                "deletions": 10
              }
            }
          },
          {
            "hash": "9a80027558cff39c40d4de85136f7c334a0ad8f2",
            "messageTitle": "Add Hint class",
            "messageBody": "",
            "fileTypesAndContributionMap": {
              "functional-code": {
                "insertions": 16,
                "deletions": 3
              },
              "other": {
                "insertions": 1,
                "deletions": 1
              }
            }
          },
          {
            "hash": "f5028ba4b4d7cd8acbf2e8272cccd234845c0a2f",
            "messageTitle": "Add JUnit test for Hint class",
            "messageBody": "Added test case for getHintDescription method\n",
            "fileTypesAndContributionMap": {
              "functional-code": {
                "insertions": 11,
                "deletions": 10
              },
              "test-code": {
                "insertions": 16,
                "deletions": 0
              }
            }
          },
          {
            "hash": "130a8f14085594c29c742910832e364a981d0f1c",
            "messageTitle": "Add javaDoc comments to Question class",
            "messageBody": "",
            "fileTypesAndContributionMap": {
              "functional-code": {
                "insertions": 31,
                "deletions": 0
              }
            }
          },
          {
            "hash": "31fbf4274fa12af98884f7dac94f4184f1c157d3",
            "messageTitle": "Change package name to personalise the project",
            "messageBody": "",
            "fileTypesAndContributionMap": {
              "other": {
                "insertions": 38,
                "deletions": 38
              }
            }
          },
          {
            "hash": "24fb98734e9e0c2e877603e91789520a6083596f",
            "messageTitle": "Tweak I/O test to comply with package name",
            "messageBody": "",
            "fileTypesAndContributionMap": {
              "other": {
                "insertions": 2,
                "deletions": 2
              }
            }
          },
          {
            "hash": "07fcd7fbb4815595be66028404bfa2eb1d9d572d",
            "messageTitle": "Change all package name to comply with eduke8",
            "messageBody": "",
            "fileTypesAndContributionMap": {
              "functional-code": {
                "insertions": 8,
                "deletions": 54
              }
            }
          }
        ]
      },
      {
        "date": "2020-10-08",
        "commitResults": [
          {
            "hash": "c2af8a6d999be4ad58701faf51523067230431b5",
            "messageTitle": "Integrate questions and quiz in terms of logic",
            "messageBody": "Renamed some methods and variables for clarity\nTweaked methods in QuestionList class to fit better with quiz\n",
            "fileTypesAndContributionMap": {
              "functional-code": {
                "insertions": 32,
                "deletions": 37
              }
            }
          },
          {
            "hash": "4fd318ad4662ea71b92dd3c044e4f25b5f8a5e7f",
            "messageTitle": "Add JUnit test for getQuestionDescription",
            "messageBody": "",
            "fileTypesAndContributionMap": {
              "test-code": {
                "insertions": 36,
                "deletions": 0
              }
            }
          }
        ]
      },
      {
        "date": "2020-10-11",
        "commitResults": [
          {
            "hash": "ddc4b97a9e364f6e634c37101136776217c521a8",
            "messageTitle": "Tweak Javadoc comments",
            "messageBody": "",
            "fileTypesAndContributionMap": {
              "functional-code": {
                "insertions": 6,
                "deletions": 4
              }
            }
          },
          {
            "hash": "e13bc695baf9c81047086e4b6e9af518a230b837",
            "messageTitle": "Add QuizQuestionClass",
            "messageBody": "",
            "fileTypesAndContributionMap": {
              "functional-code": {
                "insertions": 68,
                "deletions": 16
              },
              "other": {
                "insertions": 12,
                "deletions": 45
              },
              "test-code": {
                "insertions": 3,
                "deletions": 3
              }
            }
          },
          {
            "hash": "67f7fb3d729c81e1d47d7db1f04c4df75a717a18",
            "messageTitle": "Enhance SRP for getDescription method",
            "messageBody": "",
            "fileTypesAndContributionMap": {
              "functional-code": {
                "insertions": 5,
                "deletions": 1
              }
            }
          },
          {
            "hash": "8af2b4ed2bffd8c21ab3dae9684690ccb8b3cfe0",
            "messageTitle": "Add exception handling for when number of quiz questions specified \u003c\u003d 0",
            "messageBody": "",
            "fileTypesAndContributionMap": {
              "functional-code": {
                "insertions": 36,
                "deletions": 8
              }
            }
          },
          {
            "hash": "332b476fee5481b9d8d2c9a894878652d575781e",
            "messageTitle": "Revert TopicQuestionList class name to QuestionList",
            "messageBody": "",
            "fileTypesAndContributionMap": {
              "functional-code": {
                "insertions": 11,
                "deletions": 11
              },
              "other": {
                "insertions": 2,
                "deletions": 2
              },
              "test-code": {
                "insertions": 3,
                "deletions": 3
              }
            }
          }
        ]
      },
      {
        "date": "2020-10-12",
        "commitResults": [
          {
            "hash": "93f095a390a073db75ca11175d54ec2ab6a7d2c2",
            "messageTitle": "Change QuizQuestionList class to QuizQuestionsManager",
            "messageBody": "Changed constructor for QuizQuestionsManager to set the quiz questions\nusing it.\n",
            "fileTypesAndContributionMap": {
              "functional-code": {
                "insertions": 15,
                "deletions": 13
              },
              "other": {
                "insertions": 13,
                "deletions": 5
              }
            }
          },
          {
            "hash": "ec3e2c6e39f56b730a5d53e80fe93bc6bb0706c4",
            "messageTitle": "Remove markAsShown method and incorporated it into getDescription()",
            "messageBody": "",
            "fileTypesAndContributionMap": {
              "functional-code": {
                "insertions": 1,
                "deletions": 4
              }
            }
          },
          {
            "hash": "6209d7fb81fd434d3872fc575c02c5f761154d2e",
            "messageTitle": "Remove commented out code section",
            "messageBody": "",
            "fileTypesAndContributionMap": {
              "functional-code": {
                "insertions": 0,
                "deletions": 9
              }
            }
          },
          {
            "hash": "b778e465ffa969d8dcd69431b67807d641438ea4",
            "messageTitle": "Add JUnit tests for Question class.",
            "messageBody": "",
            "fileTypesAndContributionMap": {
              "functional-code": {
                "insertions": 6,
                "deletions": 1
              },
              "test-code": {
                "insertions": 67,
                "deletions": 9
              }
            }
          },
          {
            "hash": "b5d2a93cf61964b428d7612217c3f90ac6704b4a",
            "messageTitle": "Add JUnit tests for QuestionList class",
            "messageBody": "",
            "fileTypesAndContributionMap": {
              "test-code": {
                "insertions": 88,
                "deletions": 1
              }
            }
          },
          {
            "hash": "74a36a2057982e46cad203ce69f5b1023e6b2bf0",
            "messageTitle": "Add partial JUnit tests for QuizQuestionsManager class",
            "messageBody": "",
            "fileTypesAndContributionMap": {
              "functional-code": {
                "insertions": 7,
                "deletions": 3
              },
              "test-code": {
                "insertions": 78,
                "deletions": 0
              }
            }
          },
          {
            "hash": "164d05cc1c5b1ea04cc47f016af0529afa6dbf7f",
            "messageTitle": "Add JUnit tests for QuizQuestionsManager",
            "messageBody": "Fixed bug with quizQuestions arraylist in QuizQuestionsManager too\n",
            "fileTypesAndContributionMap": {
              "functional-code": {
                "insertions": 1,
                "deletions": 1
              },
              "test-code": {
                "insertions": 48,
                "deletions": 4
              }
            }
          }
        ]
      },
      {
        "date": "2020-10-13",
        "commitResults": [
          {
            "hash": "5c0aeb6c07e66d0d16af735340012f447d4194a3",
            "messageTitle": "Remove unnecessary variable in QuizQuestionsManager",
            "messageBody": "",
            "fileTypesAndContributionMap": {
              "functional-code": {
                "insertions": 1,
                "deletions": 4
              }
            }
          },
          {
            "hash": "f9c9473547e8f11985f7cbaa2982921d096d0b00",
            "messageTitle": "Add assertions for Question and QuestionList classes",
            "messageBody": "",
            "fileTypesAndContributionMap": {
              "functional-code": {
                "insertions": 9,
                "deletions": 8
              }
            }
          },
          {
            "hash": "4d06dac00e44e4acf4fd39ac0774ab7071441092",
            "messageTitle": "Add logging to indicate that the random number generated is repeated",
            "messageBody": "To ensure that we are checking for repeated questions so that they\ndo not get added to the quiz\n",
            "fileTypesAndContributionMap": {
              "functional-code": {
                "insertions": 3,
                "deletions": 3
              }
            }
          },
          {
            "hash": "48a80004e159e1d64d5e403edca5c1b0b1fc2160",
            "messageTitle": "Add extra test case to select 3 questions from 3 topic questions",
            "messageBody": "",
            "fileTypesAndContributionMap": {
              "functional-code": {
                "insertions": 5,
                "deletions": 3
              },
              "test-code": {
                "insertions": 15,
                "deletions": 0
              }
            }
          }
        ]
      },
      {
        "date": "2020-10-15",
        "commitResults": [
          {
            "hash": "896b5eb4b6b801bb4ddd73c098ae11d202e624a8",
            "messageTitle": "Add error printing capabilities and allow users to re-enter answer for quiz if he did not enter a number",
            "messageBody": "",
            "fileTypesAndContributionMap": {
              "functional-code": {
                "insertions": 19,
                "deletions": 13
              }
            }
          },
          {
            "hash": "9d1bab49c93240b89223117959ecf879944511d2",
            "messageTitle": "Add a couple of assertions for Question class",
            "messageBody": "",
            "fileTypesAndContributionMap": {
              "functional-code": {
                "insertions": 2,
                "deletions": 0
              }
            }
          },
          {
            "hash": "9c6313a696adb691f2aee305fa5f7519ba0f26cd",
            "messageTitle": "Enhance Ui to improve user experience",
            "messageBody": "",
            "fileTypesAndContributionMap": {
              "functional-code": {
                "insertions": 15,
                "deletions": 13
              }
            }
          },
          {
            "hash": "b2c3916ba4443c857bca0b87834032042d3de993",
            "messageTitle": "Fix I/O test case and also made it more comprehensive",
            "messageBody": "",
            "fileTypesAndContributionMap": {
              "functional-code": {
                "insertions": 8,
                "deletions": 6
              },
              "other": {
                "insertions": 6,
                "deletions": 0
              }
            }
          }
        ]
      },
      {
        "date": "2020-10-16",
        "commitResults": [
          {
            "hash": "ca12df9d574f0e8ddae80a6a278e3f1500837a08",
            "messageTitle": "Update UG",
            "messageBody": "",
            "fileTypesAndContributionMap": {
              "docs": {
                "insertions": 8,
                "deletions": 12
              }
            }
          },
          {
            "hash": "b78b970d3ba933bc07904b0b970d61a4fac7d7f7",
            "messageTitle": "Fix some parser and eduke8 main logic",
            "messageBody": "",
            "fileTypesAndContributionMap": {
              "functional-code": {
                "insertions": 9,
                "deletions": 13
              }
            }
          }
        ]
      },
      {
        "date": "2020-10-20",
        "commitResults": [
          {
            "hash": "f60db45285558c8a135f0c149ea2e9d15a3ded1e",
            "messageTitle": "Slap for QuizQuestionsManager class",
            "messageBody": "",
            "fileTypesAndContributionMap": {
              "functional-code": {
                "insertions": 23,
                "deletions": 18
              }
            }
          },
          {
            "hash": "d7f13cd8d3d880b76d4d10c41b60a9bf289813ef",
            "messageTitle": "Reorder code to make it clearer",
            "messageBody": "",
            "fileTypesAndContributionMap": {
              "functional-code": {
                "insertions": 1,
                "deletions": 1
              }
            }
          }
        ]
      },
      {
        "date": "2020-10-21",
        "commitResults": [
          {
            "hash": "72b8129872ae9e7e9a8d95169cd5d22fa51ae51b",
            "messageTitle": "Tweak user guide",
            "messageBody": "",
            "fileTypesAndContributionMap": {
              "docs": {
                "insertions": 1,
                "deletions": 1
              }
            }
          },
          {
            "hash": "1b5b6cb55fae040282f5b12c614ef945e286f427",
            "messageTitle": "Add QuizQuestionsManager class diagram and sequence diagram",
            "messageBody": "",
            "fileTypesAndContributionMap": {
              "docs": {
                "insertions": 27,
                "deletions": 0
              }
            }
          }
        ]
      },
      {
        "date": "2020-10-22",
        "commitResults": [
          {
            "hash": "ea588633e4d56c58ba873c2cc9786e828cb3e820",
            "messageTitle": "Tweak DeveloperGuide and QuizQuestionsManager class and sequence diagram",
            "messageBody": "",
            "fileTypesAndContributionMap": {
              "docs": {
                "insertions": 14,
                "deletions": 9
              }
            }
          },
          {
            "hash": "1a539f0f008e79925b6f41b3821e30a5505f1dc8",
            "messageTitle": "Fix small documentation issues in Developer Guide",
            "messageBody": "",
            "fileTypesAndContributionMap": {
              "docs": {
                "insertions": 2,
                "deletions": 4
              }
            }
          }
        ]
      }
    ],
    "anqi20": [
      {
        "date": "2020-10-02",
        "commitResults": [
          {
            "hash": "cdbe8ae5ef6b93c93aa2c728a235b1edaa402391",
            "messageTitle": "Add name to AboutUs.",
            "messageBody": "",
            "fileTypesAndContributionMap": {
              "docs": {
                "insertions": 1,
                "deletions": 1
              }
            }
          }
        ]
      },
      {
        "date": "2020-10-06",
        "commitResults": [
          {
            "hash": "ed93d61823eeb08901d028b2ad45b0ab60946e14",
            "messageTitle": "Add Option Class",
            "messageBody": "",
            "fileTypesAndContributionMap": {
              "functional-code": {
                "insertions": 24,
                "deletions": 2
              },
              "other": {
                "insertions": 1,
                "deletions": 1
              },
              "docs": {
                "insertions": 1,
                "deletions": 1
              }
            }
          },
          {
            "hash": "da6664ab053546afa341878551fd00397a1b327e",
            "messageTitle": "Amended Option Class, markAsCorrectAnswer()",
            "messageBody": "",
            "fileTypesAndContributionMap": {
              "functional-code": {
                "insertions": 4,
                "deletions": 0
              }
            }
          },
          {
            "hash": "966b9b4cf3f5cb9b6f17989834bb2c8e4f5a6c59",
            "messageTitle": "Added OptionList class",
            "messageBody": "",
            "fileTypesAndContributionMap": {
              "functional-code": {
                "insertions": 38,
                "deletions": 3
              }
            }
          }
        ]
      },
      {
        "date": "2020-10-07",
        "commitResults": [
          {
            "hash": "7b842dd3601064fee425e56d07457b9e6fe3e2ef",
            "messageTitle": "Updated UI",
            "messageBody": "",
            "fileTypesAndContributionMap": {
              "functional-code": {
                "insertions": 140,
                "deletions": 1
              },
              "other": {
                "insertions": 8,
                "deletions": 6
              }
            }
          },
          {
            "hash": "7d6cf5a7b412828a4248f6f400e72819a4bfecae",
            "messageTitle": "Updated UI so that it complies with the CheckStyle",
            "messageBody": "",
            "fileTypesAndContributionMap": {
              "functional-code": {
                "insertions": 11,
                "deletions": 10
              }
            }
          },
          {
            "hash": "02d55e54144c3360e544f064c1a7816556667de0",
            "messageTitle": "Updated Option Class so that it complies with CheckStyle",
            "messageBody": "",
            "fileTypesAndContributionMap": {
              "functional-code": {
                "insertions": 1,
                "deletions": 1
              }
            }
          },
          {
            "hash": "47f4bad88249050a503bd506afad007317479a55",
            "messageTitle": "Updated to compile with CheckStyle",
            "messageBody": "",
            "fileTypesAndContributionMap": {
              "functional-code": {
                "insertions": 1,
                "deletions": 1
              }
            }
          },
          {
            "hash": "55d13c88de2bcd7450d820a1ee6a529b4b2eb320",
            "messageTitle": "Revert \"Updated to compile with CheckStyle\"",
            "messageBody": "This reverts commit 47f4bad88249050a503bd506afad007317479a55.\n",
            "fileTypesAndContributionMap": {
              "functional-code": {
                "insertions": 1,
                "deletions": 1
              }
            }
          },
          {
            "hash": "ca5f8e017adb73ec80cf8efbf29c76cac222d84a",
            "messageTitle": "Update to comply with CheckStyle",
            "messageBody": "",
            "fileTypesAndContributionMap": {
              "functional-code": {
                "insertions": 1,
                "deletions": 1
              }
            }
          },
          {
            "hash": "e2667322faaefb5d1808da12b2416100956b4f5b",
            "messageTitle": "Update to comply with CheckStyle",
            "messageBody": "",
            "fileTypesAndContributionMap": {
              "functional-code": {
                "insertions": 2,
                "deletions": 0
              }
            }
          },
          {
            "hash": "812f113af8e13c38ce8aadf14807cfcd4049525d",
            "messageTitle": "Resolve merge conflicts and ensure everything complies with CheckStyle",
            "messageBody": "",
            "fileTypesAndContributionMap": {
              "functional-code": {
                "insertions": 3,
                "deletions": 3
              }
            }
          },
          {
            "hash": "555ee2c915817d27e3612cf559627e2dfb31c8f1",
            "messageTitle": "Change optionList to options and remove optionCount",
            "messageBody": "",
            "fileTypesAndContributionMap": {
              "functional-code": {
                "insertions": 6,
                "deletions": 18
              }
            }
          },
          {
            "hash": "eef1b58328064bab2f3651171eed0b89f1b68fc3",
            "messageTitle": "Resolve merge conflicts",
            "messageBody": "",
            "fileTypesAndContributionMap": {
              "functional-code": {
                "insertions": 3,
                "deletions": 7
              }
            }
          }
        ]
      },
      {
        "date": "2020-10-08",
        "commitResults": [
          {
            "hash": "39f2e6de71279131dc64d4f869ffe7d6e18b16ed",
            "messageTitle": "Implement Eduke8 main",
            "messageBody": "",
            "fileTypesAndContributionMap": {
              "functional-code": {
                "insertions": 34,
                "deletions": 15
              }
            }
          },
          {
            "hash": "2ca4fbdd506c93e7b36cd4e84ca42b9b05ac58a6",
            "messageTitle": "Try to include the runCommandLoopUntilExit",
            "messageBody": "",
            "fileTypesAndContributionMap": {
              "functional-code": {
                "insertions": 12,
                "deletions": 2
              }
            }
          },
          {
            "hash": "51fea4c7be130548cd4b1636d88c146b14a2ff74",
            "messageTitle": "Update the input.txt and EXPECTED.txt files",
            "messageBody": "",
            "fileTypesAndContributionMap": {
              "other": {
                "insertions": 1,
                "deletions": 1
              }
            }
          }
        ]
      },
      {
        "date": "2020-10-09",
        "commitResults": [
          {
            "hash": "61bc10a5c65e20fd6287cee4329a10e5bf1aa29b",
            "messageTitle": "Update the input of parseCommand method",
            "messageBody": "",
            "fileTypesAndContributionMap": {
              "functional-code": {
                "insertions": 1,
                "deletions": 6
              }
            }
          }
        ]
      },
      {
        "date": "2020-10-13",
        "commitResults": [
          {
            "hash": "db15eda7bff58aa501a05c312ccef5ace8800d5d",
            "messageTitle": "Add JUnit tests for Option and OptionList classes",
            "messageBody": "",
            "fileTypesAndContributionMap": {
              "test-code": {
                "insertions": 104,
                "deletions": 0
              }
            }
          }
        ]
      },
      {
        "date": "2020-10-15",
        "commitResults": [
          {
            "hash": "18bda02b1b0d07cf5286bfd9bdd9b50969570b21",
            "messageTitle": "Updated the UI for error handling",
            "messageBody": "",
            "fileTypesAndContributionMap": {
              "functional-code": {
                "insertions": 104,
                "deletions": 43
              }
            }
          },
          {
            "hash": "aa11e4f9ffde2498b9a6395764486f46d13e2834",
            "messageTitle": "Change errorType to errorMessage",
            "messageBody": "",
            "fileTypesAndContributionMap": {
              "functional-code": {
                "insertions": 9,
                "deletions": 9
              }
            }
          },
          {
            "hash": "2d6b1ce8f81fb9c11bdebed72c00acc40d0f2fe7",
            "messageTitle": "Update the problem on IncorrectCommand",
            "messageBody": "",
            "fileTypesAndContributionMap": {
              "functional-code": {
                "insertions": 22,
                "deletions": 6
              }
            }
          },
          {
            "hash": "396ee72cbb0251e0d7be3b0f650bfd57d1e85f25",
            "messageTitle": "Update text files",
            "messageBody": "",
            "fileTypesAndContributionMap": {
              "functional-code": {
                "insertions": 9,
                "deletions": 34
              }
            }
          },
          {
            "hash": "afe3912044afb73cda22bd10cf0ff67a13ed9b23",
            "messageTitle": "Add asserts",
            "messageBody": "",
            "fileTypesAndContributionMap": {
              "functional-code": {
                "insertions": 2,
                "deletions": 0
              }
            }
          }
        ]
      },
      {
        "date": "2020-10-21",
        "commitResults": [
          {
            "hash": "6fb3824162c518f5ab2ebf6432b28fffa07b174c",
            "messageTitle": "Add an Explanation Class",
            "messageBody": "",
            "fileTypesAndContributionMap": {
              "functional-code": {
                "insertions": 51,
                "deletions": 9
              },
              "test-code": {
                "insertions": 67,
                "deletions": 17
              }
            }
          },
          {
            "hash": "6c02268c781170c32791d9f9f2f7526fcdc7d489",
            "messageTitle": "Update IO testing",
            "messageBody": "",
            "fileTypesAndContributionMap": {
              "functional-code": {
                "insertions": 1,
                "deletions": 1
              }
            }
          },
          {
            "hash": "137843be5dc2520b3c763e24dabacd68087cb47f",
            "messageTitle": "Update such that even when the user answers correctly, they will still see the explanation.",
            "messageBody": "",
            "fileTypesAndContributionMap": {
              "functional-code": {
                "insertions": 7,
                "deletions": 4
              }
            }
          }
        ]
      }
    ],
    "joelngyx": [
      {
        "date": "2020-10-02",
        "commitResults": [
          {
            "hash": "8155d1a2a276a2f3fa7646008fa31327b5669cf8",
            "messageTitle": "Amended AboutUs.md",
            "messageBody": "",
            "fileTypesAndContributionMap": {
              "docs": {
                "insertions": 2,
                "deletions": 2
              }
            }
          }
        ]
      },
      {
        "date": "2020-10-07",
        "commitResults": [
          {
            "hash": "6fa4afdc218f92e06919aeff80342cc1729556f7",
            "messageTitle": "Add Topic and TopicList classes",
            "messageBody": "",
            "fileTypesAndContributionMap": {
              "functional-code": {
                "insertions": 66,
                "deletions": 2
              },
              "other": {
                "insertions": 7,
                "deletions": 7
              },
              "test-code": {
                "insertions": 1,
                "deletions": 0
              }
            }
          }
        ]
      },
      {
        "date": "2020-10-13",
        "commitResults": [
          {
            "hash": "8e19027ced0c592402906184f26f65ca5f8342f0",
            "messageTitle": "Added JUnit tests for Topic and TopicList",
            "messageBody": "",
            "fileTypesAndContributionMap": {
              "functional-code": {
                "insertions": 1,
                "deletions": 0
              },
              "test-code": {
                "insertions": 173,
                "deletions": 0
              }
            }
          }
        ]
      },
      {
        "date": "2020-10-15",
        "commitResults": [
          {
            "hash": "37064a83d663458986e5520c9d2238caf8de6738",
            "messageTitle": "Add assertions and logging to Topic and TopicList classes",
            "messageBody": "",
            "fileTypesAndContributionMap": {
              "functional-code": {
                "insertions": 24,
                "deletions": 6
              }
            }
          }
        ]
      }
    ],
    "josephhhhhhhhh": [
      {
        "date": "2020-10-02",
        "commitResults": [
          {
            "hash": "812b02111e8da9cee336b157b77b330a83bc771a",
            "messageTitle": "Added my name.",
            "messageBody": "",
            "fileTypesAndContributionMap": {
              "docs": {
                "insertions": 1,
                "deletions": 2
              }
            }
          }
        ]
      },
      {
        "date": "2020-10-07",
        "commitResults": [
          {
            "hash": "e8a7c06ca7a2ffda9e970e1ae549bd7d8aa998f9",
            "messageTitle": "Added the Parser class, yet to be integrated fully with the remaining functions as yet.",
            "messageBody": "",
            "fileTypesAndContributionMap": {
              "functional-code": {
                "insertions": 44,
                "deletions": 1
              }
            }
          }
        ]
      },
      {
        "date": "2020-10-08",
        "commitResults": [
          {
            "hash": "8b301cf809af21ef0891bc71fe9dd87135e8c5ba",
            "messageTitle": "Fix Parser Class for checkstyle approval",
            "messageBody": "",
            "fileTypesAndContributionMap": {
              "functional-code": {
                "insertions": 3,
                "deletions": 3
              }
            }
          },
          {
            "hash": "3ef2703e2d8b33d9939e45cffa01afdd7e9e34cf",
            "messageTitle": "Add quiz constructor to parser, move parseChosenOption to the parser class, add a findTopic function to TopicList and TopicListInterface.",
            "messageBody": "",
            "fileTypesAndContributionMap": {
              "functional-code": {
                "insertions": 44,
                "deletions": 26
              }
            }
          },
          {
            "hash": "a85a3bc17ca25c4ca47a80f71dc0c88f5ea6dfe0",
            "messageTitle": "Fix naming of a variable.",
            "messageBody": "",
            "fileTypesAndContributionMap": {
              "functional-code": {
                "insertions": 2,
                "deletions": 2
              }
            }
          }
        ]
      },
      {
        "date": "2020-10-12",
        "commitResults": [
          {
            "hash": "c5ca6ec9720dd961b64f707142fb82aa9bd2eb55",
            "messageTitle": "Add a command class for each command available in MenuParser.",
            "messageBody": "",
            "fileTypesAndContributionMap": {
              "functional-code": {
                "insertions": 94,
                "deletions": 23
              }
            }
          },
          {
            "hash": "73d00d0c95af73c1a33b6730b6beba56d60fbb16",
            "messageTitle": "Fix the library call in MenuParser, by calling each individual class.",
            "messageBody": "",
            "fileTypesAndContributionMap": {
              "functional-code": {
                "insertions": 7,
                "deletions": 3
              }
            }
          },
          {
            "hash": "1809cb3653d39f3248c07e6bac096477adb30757",
            "messageTitle": "Fix input for text-ui-test.",
            "messageBody": "",
            "fileTypesAndContributionMap": {
              "other": {
                "insertions": 1,
                "deletions": 1
              }
            }
          },
          {
            "hash": "27a22dbed02882d74381b0ed71df4516cae1f137",
            "messageTitle": "Fix issues in QuizCommand and add IncorrectCommand Class to be used under MenuParser to handle bad commands.",
            "messageBody": "",
            "fileTypesAndContributionMap": {
              "functional-code": {
                "insertions": 38,
                "deletions": 20
              },
              "other": {
                "insertions": 3,
                "deletions": 0
              }
            }
          },
          {
            "hash": "dad862ba44ab34e1337f068410e484cd5629edd6",
            "messageTitle": "Fix a minor library import issue.",
            "messageBody": "",
            "fileTypesAndContributionMap": {
              "functional-code": {
                "insertions": 8,
                "deletions": 1
              }
            }
          }
        ]
      },
      {
        "date": "2020-10-15",
        "commitResults": [
          {
            "hash": "5f55bb2086e37ea96065786934ebfec8e2fe1fa0",
            "messageTitle": "Add MenuParserTest and QuizParserTest. Updated Ui.printError() to print error messages appropriately.",
            "messageBody": "",
            "fileTypesAndContributionMap": {
              "functional-code": {
                "insertions": 30,
                "deletions": 5
              },
              "test-code": {
                "insertions": 74,
                "deletions": 0
              }
            }
          },
          {
            "hash": "87aa3a72eda13ddc54740179fea9eb926bd05169",
            "messageTitle": "Fix minor checkstyle errors.",
            "messageBody": "",
            "fileTypesAndContributionMap": {
              "functional-code": {
                "insertions": 2,
                "deletions": 2
              }
            }
          },
          {
            "hash": "b9945184816befdd86dabd9fdc6177c903e23bca",
            "messageTitle": "Fix more checkstyle errors.",
            "messageBody": "",
            "fileTypesAndContributionMap": {
              "functional-code": {
                "insertions": 1,
                "deletions": 1
              },
              "test-code": {
                "insertions": 3,
                "deletions": 2
              }
            }
          },
          {
            "hash": "c095a3d2a23b9557ed46f65f20900586b7561f1f",
            "messageTitle": "Fix JUnit test errors.",
            "messageBody": "",
            "fileTypesAndContributionMap": {
              "functional-code": {
                "insertions": 6,
                "deletions": 2
              },
              "test-code": {
                "insertions": 6,
                "deletions": 8
              }
            }
          },
          {
            "hash": "0439fba545912516b11743904a5d84867110991a",
            "messageTitle": "Add Assertions and Loggers for parsers and quiz command.",
            "messageBody": "",
            "fileTypesAndContributionMap": {
              "functional-code": {
                "insertions": 30,
                "deletions": 2
              }
            }
          },
          {
            "hash": "7a1f057d0724266f4f1aae2a64810e7bf06cb4e5",
            "messageTitle": "Fix MenuParserTest errors.",
            "messageBody": "",
            "fileTypesAndContributionMap": {
              "functional-code": {
                "insertions": 1,
                "deletions": 1
              },
              "test-code": {
                "insertions": 19,
                "deletions": 1
              }
            }
          },
          {
            "hash": "ff24bc2d4fc2cdac1faf89c2109fc23e4eb6dcd5",
            "messageTitle": "Fix the error handling in QuizCommand and MenuParser.",
            "messageBody": "",
            "fileTypesAndContributionMap": {
              "functional-code": {
                "insertions": 8,
                "deletions": 2
              }
            }
          }
        ]
      },
      {
        "date": "2020-10-16",
        "commitResults": [
          {
            "hash": "c856f82721a37d729743ad89bba17b89fd4b5fda",
            "messageTitle": "Fix a minor checkstyle issue.",
            "messageBody": "",
            "fileTypesAndContributionMap": {
              "functional-code": {
                "insertions": 3,
                "deletions": 3
              }
            }
          }
        ]
      },
      {
        "date": "2020-10-21",
        "commitResults": [
          {
            "hash": "07f3070e46765bcbb4f4297a6601223ccb042823",
            "messageTitle": "Add diagram images and content for the developer guide.",
            "messageBody": "",
            "fileTypesAndContributionMap": {
              "docs": {
                "insertions": 44,
                "deletions": 0
              }
            }
          }
        ]
      }
    ]
  },
  "authorFileTypeContributionMap": {
    "kstonekuan": {
      "docs": 113,
      "functional-code": 648,
      "test-code": 188,
      "other": 11
    },
    "Zhi-You": {
      "docs": 37,
      "functional-code": 259,
      "test-code": 326,
      "other": 17
    },
    "anqi20": {
      "docs": 0,
      "functional-code": 282,
      "test-code": 171
    },
    "joelngyx": {
      "docs": 0,
      "functional-code": 49,
      "test-code": 171
    },
    "josephhhhhhhhh": {
      "docs": 44,
      "functional-code": 180,
      "test-code": 89,
      "other": 4
    }
  },
  "authorContributionVariance": {
    "kstonekuan": 50452.23,
    "Zhi-You": 10311.851,
    "anqi20": 4758.005,
    "joelngyx": 1339.3867,
    "josephhhhhhhhh": 3052.7058
  },
  "authorDisplayNameMap": {
    "kstonekuan": "CS2113T-F12-3 KING..IANG",
    "Zhi-You": "CS2113T-F12-3 TANG.. YOU",
    "anqi20": "CS2113T-F12-3 LIM ..N QI",
    "joelngyx": "CS2113T-F12-3 JOEL..XIAN",
    "josephhhhhhhhh": "CS2113T-F12-3 JOSE..AHAM"
  }
}
