{
  "authorDailyContributionsMap": {
    "czlin98": [
      {
        "date": "2020-09-28",
        "commitResults": [
          {
            "hash": "a0e12cbf1afd1f2dbd4d7db0d67d23b85b8787c2",
            "messageTitle": "First commit",
            "messageBody": "",
            "fileTypesAndContributionMap": {
              "functional-code": {
                "insertions": 144,
                "deletions": 21
              },
              "other": {
                "insertions": 2,
                "deletions": 2
              }
            }
          }
        ]
      },
      {
        "date": "2020-09-30",
        "commitResults": [
          {
            "hash": "4447328e9e63f611d0008e9b866ed3b5260fb551",
            "messageTitle": "Update about us",
            "messageBody": "",
            "fileTypesAndContributionMap": {
              "docs": {
                "insertions": 1,
                "deletions": 1
              }
            }
          }
        ]
      },
      {
        "date": "2020-10-11",
        "commitResults": [
          {
            "hash": "295adcb78089e1c122815e8caee9ccba633e676b",
            "messageTitle": "Add edit task function",
            "messageBody": "",
            "fileTypesAndContributionMap": {
              "functional-code": {
                "insertions": 63,
                "deletions": 12
              }
            }
          }
        ]
      },
      {
        "date": "2020-10-16",
        "commitResults": [
          {
            "hash": "62c7f80fa71c385ebeb36296c5fd1031933203da",
            "messageTitle": "Update UI to welcome message",
            "messageBody": "",
            "fileTypesAndContributionMap": {
              "functional-code": {
                "insertions": 40,
                "deletions": 8
              }
            }
          },
          {
            "hash": "0ff2da6631fc53234455c632dc52ad3eada8d293",
            "messageTitle": "Update help ui",
            "messageBody": "",
            "fileTypesAndContributionMap": {
              "functional-code": {
                "insertions": 41,
                "deletions": 35
              }
            }
          }
        ]
      },
      {
        "date": "2020-10-17",
        "commitResults": [
          {
            "hash": "2ed5bd600b5bc86eda5f21ae4c8a6c267716b9d5",
            "messageTitle": "Update table ui for list",
            "messageBody": "",
            "fileTypesAndContributionMap": {
              "functional-code": {
                "insertions": 41,
                "deletions": 19
              }
            }
          },
          {
            "hash": "3a5ba49188ea2cbf640e96b8e523a50b8490a857",
            "messageTitle": "Rename notifications to reminders",
            "messageBody": "",
            "fileTypesAndContributionMap": {
              "functional-code": {
                "insertions": 2,
                "deletions": 2
              }
            }
          },
          {
            "hash": "87ebfece51914a163a5791dd065da0ac3b757a7b",
            "messageTitle": "Fix text style in ui with padString method",
            "messageBody": "",
            "fileTypesAndContributionMap": {
              "functional-code": {
                "insertions": 21,
                "deletions": 20
              }
            }
          }
        ]
      },
      {
        "date": "2020-10-18",
        "commitResults": [
          {
            "hash": "39473fbbd8e1c0440e1a72f75363230e0afb5f01",
            "messageTitle": "Fix line lengths in messages",
            "messageBody": "",
            "fileTypesAndContributionMap": {
              "functional-code": {
                "insertions": 16,
                "deletions": 8
              }
            }
          },
          {
            "hash": "d140c5e56f87ec9bc7d5d3a4f9f54af9f39c888f",
            "messageTitle": "Fix line lengths in messages again",
            "messageBody": "",
            "fileTypesAndContributionMap": {
              "functional-code": {
                "insertions": 36,
                "deletions": 18
              }
            }
          },
          {
            "hash": "b2fe6b26bd5b1c1a8569e6c41c4578a13df5eac6",
            "messageTitle": "Fix checkstyle issues again",
            "messageBody": "",
            "fileTypesAndContributionMap": {
              "functional-code": {
                "insertions": 7,
                "deletions": 6
              }
            }
          }
        ]
      },
      {
        "date": "2020-10-23",
        "commitResults": [
          {
            "hash": "36650734b0b909bd05a3b5495ede0fca22df0134",
            "messageTitle": "Improve readability of messages",
            "messageBody": "",
            "fileTypesAndContributionMap": {
              "functional-code": {
                "insertions": 46,
                "deletions": 55
              }
            }
          }
        ]
      },
      {
        "date": "2020-10-24",
        "commitResults": [
          {
            "hash": "aaa60d01a7e39dcb70603b421d4648470973f74b",
            "messageTitle": "Fix user guide",
            "messageBody": "",
            "fileTypesAndContributionMap": {
              "docs": {
                "insertions": 7,
                "deletions": 2
              }
            }
          },
          {
            "hash": "fa61f3dd4dfe6eb4dfa2530f34f0e122aa49ed47",
            "messageTitle": "Fix user guide again",
            "messageBody": "",
            "fileTypesAndContributionMap": {
              "docs": {
                "insertions": 1,
                "deletions": 1
              }
            }
          }
        ]
      },
      {
        "date": "2020-10-29",
        "commitResults": [
          {
            "hash": "1cbfb205acb589ed9534fbd68850cbfa1e8edd05",
            "messageTitle": "Update UG",
            "messageBody": "",
            "fileTypesAndContributionMap": {
              "docs": {
                "insertions": 122,
                "deletions": 58
              }
            }
          },
          {
            "hash": "74b825901a0359a28b00908e8caee4b09c734a38",
            "messageTitle": "Add java link to quick start and update notes",
            "messageBody": "",
            "fileTypesAndContributionMap": {
              "docs": {
                "insertions": 9,
                "deletions": 11
              }
            }
          }
        ]
      },
      {
        "date": "2020-11-06",
        "commitResults": [
          {
            "hash": "2f5c581b416b2f1f9f4dcea4b35bef5061038e23",
            "messageTitle": "Allow spaces around command word and command argument.",
            "messageBody": "",
            "fileTypesAndContributionMap": {
              "functional-code": {
                "insertions": 95,
                "deletions": 20
              }
            }
          },
          {
            "hash": "defce7ff0c5283acc9ef71905d2d3117f932aae7",
            "messageTitle": "Allow spaces around command word and command argument.",
            "messageBody": "",
            "fileTypesAndContributionMap": {
              "functional-code": {
                "insertions": 0,
                "deletions": 54
              }
            }
          },
          {
            "hash": "2b3b030c5cc29ccac4b9ac67c95ed479e866d949",
            "messageTitle": "Fix failed null args test cases.",
            "messageBody": "",
            "fileTypesAndContributionMap": {
              "functional-code": {
                "insertions": 1,
                "deletions": 1
              }
            }
          }
        ]
      },
      {
        "date": "2020-11-08",
        "commitResults": [
          {
            "hash": "c6c1c87f5d1b3c2cc9d617304bbab5844272ee26",
            "messageTitle": "New exception type for command format errors.",
            "messageBody": "",
            "fileTypesAndContributionMap": {
              "functional-code": {
                "insertions": 17,
                "deletions": 5
              },
              "other": {
                "insertions": 1,
                "deletions": 1
              },
              "test-code": {
                "insertions": 5,
                "deletions": 7
              }
            }
          },
          {
            "hash": "8ddaf92aef70256b5721d78257181a4646200b3c",
            "messageTitle": "Filled in empty javadoc clauses in add and edit commands.",
            "messageBody": "",
            "fileTypesAndContributionMap": {
              "functional-code": {
                "insertions": 6,
                "deletions": 6
              }
            }
          },
          {
            "hash": "22be8c30b8566220987aba8376f518bd6bd66a5b",
            "messageTitle": "Added new invalid format exception to tests.",
            "messageBody": "",
            "fileTypesAndContributionMap": {
              "test-code": {
                "insertions": 3,
                "deletions": 2
              }
            }
          },
          {
            "hash": "849d86b614f82733a9a493b925c10c23e4223515",
            "messageTitle": "Added new invalid format exception to tests again.",
            "messageBody": "",
            "fileTypesAndContributionMap": {
              "test-code": {
                "insertions": 2,
                "deletions": 1
              }
            }
          },
          {
            "hash": "823578e2de6d5b8dd023b12f3bc0267f9442be92",
            "messageTitle": "Change exceptions in add tests from invalidcommand to invalidformat.",
            "messageBody": "",
            "fileTypesAndContributionMap": {
              "test-code": {
                "insertions": 6,
                "deletions": 6
              }
            }
          }
        ]
      },
      {
        "date": "2020-11-09",
        "commitResults": [
          {
            "hash": "02abfe037f69d3f9235335ea68a1ccbe14ad17e9",
            "messageTitle": "Add redo function.",
            "messageBody": "",
            "fileTypesAndContributionMap": {
              "functional-code": {
                "insertions": 62,
                "deletions": 26
              }
            }
          },
          {
            "hash": "5881f84ed8d7eec7603fd661ab6666e7a003f887",
            "messageTitle": "Add undo and redo in user guide.",
            "messageBody": "",
            "fileTypesAndContributionMap": {
              "docs": {
                "insertions": 32,
                "deletions": 3
              }
            }
          },
          {
            "hash": "71908384118192ab9604caf372618f4baa2eeed2",
            "messageTitle": "Fix explicit imports in parser.",
            "messageBody": "",
            "fileTypesAndContributionMap": {
              "functional-code": {
                "insertions": 11,
                "deletions": 2
              }
            }
          },
          {
            "hash": "5ef45dff1abc8d8fc97b8e11d57cc31ecd0aa07e",
            "messageTitle": "Update help message and image.",
            "messageBody": "",
            "fileTypesAndContributionMap": {
              "functional-code": {
                "insertions": 18,
                "deletions": 16
              },
              "docs": {
                "insertions": 1,
                "deletions": 1
              }
            }
          },
          {
            "hash": "4cdaf23b0b9ed65777bba584cf8e5659693e0058",
            "messageTitle": "Remove reminder from user guide",
            "messageBody": "",
            "fileTypesAndContributionMap": {
              "docs": {
                "insertions": 1,
                "deletions": 24
              }
            }
          },
          {
            "hash": "033af8ca834639052213095066621fcc1d595f78",
            "messageTitle": "Add PPP",
            "messageBody": "",
            "fileTypesAndContributionMap": {
              "docs": {
                "insertions": 35,
                "deletions": 0
              }
            }
          },
          {
            "hash": "273d9c0849160d542a6a811e416c99a0e980b1f2",
            "messageTitle": "Fix PPP links in AboutUs.md",
            "messageBody": "",
            "fileTypesAndContributionMap": {
              "docs": {
                "insertions": 3,
                "deletions": 3
              }
            }
          },
          {
            "hash": "3ad308049d7017c85c00637092842e8cc0a1cf85",
            "messageTitle": "Update latest release link in user guide",
            "messageBody": "",
            "fileTypesAndContributionMap": {
              "docs": {
                "insertions": 1,
                "deletions": 1
              }
            }
          },
          {
            "hash": "927d1c5c3f1da2e1d6c892d9f1bce3cf2bd529be",
            "messageTitle": "Fix latest release link in user guide",
            "messageBody": "",
            "fileTypesAndContributionMap": {
              "docs": {
                "insertions": 1,
                "deletions": 1
              }
            }
          },
          {
            "hash": "f234f8405b6d98fe2f6302a59793dfd35d642899",
            "messageTitle": "Remove setting reminder in content list",
            "messageBody": "",
            "fileTypesAndContributionMap": {
              "docs": {
                "insertions": 0,
                "deletions": 1
              }
            }
          }
        ]
      }
    ],
    "arindamshivatrip": [
      {
        "date": "2020-10-12",
        "commitResults": [
          {
            "hash": "26c0c1731fa87938f927a931d3d7c90fdc249a88",
            "messageTitle": "Added the search functionality and made some changes to the add function to deal with the case that nothing is given after add",
            "messageBody": "",
            "fileTypesAndContributionMap": {
              "functional-code": {
                "insertions": 80,
                "deletions": 37
              }
            }
          }
        ]
      },
      {
        "date": "2020-10-21",
        "commitResults": [
          {
            "hash": "c76a10f1427ffd33b79e1563140042f56a17fa45",
            "messageTitle": "Update AboutUs.md",
            "messageBody": "",
            "fileTypesAndContributionMap": {
              "docs": {
                "insertions": 1,
                "deletions": 1
              }
            }
          },
          {
            "hash": "7bb0909af25dff6176050a64f55e1536d1328691",
            "messageTitle": "Update AboutUs.md",
            "messageBody": "",
            "fileTypesAndContributionMap": {
              "docs": {
                "insertions": 1,
                "deletions": 1
              }
            }
          }
        ]
      },
      {
        "date": "2020-10-31",
        "commitResults": [
          {
            "hash": "eb05fd20dbc58e0531a281ed1c792b57a354c714",
            "messageTitle": "Implemented the import of ics files.",
            "messageBody": "",
            "fileTypesAndContributionMap": {
              "functional-code": {
                "insertions": 212,
                "deletions": 12
              }
            }
          }
        ]
      },
      {
        "date": "2020-11-07",
        "commitResults": [
          {
            "hash": "f10a9d5ceab644f230a7da8f3b51fc2c74f6de00",
            "messageTitle": "made changes to the ical reader to fix coding style errors and also made bug fixes that i assignned to myself.",
            "messageBody": "",
            "fileTypesAndContributionMap": {
              "functional-code": {
                "insertions": 42,
                "deletions": 40
              },
              "other": {
                "insertions": 45,
                "deletions": 50
              },
              "docs": {
                "insertions": 31,
                "deletions": 24
              }
            }
          },
          {
            "hash": "8ac6bde6fec4bb75f1d19dac94569270bd30328d",
            "messageTitle": "added image",
            "messageBody": "",
            "fileTypesAndContributionMap": {
              "docs": {
                "insertions": 1,
                "deletions": 1
              }
            }
          },
          {
            "hash": "7760044f1c1db5f1b14990748fd11f5971748bf7",
            "messageTitle": "Cleaned up remaining coding standard exceptions in other files",
            "messageBody": "",
            "fileTypesAndContributionMap": {
              "functional-code": {
                "insertions": 31,
                "deletions": 38
              },
              "other": {
                "insertions": 31,
                "deletions": 31
              }
            }
          }
        ]
      },
      {
        "date": "2020-11-09",
        "commitResults": [
          {
            "hash": "e6c50054ace089c6200857b4d1a2ffe3053bb606",
            "messageTitle": "Made changes to code structure and added PPP.",
            "messageBody": "",
            "fileTypesAndContributionMap": {
              "functional-code": {
                "insertions": 101,
                "deletions": 114
              },
              "docs": {
                "insertions": 43,
                "deletions": 5
              }
            }
          },
          {
            "hash": "62cbecffbbded1d6f43914ec205a3f5f633d4236",
            "messageTitle": "Fixed some exceptions",
            "messageBody": "",
            "fileTypesAndContributionMap": {
              "functional-code": {
                "insertions": 101,
                "deletions": 103
              },
              "docs": {
                "insertions": 0,
                "deletions": 0
              }
            }
          },
          {
            "hash": "dfed19dbbe6d261710d5a01dc26d638d26770b53",
            "messageTitle": "Made changes to the About us and to the PPP . Also added JavaDoc comments to the Storage.java file.",
            "messageBody": "",
            "fileTypesAndContributionMap": {
              "functional-code": {
                "insertions": 57,
                "deletions": 13
              },
              "docs": {
                "insertions": 9,
                "deletions": 7
              }
            }
          }
        ]
      }
    ],
    "e0406981": [
      {
        "date": "2020-09-30",
        "commitResults": [
          {
            "hash": "7bdb11c653b83c19a6462ec3c62545b8c8750532",
            "messageTitle": "changed name",
            "messageBody": "",
            "fileTypesAndContributionMap": {
              "docs": {
                "insertions": 1,
                "deletions": 1
              }
            }
          }
        ]
      },
      {
        "date": "2020-10-12",
        "commitResults": [
          {
            "hash": "35527633fe7695b0a8f3597834f340d10f05765c",
            "messageTitle": "added delete",
            "messageBody": "",
            "fileTypesAndContributionMap": {
              "functional-code": {
                "insertions": 47,
                "deletions": 9
              }
            }
          },
          {
            "hash": "a91bc04e9c4dc5105ed934a2d83588b2f3a0db27",
            "messageTitle": "added delete",
            "messageBody": "",
            "fileTypesAndContributionMap": {
              "functional-code": {
                "insertions": 6,
                "deletions": 11
              }
            }
          },
          {
            "hash": "c752404279064e4bb8f56f1a03830d22641ec733",
            "messageTitle": "formatting",
            "messageBody": "",
            "fileTypesAndContributionMap": {
              "functional-code": {
                "insertions": 7,
                "deletions": 4
              }
            }
          },
          {
            "hash": "4433ed4f7d3649bb4480deaeb5e1344ef91283ec",
            "messageTitle": "formatting",
            "messageBody": "",
            "fileTypesAndContributionMap": {
              "functional-code": {
                "insertions": 10,
                "deletions": 2
              }
            }
          }
        ]
      },
      {
        "date": "2020-10-26",
        "commitResults": [
          {
            "hash": "f25a2bdba8d346d55f8bdc8958d0faae929bfbdd",
            "messageTitle": "some tests for add and delete",
            "messageBody": "",
            "fileTypesAndContributionMap": {
              "test-code": {
                "insertions": 84,
                "deletions": 0
              }
            }
          },
          {
            "hash": "4583db1128e9a832af1577ef5a6748a44e180d2b",
            "messageTitle": "formatting",
            "messageBody": "",
            "fileTypesAndContributionMap": {
              "test-code": {
                "insertions": 16,
                "deletions": 15
              }
            }
          },
          {
            "hash": "f564e4c7274ca1b770bdde6a7407b32a1e450340",
            "messageTitle": "formatting",
            "messageBody": "",
            "fileTypesAndContributionMap": {
              "test-code": {
                "insertions": 2,
                "deletions": 3
              }
            }
          },
          {
            "hash": "83c858622f1c1f38b411008d7296dd72c39e5afe",
            "messageTitle": "more coverage for add and delete",
            "messageBody": "",
            "fileTypesAndContributionMap": {
              "test-code": {
                "insertions": 60,
                "deletions": 0
              }
            }
          },
          {
            "hash": "1dbfd83e1515b974309eba84de687e1ad9f0d675",
            "messageTitle": "more coverage for add and delete",
            "messageBody": "",
            "fileTypesAndContributionMap": {
              "test-code": {
                "insertions": 2,
                "deletions": 1
              }
            }
          }
        ]
      },
      {
        "date": "2020-11-06",
        "commitResults": [
          {
            "hash": "6e952cca5d043c532a81c7973e70fdf9eeb76c6d",
            "messageTitle": "ug update, small",
            "messageBody": "",
            "fileTypesAndContributionMap": {
              "docs": {
                "insertions": 3,
                "deletions": 0
              }
            }
          },
          {
            "hash": "c24c221c813a58b289489be7c1461de6665e43fb",
            "messageTitle": "disallowed st \u003e et",
            "messageBody": "",
            "fileTypesAndContributionMap": {
              "functional-code": {
                "insertions": 21,
                "deletions": 15
              }
            }
          },
          {
            "hash": "09399205e4a0e704f09481c4c767b12d3d3ffb03",
            "messageTitle": "typos",
            "messageBody": "",
            "fileTypesAndContributionMap": {
              "functional-code": {
                "insertions": 10,
                "deletions": 2
              },
              "docs": {
                "insertions": 1,
                "deletions": 1
              }
            }
          }
        ]
      },
      {
        "date": "2020-11-08",
        "commitResults": [
          {
            "hash": "282477ccfaf4e4aa62d4d5d10d78d6c8e5f011d1",
            "messageTitle": "added JavaDoc for most commands",
            "messageBody": "",
            "fileTypesAndContributionMap": {
              "functional-code": {
                "insertions": 109,
                "deletions": 9
              }
            }
          },
          {
            "hash": "4d864e8caa13abfb5afe3c3b690aabbfb9b6cdd2",
            "messageTitle": "summary javadoc for edit execute",
            "messageBody": "",
            "fileTypesAndContributionMap": {
              "functional-code": {
                "insertions": 2,
                "deletions": 0
              }
            }
          },
          {
            "hash": "136e965b012f4ce70c65ff8f6c2a13eb61e7170d",
            "messageTitle": "updated return comments",
            "messageBody": "",
            "fileTypesAndContributionMap": {
              "functional-code": {
                "insertions": 7,
                "deletions": 7
              }
            }
          }
        ]
      },
      {
        "date": "2020-11-09",
        "commitResults": [
          {
            "hash": "dd2a3d5e0f0beb279d1fba4730059d32fcfdef99",
            "messageTitle": "more javadoc",
            "messageBody": "",
            "fileTypesAndContributionMap": {
              "functional-code": {
                "insertions": 76,
                "deletions": 54
              }
            }
          },
          {
            "hash": "07a9ca3977a91ede38cc94fa7abc0619172abc49",
            "messageTitle": "updated return comments",
            "messageBody": "",
            "fileTypesAndContributionMap": {
              "functional-code": {
                "insertions": 7,
                "deletions": 7
              }
            }
          },
          {
            "hash": "6c7b10e37ef4dada8329db6518dad094a1ea7c6b",
            "messageTitle": "javadoc",
            "messageBody": "",
            "fileTypesAndContributionMap": {
              "functional-code": {
                "insertions": 21,
                "deletions": 1
              }
            }
          },
          {
            "hash": "983bee4efa13af0cbb88b4b1981e64f4d94818e7",
            "messageTitle": "formatting",
            "messageBody": "",
            "fileTypesAndContributionMap": {
              "functional-code": {
                "insertions": 54,
                "deletions": 68
              }
            }
          },
          {
            "hash": "93991733a10237ddbec75e610d9b84b5d5f89998",
            "messageTitle": "javadoc",
            "messageBody": "",
            "fileTypesAndContributionMap": {
              "functional-code": {
                "insertions": 75,
                "deletions": 19
              }
            }
          },
          {
            "hash": "f6015ba8af1d8b0ddacfa14920699ed30728cc24",
            "messageTitle": "javadoc",
            "messageBody": "",
            "fileTypesAndContributionMap": {
              "functional-code": {
                "insertions": 58,
                "deletions": 88
              }
            }
          },
          {
            "hash": "88ef7283686ffc66e71180b026278401c6f0c158",
            "messageTitle": "formatting",
            "messageBody": "",
            "fileTypesAndContributionMap": {
              "functional-code": {
                "insertions": 20,
                "deletions": 20
              }
            }
          },
          {
            "hash": "d7279efb517f9af168a35a503158493a5b63d198",
            "messageTitle": "formatting",
            "messageBody": "",
            "fileTypesAndContributionMap": {
              "functional-code": {
                "insertions": 5,
                "deletions": 6
              }
            }
          },
          {
            "hash": "6521bbfb5aee5f64d2d780abf1611ca926bc59bb",
            "messageTitle": "PPP",
            "messageBody": "",
            "fileTypesAndContributionMap": {
              "docs": {
                "insertions": 43,
                "deletions": 0
              }
            }
          },
          {
            "hash": "a7080310ecc68cd789b27748e17c4e9acd6d0d3f",
            "messageTitle": "Update and rename TimothyCheah.md to e0406981.md",
            "messageBody": "",
            "tags": [
              "v2.1"
            ],
            "fileTypesAndContributionMap": {
              "docs": {
                "insertions": 2,
                "deletions": 0
              }
            }
          }
        ]
      }
    ],
    "mhchan163": [
      {
        "date": "2020-09-30",
        "commitResults": [
          {
            "hash": "f97670de5c0739574780750dcacbfba048afa2b4",
            "messageTitle": "Updated AboutUs file with my name",
            "messageBody": "",
            "fileTypesAndContributionMap": {
              "docs": {
                "insertions": 1,
                "deletions": 1
              }
            }
          },
          {
            "hash": "9585544edd12445f57d5d2bdde6d11d5a41cff04",
            "messageTitle": "Added my name",
            "messageBody": "",
            "fileTypesAndContributionMap": {
              "docs": {
                "insertions": 2,
                "deletions": 2
              }
            }
          }
        ]
      },
      {
        "date": "2020-10-13",
        "commitResults": [
          {
            "hash": "409cb085f5292f041e2971eeaeaa62e5c4fc2ce1",
            "messageTitle": "Added deleteTask() test in TaskListTest class",
            "messageBody": "",
            "fileTypesAndContributionMap": {
              "functional-code": {
                "insertions": 1,
                "deletions": 1
              },
              "test-code": {
                "insertions": 12,
                "deletions": 3
              }
            }
          },
          {
            "hash": "269f2a08b6c41833d75c20e3390ede8ee78ab206",
            "messageTitle": "Added JUnit testing for clearTask test for clear task method",
            "messageBody": "",
            "fileTypesAndContributionMap": {
              "test-code": {
                "insertions": 12,
                "deletions": 3
              }
            }
          },
          {
            "hash": "37d86f0453a8fb1b84fda1e802e0f515b7499eef",
            "messageTitle": "Changed formatting for Gradle to be happy",
            "messageBody": "",
            "fileTypesAndContributionMap": {
              "test-code": {
                "insertions": 5,
                "deletions": 3
              }
            }
          }
        ]
      },
      {
        "date": "2020-10-26",
        "commitResults": [
          {
            "hash": "5a948bc62e4e2b1e96bd00fa378b53e027599e67",
            "messageTitle": "Changed Parser class to extract parameters before calling the command",
            "messageBody": "",
            "fileTypesAndContributionMap": {
              "functional-code": {
                "insertions": 62,
                "deletions": 53
              }
            }
          },
          {
            "hash": "cadb536cf615cb513e87d07ca8ed82332f266055",
            "messageTitle": "Deleted some unneccesary imports",
            "messageBody": "",
            "fileTypesAndContributionMap": {
              "functional-code": {
                "insertions": 0,
                "deletions": 4
              }
            }
          },
          {
            "hash": "fdc4638f4d9b3e430f80104c169e92d8004c6796",
            "messageTitle": "Edited DeleteTest and AddTest accordingly: Changed Add/Delete Constructor to parser.processRaw()",
            "messageBody": "",
            "fileTypesAndContributionMap": {
              "test-code": {
                "insertions": 28,
                "deletions": 19
              }
            }
          },
          {
            "hash": "04df48af3f46a199117a58df1b8fa5f12dffb483",
            "messageTitle": "Corrected AddTest and DeleteTest contructor_noRawInput_throws_InvalidCommandException",
            "messageBody": "",
            "fileTypesAndContributionMap": {
              "test-code": {
                "insertions": 2,
                "deletions": 2
              }
            }
          },
          {
            "hash": "0b35d56c9b75f0b06fa7bc604874b4b00935c1bd",
            "messageTitle": "Edited PR errors",
            "messageBody": "",
            "fileTypesAndContributionMap": {
              "functional-code": {
                "insertions": 3,
                "deletions": 3
              }
            }
          }
        ]
      },
      {
        "date": "2020-10-27",
        "commitResults": [
          {
            "hash": "0a0429230f532e3722d25875cb5c3774a1e778c9",
            "messageTitle": "More PR test errors fixed",
            "messageBody": "",
            "fileTypesAndContributionMap": {
              "test-code": {
                "insertions": 16,
                "deletions": 4
              }
            }
          },
          {
            "hash": "3b54db3956e0121e1aa87380fae964632d9deab3",
            "messageTitle": "Extracted parameters from List command",
            "messageBody": "",
            "fileTypesAndContributionMap": {
              "functional-code": {
                "insertions": 17,
                "deletions": 13
              }
            }
          },
          {
            "hash": "c72909bbbb8ea116fae3557abca7709486f02e2e",
            "messageTitle": "Fixed PR errors",
            "messageBody": "",
            "fileTypesAndContributionMap": {
              "functional-code": {
                "insertions": 5,
                "deletions": 7
              }
            }
          },
          {
            "hash": "32a2b2d5b1de47d365bba3dd3192c271f0329fc9",
            "messageTitle": "Added list to message for ADD Delete and Edit",
            "messageBody": "",
            "fileTypesAndContributionMap": {
              "functional-code": {
                "insertions": 9,
                "deletions": 3
              }
            }
          },
          {
            "hash": "4467da505ce4832de69234423967ddb76eb92c49",
            "messageTitle": "Added Reminder function",
            "messageBody": "",
            "fileTypesAndContributionMap": {
              "functional-code": {
                "insertions": 75,
                "deletions": 1
              }
            }
          },
          {
            "hash": "983948fa22e706c260742b3d823f5882b644b817",
            "messageTitle": "Fix PR errors",
            "messageBody": "",
            "fileTypesAndContributionMap": {
              "functional-code": {
                "insertions": 7,
                "deletions": 7
              }
            }
          },
          {
            "hash": "b81fe575c2518ba0fd3e7b005bc171981843bb7c",
            "messageTitle": "Added Reminder command into features section",
            "messageBody": "",
            "fileTypesAndContributionMap": {
              "docs": {
                "insertions": 21,
                "deletions": 0
              }
            }
          },
          {
            "hash": "10ce696a83e2c599a8f301617735519f81f80d90",
            "messageTitle": "minor changes",
            "messageBody": "",
            "fileTypesAndContributionMap": {
              "docs": {
                "insertions": 2,
                "deletions": 2
              }
            }
          },
          {
            "hash": "8bd91101940fbe33f3286e29eb95f7d79ace22c2",
            "messageTitle": "Added images for add command",
            "messageBody": "",
            "fileTypesAndContributionMap": {
              "docs": {
                "insertions": 2,
                "deletions": 1
              }
            }
          },
          {
            "hash": "e2d78ce56471543dcd6d2bfdd444ed4b1bb92dbc",
            "messageTitle": "Added images for edit commands in features section",
            "messageBody": "",
            "fileTypesAndContributionMap": {
              "docs": {
                "insertions": 10,
                "deletions": 3
              }
            }
          },
          {
            "hash": "e1fb0880da16a61a4122c33b2ff8cf67b0a05b6d",
            "messageTitle": "Added images to expected outcome part of the delete feature. And rephrased list explanation",
            "messageBody": "",
            "fileTypesAndContributionMap": {
              "docs": {
                "insertions": 21,
                "deletions": 7
              }
            }
          },
          {
            "hash": "d071ce42a97b3ba9b4ba96ebeea61be008812f46",
            "messageTitle": "Minor change",
            "messageBody": "",
            "fileTypesAndContributionMap": {
              "docs": {
                "insertions": 1,
                "deletions": 1
              }
            }
          }
        ]
      },
      {
        "date": "2020-10-28",
        "commitResults": [
          {
            "hash": "f93c07148d01961f13f8230fe0ac8d8edaf1bf65",
            "messageTitle": "Changed structure of Add, Edit, Delete task info",
            "messageBody": "",
            "fileTypesAndContributionMap": {
              "functional-code": {
                "insertions": 44,
                "deletions": 8
              }
            }
          },
          {
            "hash": "26181bc59e357e86cdd51ce25477d95007617282",
            "messageTitle": "Added displaySingleTask method in Ui",
            "messageBody": "",
            "fileTypesAndContributionMap": {
              "functional-code": {
                "insertions": 15,
                "deletions": 31
              }
            }
          },
          {
            "hash": "762467f9d74b77e8f22f3110b38919666351d956",
            "messageTitle": "small change",
            "messageBody": "",
            "fileTypesAndContributionMap": {
              "functional-code": {
                "insertions": 1,
                "deletions": 1
              }
            }
          }
        ]
      },
      {
        "date": "2020-11-03",
        "commitResults": [
          {
            "hash": "b7920ffd670b4f0660508dabf3faba4f983f86db",
            "messageTitle": "Fixed reminder java.NullpointerException error",
            "messageBody": "",
            "fileTypesAndContributionMap": {
              "functional-code": {
                "insertions": 3,
                "deletions": 3
              }
            }
          }
        ]
      },
      {
        "date": "2020-11-04",
        "commitResults": [
          {
            "hash": "a9ff9fb1b2b78b847957a64ea79027fcd34b5238",
            "messageTitle": "Added reminder to the add function",
            "messageBody": "",
            "fileTypesAndContributionMap": {
              "functional-code": {
                "insertions": 96,
                "deletions": 61
              }
            }
          },
          {
            "hash": "35dcf3b6caa6c0f0dac78607964ce97ab31129e6",
            "messageTitle": "Added reminder to edit function",
            "messageBody": "",
            "fileTypesAndContributionMap": {
              "functional-code": {
                "insertions": 48,
                "deletions": 19
              }
            }
          },
          {
            "hash": "d0cc985fde636db9b90a7ecf9e392f556adb0345",
            "messageTitle": "Added time conponent and timercanceler",
            "messageBody": "",
            "fileTypesAndContributionMap": {
              "functional-code": {
                "insertions": 71,
                "deletions": 41
              }
            }
          },
          {
            "hash": "dc12314334913540699168a7044e9f8a45d3b20b",
            "messageTitle": "Put timeCanceler to add timer when the timer object is created moved isReminder to reminder class Moved offReminder to task class",
            "messageBody": "",
            "fileTypesAndContributionMap": {
              "functional-code": {
                "insertions": 31,
                "deletions": 2
              }
            }
          },
          {
            "hash": "f5375ab7316c6a0f0e90a2d1d56ba5cf37b1e3d0",
            "messageTitle": "Added restartReminders method is storage Changed TimerCanceler class to Timers",
            "messageBody": "",
            "fileTypesAndContributionMap": {
              "functional-code": {
                "insertions": 20,
                "deletions": 18
              },
              "other": {
                "insertions": 2,
                "deletions": 2
              }
            }
          }
        ]
      },
      {
        "date": "2020-11-05",
        "commitResults": [
          {
            "hash": "5eae3842f198482cb9ba5941bee6c0f46336c4c0",
            "messageTitle": "Added Reminder column to list format Removed isReminder boolean from Reminder class StartReminder throws InvalidReminderException when no start time or time is given",
            "messageBody": "",
            "fileTypesAndContributionMap": {
              "functional-code": {
                "insertions": 50,
                "deletions": 45
              }
            }
          },
          {
            "hash": "838a4c84c99d4f2fc7923e5a8423aa7cc0257535",
            "messageTitle": "Refactor isOn boolean to Reminder class. Set Reminder to instantiate whenever Task object is created, now Timer object is only created when startReminder method is called.",
            "messageBody": "",
            "fileTypesAndContributionMap": {
              "functional-code": {
                "insertions": 54,
                "deletions": 47
              }
            }
          },
          {
            "hash": "4b2fc94a0ea7ed5bc73f9f221cdd6d0d3c421642",
            "messageTitle": "Fix coding quality violations",
            "messageBody": "",
            "fileTypesAndContributionMap": {
              "functional-code": {
                "insertions": 14,
                "deletions": 5
              }
            }
          },
          {
            "hash": "1fff563ca0cd7983ee7a58dd2195d1d03c2864ec",
            "messageTitle": "fixed coding violations",
            "messageBody": "",
            "fileTypesAndContributionMap": {
              "functional-code": {
                "insertions": 8,
                "deletions": 6
              }
            }
          },
          {
            "hash": "7f904b2704668448ebded29108034b2a6d1f09d6",
            "messageTitle": "...",
            "messageBody": "",
            "fileTypesAndContributionMap": {
              "functional-code": {
                "insertions": 18,
                "deletions": 17
              }
            }
          },
          {
            "hash": "1f9f5da326db52ed18d107b43112a680b1677854",
            "messageTitle": "Adjust JUnit tests accordingly",
            "messageBody": "",
            "fileTypesAndContributionMap": {
              "functional-code": {
                "insertions": 3,
                "deletions": 1
              },
              "test-code": {
                "insertions": 29,
                "deletions": 26
              }
            }
          },
          {
            "hash": "7f3f2aef046d4a40efda8b83ceb06e62fec3dd15",
            "messageTitle": "Added JUnit test in TaskTest for reminder function",
            "messageBody": "",
            "fileTypesAndContributionMap": {
              "test-code": {
                "insertions": 32,
                "deletions": 0
              }
            }
          }
        ]
      },
      {
        "date": "2020-11-06",
        "commitResults": [
          {
            "hash": "e63cac0fe2aa1e2aec602104715ac5ba5f71643f",
            "messageTitle": "Moved start and off Reminder methods to Reminder class",
            "messageBody": "",
            "fileTypesAndContributionMap": {
              "functional-code": {
                "insertions": 100,
                "deletions": 108
              }
            }
          },
          {
            "hash": "742f8714462e701230128d4701d497da53c89ca2",
            "messageTitle": "Add reminder to add feature in Command Summary",
            "messageBody": "",
            "fileTypesAndContributionMap": {
              "docs": {
                "insertions": 2,
                "deletions": 2
              }
            }
          },
          {
            "hash": "9cca4dbe701caafdd6b0603d522f58fce47d9c98",
            "messageTitle": "Fixed help message",
            "messageBody": "",
            "fileTypesAndContributionMap": {
              "functional-code": {
                "insertions": 21,
                "deletions": 21
              }
            }
          },
          {
            "hash": "8768133240a219bb1facf89ea884ff68bf94db31",
            "messageTitle": "Standardised the UG pictures and add reminder function to the add command.",
            "messageBody": "",
            "fileTypesAndContributionMap": {
              "docs": {
                "insertions": 40,
                "deletions": 44
              }
            }
          },
          {
            "hash": "d39fd06cb89cf81213394e3fc9851649ad4c702e",
            "messageTitle": "Made some changes to images",
            "messageBody": "",
            "fileTypesAndContributionMap": {
              "docs": {
                "insertions": 3,
                "deletions": 3
              }
            }
          },
          {
            "hash": "3dcc43f8b52ee87cbd3b0a1679d0ae071b35e847",
            "messageTitle": "added more images",
            "messageBody": "",
            "fileTypesAndContributionMap": {
              "docs": {
                "insertions": 6,
                "deletions": 6
              }
            }
          },
          {
            "hash": "b91d349b47f2c546a4becf22e7fa535b0173f2b8",
            "messageTitle": "Fixed some errors in the images",
            "messageBody": "",
            "fileTypesAndContributionMap": {
              "docs": {
                "insertions": 6,
                "deletions": 6
              }
            }
          },
          {
            "hash": "4dad8ed0f4c6b13c8b1ece14f7f4e35608df9b6d",
            "messageTitle": "Edited some text errors and fixed a few erroneous images",
            "messageBody": "",
            "fileTypesAndContributionMap": {
              "docs": {
                "insertions": 8,
                "deletions": 7
              }
            }
          }
        ]
      },
      {
        "date": "2020-11-07",
        "commitResults": [
          {
            "hash": "aefe6bce9ab6bd19e0a297779a67af70197ba346",
            "messageTitle": "Added comments for reminder class and reminder related methods that require explanation",
            "messageBody": "",
            "fileTypesAndContributionMap": {
              "functional-code": {
                "insertions": 17,
                "deletions": 1
              }
            }
          }
        ]
      },
      {
        "date": "2020-11-09",
        "commitResults": [
          {
            "hash": "23eab9ff4d879187a052f69672ee0cab3db87d71",
            "messageTitle": "Edited DG use and manual testing, edited TaskMapClass uml diagram",
            "messageBody": "",
            "fileTypesAndContributionMap": {
              "docs": {
                "insertions": 27,
                "deletions": 3
              }
            }
          },
          {
            "hash": "d854a50ed343fe4e1d30e2c72de41cb9e7af3442",
            "messageTitle": "Format editing",
            "messageBody": "",
            "fileTypesAndContributionMap": {
              "docs": {
                "insertions": 2,
                "deletions": 2
              }
            }
          },
          {
            "hash": "b6d26d018af83beebdb31900df65a1d0da1a96be",
            "messageTitle": "Added PPP",
            "messageBody": "",
            "fileTypesAndContributionMap": {
              "docs": {
                "insertions": 35,
                "deletions": 6
              }
            }
          },
          {
            "hash": "ba1b48b871c1acceb38de68a9379d13b27f723c4",
            "messageTitle": "Added author tag for DG",
            "messageBody": "",
            "fileTypesAndContributionMap": {
              "docs": {
                "insertions": 3,
                "deletions": 0
              }
            }
          },
          {
            "hash": "bdf0957ac1049ce0d8f6d7413d91dd906450e904",
            "messageTitle": "Minor changes",
            "messageBody": "",
            "fileTypesAndContributionMap": {
              "docs": {
                "insertions": 3,
                "deletions": 3
              },
              "test-code": {
                "insertions": 1,
                "deletions": 0
              }
            }
          },
          {
            "hash": "cdaa19e99fb0c711f054b59e47063082440a45f1",
            "messageTitle": "Changed PPP slighty and update Glossary for DG",
            "messageBody": "",
            "fileTypesAndContributionMap": {
              "docs": {
                "insertions": 12,
                "deletions": 4
              }
            }
          },
          {
            "hash": "4154ce8c061a58557fb897f5d8f5d3e56c73f968",
            "messageTitle": "Minor changes to DG",
            "messageBody": "",
            "fileTypesAndContributionMap": {
              "docs": {
                "insertions": 29,
                "deletions": 8
              }
            }
          },
          {
            "hash": "1323422f9f68a5912b48813329f514b020280a4b",
            "messageTitle": "More minor changes",
            "messageBody": "",
            "fileTypesAndContributionMap": {
              "docs": {
                "insertions": 1,
                "deletions": 1
              }
            }
          },
          {
            "hash": "a7158f36473665b1562054e032683daaed3e91ee",
            "messageTitle": "Changed format for delete under Manual testing",
            "messageBody": "",
            "fileTypesAndContributionMap": {
              "docs": {
                "insertions": 1,
                "deletions": 1
              }
            }
          }
        ]
      }
    ],
    "QX-CHEN": [
      {
        "date": "2020-09-28",
        "commitResults": [
          {
            "hash": "8da02d899443655fd36f8f62dafac575e723674a",
            "messageTitle": "Change name to Duke",
            "messageBody": "",
            "fileTypesAndContributionMap": {
              "other": {
                "insertions": 5,
                "deletions": 5
              }
            }
          },
          {
            "hash": "1dc496226cf62dbe954930a0558a8ee0de07a3bb",
            "messageTitle": "Rename package",
            "messageBody": "",
            "fileTypesAndContributionMap": {
              "functional-code": {
                "insertions": 3,
                "deletions": 1
              },
              "other": {
                "insertions": 2,
                "deletions": 2
              }
            }
          },
          {
            "hash": "aa7398d857052cc76ab1353fe91f5ad89f5b9b9c",
            "messageTitle": "Fix code standard violations",
            "messageBody": "",
            "fileTypesAndContributionMap": {
              "functional-code": {
                "insertions": 31,
                "deletions": 26
              }
            }
          },
          {
            "hash": "98f9c6e574169ad2821ea95a550df2ee212384b1",
            "messageTitle": "Remove shell file",
            "messageBody": "",
            "fileTypesAndContributionMap": {
              "other": {
                "insertions": 0,
                "deletions": 23
              }
            }
          }
        ]
      },
      {
        "date": "2020-09-29",
        "commitResults": [
          {
            "hash": "d1b8c2c80cd1dfacbe448e03a052daee085cb8fc",
            "messageTitle": "Revert \"Remove shell file\"",
            "messageBody": "This reverts commit 98f9c6e574169ad2821ea95a550df2ee212384b1.\n",
            "fileTypesAndContributionMap": {
              "other": {
                "insertions": 23,
                "deletions": 0
              }
            }
          },
          {
            "hash": "052ac0581e587ba613300bdb50cf87f3f7bf777b",
            "messageTitle": "Revert \"Fix code standard violations\"",
            "messageBody": "This reverts commit aa7398d857052cc76ab1353fe91f5ad89f5b9b9c.\n",
            "fileTypesAndContributionMap": {
              "functional-code": {
                "insertions": 26,
                "deletions": 31
              }
            }
          },
          {
            "hash": "1b3d599a9a9d51ff9cb6a204bfe6c59af8dda22f",
            "messageTitle": "Revert \"Rename package\"",
            "messageBody": "This reverts commit 1dc496226cf62dbe954930a0558a8ee0de07a3bb.\n",
            "fileTypesAndContributionMap": {
              "functional-code": {
                "insertions": 1,
                "deletions": 3
              },
              "other": {
                "insertions": 2,
                "deletions": 2
              }
            }
          },
          {
            "hash": "84ac140914ead4e98a96cff026a599ac05948ad3",
            "messageTitle": "Revert \"Change name to Duke\"",
            "messageBody": "This reverts commit 8da02d899443655fd36f8f62dafac575e723674a.\n",
            "fileTypesAndContributionMap": {
              "other": {
                "insertions": 5,
                "deletions": 5
              }
            }
          },
          {
            "hash": "6693b2c160bf1322dec1014d62659e26051a8ca6",
            "messageTitle": "Revert \"First commit\"",
            "messageBody": "This reverts commit a0e12cbf1afd1f2dbd4d7db0d67d23b85b8787c2.\n",
            "fileTypesAndContributionMap": {
              "functional-code": {
                "insertions": 21,
                "deletions": 144
              },
              "other": {
                "insertions": 2,
                "deletions": 2
              }
            }
          }
        ]
      },
      {
        "date": "2020-09-30",
        "commitResults": [
          {
            "hash": "8969c926356bc2fd53705699f0336e8cfecb7110",
            "messageTitle": "Update about us",
            "messageBody": "",
            "fileTypesAndContributionMap": {
              "docs": {
                "insertions": 2,
                "deletions": 2
              }
            }
          }
        ]
      },
      {
        "date": "2020-10-01",
        "commitResults": [
          {
            "hash": "00ce5380c4d853ced9eeb431bc276074d3dc7c21",
            "messageTitle": "Change \"Duke\" to \"PlaNUS\"",
            "messageBody": "",
            "fileTypesAndContributionMap": {
              "functional-code": {
                "insertions": 5,
                "deletions": 5
              }
            }
          },
          {
            "hash": "2af2b9f2c7166447720b232c1e7e2f4a4cbf5de2",
            "messageTitle": "Empty test files",
            "messageBody": "",
            "fileTypesAndContributionMap": {
              "other": {
                "insertions": 0,
                "deletions": 1
              }
            }
          },
          {
            "hash": "24c259a0bd80c590d6d3f1bd5d3527c3f357b386",
            "messageTitle": "Back to \"Duke\"",
            "messageBody": "",
            "fileTypesAndContributionMap": {
              "functional-code": {
                "insertions": 6,
                "deletions": 5
              }
            }
          },
          {
            "hash": "177b8a5c78f67a743ca2f42f7e3db09e400db56d",
            "messageTitle": "Add input name",
            "messageBody": "",
            "fileTypesAndContributionMap": {
              "other": {
                "insertions": 1,
                "deletions": 0
              }
            }
          },
          {
            "hash": "0f3bd520b1e72633bb51b40f988b9063b1539feb",
            "messageTitle": "Change logo",
            "messageBody": "",
            "fileTypesAndContributionMap": {
              "functional-code": {
                "insertions": 5,
                "deletions": 5
              }
            }
          }
        ]
      },
      {
        "date": "2020-10-06",
        "commitResults": [
          {
            "hash": "3191daef73ab40b0c14d4bdf7dd5e161eff3d1ab",
            "messageTitle": "Add Task class",
            "messageBody": "",
            "fileTypesAndContributionMap": {
              "functional-code": {
                "insertions": 19,
                "deletions": 0
              }
            }
          },
          {
            "hash": "ab98fcc5d3718564a0f7cda1f0d7e04d1bd252c1",
            "messageTitle": "Add base code",
            "messageBody": "",
            "fileTypesAndContributionMap": {
              "functional-code": {
                "insertions": 114,
                "deletions": 9
              },
              "other": {
                "insertions": 1,
                "deletions": 1
              }
            }
          },
          {
            "hash": "436e74c234c719c83d9e84beb9db1f5371e4f078",
            "messageTitle": "Fix violations",
            "messageBody": "",
            "fileTypesAndContributionMap": {
              "functional-code": {
                "insertions": 19,
                "deletions": 14
              }
            }
          },
          {
            "hash": "fede4f6e1c29f89d203896fd527d38af3f377e0b",
            "messageTitle": "Change Task class",
            "messageBody": "",
            "fileTypesAndContributionMap": {
              "functional-code": {
                "insertions": 111,
                "deletions": 38
              }
            }
          },
          {
            "hash": "8c95b592a7848e645791f20be51ea8414a0c625f",
            "messageTitle": "Add Storage Class",
            "messageBody": "",
            "fileTypesAndContributionMap": {
              "functional-code": {
                "insertions": 105,
                "deletions": 17
              },
              "other": {
                "insertions": 1,
                "deletions": 0
              }
            }
          },
          {
            "hash": "59042ce046d4544caed87484b619d4962ebc4059",
            "messageTitle": "Change Duke to Planus",
            "messageBody": "",
            "fileTypesAndContributionMap": {
              "functional-code": {
                "insertions": 130,
                "deletions": 0
              },
              "other": {
                "insertions": 29,
                "deletions": 7
              }
            }
          },
          {
            "hash": "6642d4591376d224425fd76235b1c7f635b9fa8e",
            "messageTitle": "Add basic and sorted display",
            "messageBody": "",
            "fileTypesAndContributionMap": {
              "functional-code": {
                "insertions": 62,
                "deletions": 11
              }
            }
          }
        ]
      },
      {
        "date": "2020-10-07",
        "commitResults": [
          {
            "hash": "47f5235d3c5217b57745a2f9d1dab2804266ec7c",
            "messageTitle": "Initial try on display mode",
            "messageBody": "",
            "fileTypesAndContributionMap": {
              "functional-code": {
                "insertions": 34,
                "deletions": 2
              }
            }
          },
          {
            "hash": "53163cdd63fef236f763a7d919e07de6d2b11f67",
            "messageTitle": "Clean Ui and Storage",
            "messageBody": "",
            "fileTypesAndContributionMap": {
              "functional-code": {
                "insertions": 17,
                "deletions": 162
              }
            }
          },
          {
            "hash": "a8518bcec709164abb21437a1555f2050007655c",
            "messageTitle": "Clean basic Ui and Storage",
            "messageBody": "",
            "fileTypesAndContributionMap": {
              "functional-code": {
                "insertions": 24,
                "deletions": 34
              }
            }
          }
        ]
      },
      {
        "date": "2020-10-08",
        "commitResults": [
          {
            "hash": "2afb981b36d14a0a7f9c83bf48460f0fafdc805a",
            "messageTitle": "Minor change",
            "messageBody": "",
            "fileTypesAndContributionMap": {
              "functional-code": {
                "insertions": 2,
                "deletions": 2
              }
            }
          }
        ]
      },
      {
        "date": "2020-10-11",
        "commitResults": [
          {
            "hash": "042aa5a2bd9f704badefbe22db9e5f8dd11ffd25",
            "messageTitle": "Create packages",
            "messageBody": "",
            "fileTypesAndContributionMap": {
              "functional-code": {
                "insertions": 5,
                "deletions": 3
              },
              "other": {
                "insertions": 16,
                "deletions": 13
              },
              "test-code": {
                "insertions": 17,
                "deletions": 2
              }
            }
          },
          {
            "hash": "a9d329e87e8b1c9b3a0b803be1e54a96082aefc7",
            "messageTitle": "Add TaskList class",
            "messageBody": "",
            "fileTypesAndContributionMap": {
              "functional-code": {
                "insertions": 66,
                "deletions": 39
              },
              "test-code": {
                "insertions": 7,
                "deletions": 11
              }
            }
          },
          {
            "hash": "b7f958b188e9111ad11574f7f5aae024682879cc",
            "messageTitle": "Add some JUnit Tests",
            "messageBody": "",
            "fileTypesAndContributionMap": {
              "functional-code": {
                "insertions": 18,
                "deletions": 6
              },
              "test-code": {
                "insertions": 62,
                "deletions": 7
              }
            }
          },
          {
            "hash": "2d389eea56d85e4a9b1b6164f64d7447de844f3c",
            "messageTitle": "Add Messages, Priority and Exceptions",
            "messageBody": "",
            "fileTypesAndContributionMap": {
              "functional-code": {
                "insertions": 108,
                "deletions": 16
              },
              "test-code": {
                "insertions": 0,
                "deletions": 3
              }
            }
          },
          {
            "hash": "e312b07fbba0a82e3e6c7261b211dfcb20f31a69",
            "messageTitle": "Throws exception in test",
            "messageBody": "",
            "fileTypesAndContributionMap": {
              "test-code": {
                "insertions": 2,
                "deletions": 1
              }
            }
          },
          {
            "hash": "d66fc5f08868f09fa3eeb3cc160a7357a00132d8",
            "messageTitle": "Add Parser and Commands",
            "messageBody": "",
            "fileTypesAndContributionMap": {
              "functional-code": {
                "insertions": 204,
                "deletions": 79
              }
            }
          },
          {
            "hash": "f508362a0de8ef8b97ebaa7b47eee121a116f1e5",
            "messageTitle": "Minor changes",
            "messageBody": "",
            "fileTypesAndContributionMap": {
              "functional-code": {
                "insertions": 0,
                "deletions": 9
              }
            }
          },
          {
            "hash": "c69b7c9743f5c78872ba426a72a7df0a16a988f7",
            "messageTitle": "Fix rawInput in Add",
            "messageBody": "",
            "fileTypesAndContributionMap": {
              "functional-code": {
                "insertions": 1,
                "deletions": 1
              }
            }
          },
          {
            "hash": "8a44e7f047ea6aa003c795dc60e1b561fa5e07fe",
            "messageTitle": "Add edit command",
            "messageBody": "",
            "fileTypesAndContributionMap": {
              "functional-code": {
                "insertions": 97,
                "deletions": 8
              }
            }
          },
          {
            "hash": "d6946ad9d85a42246407712e914f42487bbbdef5",
            "messageTitle": "Add font colors",
            "messageBody": "",
            "fileTypesAndContributionMap": {
              "functional-code": {
                "insertions": 77,
                "deletions": 10
              }
            }
          },
          {
            "hash": "988d9d137af91b04f01a92d1515a0cf7924c06e8",
            "messageTitle": "Fix code style",
            "messageBody": "",
            "fileTypesAndContributionMap": {
              "functional-code": {
                "insertions": 28,
                "deletions": 17
              },
              "other": {
                "insertions": 1,
                "deletions": 1
              }
            }
          }
        ]
      },
      {
        "date": "2020-10-12",
        "commitResults": [
          {
            "hash": "5fb586687788bc4dc7005008f9ed3fd98aebb3ad",
            "messageTitle": "Update TaskList.java",
            "messageBody": "",
            "fileTypesAndContributionMap": {
              "functional-code": {
                "insertions": 4,
                "deletions": 0
              }
            }
          },
          {
            "hash": "c21695f7d60ff83473585eaa14b6bc1522cbf20c",
            "messageTitle": "Update Planus.java",
            "messageBody": "",
            "fileTypesAndContributionMap": {
              "functional-code": {
                "insertions": 2,
                "deletions": 5
              }
            }
          },
          {
            "hash": "7fbeb032049910caa7bf3bdef7c7e235d8ad83ad",
            "messageTitle": "Remove colored text to pass io test",
            "messageBody": "",
            "fileTypesAndContributionMap": {
              "functional-code": {
                "insertions": 2,
                "deletions": 2
              },
              "other": {
                "insertions": 2,
                "deletions": 2
              }
            }
          },
          {
            "hash": "972894401400c018afd071f9e60a8cd438416f18",
            "messageTitle": "Separate Edit and Clear from main",
            "messageBody": "",
            "fileTypesAndContributionMap": {
              "functional-code": {
                "insertions": 19,
                "deletions": 120
              }
            }
          },
          {
            "hash": "11b1a24644ec3970ee8d37311f9b1b3978b9a478",
            "messageTitle": "Divide time of task into start time and end time",
            "messageBody": "",
            "fileTypesAndContributionMap": {
              "functional-code": {
                "insertions": 54,
                "deletions": 21
              },
              "test-code": {
                "insertions": 4,
                "deletions": 4
              }
            }
          },
          {
            "hash": "22b9320c8e978c4292045e003334629d2bda61f9",
            "messageTitle": "Change font color",
            "messageBody": "",
            "fileTypesAndContributionMap": {
              "functional-code": {
                "insertions": 12,
                "deletions": 12
              },
              "other": {
                "insertions": 2,
                "deletions": 2
              }
            }
          },
          {
            "hash": "9f2d076f96f49fd2e815578f20c858d0515612cc",
            "messageTitle": "Fix text ui checks",
            "messageBody": "",
            "fileTypesAndContributionMap": {
              "functional-code": {
                "insertions": 1,
                "deletions": 1
              }
            }
          },
          {
            "hash": "9f0396eb92ae37feaff69317b99ec8273e50a2d8",
            "messageTitle": "Fix search and text ui checks",
            "messageBody": "",
            "fileTypesAndContributionMap": {
              "functional-code": {
                "insertions": 4,
                "deletions": 7
              }
            }
          },
          {
            "hash": "658878be32abf4fb00b4e5b17b6bddb3e40692d7",
            "messageTitle": "Minor fixes",
            "messageBody": "",
            "fileTypesAndContributionMap": {
              "functional-code": {
                "insertions": 2,
                "deletions": 2
              }
            }
          }
        ]
      },
      {
        "date": "2020-10-13",
        "commitResults": [
          {
            "hash": "a83866108d10f68d84e89af1e8346908bd47328e",
            "messageTitle": "Change Priority number with testing",
            "messageBody": "",
            "fileTypesAndContributionMap": {
              "functional-code": {
                "insertions": 6,
                "deletions": 6
              },
              "test-code": {
                "insertions": 48,
                "deletions": 0
              }
            }
          },
          {
            "hash": "e8e8607090f1e28352f01cfca96e0a3b25af762f",
            "messageTitle": "Add InvalidDatetimeException with testings",
            "messageBody": "",
            "fileTypesAndContributionMap": {
              "functional-code": {
                "insertions": 39,
                "deletions": 12
              },
              "test-code": {
                "insertions": 39,
                "deletions": 5
              }
            }
          },
          {
            "hash": "5fc3339acfb1c43977756d1b2e794e3bad14fce2",
            "messageTitle": "Expand help message",
            "messageBody": "",
            "fileTypesAndContributionMap": {
              "functional-code": {
                "insertions": 21,
                "deletions": 1
              }
            }
          },
          {
            "hash": "f05c4c3ddbed35bffc09c95594bb6efefe58bde3",
            "messageTitle": "Add text ui test and fix some bugs",
            "messageBody": "",
            "fileTypesAndContributionMap": {
              "functional-code": {
                "insertions": 16,
                "deletions": 9
              },
              "other": {
                "insertions": 29,
                "deletions": 1
              },
              "test-code": {
                "insertions": 0,
                "deletions": 1
              }
            }
          }
        ]
      },
      {
        "date": "2020-10-14",
        "commitResults": [
          {
            "hash": "07268c2913a9dada31f5c3a675a8563e37d499a1",
            "messageTitle": "Add some assert statements",
            "messageBody": "",
            "fileTypesAndContributionMap": {
              "functional-code": {
                "insertions": 5,
                "deletions": 0
              },
              "other": {
                "insertions": 1,
                "deletions": 0
              },
              "test-code": {
                "insertions": 1,
                "deletions": 2
              }
            }
          },
          {
            "hash": "036a2749e6a46f1a80973d15a4b1db81b34dd79c",
            "messageTitle": "Add dates to task, tests case without date changes with day, causing text ui test to fail on different day",
            "messageBody": "",
            "fileTypesAndContributionMap": {
              "other": {
                "insertions": 2,
                "deletions": 2
              }
            }
          }
        ]
      },
      {
        "date": "2020-10-15",
        "commitResults": [
          {
            "hash": "7cf9dc769547ffa2f74d074476442195774b1284",
            "messageTitle": "Attemp on taskMap",
            "messageBody": "",
            "fileTypesAndContributionMap": {
              "functional-code": {
                "insertions": 153,
                "deletions": 44
              }
            }
          },
          {
            "hash": "7ceaf435253c57e630be6c3553e5b8e1169bb942",
            "messageTitle": "Basic functions working but collision not fully resolved",
            "messageBody": "",
            "fileTypesAndContributionMap": {
              "functional-code": {
                "insertions": 21,
                "deletions": 103
              },
              "test-code": {
                "insertions": 0,
                "deletions": 85
              }
            }
          },
          {
            "hash": "2278c17f49573978307aec93dd41a6cccfe8d848",
            "messageTitle": "Resolve collision by setting max number of task and linear probing Add MaxNumTaskException",
            "messageBody": "",
            "fileTypesAndContributionMap": {
              "functional-code": {
                "insertions": 46,
                "deletions": 22
              }
            }
          },
          {
            "hash": "44aae3482f604d8aa086a5175646e8965689ab13",
            "messageTitle": "Fix basic display description too long",
            "messageBody": "",
            "fileTypesAndContributionMap": {
              "functional-code": {
                "insertions": 9,
                "deletions": 22
              }
            }
          },
          {
            "hash": "fb8a85aa02b2e185ae5061b1fc2d516bdd1d5c6e",
            "messageTitle": "Fix sorting and add list options",
            "messageBody": "",
            "fileTypesAndContributionMap": {
              "functional-code": {
                "insertions": 42,
                "deletions": 4
              }
            }
          }
        ]
      },
      {
        "date": "2020-10-16",
        "commitResults": [
          {
            "hash": "ec4630792b6cb9e22f808fdd21bb70a86a52f6fd",
            "messageTitle": "Add weekly view",
            "messageBody": "",
            "fileTypesAndContributionMap": {
              "functional-code": {
                "insertions": 168,
                "deletions": 2
              }
            }
          },
          {
            "hash": "7d613155003e4266aa61037762573fa7b463d171",
            "messageTitle": "Extend list command for weekly view",
            "messageBody": "",
            "fileTypesAndContributionMap": {
              "functional-code": {
                "insertions": 60,
                "deletions": 36
              }
            }
          },
          {
            "hash": "4493857a6ab719252ce8c2146cb90bc34166c8b9",
            "messageTitle": "Fix code style",
            "messageBody": "",
            "fileTypesAndContributionMap": {
              "functional-code": {
                "insertions": 12,
                "deletions": 11
              }
            }
          }
        ]
      },
      {
        "date": "2020-10-19",
        "commitResults": [
          {
            "hash": "5f1aa758d2d14a394b58d4b68019f5b37ef2d53c",
            "messageTitle": "Fix empty list display",
            "messageBody": "",
            "fileTypesAndContributionMap": {
              "functional-code": {
                "insertions": 14,
                "deletions": 8
              }
            }
          },
          {
            "hash": "2b868cfa1900d448a61edf09c99d8f05609f34f1",
            "messageTitle": "Move padString to Util No display of all tasks after edit Add border for weekly display",
            "messageBody": "",
            "fileTypesAndContributionMap": {
              "functional-code": {
                "insertions": 43,
                "deletions": 30
              }
            }
          },
          {
            "hash": "e305a545e9026e049edc0dbd8b480094e01be82f",
            "messageTitle": "Remove display after add",
            "messageBody": "",
            "fileTypesAndContributionMap": {
              "functional-code": {
                "insertions": 1,
                "deletions": 1
              }
            }
          },
          {
            "hash": "7a43cddd120e295322af331bdd707f64344b7bf4",
            "messageTitle": "Add JUnit test for Util",
            "messageBody": "",
            "fileTypesAndContributionMap": {
              "functional-code": {
                "insertions": 32,
                "deletions": 21
              },
              "test-code": {
                "insertions": 47,
                "deletions": 0
              }
            }
          },
          {
            "hash": "6c8d15fa22dc61ea6657426e8027a2eea7c21c85",
            "messageTitle": "Fix code style",
            "messageBody": "",
            "fileTypesAndContributionMap": {
              "functional-code": {
                "insertions": 10,
                "deletions": 10
              },
              "test-code": {
                "insertions": 7,
                "deletions": 7
              }
            }
          },
          {
            "hash": "26678309ca702548dcc79ff3eb40ff93fe764874",
            "messageTitle": "Add monthly view",
            "messageBody": "",
            "fileTypesAndContributionMap": {
              "functional-code": {
                "insertions": 126,
                "deletions": 61
              }
            }
          },
          {
            "hash": "218bea38e5a9e2aefa5412987a34b8e0d35f4da6",
            "messageTitle": "Add User Guide",
            "messageBody": "",
            "fileTypesAndContributionMap": {
              "docs": {
                "insertions": 164,
                "deletions": 16
              }
            }
          }
        ]
      },
      {
        "date": "2020-10-20",
        "commitResults": [
          {
            "hash": "def2a3afc86af5acd2d710606a64fb510d926a8c",
            "messageTitle": "Add TaskMap JUnit test",
            "messageBody": "",
            "fileTypesAndContributionMap": {
              "functional-code": {
                "insertions": 2,
                "deletions": 1
              },
              "test-code": {
                "insertions": 121,
                "deletions": 2
              }
            }
          },
          {
            "hash": "0e6cc1253ba0f15e7e51d41cbc351311f7ca4e35",
            "messageTitle": "Add display tasks of a specific date",
            "messageBody": "",
            "fileTypesAndContributionMap": {
              "functional-code": {
                "insertions": 38,
                "deletions": 9
              },
              "docs": {
                "insertions": 21,
                "deletions": 6
              }
            }
          },
          {
            "hash": "3845b0056b36f5b7d93b8e2a525ffbb6d042712d",
            "messageTitle": "Fix code style",
            "messageBody": "",
            "fileTypesAndContributionMap": {
              "functional-code": {
                "insertions": 0,
                "deletions": 7
              }
            }
          },
          {
            "hash": "5d109b204cdfef9e91b7e89e90f4c223c23e3bfd",
            "messageTitle": "Add expected outcomes for user guide",
            "messageBody": "",
            "fileTypesAndContributionMap": {
              "functional-code": {
                "insertions": 2,
                "deletions": 2
              },
              "docs": {
                "insertions": 74,
                "deletions": 40
              }
            }
          },
          {
            "hash": "e16d43733dfb1b385a8541ccfe18c168fc227a7b",
            "messageTitle": "Minor change",
            "messageBody": "",
            "fileTypesAndContributionMap": {
              "docs": {
                "insertions": 1,
                "deletions": 1
              }
            }
          },
          {
            "hash": "2000bd1d3eceb396737b073d3980787da46c69d6",
            "messageTitle": "Fix image issue and move introduction to readme",
            "messageBody": "",
            "fileTypesAndContributionMap": {
              "docs": {
                "insertions": 14,
                "deletions": 15
              }
            }
          }
        ]
      },
      {
        "date": "2020-10-21",
        "commitResults": [
          {
            "hash": "e5602756630b0a7bcad5751f52a8e3e27a9ffe01",
            "messageTitle": "UG/DG",
            "messageBody": "",
            "fileTypesAndContributionMap": {
              "docs": {
                "insertions": 234,
                "deletions": 8
              },
              "test-code": {
                "insertions": 48,
                "deletions": 48
              }
            }
          }
        ]
      },
      {
        "date": "2020-10-22",
        "commitResults": [
          {
            "hash": "2b010bcbbe6d9dedaaa5b07b2add76ddc68a8269",
            "messageTitle": "Add manual testing section",
            "messageBody": "",
            "fileTypesAndContributionMap": {
              "docs": {
                "insertions": 101,
                "deletions": 0
              },
              "test-code": {
                "insertions": 48,
                "deletions": 48
              }
            }
          },
          {
            "hash": "2c1fcf80b9d7eb92586dc5aa6c6a2df7d1aa3608",
            "messageTitle": "Use cases formatting",
            "messageBody": "",
            "fileTypesAndContributionMap": {
              "docs": {
                "insertions": 57,
                "deletions": 35
              }
            }
          }
        ]
      },
      {
        "date": "2020-10-23",
        "commitResults": [
          {
            "hash": "ca65b5ef4234cd090af05914a75fb527dbcb782c",
            "messageTitle": "UG fixes",
            "messageBody": "",
            "fileTypesAndContributionMap": {
              "docs": {
                "insertions": 30,
                "deletions": 9
              }
            }
          },
          {
            "hash": "57054e119fa3d2aaee7e5949c291d34789099898",
            "messageTitle": "Add some newlines in UG",
            "messageBody": "",
            "fileTypesAndContributionMap": {
              "docs": {
                "insertions": 6,
                "deletions": 6
              }
            }
          }
        ]
      },
      {
        "date": "2020-10-24",
        "commitResults": [
          {
            "hash": "ee902087718b95394d38dacaa6aa6e41a2204bcc",
            "messageTitle": "Minor changes",
            "messageBody": "",
            "fileTypesAndContributionMap": {
              "docs": {
                "insertions": 4,
                "deletions": 4
              }
            }
          }
        ]
      },
      {
        "date": "2020-10-26",
        "commitResults": [
          {
            "hash": "829fdc95258521192515e08d84bf6c551ec8d727",
            "messageTitle": "Add undo function",
            "messageBody": "",
            "fileTypesAndContributionMap": {
              "functional-code": {
                "insertions": 314,
                "deletions": 94
              }
            }
          },
          {
            "hash": "0c4543aea2c172cb6ed7bb9bda89a85d001efa67",
            "messageTitle": "Update test",
            "messageBody": "",
            "fileTypesAndContributionMap": {
              "test-code": {
                "insertions": 18,
                "deletions": 7
              }
            }
          }
        ]
      },
      {
        "date": "2020-10-27",
        "commitResults": [
          {
            "hash": "0f2b1d09a87822724fc8b09308491906738176dd",
            "messageTitle": "Fix monthly view last week display",
            "messageBody": "",
            "fileTypesAndContributionMap": {
              "functional-code": {
                "insertions": 7,
                "deletions": 4
              }
            }
          },
          {
            "hash": "d6d5331200946f1abfea7752c7f18c8d3c28e3cd",
            "messageTitle": "Add quit,previous and next in partial display",
            "messageBody": "",
            "fileTypesAndContributionMap": {
              "functional-code": {
                "insertions": 222,
                "deletions": 60
              }
            }
          },
          {
            "hash": "af1bde92632e1c5851ce666fca780383ab2e0a6a",
            "messageTitle": "Minor change",
            "messageBody": "",
            "fileTypesAndContributionMap": {
              "functional-code": {
                "insertions": 1,
                "deletions": 1
              }
            }
          }
        ]
      },
      {
        "date": "2020-10-29",
        "commitResults": [
          {
            "hash": "cfb8229d658549edfa78e4a1944c01924cef3679",
            "messageTitle": "Minor change",
            "messageBody": "",
            "fileTypesAndContributionMap": {
              "functional-code": {
                "insertions": 2,
                "deletions": 1
              }
            }
          },
          {
            "hash": "ba0c05b8c0f8874e9e3de3e99bbf9f67e6e69b92",
            "messageTitle": "Fix internal links",
            "messageBody": "",
            "fileTypesAndContributionMap": {
              "docs": {
                "insertions": 14,
                "deletions": 9
              }
            }
          },
          {
            "hash": "6209e731c861dc0684f37aac992e05e774fcd868",
            "messageTitle": "Change purple to green for help messages",
            "messageBody": "",
            "fileTypesAndContributionMap": {
              "functional-code": {
                "insertions": 21,
                "deletions": 21
              }
            }
          },
          {
            "hash": "2e8b38d15af505c19ebe547b65155cc84bd86de4",
            "messageTitle": "Change welcome message to v2.0",
            "messageBody": "",
            "fileTypesAndContributionMap": {
              "functional-code": {
                "insertions": 1,
                "deletions": 1
              }
            }
          }
        ]
      },
      {
        "date": "2020-10-30",
        "commitResults": [
          {
            "hash": "1bd90b8d9c6bcc91d17b98de7ef6c426c48cd701",
            "messageTitle": "Update usage of q,w,e in partial display",
            "messageBody": "",
            "fileTypesAndContributionMap": {
              "docs": {
                "insertions": 3,
                "deletions": 1
              }
            }
          },
          {
            "hash": "b407098003e446000f450006ef70f957f78a85f2",
            "messageTitle": "Import timetable",
            "messageBody": "",
            "fileTypesAndContributionMap": {
              "functional-code": {
                "insertions": 84,
                "deletions": 5
              }
            }
          }
        ]
      },
      {
        "date": "2020-10-31",
        "commitResults": [
          {
            "hash": "9ed6c077e7595f097048d7a9459c84b8e8f7ef67",
            "messageTitle": "Minor change",
            "messageBody": "",
            "fileTypesAndContributionMap": {
              "functional-code": {
                "insertions": 10,
                "deletions": 5
              }
            }
          },
          {
            "hash": "20220e211948039a36042913e164b5304dd29ce4",
            "messageTitle": "Remove header color Fix internal links",
            "messageBody": "",
            "fileTypesAndContributionMap": {
              "docs": {
                "insertions": 20,
                "deletions": 19
              }
            }
          },
          {
            "hash": "1a9063d1d6c6b0d5043855a555a901603b2c95a0",
            "messageTitle": "Fix code style",
            "messageBody": "",
            "fileTypesAndContributionMap": {
              "functional-code": {
                "insertions": 6,
                "deletions": 6
              }
            }
          },
          {
            "hash": "7a972f86a88ba717c78ec0acf9ddfea5489624f9",
            "messageTitle": "Fix date format example",
            "messageBody": "",
            "fileTypesAndContributionMap": {
              "docs": {
                "insertions": 1,
                "deletions": 1
              }
            }
          }
        ]
      },
      {
        "date": "2020-11-06",
        "commitResults": [
          {
            "hash": "314d3087d97e98eaf494fa7322f4d1c7072f7d44",
            "messageTitle": "Fix file reading",
            "messageBody": "",
            "fileTypesAndContributionMap": {
              "functional-code": {
                "insertions": 18,
                "deletions": 7
              }
            }
          },
          {
            "hash": "b56b271761bbf1c99e744bb7e3cd67dbabb0d1fd",
            "messageTitle": "Move string conversion methods to Util",
            "messageBody": "",
            "fileTypesAndContributionMap": {
              "functional-code": {
                "insertions": 98,
                "deletions": 90
              }
            }
          },
          {
            "hash": "d52d13c5d7f8a56cd94957d2813567d98b97b291",
            "messageTitle": "Add JUnit test for Util",
            "messageBody": "",
            "fileTypesAndContributionMap": {
              "functional-code": {
                "insertions": 1,
                "deletions": 2
              },
              "test-code": {
                "insertions": 159,
                "deletions": 4
              }
            }
          }
        ]
      },
      {
        "date": "2020-11-07",
        "commitResults": [
          {
            "hash": "b79ae625dca43c132daa32f866f8c253fae2b787",
            "messageTitle": "Minor change",
            "messageBody": "",
            "fileTypesAndContributionMap": {
              "test-code": {
                "insertions": 3,
                "deletions": 3
              }
            }
          },
          {
            "hash": "4bdc73abb17a2fdbfee793abbdca72b4e6c1b461",
            "messageTitle": "Fix import timetable with reminder",
            "messageBody": "",
            "fileTypesAndContributionMap": {
              "functional-code": {
                "insertions": 17,
                "deletions": 10
              }
            }
          },
          {
            "hash": "435e09d05977818540279c52c6ec885953351687",
            "messageTitle": "Fix list command parsing",
            "messageBody": "",
            "fileTypesAndContributionMap": {
              "functional-code": {
                "insertions": 9,
                "deletions": 11
              }
            }
          },
          {
            "hash": "f177ca2cf7f19d2694fff1bdea55da8d09f73dc0",
            "messageTitle": "Fix issues in DG",
            "messageBody": "",
            "fileTypesAndContributionMap": {
              "functional-code": {
                "insertions": 37,
                "deletions": 42
              },
              "other": {
                "insertions": 20,
                "deletions": 20
              },
              "docs": {
                "insertions": 33,
                "deletions": 22
              }
            }
          },
          {
            "hash": "678aee9df442927d8f00c43f01f1dff453e08a52",
            "messageTitle": "Fix code style",
            "messageBody": "",
            "fileTypesAndContributionMap": {
              "functional-code": {
                "insertions": 4,
                "deletions": 3
              }
            }
          }
        ]
      },
      {
        "date": "2020-11-08",
        "commitResults": [
          {
            "hash": "8967b68ef77dc61ce0e230b4dd8e8aaa3da9c2ac",
            "messageTitle": "Add java docs for Utility class",
            "messageBody": "",
            "fileTypesAndContributionMap": {
              "functional-code": {
                "insertions": 61,
                "deletions": 0
              }
            }
          },
          {
            "hash": "8b743ebb2356508cd3d3ea1d135fa6ef73727da8",
            "messageTitle": "Add java docs for TaskMap",
            "messageBody": "",
            "fileTypesAndContributionMap": {
              "functional-code": {
                "insertions": 52,
                "deletions": 0
              }
            }
          },
          {
            "hash": "e7789a3d9311338b32f76cf581051505234e781b",
            "messageTitle": "Add java docs for Model and DataSatck",
            "messageBody": "",
            "fileTypesAndContributionMap": {
              "functional-code": {
                "insertions": 52,
                "deletions": 1
              }
            }
          },
          {
            "hash": "622113ea81adb2cadcd466e60e06f8650f04ab38",
            "messageTitle": "Update help command display and UG",
            "messageBody": "",
            "fileTypesAndContributionMap": {
              "functional-code": {
                "insertions": 7,
                "deletions": 2
              },
              "docs": {
                "insertions": 16,
                "deletions": 21
              },
              "test-code": {
                "insertions": 1,
                "deletions": 2
              }
            }
          },
          {
            "hash": "72a957ec7c64b63a317448f3e809352f23e85800",
            "messageTitle": "Minor change in UGDG",
            "messageBody": "",
            "fileTypesAndContributionMap": {
              "docs": {
                "insertions": 5,
                "deletions": 4
              }
            }
          },
          {
            "hash": "691bd19cac6452bf22f414320a521c6c07031c10",
            "messageTitle": "Fix code style",
            "messageBody": "",
            "fileTypesAndContributionMap": {
              "functional-code": {
                "insertions": 3,
                "deletions": 3
              }
            }
          }
        ]
      },
      {
        "date": "2020-11-09",
        "commitResults": [
          {
            "hash": "a1ad55b8bd6176671d49785b0f266455f13b6b59",
            "messageTitle": "Add ppp",
            "messageBody": "",
            "fileTypesAndContributionMap": {
              "docs": {
                "insertions": 55,
                "deletions": 0
              }
            }
          },
          {
            "hash": "c1375c68d3478095c2f6fff9c45ea566498a7242",
            "messageTitle": "Update ppp link",
            "messageBody": "",
            "fileTypesAndContributionMap": {
              "docs": {
                "insertions": 1,
                "deletions": 1
              }
            }
          },
          {
            "hash": "7c5148fd137e562c7f922d62fdac78b23931eb24",
            "messageTitle": "Update ppp page",
            "messageBody": "",
            "fileTypesAndContributionMap": {
              "docs": {
                "insertions": 4,
                "deletions": 2
              }
            }
          },
          {
            "hash": "20001099671d3e2a86a795c7c85b1ffecd188e0f",
            "messageTitle": "Fix github page issue",
            "messageBody": "",
            "fileTypesAndContributionMap": {
              "docs": {
                "insertions": 1,
                "deletions": 1
              }
            }
          },
          {
            "hash": "0ea54e8a7bc9c979297e358f58023a8694f20ddb",
            "messageTitle": "Update PPP",
            "messageBody": "",
            "fileTypesAndContributionMap": {
              "docs": {
                "insertions": 2,
                "deletions": 4
              }
            }
          },
          {
            "hash": "d64f2330f499792981eb65219215d34caac79855",
            "messageTitle": "Update aboutUs",
            "messageBody": "",
            "fileTypesAndContributionMap": {
              "docs": {
                "insertions": 3,
                "deletions": 3
              }
            }
          },
          {
            "hash": "0eeb667bc7918f8b99300544505103036c79c218",
            "messageTitle": "Update ppp",
            "messageBody": "",
            "fileTypesAndContributionMap": {
              "docs": {
                "insertions": 2,
                "deletions": 2
              }
            }
          },
          {
            "hash": "25fc22f6986fe5954eaccaaecec8f5079e6b039a",
            "messageTitle": "Update aboutUs link",
            "messageBody": "",
            "fileTypesAndContributionMap": {
              "docs": {
                "insertions": 2,
                "deletions": 2
              }
            }
          },
          {
            "hash": "270968c2bd7689543922242f037a7d024c32a21d",
            "messageTitle": "Fix page build",
            "messageBody": "",
            "fileTypesAndContributionMap": {
              "docs": {
                "insertions": 1,
                "deletions": 4
              }
            }
          }
        ]
      }
    ]
  },
  "authorFileTypeContributionMap": {
    "czlin98": {
      "docs": 183,
      "functional-code": 180,
      "test-code": 13
    },
    "arindamshivatrip": {
      "docs": 71,
      "functional-code": 224,
      "test-code": 0
    },
    "e0406981": {
      "docs": 44,
      "functional-code": 190,
      "test-code": 109
    },
    "mhchan163": {
      "docs": 250,
      "functional-code": 362,
      "test-code": 89
    },
    "QX-CHEN": {
      "docs": 490,
      "functional-code": 1916,
      "test-code": 406,
      "other": 34
    }
  },
  "authorContributionVariance": {
    "czlin98": 3865.265,
    "arindamshivatrip": 10605.937,
    "e0406981": 9676.103,
    "mhchan163": 10917.066,
    "QX-CHEN": 47368.082
  },
  "authorDisplayNameMap": {
    "czlin98": "CS2113T-W12-1 CHON.. LIN",
    "arindamshivatrip": "CS2113T-W12-1 ARIN..ATHI",
    "e0406981": "CS2113T-W12-1 CHEA..OTHY",
    "mhchan163": "CS2113T-W12-1 CHAN.. HAN",
    "QX-CHEN": "CS2113T-W12-1 CHEN..XING"
  }
}
