{
  "authorDailyContributionsMap": {
    "dorianfong98": [
      {
        "date": "2020-10-02",
        "commitResults": [
          {
            "hash": "2456d57b65444d3869e220be978fa81b97c13d74",
            "messageTitle": "Add VoltageSource component",
            "messageBody": "",
            "tags": [
              "A-VoltageSource"
            ],
            "fileTypesAndContributionMap": {
              "functional-code": {
                "insertions": 2,
                "deletions": 0
              }
            }
          },
          {
            "hash": "1dc142cc0b24c503969b8aceb91c27a38199629e",
            "messageTitle": "adding power/voltage source",
            "messageBody": "",
            "fileTypesAndContributionMap": {
              "functional-code": {
                "insertions": 18,
                "deletions": 2
              }
            }
          },
          {
            "hash": "fc5bd1146b94ab4830371058956b1c0e031a0679",
            "messageTitle": "merging",
            "messageBody": "",
            "fileTypesAndContributionMap": {
              "functional-code": {
                "insertions": 1,
                "deletions": 0
              }
            }
          },
          {
            "hash": "a847a5c1ecc45705113c2376a6f8f3050a1973ef",
            "messageTitle": "Update src/main/java/seedu/duke/component/VoltageSource.java",
            "messageBody": "Co-authored-by: hughjazzman \u003ce0014172@u.nus.edu\u003e",
            "fileTypesAndContributionMap": {
              "functional-code": {
                "insertions": 1,
                "deletions": 1
              }
            }
          }
        ]
      },
      {
        "date": "2020-10-05",
        "commitResults": [
          {
            "hash": "bb57f37c200fb1fbb7b22bea238c80229e432076",
            "messageTitle": "Add minor changes to VoltageSource",
            "messageBody": "",
            "fileTypesAndContributionMap": {
              "functional-code": {
                "insertions": 1,
                "deletions": 1
              }
            }
          },
          {
            "hash": "a508e713efc1febf262d95a29ae46a956c703113",
            "messageTitle": "Add RTemplate",
            "messageBody": "",
            "fileTypesAndContributionMap": {
              "functional-code": {
                "insertions": 42,
                "deletions": 2
              }
            }
          },
          {
            "hash": "c07c5bfaaed954be5f2456320c2cb95d37fa7ab9",
            "messageTitle": "Update RTemplate.java",
            "messageBody": "removed getResistor()",
            "fileTypesAndContributionMap": {
              "functional-code": {
                "insertions": 0,
                "deletions": 8
              }
            }
          },
          {
            "hash": "50972530b7b83427e4dc44b52042aa7acb28d5a4",
            "messageTitle": "Added back getResistor()",
            "messageBody": "miscommunication",
            "fileTypesAndContributionMap": {
              "functional-code": {
                "insertions": 9,
                "deletions": 1
              }
            }
          },
          {
            "hash": "65d17491778ef04b396d6ff4ffd124ef08a113a1",
            "messageTitle": "Remove resistor init in LrTemplate, Call super method for toString()",
            "messageBody": "",
            "fileTypesAndContributionMap": {
              "functional-code": {
                "insertions": 2,
                "deletions": 12
              }
            }
          },
          {
            "hash": "65a308382d171b5399c41cc164037be00b2a6392",
            "messageTitle": "updated toString",
            "messageBody": "",
            "fileTypesAndContributionMap": {
              "functional-code": {
                "insertions": 2,
                "deletions": 2
              }
            }
          },
          {
            "hash": "3bfe698cce434a45f4c586b186dd63cda2625b5c",
            "messageTitle": "Add getImpedance for RTemplate",
            "messageBody": "",
            "fileTypesAndContributionMap": {
              "functional-code": {
                "insertions": 11,
                "deletions": 2
              }
            }
          },
          {
            "hash": "92063ed5f2b33061ab035a779fcffb230bdb63e5",
            "messageTitle": "Add getImpedance() for RTemplate",
            "messageBody": "",
            "fileTypesAndContributionMap": {
              "functional-code": {
                "insertions": 4,
                "deletions": 4
              }
            }
          }
        ]
      }
    ],
    "oasisbeatle": [
      {
        "date": "2020-09-30",
        "commitResults": [
          {
            "hash": "8463de295bef7d2ef1bc7e7a6fe6f555f600c325",
            "messageTitle": "Update AboutUs.md",
            "messageBody": "",
            "fileTypesAndContributionMap": {
              "docs": {
                "insertions": 1,
                "deletions": 1
              }
            }
          },
          {
            "hash": "cf3c9fa52d71f0b7eae0d1d9a950992f128d7420",
            "messageTitle": "Update AboutUs.md",
            "messageBody": "",
            "fileTypesAndContributionMap": {
              "docs": {
                "insertions": 1,
                "deletions": 1
              }
            }
          },
          {
            "hash": "1f634e902b548a12566eceef156087f43c6d4183",
            "messageTitle": "Add the capacitor object",
            "messageBody": "",
            "fileTypesAndContributionMap": {
              "functional-code": {
                "insertions": 19,
                "deletions": 0
              }
            }
          }
        ]
      },
      {
        "date": "2020-10-05",
        "commitResults": [
          {
            "hash": "11bf99bdbafeaebafb9da42e41279b5ceffeafcc",
            "messageTitle": "Add the Inductance Capacitance Template",
            "messageBody": "",
            "fileTypesAndContributionMap": {
              "functional-code": {
                "insertions": 53,
                "deletions": 0
              }
            }
          },
          {
            "hash": "0122b6c43cbcd36c0d9cd1cbe9f5a6f8fad40536",
            "messageTitle": "Fix Indentation Issue",
            "messageBody": "",
            "fileTypesAndContributionMap": {
              "functional-code": {
                "insertions": 44,
                "deletions": 43
              }
            }
          },
          {
            "hash": "cd5c59e8d6fb61803628d2d5a12e5f46a448ce7f",
            "messageTitle": "Add getImpedance() method",
            "messageBody": "",
            "fileTypesAndContributionMap": {
              "functional-code": {
                "insertions": 7,
                "deletions": 0
              }
            }
          },
          {
            "hash": "72dcec0111d7525127ed4572d4bff18c2f10dd41",
            "messageTitle": "Update getImpedance()",
            "messageBody": "",
            "fileTypesAndContributionMap": {
              "functional-code": {
                "insertions": 8,
                "deletions": 2
              }
            }
          },
          {
            "hash": "91630b4019ac0d199b0d3d1cb038b78ae0580f29",
            "messageTitle": "Add fullstop",
            "messageBody": "",
            "fileTypesAndContributionMap": {
              "functional-code": {
                "insertions": 1,
                "deletions": 1
              }
            }
          }
        ]
      }
    ],
    "hughjazzman": [
      {
        "date": "2020-09-27",
        "commitResults": [
          {
            "hash": "d889df02c69ce09172981a2110df8b3c88011801",
            "messageTitle": "Update User Guide",
            "messageBody": "",
            "fileTypesAndContributionMap": {
              "docs": {
                "insertions": 87,
                "deletions": 22
              }
            }
          }
        ]
      },
      {
        "date": "2020-09-28",
        "commitResults": [
          {
            "hash": "d7fa61160850d19d0b3b514be5ad43579abed952",
            "messageTitle": "Add basic functionalities - Parser, Ui",
            "messageBody": "",
            "fileTypesAndContributionMap": {
              "functional-code": {
                "insertions": 251,
                "deletions": 11
              }
            }
          },
          {
            "hash": "c4e4d70ba9e07b21e48e7d26f00cf8cd10c17538",
            "messageTitle": "Update User Guide",
            "messageBody": "",
            "fileTypesAndContributionMap": {
              "docs": {
                "insertions": 3,
                "deletions": 3
              }
            }
          },
          {
            "hash": "8660a782fdaab801621b7fb9d24c55d62da14eb4",
            "messageTitle": "Fix checkstyle violations",
            "messageBody": "",
            "fileTypesAndContributionMap": {
              "functional-code": {
                "insertions": 7,
                "deletions": 7
              }
            }
          }
        ]
      },
      {
        "date": "2020-09-30",
        "commitResults": [
          {
            "hash": "cfb273d49e711ec4b409cc6e2e2f993966661953",
            "messageTitle": "Update AboutUs.md",
            "messageBody": "",
            "fileTypesAndContributionMap": {
              "docs": {
                "insertions": 10,
                "deletions": 1
              }
            }
          }
        ]
      },
      {
        "date": "2020-10-03",
        "commitResults": [
          {
            "hash": "3d37b0613aea8526278b01d2328b91b45baf3b76",
            "messageTitle": "Include add component feature, refactor Component, update Parser",
            "messageBody": "",
            "fileTypesAndContributionMap": {
              "functional-code": {
                "insertions": 111,
                "deletions": 43
              }
            }
          },
          {
            "hash": "bb77ef29f1a3114c8586e1bb80fffd6b1d23d024",
            "messageTitle": "Abstract class LoadComponent",
            "messageBody": "",
            "fileTypesAndContributionMap": {
              "functional-code": {
                "insertions": 53,
                "deletions": 45
              }
            }
          }
        ]
      },
      {
        "date": "2020-10-05",
        "commitResults": [
          {
            "hash": "0f34f32982da0f948a0620c29b241934b668f48c",
            "messageTitle": "Add TemplateCommand with parsing, ExitCommand",
            "messageBody": "",
            "fileTypesAndContributionMap": {
              "functional-code": {
                "insertions": 118,
                "deletions": 8
              },
              "other": {
                "insertions": 3,
                "deletions": 1
              }
            }
          },
          {
            "hash": "83bd89ed2dd183ae808308fa0832125f7913bda1",
            "messageTitle": "class Template: Update calcImpedance and add getComponent",
            "messageBody": "",
            "fileTypesAndContributionMap": {
              "functional-code": {
                "insertions": 136,
                "deletions": 46
              }
            }
          }
        ]
      },
      {
        "date": "2020-10-06",
        "commitResults": [
          {
            "hash": "b71926ba2be8ed8dc1473e62f63808936d8537be",
            "messageTitle": "Complete AddCommand",
            "messageBody": "",
            "fileTypesAndContributionMap": {
              "functional-code": {
                "insertions": 134,
                "deletions": 81
              },
              "other": {
                "insertions": 3,
                "deletions": 0
              }
            }
          },
          {
            "hash": "d46030b8ef945ac5b7b8a166841b1e651a2b1e22",
            "messageTitle": "Complete SetCommand, Parser instance",
            "messageBody": "",
            "fileTypesAndContributionMap": {
              "functional-code": {
                "insertions": 94,
                "deletions": 23
              },
              "other": {
                "insertions": 1,
                "deletions": 0
              }
            }
          },
          {
            "hash": "e8f469c9f1ecbfb0ea4ecd217e0703541f510bbb",
            "messageTitle": "Add JUnit, DukeException",
            "messageBody": "",
            "fileTypesAndContributionMap": {
              "functional-code": {
                "insertions": 54,
                "deletions": 24
              },
              "test-code": {
                "insertions": 194,
                "deletions": 0
              }
            }
          },
          {
            "hash": "edea9305fa2d79da88a89fdf338701ef94bb2bbb",
            "messageTitle": "Update ParserTest.java",
            "messageBody": "",
            "fileTypesAndContributionMap": {
              "test-code": {
                "insertions": 4,
                "deletions": 2
              }
            }
          }
        ]
      }
    ],
    "sevenseasofbri": [
      {
        "date": "2020-09-30",
        "commitResults": [
          {
            "hash": "927d5fa4bf06c12dcb255319472aea71ae7bfbad",
            "messageTitle": "Add Increment A-Inductor",
            "messageBody": "",
            "fileTypesAndContributionMap": {
              "functional-code": {
                "insertions": 14,
                "deletions": 0
              }
            }
          },
          {
            "hash": "b8379e84314d94656b3370976cac057b3c0dbf0f",
            "messageTitle": "Update Increment A-Inductor",
            "messageBody": "",
            "fileTypesAndContributionMap": {
              "functional-code": {
                "insertions": 5,
                "deletions": 5
              }
            }
          },
          {
            "hash": "18d168aba27bbdd059d8486d2e376c4ce43794c3",
            "messageTitle": "Update Increment A-Inductor with JavaDoc",
            "messageBody": "",
            "fileTypesAndContributionMap": {
              "functional-code": {
                "insertions": 5,
                "deletions": 0
              }
            }
          },
          {
            "hash": "ee087d9dabd45dd758ab2b4eed12007ce0ea4eee",
            "messageTitle": "Add display row 1",
            "messageBody": "",
            "fileTypesAndContributionMap": {
              "docs": {
                "insertions": 1,
                "deletions": 1
              }
            }
          }
        ]
      },
      {
        "date": "2020-10-01",
        "commitResults": [
          {
            "hash": "3bb09185d74669011802e6c5d5dd5c4027de4a0a",
            "messageTitle": "Fix table AboutUs.md",
            "messageBody": "",
            "fileTypesAndContributionMap": {
              "docs": {
                "insertions": 0,
                "deletions": 1
              }
            }
          }
        ]
      },
      {
        "date": "2020-10-03",
        "commitResults": [
          {
            "hash": "0b08f9890125796820cbb2e5143bfb6c6f3b600a",
            "messageTitle": "Add A-Template, A-LrTemplate",
            "messageBody": "",
            "fileTypesAndContributionMap": {
              "functional-code": {
                "insertions": 44,
                "deletions": 0
              }
            }
          },
          {
            "hash": "21c156ece0594f98aed9d2d89c6ac3575f25cc07",
            "messageTitle": "Remove rl arraylists",
            "messageBody": "",
            "fileTypesAndContributionMap": {
              "functional-code": {
                "insertions": 6,
                "deletions": 12
              }
            }
          }
        ]
      },
      {
        "date": "2020-10-04",
        "commitResults": [
          {
            "hash": "d53c8586881cd8af639d6c4ceb8e29c2aff33463",
            "messageTitle": "Add javadoc and getters to LrTemplate.java and Template.java.",
            "messageBody": "",
            "fileTypesAndContributionMap": {
              "functional-code": {
                "insertions": 34,
                "deletions": 2
              }
            }
          }
        ]
      },
      {
        "date": "2020-10-05",
        "commitResults": [
          {
            "hash": "7a329d880ba3ed6916be34cd97fdc254af71d1ba",
            "messageTitle": "Add getImpedance and angularFrequency",
            "messageBody": "",
            "fileTypesAndContributionMap": {
              "functional-code": {
                "insertions": 6,
                "deletions": 0
              }
            }
          },
          {
            "hash": "cf6db4d36e2169a770a31a742d485db776b543da",
            "messageTitle": "Fix checkstyle violations",
            "messageBody": "",
            "fileTypesAndContributionMap": {
              "functional-code": {
                "insertions": 4,
                "deletions": 4
              }
            }
          },
          {
            "hash": "a1691d91b3fe9e6bccde708efcaba8325c468367",
            "messageTitle": "Fix toString LrTemplate",
            "messageBody": "",
            "fileTypesAndContributionMap": {
              "functional-code": {
                "insertions": 1,
                "deletions": 1
              }
            }
          },
          {
            "hash": "a29f82e0b07ff73c9f9d175ae7fee0b8280b17ee",
            "messageTitle": "Fix toString",
            "messageBody": "",
            "fileTypesAndContributionMap": {
              "functional-code": {
                "insertions": 9,
                "deletions": 2
              }
            }
          },
          {
            "hash": "041a26034f4608a3eedd104569677c846acaba9a",
            "messageTitle": "Fix checkstyle",
            "messageBody": "",
            "fileTypesAndContributionMap": {
              "functional-code": {
                "insertions": 4,
                "deletions": 5
              }
            }
          },
          {
            "hash": "fb48ac185026f7f47eb8faa1ca6452334046a5b7",
            "messageTitle": "Add setters",
            "messageBody": "",
            "fileTypesAndContributionMap": {
              "functional-code": {
                "insertions": 36,
                "deletions": 0
              }
            }
          },
          {
            "hash": "866b3da1b8c93bdf1c45cfca0d352ef1ed937294",
            "messageTitle": "Add rc setters",
            "messageBody": "",
            "fileTypesAndContributionMap": {
              "functional-code": {
                "insertions": 18,
                "deletions": 0
              }
            }
          }
        ]
      },
      {
        "date": "2020-10-08",
        "commitResults": [
          {
            "hash": "50da39bca77cf49715fe4b86f65cc4873f19fb22",
            "messageTitle": "Add CalculateCommand, Add Set Voltage Command in SetCommand, Add JUnit tests for CalculateCommand.",
            "messageBody": "",
            "fileTypesAndContributionMap": {
              "functional-code": {
                "insertions": 187,
                "deletions": 13
              },
              "test-code": {
                "insertions": 49,
                "deletions": 0
              }
            }
          },
          {
            "hash": "ab8c503c47d1953bcf181dc0eea1f8a60ebc9eff",
            "messageTitle": "Add micron calcs",
            "messageBody": "",
            "fileTypesAndContributionMap": {
              "functional-code": {
                "insertions": 4,
                "deletions": 4
              }
            }
          },
          {
            "hash": "da5bc7ed6f6775784cc4dcedbcbc8cf6b87c1444",
            "messageTitle": "Update User Guide",
            "messageBody": "",
            "fileTypesAndContributionMap": {
              "docs": {
                "insertions": 30,
                "deletions": 1
              }
            }
          },
          {
            "hash": "4cf66bc2e9756cf6a4143684cf77afbd96e5e528",
            "messageTitle": "Apply suggestions from code review",
            "messageBody": "Co-authored-by: hughjazzman \u003ce0014172@u.nus.edu\u003e",
            "fileTypesAndContributionMap": {
              "functional-code": {
                "insertions": 2,
                "deletions": 11
              },
              "test-code": {
                "insertions": 1,
                "deletions": 1
              }
            }
          },
          {
            "hash": "327c09a36376373ed8b3f21bb363173f9e561619",
            "messageTitle": "Apply suggestions from code review",
            "messageBody": "",
            "fileTypesAndContributionMap": {
              "test-code": {
                "insertions": 2,
                "deletions": 3
              }
            }
          },
          {
            "hash": "53622eafbb999c7feeff04ceb03cc52f872b264e",
            "messageTitle": "Update src/test/java/seedu/duke/commands/CalculateCommandTest.java",
            "messageBody": "",
            "fileTypesAndContributionMap": {
              "test-code": {
                "insertions": 1,
                "deletions": 1
              }
            }
          },
          {
            "hash": "d69ba91a8718b3496572e052af83db783dd31f7a",
            "messageTitle": "Update src/test/java/seedu/duke/commands/CalculateCommandTest.java",
            "messageBody": "",
            "fileTypesAndContributionMap": {
              "test-code": {
                "insertions": 1,
                "deletions": 1
              }
            }
          },
          {
            "hash": "4523ca5ad0b0ace6a8921b4bce9395092bb3b8de",
            "messageTitle": "Update SetCommand.java",
            "messageBody": "",
            "fileTypesAndContributionMap": {
              "functional-code": {
                "insertions": 6,
                "deletions": 7
              }
            }
          }
        ]
      }
    ],
    "PraveenElango": [
      {
        "date": "2020-09-30",
        "commitResults": [
          {
            "hash": "de206bb0897d48b0a2d3bc55e6cee54fa2bd7b75",
            "messageTitle": "Add Increment A-Resistor",
            "messageBody": "",
            "fileTypesAndContributionMap": {
              "functional-code": {
                "insertions": 14,
                "deletions": 0
              }
            }
          }
        ]
      },
      {
        "date": "2020-10-01",
        "commitResults": [
          {
            "hash": "0cde11c1118660785087a823bfc6fd96fec7e4f0",
            "messageTitle": "Included Resistor Component",
            "messageBody": "",
            "fileTypesAndContributionMap": {
              "functional-code": {
                "insertions": 1,
                "deletions": 1
              },
              "other": {
                "insertions": 104,
                "deletions": 103
              }
            }
          },
          {
            "hash": "600cde0e601b79308a1c6b390ab19f2c18103a1f",
            "messageTitle": "Add Resistor Component",
            "messageBody": "",
            "fileTypesAndContributionMap": {
              "functional-code": {
                "insertions": 5,
                "deletions": 1
              }
            }
          },
          {
            "hash": "7578f5125d9248638ff97f4301e40f4dabeac534",
            "messageTitle": "Rectified checkstyle issues wirh Resistor component",
            "messageBody": "",
            "fileTypesAndContributionMap": {
              "functional-code": {
                "insertions": 4,
                "deletions": 4
              }
            }
          },
          {
            "hash": "8c7cfe20fba74fe7374c8eb8a08a89c7e1e460bb",
            "messageTitle": "Update src/main/java/seedu/duke/component/Resistor.java",
            "messageBody": "Co-authored-by: hughjazzman \u003ce0014172@u.nus.edu\u003e",
            "fileTypesAndContributionMap": {
              "functional-code": {
                "insertions": 1,
                "deletions": 0
              }
            }
          },
          {
            "hash": "664025f770a6239b2320794f901a1dab568960b7",
            "messageTitle": "Update src/main/java/seedu/duke/component/Resistor.java",
            "messageBody": "Co-authored-by: hughjazzman \u003ce0014172@u.nus.edu\u003e",
            "fileTypesAndContributionMap": {
              "functional-code": {
                "insertions": 1,
                "deletions": 1
              }
            }
          }
        ]
      },
      {
        "date": "2020-10-05",
        "commitResults": [
          {
            "hash": "706ffdd3e52aaf1f9197411d8d3b8096379c2dd2",
            "messageTitle": "Add Rc-Template",
            "messageBody": "",
            "fileTypesAndContributionMap": {
              "functional-code": {
                "insertions": 56,
                "deletions": 0
              }
            }
          },
          {
            "hash": "8410a6dcf4095d2f8a88009ac2d6f7b691ceb00b",
            "messageTitle": "Update src/main/java/seedu/duke/template/RcTemplate.java",
            "messageBody": "Co-authored-by: hughjazzman \u003ce0014172@u.nus.edu\u003e",
            "fileTypesAndContributionMap": {
              "functional-code": {
                "insertions": 0,
                "deletions": 2
              }
            }
          },
          {
            "hash": "f4a7dfd38bef798ac4c9bcc8a38893e86d194ba5",
            "messageTitle": "Update src/main/java/seedu/duke/template/RcTemplate.java",
            "messageBody": "Got it, thanks for pointing out Wira!\n\nCo-authored-by: hughjazzman \u003ce0014172@u.nus.edu\u003e",
            "fileTypesAndContributionMap": {
              "functional-code": {
                "insertions": 0,
                "deletions": 2
              }
            }
          },
          {
            "hash": "f88ba2eace1d1984a2b6b4f1be5a626c265e5b70",
            "messageTitle": "Update src/main/java/seedu/duke/template/RcTemplate.java",
            "messageBody": "Co-authored-by: hughjazzman \u003ce0014172@u.nus.edu\u003e",
            "fileTypesAndContributionMap": {
              "functional-code": {
                "insertions": 0,
                "deletions": 1
              }
            }
          },
          {
            "hash": "4aba16df91b4c0b2ec68bf01845881897a79b336",
            "messageTitle": "no message",
            "messageBody": "",
            "fileTypesAndContributionMap": {
              "functional-code": {
                "insertions": 0,
                "deletions": 5
              }
            }
          },
          {
            "hash": "1150776aa36f6392bc6448c130f5c0a79b57b711",
            "messageTitle": "Add getImpedance() for RcTemplate",
            "messageBody": "",
            "fileTypesAndContributionMap": {
              "functional-code": {
                "insertions": 11,
                "deletions": 1
              }
            }
          },
          {
            "hash": "4f4a923ca0975cf19d6147b217bd32366358c11f",
            "messageTitle": "Add getImpedance() for RcTemplate",
            "messageBody": "",
            "fileTypesAndContributionMap": {
              "functional-code": {
                "insertions": 1,
                "deletions": 1
              }
            }
          },
          {
            "hash": "cadbd2f0db4c47790a9938a2eea62e67919b2a6c",
            "messageTitle": "Amend checkstyle issues for getImpedance() in Rc Template",
            "messageBody": "",
            "fileTypesAndContributionMap": {
              "functional-code": {
                "insertions": 6,
                "deletions": 2
              }
            }
          },
          {
            "hash": "50e1df87d326c45defe47ad488e3e157ed032fb2",
            "messageTitle": "Amend equation for getImpedance()",
            "messageBody": "",
            "fileTypesAndContributionMap": {
              "functional-code": {
                "insertions": 2,
                "deletions": 2
              }
            }
          },
          {
            "hash": "b5e72539e2200074d91edb4832fc429b03869440",
            "messageTitle": "Amend checkstyle issues for getImpedance()",
            "messageBody": "",
            "fileTypesAndContributionMap": {
              "functional-code": {
                "insertions": 1,
                "deletions": 1
              }
            }
          },
          {
            "hash": "ae804bbf23ef1e82749bb238ba719c78933a5c52",
            "messageTitle": "Amend checkstyle for getImpedance()",
            "messageBody": "",
            "fileTypesAndContributionMap": {
              "functional-code": {
                "insertions": 2,
                "deletions": 1
              }
            }
          }
        ]
      }
    ]
  },
  "authorFileTypeContributionMap": {
    "dorianfong98": {
      "docs": 0,
      "functional-code": 52,
      "test-code": 0
    },
    "oasisbeatle": {
      "docs": 1,
      "functional-code": 79,
      "test-code": 0
    },
    "hughjazzman": {
      "docs": 88,
      "functional-code": 755,
      "test-code": 196,
      "other": 6
    },
    "sevenseasofbri": {
      "docs": 30,
      "functional-code": 279,
      "test-code": 48
    },
    "PraveenElango": {
      "docs": 0,
      "functional-code": 49,
      "test-code": 0,
      "other": 1
    }
  },
  "authorContributionVariance": {
    "dorianfong98": 822.38885,
    "oasisbeatle": 1920.8053,
    "hughjazzman": 35111.387,
    "sevenseasofbri": 7922.91,
    "PraveenElango": 4268.0757
  },
  "authorDisplayNameMap": {
    "dorianfong98": "CS2113T-W13-3 DORI..FONG",
    "oasisbeatle": "CS2113T-W13-3 DASH..SHEK",
    "hughjazzman": "CS2113T-W13-3 WIRA..HMAD",
    "sevenseasofbri": "CS2113T-W13-3 VISH..NJAN",
    "PraveenElango": "CS2113T-W13-3 ELAN..VEEN"
  }
}
