{
  "authorDailyContributionsMap": {
    "dorianfong98": [
      {
        "date": "2020-10-02",
        "commitResults": [
          {
            "hash": "2456d57b65444d3869e220be978fa81b97c13d74",
            "messageTitle": "Add VoltageSource component",
            "messageBody": "",
            "tags": [
              "A-VoltageSource"
            ],
            "fileTypesAndContributionMap": {
              "functional-code": {
                "insertions": 2,
                "deletions": 0
              }
            }
          },
          {
            "hash": "1dc142cc0b24c503969b8aceb91c27a38199629e",
            "messageTitle": "adding power/voltage source",
            "messageBody": "",
            "fileTypesAndContributionMap": {
              "functional-code": {
                "insertions": 18,
                "deletions": 2
              }
            }
          },
          {
            "hash": "fc5bd1146b94ab4830371058956b1c0e031a0679",
            "messageTitle": "merging",
            "messageBody": "",
            "fileTypesAndContributionMap": {
              "functional-code": {
                "insertions": 1,
                "deletions": 0
              }
            }
          },
          {
            "hash": "a847a5c1ecc45705113c2376a6f8f3050a1973ef",
            "messageTitle": "Update src/main/java/seedu/duke/component/VoltageSource.java",
            "messageBody": "Co-authored-by: hughjazzman \u003ce0014172@u.nus.edu\u003e",
            "fileTypesAndContributionMap": {
              "functional-code": {
                "insertions": 1,
                "deletions": 1
              }
            }
          }
        ]
      }
    ],
    "oasisbeatle": [
      {
        "date": "2020-09-30",
        "commitResults": [
          {
            "hash": "8463de295bef7d2ef1bc7e7a6fe6f555f600c325",
            "messageTitle": "Update AboutUs.md",
            "messageBody": "",
            "fileTypesAndContributionMap": {
              "docs": {
                "insertions": 1,
                "deletions": 1
              }
            }
          },
          {
            "hash": "cf3c9fa52d71f0b7eae0d1d9a950992f128d7420",
            "messageTitle": "Update AboutUs.md",
            "messageBody": "",
            "fileTypesAndContributionMap": {
              "docs": {
                "insertions": 1,
                "deletions": 1
              }
            }
          },
          {
            "hash": "1f634e902b548a12566eceef156087f43c6d4183",
            "messageTitle": "Add the capacitor object",
            "messageBody": "",
            "fileTypesAndContributionMap": {
              "functional-code": {
                "insertions": 19,
                "deletions": 0
              }
            }
          }
        ]
      }
    ],
    "hughjazzman": [
      {
        "date": "2020-09-27",
        "commitResults": [
          {
            "hash": "d889df02c69ce09172981a2110df8b3c88011801",
            "messageTitle": "Update User Guide",
            "messageBody": "",
            "fileTypesAndContributionMap": {
              "docs": {
                "insertions": 87,
                "deletions": 22
              }
            }
          }
        ]
      },
      {
        "date": "2020-09-28",
        "commitResults": [
          {
            "hash": "d7fa61160850d19d0b3b514be5ad43579abed952",
            "messageTitle": "Add basic functionalities - Parser, Ui",
            "messageBody": "",
            "fileTypesAndContributionMap": {
              "functional-code": {
                "insertions": 251,
                "deletions": 11
              }
            }
          },
          {
            "hash": "c4e4d70ba9e07b21e48e7d26f00cf8cd10c17538",
            "messageTitle": "Update User Guide",
            "messageBody": "",
            "fileTypesAndContributionMap": {
              "docs": {
                "insertions": 3,
                "deletions": 3
              }
            }
          },
          {
            "hash": "8660a782fdaab801621b7fb9d24c55d62da14eb4",
            "messageTitle": "Fix checkstyle violations",
            "messageBody": "",
            "fileTypesAndContributionMap": {
              "functional-code": {
                "insertions": 7,
                "deletions": 7
              }
            }
          }
        ]
      },
      {
        "date": "2020-09-30",
        "commitResults": [
          {
            "hash": "cfb273d49e711ec4b409cc6e2e2f993966661953",
            "messageTitle": "Update AboutUs.md",
            "messageBody": "",
            "fileTypesAndContributionMap": {
              "docs": {
                "insertions": 10,
                "deletions": 1
              }
            }
          }
        ]
      }
    ],
    "sevenseasofbri": [
      {
        "date": "2020-09-30",
        "commitResults": [
          {
            "hash": "927d5fa4bf06c12dcb255319472aea71ae7bfbad",
            "messageTitle": "Add Increment A-Inductor",
            "messageBody": "",
            "fileTypesAndContributionMap": {
              "functional-code": {
                "insertions": 14,
                "deletions": 0
              }
            }
          },
          {
            "hash": "b8379e84314d94656b3370976cac057b3c0dbf0f",
            "messageTitle": "Update Increment A-Inductor",
            "messageBody": "",
            "fileTypesAndContributionMap": {
              "functional-code": {
                "insertions": 5,
                "deletions": 5
              }
            }
          },
          {
            "hash": "18d168aba27bbdd059d8486d2e376c4ce43794c3",
            "messageTitle": "Update Increment A-Inductor with JavaDoc",
            "messageBody": "",
            "fileTypesAndContributionMap": {
              "functional-code": {
                "insertions": 5,
                "deletions": 0
              }
            }
          },
          {
            "hash": "ee087d9dabd45dd758ab2b4eed12007ce0ea4eee",
            "messageTitle": "Add display row 1",
            "messageBody": "",
            "fileTypesAndContributionMap": {
              "docs": {
                "insertions": 1,
                "deletions": 1
              }
            }
          }
        ]
      },
      {
        "date": "2020-10-01",
        "commitResults": [
          {
            "hash": "3bb09185d74669011802e6c5d5dd5c4027de4a0a",
            "messageTitle": "Fix table AboutUs.md",
            "messageBody": "",
            "fileTypesAndContributionMap": {
              "docs": {
                "insertions": 0,
                "deletions": 1
              }
            }
          }
        ]
      }
    ],
    "PraveenElango": [
      {
        "date": "2020-09-30",
        "commitResults": [
          {
            "hash": "de206bb0897d48b0a2d3bc55e6cee54fa2bd7b75",
            "messageTitle": "Add Increment A-Resistor",
            "messageBody": "",
            "fileTypesAndContributionMap": {
              "functional-code": {
                "insertions": 14,
                "deletions": 0
              }
            }
          }
        ]
      },
      {
        "date": "2020-10-01",
        "commitResults": [
          {
            "hash": "0cde11c1118660785087a823bfc6fd96fec7e4f0",
            "messageTitle": "Included Resistor Component",
            "messageBody": "",
            "fileTypesAndContributionMap": {
              "functional-code": {
                "insertions": 1,
                "deletions": 1
              },
              "other": {
                "insertions": 104,
                "deletions": 103
              }
            }
          },
          {
            "hash": "600cde0e601b79308a1c6b390ab19f2c18103a1f",
            "messageTitle": "Add Resistor Component",
            "messageBody": "",
            "fileTypesAndContributionMap": {
              "functional-code": {
                "insertions": 5,
                "deletions": 1
              }
            }
          },
          {
            "hash": "7578f5125d9248638ff97f4301e40f4dabeac534",
            "messageTitle": "Rectified checkstyle issues wirh Resistor component",
            "messageBody": "",
            "fileTypesAndContributionMap": {
              "functional-code": {
                "insertions": 4,
                "deletions": 4
              }
            }
          },
          {
            "hash": "8c7cfe20fba74fe7374c8eb8a08a89c7e1e460bb",
            "messageTitle": "Update src/main/java/seedu/duke/component/Resistor.java",
            "messageBody": "Co-authored-by: hughjazzman \u003ce0014172@u.nus.edu\u003e",
            "fileTypesAndContributionMap": {
              "functional-code": {
                "insertions": 1,
                "deletions": 0
              }
            }
          },
          {
            "hash": "664025f770a6239b2320794f901a1dab568960b7",
            "messageTitle": "Update src/main/java/seedu/duke/component/Resistor.java",
            "messageBody": "Co-authored-by: hughjazzman \u003ce0014172@u.nus.edu\u003e",
            "fileTypesAndContributionMap": {
              "functional-code": {
                "insertions": 1,
                "deletions": 1
              }
            }
          }
        ]
      }
    ]
  },
  "authorFileTypeContributionMap": {
    "dorianfong98": {
      "docs": 0,
      "functional-code": 19,
      "test-code": 0
    },
    "oasisbeatle": {
      "docs": 1,
      "functional-code": 19,
      "test-code": 0
    },
    "hughjazzman": {
      "docs": 88,
      "functional-code": 240,
      "test-code": 0
    },
    "sevenseasofbri": {
      "docs": 1,
      "functional-code": 19,
      "test-code": 0
    },
    "PraveenElango": {
      "docs": 0,
      "functional-code": 19,
      "test-code": 0,
      "other": 1
    }
  },
  "authorContributionVariance": {
    "dorianfong98": 86.805565,
    "oasisbeatle": 73.47222,
    "hughjazzman": 10765.333,
    "sevenseasofbri": 131.88889,
    "PraveenElango": 6945.3335
  },
  "authorDisplayNameMap": {
    "dorianfong98": "CS2113T-W13-3 DORI..FONG",
    "oasisbeatle": "CS2113T-W13-3 DASH..SHEK",
    "hughjazzman": "CS2113T-W13-3 WIRA..HMAD",
    "sevenseasofbri": "CS2113T-W13-3 VISH..NJAN",
    "PraveenElango": "CS2113T-W13-3 ELAN..VEEN"
  }
}
