{
  "authorDailyContributionsMap": {
    "Zhu-Ze-Yu": [
      {
        "date": "2020-10-02",
        "commitResults": [
          {
            "hash": "2b18f2b61ed55eb93497bef10850fb566e1b0c1d",
            "messageTitle": "About Us",
            "messageBody": "",
            "fileTypesAndContributionMap": {
              "docs": {
                "insertions": 1,
                "deletions": 5
              }
            }
          }
        ]
      },
      {
        "date": "2020-10-07",
        "commitResults": [
          {
            "hash": "e703c901081edbe81d9ae6d8e102b0dfa37731b9",
            "messageTitle": "Add help command and capability to store questions",
            "messageBody": "",
            "fileTypesAndContributionMap": {
              "functional-code": {
                "insertions": 148,
                "deletions": 13
              },
              "other": {
                "insertions": 0,
                "deletions": 0
              }
            }
          },
          {
            "hash": "68ecf35801961a98b3c4aaa70e117a06c69fe7d1",
            "messageTitle": "Fix error",
            "messageBody": "",
            "fileTypesAndContributionMap": {
              "functional-code": {
                "insertions": 3,
                "deletions": 3
              }
            }
          },
          {
            "hash": "6fc44fcb0325a40be7497a8b3e4096aa87fc23d6",
            "messageTitle": "Check coding standard",
            "messageBody": "",
            "fileTypesAndContributionMap": {
              "functional-code": {
                "insertions": 19,
                "deletions": 19
              }
            }
          },
          {
            "hash": "ef89f8f9087fd64279cb1c22f240a1717814a3c7",
            "messageTitle": "resolve merge conflicts",
            "messageBody": "",
            "fileTypesAndContributionMap": {
              "functional-code": {
                "insertions": 8,
                "deletions": 0
              },
              "other": {
                "insertions": 1,
                "deletions": 0
              }
            }
          },
          {
            "hash": "633a1e713f45d2b053343f0c696655c9c6506708",
            "messageTitle": "modify showHelpList",
            "messageBody": "",
            "fileTypesAndContributionMap": {
              "functional-code": {
                "insertions": 18,
                "deletions": 14
              },
              "other": {
                "insertions": 1,
                "deletions": 1
              }
            }
          },
          {
            "hash": "f6adf44b1108fc675d256c9b487b05b78d6ba8a4",
            "messageTitle": "Check coding style",
            "messageBody": "",
            "fileTypesAndContributionMap": {
              "functional-code": {
                "insertions": 8,
                "deletions": 2
              }
            }
          }
        ]
      },
      {
        "date": "2020-10-12",
        "commitResults": [
          {
            "hash": "625e1a2d8e482dc60bd8d061303cd735b4222695",
            "messageTitle": "list chapters and modules",
            "messageBody": "",
            "fileTypesAndContributionMap": {
              "functional-code": {
                "insertions": 162,
                "deletions": 15
              },
              "other": {
                "insertions": 36,
                "deletions": 8
              }
            }
          },
          {
            "hash": "cbb1c0d44d19e4a627f313bc459a4e3e8b4881aa",
            "messageTitle": "Add list modules and chapters",
            "messageBody": "",
            "fileTypesAndContributionMap": {
              "functional-code": {
                "insertions": 25,
                "deletions": 92
              },
              "other": {
                "insertions": 35,
                "deletions": 18
              }
            }
          },
          {
            "hash": "e518c7336ab649378713d1af9d1f06c749181e43",
            "messageTitle": "Load cards and add due date",
            "messageBody": "",
            "fileTypesAndContributionMap": {
              "functional-code": {
                "insertions": 68,
                "deletions": 42
              },
              "other": {
                "insertions": 0,
                "deletions": 1
              }
            }
          },
          {
            "hash": "c8df386e3c74732bbd910512c97f824da34d6a36",
            "messageTitle": "unfinished changes",
            "messageBody": "",
            "fileTypesAndContributionMap": {
              "functional-code": {
                "insertions": 35,
                "deletions": 10
              }
            }
          },
          {
            "hash": "f8e2e3c3b2ea82acf4ed728eaa42d46a03570e8b",
            "messageTitle": "fix style error",
            "messageBody": "",
            "fileTypesAndContributionMap": {
              "functional-code": {
                "insertions": 13,
                "deletions": 6
              }
            }
          },
          {
            "hash": "53934c0b747e636c48105dacb0ef7b7ddf26df21",
            "messageTitle": "remove due date",
            "messageBody": "",
            "fileTypesAndContributionMap": {
              "functional-code": {
                "insertions": 13,
                "deletions": 50
              }
            }
          },
          {
            "hash": "31a547f6ed8be53c758555c86b00dbffdbb32126",
            "messageTitle": "change back",
            "messageBody": "",
            "fileTypesAndContributionMap": {
              "functional-code": {
                "insertions": 2,
                "deletions": 22
              }
            }
          },
          {
            "hash": "c091571867fbf619d7f3af4e846f4804ecf21aeb",
            "messageTitle": "change back",
            "messageBody": "",
            "fileTypesAndContributionMap": {
              "functional-code": {
                "insertions": 1,
                "deletions": 1
              }
            }
          }
        ]
      },
      {
        "date": "2020-10-14",
        "commitResults": [
          {
            "hash": "b85714cd5ad1f8cf64af3dadc37c801725a5dbfb",
            "messageTitle": "save the edited name",
            "messageBody": "",
            "fileTypesAndContributionMap": {
              "functional-code": {
                "insertions": 20,
                "deletions": 7
              }
            }
          },
          {
            "hash": "c4835456e5a06571c40dda81b968283faa001ddb",
            "messageTitle": "Revert \"save the edited name\"",
            "messageBody": "This reverts commit b85714cd5ad1f8cf64af3dadc37c801725a5dbfb.\n",
            "fileTypesAndContributionMap": {
              "functional-code": {
                "insertions": 7,
                "deletions": 20
              }
            }
          },
          {
            "hash": "512e4829c5bb7c24dce96934985276ff7f21f712",
            "messageTitle": "Save Edited Names",
            "messageBody": "",
            "fileTypesAndContributionMap": {
              "functional-code": {
                "insertions": 20,
                "deletions": 7
              }
            }
          },
          {
            "hash": "41418e4b58fdbfa0ea4ea63fd55864031e7b73c9",
            "messageTitle": "extract method",
            "messageBody": "",
            "fileTypesAndContributionMap": {
              "functional-code": {
                "insertions": 19,
                "deletions": 8
              }
            }
          },
          {
            "hash": "fbcdd682456ce3a19c2bcdbf3f133e8500bd7509",
            "messageTitle": "fix some problem",
            "messageBody": "",
            "fileTypesAndContributionMap": {
              "functional-code": {
                "insertions": 8,
                "deletions": 8
              }
            }
          },
          {
            "hash": "e3585ded91bfe9cde6374902eecb8697076c8b60",
            "messageTitle": "combine two back commands",
            "messageBody": "",
            "fileTypesAndContributionMap": {
              "functional-code": {
                "insertions": 72,
                "deletions": 98
              }
            }
          },
          {
            "hash": "084157864bfc85d9ae622b38ff418c52b12d9bf5",
            "messageTitle": "fix style error",
            "messageBody": "",
            "fileTypesAndContributionMap": {
              "functional-code": {
                "insertions": 2,
                "deletions": 3
              }
            }
          },
          {
            "hash": "abd04ebdbeaa8452e57fc6c8f8c61e21cf1ea502",
            "messageTitle": "combine two go commands",
            "messageBody": "",
            "fileTypesAndContributionMap": {
              "functional-code": {
                "insertions": 104,
                "deletions": 135
              }
            }
          }
        ]
      },
      {
        "date": "2020-10-15",
        "commitResults": [
          {
            "hash": "cfe6d3ac40adc29cb1b622638159750c31ae6604",
            "messageTitle": "load and save previous interval",
            "messageBody": "",
            "fileTypesAndContributionMap": {
              "functional-code": {
                "insertions": 24,
                "deletions": 7
              },
              "other": {
                "insertions": 1,
                "deletions": 1
              }
            }
          }
        ]
      },
      {
        "date": "2020-10-19",
        "commitResults": [
          {
            "hash": "1488be22bf344ab1b276745d99a8424aae135bb4",
            "messageTitle": "Add HistoryCommand",
            "messageBody": "",
            "fileTypesAndContributionMap": {
              "functional-code": {
                "insertions": 229,
                "deletions": 3
              }
            }
          }
        ]
      },
      {
        "date": "2020-10-20",
        "commitResults": [
          {
            "hash": "747faf5136d701f5659f875da1889878c8920ad2",
            "messageTitle": "Add Due Dates for Chapters",
            "messageBody": "",
            "fileTypesAndContributionMap": {
              "functional-code": {
                "insertions": 28,
                "deletions": 27
              }
            }
          },
          {
            "hash": "f9c757ace13e11696a74a6fbf594c96d27df3e18",
            "messageTitle": "Solve Merge Conflicts",
            "messageBody": "",
            "fileTypesAndContributionMap": {
              "functional-code": {
                "insertions": 36,
                "deletions": 7
              }
            }
          },
          {
            "hash": "f31a66b4de3f2668cd7bff57af53a913c5624464",
            "messageTitle": "Remove dues folder when listing modules",
            "messageBody": "",
            "fileTypesAndContributionMap": {
              "functional-code": {
                "insertions": 30,
                "deletions": 12
              }
            }
          },
          {
            "hash": "e3c66993f115cd7e8eae0690bf503c780816c7c3",
            "messageTitle": "List history without date",
            "messageBody": "",
            "fileTypesAndContributionMap": {
              "functional-code": {
                "insertions": 11,
                "deletions": 6
              }
            }
          },
          {
            "hash": "3716f72536a93ec93fc433a7e605d157e058c965",
            "messageTitle": "Fix naming issues",
            "messageBody": "",
            "fileTypesAndContributionMap": {
              "functional-code": {
                "insertions": 4,
                "deletions": 7
              }
            }
          },
          {
            "hash": "01c02a011743a545c2b71503bc0ddd89951ca7ec",
            "messageTitle": "Fix issues",
            "messageBody": "",
            "fileTypesAndContributionMap": {
              "functional-code": {
                "insertions": 42,
                "deletions": 27
              }
            }
          }
        ]
      },
      {
        "date": "2020-10-21",
        "commitResults": [
          {
            "hash": "5bf683b1eaeee1496025ccaa66c824cc98ca3810",
            "messageTitle": "fix history storage issue",
            "messageBody": "",
            "fileTypesAndContributionMap": {
              "functional-code": {
                "insertions": 17,
                "deletions": 14
              }
            }
          }
        ]
      }
    ],
    "gua-guargia": [
      {
        "date": "2020-10-02",
        "commitResults": [
          {
            "hash": "fdf0ac08dfc02b004e78defda21337cb8e5706a9",
            "messageTitle": "Edit AboutUs.md",
            "messageBody": "",
            "fileTypesAndContributionMap": {
              "docs": {
                "insertions": 1,
                "deletions": 1
              }
            }
          }
        ]
      },
      {
        "date": "2020-10-05",
        "commitResults": [
          {
            "hash": "cd8cccaa37e63e4560392a6b625e4afcb8bb6d72",
            "messageTitle": "Add tp trial structure",
            "messageBody": "",
            "fileTypesAndContributionMap": {
              "functional-code": {
                "insertions": 384,
                "deletions": 0
              }
            }
          }
        ]
      },
      {
        "date": "2020-10-08",
        "commitResults": [
          {
            "hash": "50d87b0a50d34b11769b64ec6e76462f88df113e",
            "messageTitle": "Add structure of the KAJI: admin, module, chapter and cards",
            "messageBody": "",
            "fileTypesAndContributionMap": {
              "functional-code": {
                "insertions": 390,
                "deletions": 71
              }
            }
          },
          {
            "hash": "9c8bf2822c596c89fa66bc998c8e18c2a89e0245",
            "messageTitle": "Implement access flashcard deck by deck",
            "messageBody": "",
            "fileTypesAndContributionMap": {
              "functional-code": {
                "insertions": 347,
                "deletions": 465
              },
              "other": {
                "insertions": 64,
                "deletions": 48
              }
            }
          },
          {
            "hash": "e9efc73da9aa65962e3e9dd5a085ce8cba133952",
            "messageTitle": "Fix checkStyleMain errors",
            "messageBody": "",
            "fileTypesAndContributionMap": {
              "functional-code": {
                "insertions": 61,
                "deletions": 58
              },
              "other": {
                "insertions": 20,
                "deletions": 21
              }
            }
          },
          {
            "hash": "b5ec48034ce1ae28dc6279f414e0f2c2e138576b",
            "messageTitle": "Fix IOtest error",
            "messageBody": "",
            "fileTypesAndContributionMap": {
              "test-code": {
                "insertions": 0,
                "deletions": 12
              }
            }
          },
          {
            "hash": "cc76a1b8555b0dbc3dd62526e8ed65802d12a122",
            "messageTitle": "Fix IOfile error",
            "messageBody": "",
            "fileTypesAndContributionMap": {
              "functional-code": {
                "insertions": 21,
                "deletions": 0
              },
              "test-code": {
                "insertions": 12,
                "deletions": 0
              }
            }
          },
          {
            "hash": "eef3374823900fdd974295fafca173a5adfdf2d6",
            "messageTitle": "Resolve peer review",
            "messageBody": "",
            "fileTypesAndContributionMap": {
              "functional-code": {
                "insertions": 20,
                "deletions": 24
              }
            }
          },
          {
            "hash": "1ed133d77ca017839d8b1bac275ea589a022afb4",
            "messageTitle": "Fix Build and check with Gradle",
            "messageBody": "",
            "fileTypesAndContributionMap": {
              "functional-code": {
                "insertions": 0,
                "deletions": 2
              }
            }
          },
          {
            "hash": "6c0669cbfd86632ce3b0316bd067a29692ce62d4",
            "messageTitle": "Edit Access.java: wrong logic",
            "messageBody": "",
            "fileTypesAndContributionMap": {
              "functional-code": {
                "insertions": 1,
                "deletions": 1
              }
            }
          }
        ]
      },
      {
        "date": "2020-10-11",
        "commitResults": [
          {
            "hash": "77cd9e388c8836627e625529075bd4e2d30e69c7",
            "messageTitle": "Add moduleList and chapterList class",
            "messageBody": "",
            "fileTypesAndContributionMap": {
              "functional-code": {
                "insertions": 290,
                "deletions": 146
              }
            }
          }
        ]
      },
      {
        "date": "2020-10-14",
        "commitResults": [
          {
            "hash": "3aa4feeaba94af6eff7c4bb9672e58bae8cf55b1",
            "messageTitle": "Add new AddCommand class for generalizing add command in every level",
            "messageBody": "",
            "fileTypesAndContributionMap": {
              "functional-code": {
                "insertions": 90,
                "deletions": 106
              },
              "other": {
                "insertions": 1,
                "deletions": 0
              }
            }
          },
          {
            "hash": "faa5f4405270ee6b491930519d005c0d6577b3ff",
            "messageTitle": "Fix the indentation error",
            "messageBody": "",
            "fileTypesAndContributionMap": {
              "functional-code": {
                "insertions": 17,
                "deletions": 3
              }
            }
          },
          {
            "hash": "fefa274edb066efee88ce23bdca2b4d49508fa6b",
            "messageTitle": "Condense AddCardCommand, AddChapterCommand and AddModuleCommand into single AddCommand",
            "messageBody": "",
            "fileTypesAndContributionMap": {
              "functional-code": {
                "insertions": 123,
                "deletions": 162
              }
            }
          }
        ]
      },
      {
        "date": "2020-10-20",
        "commitResults": [
          {
            "hash": "067a241779afe627d75d69d822f334be731c6787",
            "messageTitle": "Debug backCommand",
            "messageBody": "",
            "fileTypesAndContributionMap": {
              "functional-code": {
                "insertions": 30,
                "deletions": 60
              },
              "test-code": {
                "insertions": 19,
                "deletions": 0
              }
            }
          },
          {
            "hash": "9a961daca3062e38feb5e36737d8d63202110031",
            "messageTitle": "Add JUnit test",
            "messageBody": "",
            "fileTypesAndContributionMap": {
              "functional-code": {
                "insertions": 12,
                "deletions": 7
              }
            }
          },
          {
            "hash": "57f10dd117ac44f06c8ff68eb249681cbaad93bc",
            "messageTitle": "Abstract setModuleLevel() and setChapterLevel() in Access.class",
            "messageBody": "",
            "fileTypesAndContributionMap": {
              "functional-code": {
                "insertions": 32,
                "deletions": 18
              }
            }
          }
        ]
      }
    ],
    "neojiaern": [
      {
        "date": "2020-10-02",
        "commitResults": [
          {
            "hash": "5d4b09d3a49ebd9a2fd2499da2c721b524019343",
            "messageTitle": "Modify name in about us",
            "messageBody": "",
            "fileTypesAndContributionMap": {
              "docs": {
                "insertions": 1,
                "deletions": 1
              }
            }
          },
          {
            "hash": "5533e78d2ca21441a983b621fd927667184e27df",
            "messageTitle": "Modify name in aboutus.md",
            "messageBody": "",
            "fileTypesAndContributionMap": {
              "docs": {
                "insertions": 2,
                "deletions": 2
              }
            }
          }
        ]
      },
      {
        "date": "2020-10-06",
        "commitResults": [
          {
            "hash": "0c8dda333591618f2e5fbd101679db4e04195311",
            "messageTitle": "Add revision feature",
            "messageBody": "",
            "fileTypesAndContributionMap": {
              "functional-code": {
                "insertions": 122,
                "deletions": 1
              }
            }
          },
          {
            "hash": "4a3daa17a2bf7af46089781c2f5210ae96872cdb",
            "messageTitle": "Fix checkstyle error",
            "messageBody": "",
            "fileTypesAndContributionMap": {
              "functional-code": {
                "insertions": 1,
                "deletions": 0
              }
            }
          },
          {
            "hash": "49b3c2a606000777c75baf73372ca834a9267352",
            "messageTitle": "Change arg to commandArgs",
            "messageBody": "",
            "fileTypesAndContributionMap": {
              "functional-code": {
                "insertions": 3,
                "deletions": 6
              }
            }
          },
          {
            "hash": "e7ee47d6be65570c17cf47583006e6ab396d4ee5",
            "messageTitle": "Change initialization location for Chapter object",
            "messageBody": "",
            "fileTypesAndContributionMap": {
              "functional-code": {
                "insertions": 2,
                "deletions": 2
              }
            }
          }
        ]
      },
      {
        "date": "2020-10-07",
        "commitResults": [
          {
            "hash": "0cc640d93a0b7709396dfa551ddca039ee7c9ad5",
            "messageTitle": "Move loop function of revision from Ui to RevisionCommand",
            "messageBody": "",
            "fileTypesAndContributionMap": {
              "functional-code": {
                "insertions": 27,
                "deletions": 20
              }
            }
          },
          {
            "hash": "9cd50139f63a0d9db58372ff35bc733a291312a0",
            "messageTitle": "Add rate feature for each card under revision",
            "messageBody": "",
            "fileTypesAndContributionMap": {
              "functional-code": {
                "insertions": 75,
                "deletions": 7
              }
            }
          },
          {
            "hash": "6dfb5fa0d7b9113d25a7680cd0da9dc6adaf7d2a",
            "messageTitle": "Add print empty line after each output in run function",
            "messageBody": "",
            "fileTypesAndContributionMap": {
              "functional-code": {
                "insertions": 2,
                "deletions": 1
              }
            }
          }
        ]
      },
      {
        "date": "2020-10-08",
        "commitResults": [
          {
            "hash": "6b4536c411b0aeca10211fe32fff4ae1c0f6ea4a",
            "messageTitle": "Add junit testing for rateCard method",
            "messageBody": "",
            "fileTypesAndContributionMap": {
              "functional-code": {
                "insertions": 5,
                "deletions": 8
              },
              "test-code": {
                "insertions": 31,
                "deletions": 0
              }
            }
          },
          {
            "hash": "f3cf2b29beab92c1e810b13ee9b7cc56efe03aef",
            "messageTitle": "Fix help command exiting after call",
            "messageBody": "",
            "fileTypesAndContributionMap": {
              "functional-code": {
                "insertions": 1,
                "deletions": 1
              }
            }
          }
        ]
      },
      {
        "date": "2020-10-10",
        "commitResults": [
          {
            "hash": "c7b985dd1363e69d23518047dfbb13ef9c46781b",
            "messageTitle": "Add remove feature for flahscards",
            "messageBody": "",
            "fileTypesAndContributionMap": {
              "functional-code": {
                "insertions": 60,
                "deletions": 0
              }
            }
          },
          {
            "hash": "fa519bbe87731abf70f4caa7ac71d53cb8abce59",
            "messageTitle": "Remove unused imports",
            "messageBody": "",
            "fileTypesAndContributionMap": {
              "functional-code": {
                "insertions": 0,
                "deletions": 2
              }
            }
          },
          {
            "hash": "375801959f3bd3875c4a634b864f906b790d9aa8",
            "messageTitle": "Add junit testing to test remove feature in parser",
            "messageBody": "",
            "fileTypesAndContributionMap": {
              "test-code": {
                "insertions": 19,
                "deletions": 0
              }
            }
          },
          {
            "hash": "405b9665120d00dbab092a0bd41eb5fcb8880483",
            "messageTitle": "Fix checkstyle test issues",
            "messageBody": "",
            "fileTypesAndContributionMap": {
              "test-code": {
                "insertions": 2,
                "deletions": 2
              }
            }
          }
        ]
      },
      {
        "date": "2020-10-11",
        "commitResults": [
          {
            "hash": "422ebdfcb7bbf36aa5acc4b08ee01502a9cf57b2",
            "messageTitle": "Change method name for show card during revision",
            "messageBody": "",
            "fileTypesAndContributionMap": {
              "functional-code": {
                "insertions": 3,
                "deletions": 3
              }
            }
          },
          {
            "hash": "fbd66615a13b2e4e7f0ff764ccd8936fc3c7ab0a",
            "messageTitle": "Modify constructor for initializing new card",
            "messageBody": "",
            "fileTypesAndContributionMap": {
              "functional-code": {
                "insertions": 1,
                "deletions": 0
              }
            }
          },
          {
            "hash": "9dac908c4f5b058e0baffcf13bd9eb8639d02839",
            "messageTitle": "Add new constructor for loading of previous cards from file",
            "messageBody": "",
            "fileTypesAndContributionMap": {
              "functional-code": {
                "insertions": 7,
                "deletions": 1
              }
            }
          },
          {
            "hash": "2c5eac6682e67e80da5b7d01faea9281aa9a82a8",
            "messageTitle": "Add checking of null date for new cards",
            "messageBody": "",
            "fileTypesAndContributionMap": {
              "functional-code": {
                "insertions": 23,
                "deletions": 9
              }
            }
          },
          {
            "hash": "37b81e1b293b5d80605640de29fc35f856ad643b",
            "messageTitle": "Modify parameters for junit test",
            "messageBody": "",
            "fileTypesAndContributionMap": {
              "test-code": {
                "insertions": 13,
                "deletions": 6
              }
            }
          }
        ]
      },
      {
        "date": "2020-10-12",
        "commitResults": [
          {
            "hash": "e3b44dd0562a0107d9f81071317199b34c2f1088",
            "messageTitle": "Fix Revise feature to get cards based on access",
            "messageBody": "",
            "fileTypesAndContributionMap": {
              "functional-code": {
                "insertions": 58,
                "deletions": 11
              }
            }
          },
          {
            "hash": "5a0173e639c679c903b02c8e7b950be46ad4006f",
            "messageTitle": "Add remove command into help",
            "messageBody": "",
            "fileTypesAndContributionMap": {
              "functional-code": {
                "insertions": 2,
                "deletions": 0
              }
            }
          },
          {
            "hash": "3683922a96ace606868c7b75206a0aa093045601",
            "messageTitle": "Modify getting of chapter in ReviseCommand instead of Parser",
            "messageBody": "",
            "fileTypesAndContributionMap": {
              "functional-code": {
                "insertions": 32,
                "deletions": 13
              }
            }
          },
          {
            "hash": "ca1b64085cf247e3a478ad99b73dc1598a0d3563",
            "messageTitle": "Remove set chapter in revise command",
            "messageBody": "",
            "fileTypesAndContributionMap": {
              "functional-code": {
                "insertions": 0,
                "deletions": 4
              }
            }
          },
          {
            "hash": "72c2bd0e11bf0e15b296030f0f2e8bb3691e16a5",
            "messageTitle": "Modify exception handling for revise command",
            "messageBody": "",
            "fileTypesAndContributionMap": {
              "functional-code": {
                "insertions": 11,
                "deletions": 12
              }
            }
          }
        ]
      },
      {
        "date": "2020-10-13",
        "commitResults": [
          {
            "hash": "d0bcd09b09822c549201768fcde36f528daaeeff",
            "messageTitle": "Remove FileNotFoundException",
            "messageBody": "",
            "fileTypesAndContributionMap": {
              "functional-code": {
                "insertions": 1,
                "deletions": 1
              }
            }
          },
          {
            "hash": "f036a55d9730269d5b9428d7b6a2044094bd46a7",
            "messageTitle": "Remove FileNotFoundException",
            "messageBody": "",
            "fileTypesAndContributionMap": {
              "functional-code": {
                "insertions": 1,
                "deletions": 2
              }
            }
          },
          {
            "hash": "34780c6fff40595e22facc1d2936842f3aada116",
            "messageTitle": "Add InvalidFileFormatException",
            "messageBody": "",
            "fileTypesAndContributionMap": {
              "functional-code": {
                "insertions": 6,
                "deletions": 3
              }
            }
          },
          {
            "hash": "ac5262e9b52569e58796586f7fb66df416845847",
            "messageTitle": "Add InvalidFileFormatException",
            "messageBody": "",
            "fileTypesAndContributionMap": {
              "functional-code": {
                "insertions": 2,
                "deletions": 1
              }
            }
          },
          {
            "hash": "f93e249314f0628340d800d3f76f080c666e359a",
            "messageTitle": "Fix exception errors",
            "messageBody": "",
            "fileTypesAndContributionMap": {
              "functional-code": {
                "insertions": 1,
                "deletions": 4
              }
            }
          },
          {
            "hash": "f12024bdb30f886ef4d92230e90a179caa1086c3",
            "messageTitle": "Import exception class",
            "messageBody": "",
            "fileTypesAndContributionMap": {
              "functional-code": {
                "insertions": 1,
                "deletions": 0
              }
            }
          },
          {
            "hash": "7f64c07cedb1199bae8102254f2092a18c1991d1",
            "messageTitle": "Import exception class",
            "messageBody": "",
            "fileTypesAndContributionMap": {
              "functional-code": {
                "insertions": 1,
                "deletions": 0
              }
            }
          },
          {
            "hash": "e1dd4fa5a8b0c9678f082e68aac23e547435a6d7",
            "messageTitle": "Add exception to Kaji",
            "messageBody": "",
            "fileTypesAndContributionMap": {
              "functional-code": {
                "insertions": 1,
                "deletions": 1
              }
            }
          },
          {
            "hash": "e16e0c761ba768d4650f3b8f67e78eb5d5135c05",
            "messageTitle": "Import exception class",
            "messageBody": "",
            "fileTypesAndContributionMap": {
              "functional-code": {
                "insertions": 1,
                "deletions": 0
              }
            }
          }
        ]
      },
      {
        "date": "2020-10-14",
        "commitResults": [
          {
            "hash": "39b779e57cdac933adc58846aa13c0f80ac8ff56",
            "messageTitle": "Add remove feature for modules and chapters",
            "messageBody": "",
            "fileTypesAndContributionMap": {
              "functional-code": {
                "insertions": 95,
                "deletions": 10
              }
            }
          },
          {
            "hash": "b9203f6f0118c803e8e7a50b55c7c0f36d3ee943",
            "messageTitle": "Fix checkstyle issue",
            "messageBody": "",
            "fileTypesAndContributionMap": {
              "functional-code": {
                "insertions": 3,
                "deletions": 2
              }
            }
          },
          {
            "hash": "72f2e1ed1ed44f8d91c5fb367d5b9d394e5efa98",
            "messageTitle": "Add showing of remaining number of modules/chapters/flashcards after removing",
            "messageBody": "",
            "fileTypesAndContributionMap": {
              "functional-code": {
                "insertions": 11,
                "deletions": 9
              }
            }
          }
        ]
      },
      {
        "date": "2020-10-15",
        "commitResults": [
          {
            "hash": "5e399a2151460517f9da8be116b172d58a92536e",
            "messageTitle": "Add assert and logging statements",
            "messageBody": "",
            "fileTypesAndContributionMap": {
              "functional-code": {
                "insertions": 19,
                "deletions": 4
              }
            }
          }
        ]
      },
      {
        "date": "2020-10-18",
        "commitResults": [
          {
            "hash": "bb70a6a6c035621dbad807c4dc4e7da776d028fe",
            "messageTitle": "Add revise not due feature",
            "messageBody": "",
            "fileTypesAndContributionMap": {
              "functional-code": {
                "insertions": 27,
                "deletions": 13
              }
            }
          },
          {
            "hash": "70aa6a077f709617ac882f0d89e2e0e1dda745b2",
            "messageTitle": "Modify ui method call for AddCommand",
            "messageBody": "",
            "fileTypesAndContributionMap": {
              "functional-code": {
                "insertions": 38,
                "deletions": 39
              }
            }
          },
          {
            "hash": "f369f63dc3734100b58b7e85fb4cb8ace50f8f06",
            "messageTitle": "Add exception for incorrect level access for BackCommand",
            "messageBody": "",
            "fileTypesAndContributionMap": {
              "functional-code": {
                "insertions": 4,
                "deletions": 3
              }
            }
          },
          {
            "hash": "b12e2fdd6141ef58dc91c58af6deb5729f3fb24d",
            "messageTitle": "Remove use of StringBuilder",
            "messageBody": "",
            "fileTypesAndContributionMap": {
              "functional-code": {
                "insertions": 15,
                "deletions": 18
              }
            }
          },
          {
            "hash": "c1eb004fa9db3684817001b8361c13d08e62be22",
            "messageTitle": "Change to use of constants for module",
            "messageBody": "",
            "fileTypesAndContributionMap": {
              "functional-code": {
                "insertions": 2,
                "deletions": 2
              }
            }
          },
          {
            "hash": "f6df6112709440c04737023b60042ef84b374b4f",
            "messageTitle": "Add common package to store message class",
            "messageBody": "",
            "fileTypesAndContributionMap": {
              "functional-code": {
                "insertions": 6,
                "deletions": 0
              }
            }
          },
          {
            "hash": "af3d399ee1f3a2a5aa08f597327e064f09b41b08",
            "messageTitle": "Modify ui method call to execute",
            "messageBody": "",
            "fileTypesAndContributionMap": {
              "functional-code": {
                "insertions": 40,
                "deletions": 30
              }
            }
          },
          {
            "hash": "ffb54655685d563be025d30dc5838de5f224198b",
            "messageTitle": "Modify message printing",
            "messageBody": "",
            "fileTypesAndContributionMap": {
              "functional-code": {
                "insertions": 20,
                "deletions": 12
              }
            }
          },
          {
            "hash": "0c2d6e5cd455b8ef4868abd61b5103845c6c5b2d",
            "messageTitle": "Move card, chapter and module constants to Message",
            "messageBody": "",
            "fileTypesAndContributionMap": {
              "functional-code": {
                "insertions": 8,
                "deletions": 4
              }
            }
          },
          {
            "hash": "9ebf30796f3ff76047eff412f3e8cd9fdee943e0",
            "messageTitle": "Add ListDue command",
            "messageBody": "",
            "fileTypesAndContributionMap": {
              "functional-code": {
                "insertions": 2,
                "deletions": 33
              }
            }
          },
          {
            "hash": "17b4070aa792e5b6407d79d2ea581452a8335774",
            "messageTitle": "Print line for each command result",
            "messageBody": "",
            "fileTypesAndContributionMap": {
              "functional-code": {
                "insertions": 6,
                "deletions": 4
              }
            }
          },
          {
            "hash": "44338e5ed875a0da2e5148cb50bb121abf9fb94d",
            "messageTitle": "Change placing of variable",
            "messageBody": "",
            "fileTypesAndContributionMap": {
              "functional-code": {
                "insertions": 2,
                "deletions": 1
              }
            }
          },
          {
            "hash": "fb1fc1ddf472801166fdc70154cbe75bf0e971a7",
            "messageTitle": "Modify ui method call in execute",
            "messageBody": "",
            "fileTypesAndContributionMap": {
              "functional-code": {
                "insertions": 58,
                "deletions": 10
              }
            }
          },
          {
            "hash": "509ad89bf9578c45e97877200fed0d2a8859c548",
            "messageTitle": "Add print line for error message",
            "messageBody": "",
            "fileTypesAndContributionMap": {
              "functional-code": {
                "insertions": 1,
                "deletions": 0
              }
            }
          },
          {
            "hash": "79b69fe9bbb37ed4a333e273dfe7e97a3fa2f544",
            "messageTitle": "Comment out logging",
            "messageBody": "",
            "fileTypesAndContributionMap": {
              "functional-code": {
                "insertions": 1,
                "deletions": 1
              }
            }
          },
          {
            "hash": "f5166339ef0bb138fedda830fbcff6b0c4b2cb35",
            "messageTitle": "Modify ui method call in execute",
            "messageBody": "",
            "fileTypesAndContributionMap": {
              "functional-code": {
                "insertions": 29,
                "deletions": 20
              }
            }
          },
          {
            "hash": "3ce18d77807156e2e8f2a50bd2a9d09d631ffdb1",
            "messageTitle": "Add common messages for exceptions",
            "messageBody": "",
            "fileTypesAndContributionMap": {
              "functional-code": {
                "insertions": 20,
                "deletions": 20
              }
            }
          },
          {
            "hash": "c412a75eb0d50ac7efea54e25b93b769e2562728",
            "messageTitle": "Refactor start revision message",
            "messageBody": "",
            "fileTypesAndContributionMap": {
              "functional-code": {
                "insertions": 6,
                "deletions": 5
              }
            }
          }
        ]
      },
      {
        "date": "2020-10-19",
        "commitResults": [
          {
            "hash": "92a9ba017e9e0677469f4778ac260030002c3031",
            "messageTitle": "Add handling of exceptions",
            "messageBody": "",
            "fileTypesAndContributionMap": {
              "functional-code": {
                "insertions": 11,
                "deletions": 16
              }
            }
          },
          {
            "hash": "ccf39500cf47a4e7dde51a5dc81cb8799cbdff71",
            "messageTitle": "Modify print messages to call ui.showToUser",
            "messageBody": "",
            "fileTypesAndContributionMap": {
              "functional-code": {
                "insertions": 54,
                "deletions": 45
              }
            }
          },
          {
            "hash": "0fd70a80195ec7e91960a144d55b03098712e26f",
            "messageTitle": "Change to use of String Builder",
            "messageBody": "",
            "fileTypesAndContributionMap": {
              "functional-code": {
                "insertions": 11,
                "deletions": 9
              }
            }
          },
          {
            "hash": "181210432193a54ca17c1ef3a8c5a0657f57c707",
            "messageTitle": "Fix checkstyle issue",
            "messageBody": "",
            "fileTypesAndContributionMap": {
              "functional-code": {
                "insertions": 18,
                "deletions": 16
              }
            }
          }
        ]
      }
    ],
    "Darticune": [
      {
        "date": "2020-10-02",
        "commitResults": [
          {
            "hash": "b304d14ad7ce51bf5f297af159fa7aa97a8caddb",
            "messageTitle": "Updated Yan An\u0027s personal information in the doc/AboutUs.md",
            "messageBody": "",
            "fileTypesAndContributionMap": {
              "docs": {
                "insertions": 1,
                "deletions": 1
              }
            }
          }
        ]
      },
      {
        "date": "2020-10-06",
        "commitResults": [
          {
            "hash": "b9f1e40fb8b85ad217a8e25c7aeb5d5040d9f90a",
            "messageTitle": "Included JUnit tests for methods in Scheduler.java and added functions for use in revision and Decks",
            "messageBody": "",
            "fileTypesAndContributionMap": {
              "functional-code": {
                "insertions": 87,
                "deletions": 6
              },
              "test-code": {
                "insertions": 62,
                "deletions": 0
              }
            }
          },
          {
            "hash": "07a5ed0ade481764ccac080d63bd236bad947ffc",
            "messageTitle": "Updated JUnit tests for Scheduler.java with proper naming convention",
            "messageBody": "",
            "fileTypesAndContributionMap": {
              "test-code": {
                "insertions": 10,
                "deletions": 10
              }
            }
          }
        ]
      },
      {
        "date": "2020-10-13",
        "commitResults": [
          {
            "hash": "d293208a76ec4e68823083ee517e40f3259dd7b5",
            "messageTitle": "Implemented the rating system for Chapters and the rating of newly created chapters",
            "messageBody": "",
            "fileTypesAndContributionMap": {
              "functional-code": {
                "insertions": 177,
                "deletions": 46
              }
            }
          }
        ]
      },
      {
        "date": "2020-10-14",
        "commitResults": [
          {
            "hash": "1e8baec82504bfaacd95a36140f071dbe05737ba",
            "messageTitle": "Resolved merge conflicts from pull request #55",
            "messageBody": "",
            "fileTypesAndContributionMap": {
              "functional-code": {
                "insertions": 3,
                "deletions": 2
              }
            }
          },
          {
            "hash": "6606d1cd68e575e39f703b935323fdfba0fb61f4",
            "messageTitle": "Completed functions for Chapter Rating and ListDue Command",
            "messageBody": "",
            "fileTypesAndContributionMap": {
              "functional-code": {
                "insertions": 210,
                "deletions": 62
              },
              "test-code": {
                "insertions": 109,
                "deletions": 22
              }
            }
          },
          {
            "hash": "c38ed4cf8cde0f69939e4aac21d9753b2209f170",
            "messageTitle": "Fixes exception issue",
            "messageBody": "",
            "fileTypesAndContributionMap": {
              "functional-code": {
                "insertions": 0,
                "deletions": 2
              }
            }
          },
          {
            "hash": "020956ba47163f6cb03dae5dee20c7ee6de9dc35",
            "messageTitle": "Fixes import issues",
            "messageBody": "",
            "fileTypesAndContributionMap": {
              "functional-code": {
                "insertions": 15,
                "deletions": 1
              }
            }
          },
          {
            "hash": "2251fd9fac14f40e60ce3191d704f4727deb375e",
            "messageTitle": "Resolved conflicts raised in first review of pull request #62",
            "messageBody": "",
            "fileTypesAndContributionMap": {
              "functional-code": {
                "insertions": 46,
                "deletions": 73
              }
            }
          }
        ]
      },
      {
        "date": "2020-10-15",
        "commitResults": [
          {
            "hash": "c2ed7641905f3daeb050cf4f14747bf395b5a57e",
            "messageTitle": "Fixed bugs with saving Chapter Ratings and List Due tasks prompt",
            "messageBody": "",
            "fileTypesAndContributionMap": {
              "functional-code": {
                "insertions": 174,
                "deletions": 48
              },
              "other": {
                "insertions": 0,
                "deletions": 1
              }
            }
          },
          {
            "hash": "804f66f1f420f0ae51e227a56573140f5cbfe062",
            "messageTitle": "Fixed declaration error",
            "messageBody": "",
            "fileTypesAndContributionMap": {
              "functional-code": {
                "insertions": 3,
                "deletions": 3
              }
            }
          },
          {
            "hash": "1c8a955713a3bd6eea49eb20118885d6f1c48b30",
            "messageTitle": "Resolved bugs from merge",
            "messageBody": "",
            "fileTypesAndContributionMap": {
              "functional-code": {
                "insertions": 6,
                "deletions": 11
              }
            }
          },
          {
            "hash": "6b53dd5582e10c922eb5107f41419c8fc4309e68",
            "messageTitle": "Adjusted the implementation of Chapter Deadlines so that the list command can ignore the due files",
            "messageBody": "",
            "fileTypesAndContributionMap": {
              "functional-code": {
                "insertions": 51,
                "deletions": 15
              }
            }
          },
          {
            "hash": "186237bbc4d6390cfb14dd1cf99e16eb76062b25",
            "messageTitle": "Implemented Assertions",
            "messageBody": "",
            "fileTypesAndContributionMap": {
              "functional-code": {
                "insertions": 4,
                "deletions": 0
              }
            }
          },
          {
            "hash": "6ce05362b01811b7318e68606035e023e00376e9",
            "messageTitle": "Resolved issues pointed out in reviews",
            "messageBody": "",
            "fileTypesAndContributionMap": {
              "functional-code": {
                "insertions": 21,
                "deletions": 16
              }
            }
          },
          {
            "hash": "ce9a73fdfad1369b70ecdcc8153f92a85cbbaf38",
            "messageTitle": "Added MESSAGE_USAGE for ListDue command",
            "messageBody": "",
            "fileTypesAndContributionMap": {
              "functional-code": {
                "insertions": 3,
                "deletions": 0
              }
            }
          }
        ]
      }
    ],
    "Jane-Ng": [
      {
        "date": "2020-10-02",
        "commitResults": [
          {
            "hash": "a1bb768807bf5f16e063f4b26b9b39e3470e1ce0",
            "messageTitle": "Modify name",
            "messageBody": "",
            "fileTypesAndContributionMap": {
              "docs": {
                "insertions": 1,
                "deletions": 1
              }
            }
          }
        ]
      },
      {
        "date": "2020-10-06",
        "commitResults": [
          {
            "hash": "7c0361f60ae08b8a0e49b117860e64d65d438cf9",
            "messageTitle": "Add the ability to add and list cards Add the ability to exit the program",
            "messageBody": "",
            "fileTypesAndContributionMap": {
              "functional-code": {
                "insertions": 310,
                "deletions": 0
              }
            }
          },
          {
            "hash": "f98f5fa99f1fd81f28a47a7ac5d3ee74f1f31125",
            "messageTitle": "Minor change to output message",
            "messageBody": "",
            "fileTypesAndContributionMap": {
              "functional-code": {
                "insertions": 1,
                "deletions": 1
              }
            }
          }
        ]
      },
      {
        "date": "2020-10-08",
        "commitResults": [
          {
            "hash": "eb5eb0b43a7627a6c21c09cfd0dfd9a290c042ec",
            "messageTitle": "Add JUnit Tests for invalid input for add, list and exit commands",
            "messageBody": "",
            "fileTypesAndContributionMap": {
              "test-code": {
                "insertions": 41,
                "deletions": 0
              }
            }
          },
          {
            "hash": "d565a703c5ba2e7c2a6e374f7e185da5918e8b32",
            "messageTitle": "Fix checkstyle error",
            "messageBody": "",
            "fileTypesAndContributionMap": {
              "test-code": {
                "insertions": 10,
                "deletions": 10
              }
            }
          }
        ]
      },
      {
        "date": "2020-10-11",
        "commitResults": [
          {
            "hash": "069bf3ba24dd3265a874904148adb94df06eee7e",
            "messageTitle": "Add the ability to edit the content of a card",
            "messageBody": "",
            "fileTypesAndContributionMap": {
              "functional-code": {
                "insertions": 121,
                "deletions": 26
              }
            }
          },
          {
            "hash": "ae4005b230047f0e7adc3c50dfe6124f08ac999d",
            "messageTitle": "Fix checkstyleMain",
            "messageBody": "",
            "fileTypesAndContributionMap": {
              "functional-code": {
                "insertions": 6,
                "deletions": 1
              }
            }
          }
        ]
      },
      {
        "date": "2020-10-12",
        "commitResults": [
          {
            "hash": "45b42536e72e7d970f69dd4c4f4c845ece579a34",
            "messageTitle": "Able to edit cards at chapter level only",
            "messageBody": "",
            "fileTypesAndContributionMap": {
              "functional-code": {
                "insertions": 89,
                "deletions": 33
              },
              "test-code": {
                "insertions": 11,
                "deletions": 5
              }
            }
          },
          {
            "hash": "1ca135a7fa9f92a2176cfe9b4108ad01a122323a",
            "messageTitle": "Added edit command message usage to error message",
            "messageBody": "",
            "fileTypesAndContributionMap": {
              "functional-code": {
                "insertions": 12,
                "deletions": 6
              }
            }
          },
          {
            "hash": "cb6e5705bcccd060f8f899c549fc2a6c0cb9bfb8",
            "messageTitle": "Print out message usage for error messages",
            "messageBody": "",
            "fileTypesAndContributionMap": {
              "functional-code": {
                "insertions": 35,
                "deletions": 21
              }
            }
          },
          {
            "hash": "f619efe543b332269f01c46f2615bb8c147d1271",
            "messageTitle": "List cards only at chapter level",
            "messageBody": "",
            "fileTypesAndContributionMap": {
              "functional-code": {
                "insertions": 16,
                "deletions": 4
              }
            }
          }
        ]
      },
      {
        "date": "2020-10-13",
        "commitResults": [
          {
            "hash": "63202fd35bce008ab8d162e3e67e02edfb9b7ce3",
            "messageTitle": "Enhance the feature of adding cards at chapter level only",
            "messageBody": "",
            "fileTypesAndContributionMap": {
              "functional-code": {
                "insertions": 47,
                "deletions": 14
              }
            }
          },
          {
            "hash": "f08abd38ead8e6648ee0d1dc95358a37e60b7902",
            "messageTitle": "Updated Junit test for add command",
            "messageBody": "",
            "fileTypesAndContributionMap": {
              "functional-code": {
                "insertions": 18,
                "deletions": 0
              },
              "test-code": {
                "insertions": 1,
                "deletions": 0
              }
            }
          },
          {
            "hash": "49d67231b6944204f9e37de0a40ce071439ff5f8",
            "messageTitle": "Added the feature of editing module and chapter name",
            "messageBody": "",
            "fileTypesAndContributionMap": {
              "functional-code": {
                "insertions": 124,
                "deletions": 8
              }
            }
          },
          {
            "hash": "7e10ae369aedecec7bf018f49ec0fea803b36067",
            "messageTitle": "Added Junit tests for edit command",
            "messageBody": "",
            "fileTypesAndContributionMap": {
              "functional-code": {
                "insertions": 1,
                "deletions": 1
              },
              "test-code": {
                "insertions": 114,
                "deletions": 8
              }
            }
          },
          {
            "hash": "1944e3b314263f995fadac1a5849dfabc03db517",
            "messageTitle": "Fix checkstyle error",
            "messageBody": "",
            "fileTypesAndContributionMap": {
              "test-code": {
                "insertions": 26,
                "deletions": 36
              }
            }
          },
          {
            "hash": "fef8a749225563dc8febc54d91f4fea7bb00909a",
            "messageTitle": "Using a common ui method for edit command messages",
            "messageBody": "",
            "fileTypesAndContributionMap": {
              "functional-code": {
                "insertions": 25,
                "deletions": 46
              }
            }
          }
        ]
      },
      {
        "date": "2020-10-14",
        "commitResults": [
          {
            "hash": "b64f466f18c52ff53c9e0c2c0b6d855ee5e951e5",
            "messageTitle": "Update GoCommand.java",
            "messageBody": "",
            "fileTypesAndContributionMap": {
              "functional-code": {
                "insertions": 0,
                "deletions": 2
              }
            }
          },
          {
            "hash": "6549a07d21a4f7bcea823e23e8725836699b0e75",
            "messageTitle": "Update AddCommand.java",
            "messageBody": "",
            "fileTypesAndContributionMap": {
              "functional-code": {
                "insertions": 1,
                "deletions": 1
              }
            }
          },
          {
            "hash": "ed2d2703c8998e721bb4dfe0dc045a2d0066d378",
            "messageTitle": "Update Ui.java",
            "messageBody": "",
            "fileTypesAndContributionMap": {
              "functional-code": {
                "insertions": 1,
                "deletions": 0
              }
            }
          }
        ]
      },
      {
        "date": "2020-10-15",
        "commitResults": [
          {
            "hash": "393287dcc0fe66fd21e6f9b2256b5dddf201cd12",
            "messageTitle": "Created separate message usage for module, chapter and card Separated editModule and editChapter into 2 methods in Parser.java",
            "messageBody": "",
            "fileTypesAndContributionMap": {
              "functional-code": {
                "insertions": 78,
                "deletions": 34
              }
            }
          },
          {
            "hash": "b2f3bc1efc8f1d6d3b2c8b5b9a90febc0d1757f7",
            "messageTitle": "Remove unused packages Remove CardList object from execute method in all commands class",
            "messageBody": "",
            "fileTypesAndContributionMap": {
              "functional-code": {
                "insertions": 12,
                "deletions": 22
              }
            }
          },
          {
            "hash": "5e0cb4fd5bb3947908700d70274fa25261b8113b",
            "messageTitle": "Add assertions for EditCommand, add and list cards",
            "messageBody": "",
            "fileTypesAndContributionMap": {
              "functional-code": {
                "insertions": 10,
                "deletions": 0
              }
            }
          }
        ]
      },
      {
        "date": "2020-10-21",
        "commitResults": [
          {
            "hash": "984948ea8bf02b0542b75c88d27042ae11146beb",
            "messageTitle": "Enable assertions in build.gradle",
            "messageBody": "",
            "fileTypesAndContributionMap": {
              "other": {
                "insertions": 3,
                "deletions": 2
              }
            }
          },
          {
            "hash": "ba1a2311ed407daa2f3273ad823a8ac5e467ae90",
            "messageTitle": "Reorganised code for output message",
            "messageBody": "",
            "fileTypesAndContributionMap": {
              "functional-code": {
                "insertions": 99,
                "deletions": 102
              }
            }
          },
          {
            "hash": "8756af695244c8275d9e7b286387fd042c81d909",
            "messageTitle": "Resolve import issue",
            "messageBody": "",
            "fileTypesAndContributionMap": {
              "functional-code": {
                "insertions": 3,
                "deletions": 1
              }
            }
          }
        ]
      }
    ]
  },
  "authorFileTypeContributionMap": {
    "Zhu-Ze-Yu": {
      "docs": 1,
      "functional-code": 538,
      "test-code": 0
    },
    "gua-guargia": {
      "docs": 1,
      "functional-code": 538,
      "test-code": 19
    },
    "neojiaern": {
      "docs": 1,
      "functional-code": 564,
      "test-code": 61
    },
    "Darticune": {
      "docs": 1,
      "functional-code": 431,
      "test-code": 46
    },
    "Jane-Ng": {
      "docs": 1,
      "functional-code": 679,
      "test-code": 146,
      "other": 3
    }
  },
  "authorContributionVariance": {
    "Zhu-Ze-Yu": 29548.322,
    "gua-guargia": 116396.12,
    "neojiaern": 11356.32,
    "Darticune": 17456.596,
    "Jane-Ng": 14580.12
  },
  "authorDisplayNameMap": {
    "Zhu-Ze-Yu": "CS2113T-F11-3 ZHU ..ZEYU",
    "gua-guargia": "CS2113T-F11-3 ZHAN..IAYI",
    "neojiaern": "CS2113T-F11-3 NEO .. ERN",
    "Darticune": "CS2113T-F11-3 TAN ..N AN",
    "Jane-Ng": "CS2113T-F11-3 NG S..JANE"
  }
}
