{
  "authorDailyContributionsMap": {
    "chuckiex3": [
      {
        "date": "2020-10-01",
        "commitResults": [
          {
            "hash": "3433c9b74769f5af8f70d412d04ee989a41a4dcd",
            "messageTitle": "Update AboutUs.md",
            "messageBody": "",
            "fileTypesAndContributionMap": {
              "docs": {
                "insertions": 6,
                "deletions": 6
              }
            }
          },
          {
            "hash": "0db0c890c303280e5379b3ac9f4f05cba3c08c3d",
            "messageTitle": "Update AboutUs.md",
            "messageBody": "",
            "fileTypesAndContributionMap": {
              "docs": {
                "insertions": 5,
                "deletions": 5
              }
            }
          },
          {
            "hash": "9fce7e78461b456808c02229e80ffed34ccdfba9",
            "messageTitle": "Format image width",
            "messageBody": "",
            "fileTypesAndContributionMap": {
              "docs": {
                "insertions": 2,
                "deletions": 2
              }
            }
          },
          {
            "hash": "dbe2ca5631d9d51dea1273e8289efd8b34694972",
            "messageTitle": "Create francene.md",
            "messageBody": "",
            "fileTypesAndContributionMap": {
              "docs": {
                "insertions": 6,
                "deletions": 0
              }
            }
          },
          {
            "hash": "8da05c29e78e8b61883de7a3e340e0f22bd496ab",
            "messageTitle": "Update AboutUs.md",
            "messageBody": "",
            "fileTypesAndContributionMap": {
              "docs": {
                "insertions": 1,
                "deletions": 1
              }
            }
          }
        ]
      },
      {
        "date": "2020-10-07",
        "commitResults": [
          {
            "hash": "a419174c769c694b6fa595d9677eca36a5b66875",
            "messageTitle": "Add some fields necessary for Task and TaskList class",
            "messageBody": "",
            "fileTypesAndContributionMap": {
              "functional-code": {
                "insertions": 34,
                "deletions": 0
              }
            }
          },
          {
            "hash": "2f6e0451c7519b3a0839e63dbb159d4a2a8a728f",
            "messageTitle": "Implement code for adding tasks",
            "messageBody": "",
            "fileTypesAndContributionMap": {
              "functional-code": {
                "insertions": 29,
                "deletions": 1
              }
            }
          },
          {
            "hash": "5c4f48705daff13701efd212bc9615d86451d8e5",
            "messageTitle": "Add exceptions for adding tasks",
            "messageBody": "",
            "fileTypesAndContributionMap": {
              "functional-code": {
                "insertions": 14,
                "deletions": 0
              }
            }
          }
        ]
      },
      {
        "date": "2020-10-10",
        "commitResults": [
          {
            "hash": "9c66182bfd18617fffae16b26a01f5db6d24d761",
            "messageTitle": "Make working Add class",
            "messageBody": "",
            "fileTypesAndContributionMap": {
              "functional-code": {
                "insertions": 138,
                "deletions": 23
              }
            }
          },
          {
            "hash": "dce75b13248eed0702677bb01fad51f35e00d2ed",
            "messageTitle": "Add methods to extract dates from user",
            "messageBody": "",
            "fileTypesAndContributionMap": {
              "functional-code": {
                "insertions": 99,
                "deletions": 29
              }
            }
          },
          {
            "hash": "e3ae5920a183f4576e20610406f66ef259ebaf14",
            "messageTitle": "Change unicode symbols to just o and x",
            "messageBody": "",
            "fileTypesAndContributionMap": {
              "functional-code": {
                "insertions": 2,
                "deletions": 4
              }
            }
          },
          {
            "hash": "e884b5b68ac8cd18aeffaa60100b4b9bbd268f2a",
            "messageTitle": "Fix checkstyle issues",
            "messageBody": "",
            "fileTypesAndContributionMap": {
              "functional-code": {
                "insertions": 7,
                "deletions": 6
              }
            }
          }
        ]
      },
      {
        "date": "2020-10-11",
        "commitResults": [
          {
            "hash": "ab2ecaadffc833865e408fe2fd904c85ca6c2e43",
            "messageTitle": "Make changes according to requests in PR",
            "messageBody": "",
            "fileTypesAndContributionMap": {
              "functional-code": {
                "insertions": 2,
                "deletions": 3
              }
            }
          },
          {
            "hash": "1f556264d5bce543d23fb1f3bbccc919b7d49386",
            "messageTitle": "Make more changes to fix requests",
            "messageBody": "",
            "fileTypesAndContributionMap": {
              "functional-code": {
                "insertions": 3,
                "deletions": 2
              }
            }
          },
          {
            "hash": "1cf8c9682fc15e5bda2d98872fb4d5e9ee4082ca",
            "messageTitle": "Add //TODO comments",
            "messageBody": "",
            "fileTypesAndContributionMap": {
              "functional-code": {
                "insertions": 5,
                "deletions": 3
              }
            }
          }
        ]
      },
      {
        "date": "2020-10-12",
        "commitResults": [
          {
            "hash": "2c3c7516d6aeb9c391c657396cb4b5054a291188",
            "messageTitle": "Remove unnecessary variable",
            "messageBody": "",
            "fileTypesAndContributionMap": {
              "functional-code": {
                "insertions": 3,
                "deletions": 6
              }
            }
          },
          {
            "hash": "9a909f2e06557e4b0f68bc86140de5422af519e8",
            "messageTitle": "Create AddTest.java for JUnit Testing",
            "messageBody": "",
            "fileTypesAndContributionMap": {
              "test-code": {
                "insertions": 37,
                "deletions": 0
              }
            }
          },
          {
            "hash": "a11356b32c15a86fd5c7fa7cb5cb4c16c534553b",
            "messageTitle": "Make changes to fix errors",
            "messageBody": "",
            "fileTypesAndContributionMap": {
              "functional-code": {
                "insertions": 11,
                "deletions": 3
              },
              "test-code": {
                "insertions": 4,
                "deletions": 3
              }
            }
          },
          {
            "hash": "62481933860b101e3a20df9b96192c77e7b11b10",
            "messageTitle": "Rename AddTask.java",
            "messageBody": "",
            "fileTypesAndContributionMap": {
              "other": {
                "insertions": 4,
                "deletions": 5
              }
            }
          }
        ]
      },
      {
        "date": "2020-10-13",
        "commitResults": [
          {
            "hash": "bf31092ec6953004b51609262cd9543ef9739ff3",
            "messageTitle": "Add JUnit Test for addTask",
            "messageBody": "",
            "fileTypesAndContributionMap": {
              "functional-code": {
                "insertions": 18,
                "deletions": 4
              },
              "test-code": {
                "insertions": 16,
                "deletions": 25
              }
            }
          },
          {
            "hash": "53684e9bd8f4cd3966bb4090c9b347be1badc227",
            "messageTitle": "Add JUnit Test for addTask",
            "messageBody": "",
            "fileTypesAndContributionMap": {
              "other": {
                "insertions": 1,
                "deletions": 1
              },
              "test-code": {
                "insertions": 0,
                "deletions": 36
              }
            }
          },
          {
            "hash": "49191b638391b0a8442114f3203cd5d78084564d",
            "messageTitle": "Update RemoveTaskTest for Lusi",
            "messageBody": "",
            "fileTypesAndContributionMap": {
              "test-code": {
                "insertions": 1,
                "deletions": 1
              }
            }
          },
          {
            "hash": "39970e49309f24f234fac20faa41202aa8b3cabd",
            "messageTitle": "Fix checkstyle issues",
            "messageBody": "",
            "fileTypesAndContributionMap": {
              "functional-code": {
                "insertions": 15,
                "deletions": 6
              }
            }
          },
          {
            "hash": "774878026e604974f4ca3f0f7cc1e5de1bd0733b",
            "messageTitle": "Fix checkstyle",
            "messageBody": "",
            "fileTypesAndContributionMap": {
              "test-code": {
                "insertions": 3,
                "deletions": 3
              }
            }
          }
        ]
      }
    ],
    "Lusi711": [
      {
        "date": "2020-10-01",
        "commitResults": [
          {
            "hash": "487bdcd8cb175e4d4cab24f6b642871c9c87be09",
            "messageTitle": "Update AboutUs.md",
            "messageBody": "",
            "fileTypesAndContributionMap": {
              "docs": {
                "insertions": 7,
                "deletions": 1
              }
            }
          }
        ]
      },
      {
        "date": "2020-10-11",
        "commitResults": [
          {
            "hash": "07bdf2e25065bfa471582f76bccb1adbd6a054fa",
            "messageTitle": "Implement remove() function for notebook mode",
            "messageBody": "",
            "fileTypesAndContributionMap": {
              "functional-code": {
                "insertions": 188,
                "deletions": 15
              }
            }
          },
          {
            "hash": "b889df9fdca9f4c8af58112dc664c730d20cc4ce",
            "messageTitle": "Update TaskList.java",
            "messageBody": "",
            "fileTypesAndContributionMap": {
              "functional-code": {
                "insertions": 2,
                "deletions": 2
              }
            }
          },
          {
            "hash": "7c91123014f25f7e364cf252e9cbd20b1f95fcd5",
            "messageTitle": "Update TaskList.java",
            "messageBody": "",
            "fileTypesAndContributionMap": {
              "functional-code": {
                "insertions": 1,
                "deletions": 1
              }
            }
          },
          {
            "hash": "a576639ea931fd456fb43298dce9b3878975e5f4",
            "messageTitle": "Update TaskList.java",
            "messageBody": "",
            "fileTypesAndContributionMap": {
              "functional-code": {
                "insertions": 1,
                "deletions": 1
              }
            }
          },
          {
            "hash": "672c390653a8d3f2d594fec55eb5cd80c423b04c",
            "messageTitle": "Update InputParser.java",
            "messageBody": "",
            "fileTypesAndContributionMap": {
              "functional-code": {
                "insertions": 1,
                "deletions": 0
              }
            }
          },
          {
            "hash": "97bd67e89fd38052e978f98374035cee48316006",
            "messageTitle": "Update TaskList.java",
            "messageBody": "",
            "fileTypesAndContributionMap": {
              "functional-code": {
                "insertions": 2,
                "deletions": 3
              }
            }
          },
          {
            "hash": "2094045473290398b461273ff2dbef6cb4b0445d",
            "messageTitle": "Update CliUserInterface.java",
            "messageBody": "",
            "fileTypesAndContributionMap": {
              "functional-code": {
                "insertions": 1,
                "deletions": 1
              }
            }
          },
          {
            "hash": "5203155aad8482cff06b140ec95a68cd27c91f0d",
            "messageTitle": "Update CliUserInterface.java",
            "messageBody": "",
            "fileTypesAndContributionMap": {
              "functional-code": {
                "insertions": 2,
                "deletions": 2
              }
            }
          },
          {
            "hash": "8b4bf5cab7a570c3d5c4ce4041859dae075b5a53",
            "messageTitle": "Update Duke.java",
            "messageBody": "",
            "fileTypesAndContributionMap": {
              "functional-code": {
                "insertions": 17,
                "deletions": 3
              }
            }
          },
          {
            "hash": "44699d871da746a05538bfa93ce3d95849530d0d",
            "messageTitle": "Update Duke.java",
            "messageBody": "",
            "fileTypesAndContributionMap": {
              "functional-code": {
                "insertions": 3,
                "deletions": 3
              }
            }
          },
          {
            "hash": "f8fdbe6cd9cf4bf6a97dee9a12695d11220ce032",
            "messageTitle": "Update NotebookShelf.java",
            "messageBody": "",
            "fileTypesAndContributionMap": {
              "functional-code": {
                "insertions": 4,
                "deletions": 0
              }
            }
          },
          {
            "hash": "a076bfa082dd70f4c6ec50dd99a384880196b8ce",
            "messageTitle": "Update NotebookShelf.java",
            "messageBody": "",
            "fileTypesAndContributionMap": {
              "functional-code": {
                "insertions": 1,
                "deletions": 1
              }
            }
          },
          {
            "hash": "f65466ba68a8ea2457eee6612bddbca348ee5d46",
            "messageTitle": "Update NotebookShelf.java",
            "messageBody": "",
            "fileTypesAndContributionMap": {
              "functional-code": {
                "insertions": 1,
                "deletions": 1
              }
            }
          },
          {
            "hash": "8e47a3293f2e40cb7da003c30a005999e0d26545",
            "messageTitle": "Update NotebookShelf.java",
            "messageBody": "",
            "fileTypesAndContributionMap": {
              "functional-code": {
                "insertions": 1,
                "deletions": 0
              }
            }
          },
          {
            "hash": "374ee3737e7a282c08015e224382c474fb10b466",
            "messageTitle": "Update Duke,java, TaskList.java, and CliUserInterface.java",
            "messageBody": "",
            "fileTypesAndContributionMap": {
              "functional-code": {
                "insertions": 8,
                "deletions": 6
              }
            }
          }
        ]
      },
      {
        "date": "2020-10-12",
        "commitResults": [
          {
            "hash": "332c5a3c5997d6160f73555dfabdfed44daccd41",
            "messageTitle": "Fix checkstyleTest errors",
            "messageBody": "",
            "fileTypesAndContributionMap": {
              "test-code": {
                "insertions": 0,
                "deletions": 2
              }
            }
          },
          {
            "hash": "a512458e3726d117747c278f2cfdc5ff2621feac",
            "messageTitle": "Implement JUnit tests for RemoveTask() method",
            "messageBody": "",
            "fileTypesAndContributionMap": {
              "test-code": {
                "insertions": 64,
                "deletions": 0
              }
            }
          },
          {
            "hash": "5b908453a158f52e86537601bdbec8142876c47f",
            "messageTitle": "Remove execute_DeleteTaskZero_IndexOutOfBoundsExceptionThrown()",
            "messageBody": "",
            "fileTypesAndContributionMap": {
              "test-code": {
                "insertions": 0,
                "deletions": 15
              }
            }
          }
        ]
      }
    ],
    "yAOwzers": [
      {
        "date": "2020-10-02",
        "commitResults": [
          {
            "hash": "df59f31f4b322563e82b40119d28f98d46f2dfb8",
            "messageTitle": "Update AboutUs.md",
            "messageBody": "YEET",
            "fileTypesAndContributionMap": {
              "docs": {
                "insertions": 1,
                "deletions": 1
              }
            }
          },
          {
            "hash": "2c36f09e402158b8889f9716ca8b431661bf24fd",
            "messageTitle": "Update AboutUs.md",
            "messageBody": "YEET",
            "fileTypesAndContributionMap": {
              "docs": {
                "insertions": 1,
                "deletions": 1
              }
            }
          },
          {
            "hash": "13c891cbe63c0f1e34abb3417b416b001c51d2cf",
            "messageTitle": "Update AboutUs.md",
            "messageBody": "yeet :(",
            "fileTypesAndContributionMap": {
              "docs": {
                "insertions": 1,
                "deletions": 1
              }
            }
          }
        ]
      },
      {
        "date": "2020-10-04",
        "commitResults": [
          {
            "hash": "0179b104d11e9b6b821d40e4c207091cfc01363f",
            "messageTitle": "Updated Joel.md",
            "messageBody": "",
            "fileTypesAndContributionMap": {
              "docs": {
                "insertions": 1,
                "deletions": 1
              }
            }
          },
          {
            "hash": "b2220ef7904310db06470f50da3a5bad6355e633",
            "messageTitle": "Rename johndoe.md to joel.md",
            "messageBody": "",
            "fileTypesAndContributionMap": {
              "docs": {
                "insertions": 0,
                "deletions": 0
              }
            }
          },
          {
            "hash": "f98f3e0a77eac90e1717ceb1e9c063a457c95cf0",
            "messageTitle": "Update joel.md",
            "messageBody": "",
            "fileTypesAndContributionMap": {
              "docs": {
                "insertions": 1,
                "deletions": 1
              }
            }
          }
        ]
      }
    ],
    "longngng": [
      {
        "date": "2020-10-01",
        "commitResults": [
          {
            "hash": "1d0d9738f955b236b3ff1db338d7d0ca8fc51d8c",
            "messageTitle": "Update About Us - Long Nguyen",
            "messageBody": "",
            "fileTypesAndContributionMap": {
              "docs": {
                "insertions": 7,
                "deletions": 1
              }
            }
          }
        ]
      },
      {
        "date": "2020-10-10",
        "commitResults": [
          {
            "hash": "fbe1289a267093b353a175c8e2b55deeb4e8530f",
            "messageTitle": "Add list() function in notebook mode",
            "messageBody": "",
            "fileTypesAndContributionMap": {
              "functional-code": {
                "insertions": 116,
                "deletions": 0
              }
            }
          }
        ]
      },
      {
        "date": "2020-10-11",
        "commitResults": [
          {
            "hash": "6b9cc528f86107cdcd38a7517017882f47197463",
            "messageTitle": "Fix style issues",
            "messageBody": "",
            "fileTypesAndContributionMap": {
              "functional-code": {
                "insertions": 8,
                "deletions": 6
              }
            }
          },
          {
            "hash": "a527b6c72dba72ceee132024138b28601000e137",
            "messageTitle": "Display the page content on the new line in list() function.",
            "messageBody": "",
            "fileTypesAndContributionMap": {
              "functional-code": {
                "insertions": 13,
                "deletions": 12
              }
            }
          },
          {
            "hash": "e2e74e2a1a20ae45ea1eced4a964508f4a510523",
            "messageTitle": "Add getters and setters for Page and Section class.",
            "messageBody": "",
            "fileTypesAndContributionMap": {
              "functional-code": {
                "insertions": 22,
                "deletions": 3
              }
            }
          },
          {
            "hash": "417304b4f80827949c5c297fd108ee5180d0749c",
            "messageTitle": "Fix checkstyle issue",
            "messageBody": "",
            "fileTypesAndContributionMap": {
              "functional-code": {
                "insertions": 1,
                "deletions": 1
              }
            }
          }
        ]
      },
      {
        "date": "2020-10-12",
        "commitResults": [
          {
            "hash": "a16669bc18c87de9e8c302541d8c166b4390c160",
            "messageTitle": "Refactor the code and modify the Mode class to follow the OOP principles",
            "messageBody": "",
            "fileTypesAndContributionMap": {
              "functional-code": {
                "insertions": 68,
                "deletions": 18
              }
            }
          },
          {
            "hash": "740cfbf11fc6f9cc3a088fa8ccd0e2c9cc70ba6d",
            "messageTitle": "Add listTimetable(). Fix style issues.",
            "messageBody": "",
            "fileTypesAndContributionMap": {
              "functional-code": {
                "insertions": 110,
                "deletions": 9
              }
            }
          },
          {
            "hash": "212b14ede2bd3686e726b6b1a3a50bf79074dfce",
            "messageTitle": "Add enum for application mode for better clarity",
            "messageBody": "",
            "fileTypesAndContributionMap": {
              "functional-code": {
                "insertions": 8,
                "deletions": 0
              }
            }
          },
          {
            "hash": "b8346e5e03a4683a31baee5be27bd3a549efca6b",
            "messageTitle": "Add ListTimetable class",
            "messageBody": "",
            "fileTypesAndContributionMap": {
              "functional-code": {
                "insertions": 52,
                "deletions": 10
              }
            }
          },
          {
            "hash": "c2170c7e714880909c4f77cef2ccf867159faddf",
            "messageTitle": "Fix style issues",
            "messageBody": "",
            "fileTypesAndContributionMap": {
              "functional-code": {
                "insertions": 11,
                "deletions": 3
              }
            }
          },
          {
            "hash": "6fc64b0d35ef7cdf80b9e45d45b2f7ee9af49b88",
            "messageTitle": "Rename the Mode() class to AppState and rename the relavent variables.",
            "messageBody": "",
            "fileTypesAndContributionMap": {
              "functional-code": {
                "insertions": 35,
                "deletions": 35
              },
              "other": {
                "insertions": 1,
                "deletions": 1
              }
            }
          }
        ]
      }
    ],
    "neilbaner": [
      {
        "date": "2020-10-01",
        "commitResults": [
          {
            "hash": "e2703104cd89bffbc2de6897a86debb67cd72ba1",
            "messageTitle": "Update my photo in AboutUs.md",
            "messageBody": "",
            "fileTypesAndContributionMap": {
              "docs": {
                "insertions": 1,
                "deletions": 1
              }
            }
          },
          {
            "hash": "75ea12bab9742866f828ee4098064313383a7905",
            "messageTitle": "Decrease size of my photo",
            "messageBody": "",
            "fileTypesAndContributionMap": {
              "docs": {
                "insertions": 1,
                "deletions": 1
              }
            }
          },
          {
            "hash": "e4c5dbd44220c7050414540f0a282ddc9fb2b897",
            "messageTitle": "Fix formatting",
            "messageBody": "",
            "fileTypesAndContributionMap": {
              "docs": {
                "insertions": 1,
                "deletions": 1
              }
            }
          },
          {
            "hash": "58dca31a7e21b754f911cf86d08f90d32d68dac7",
            "messageTitle": "Fix formatting again",
            "messageBody": "",
            "fileTypesAndContributionMap": {
              "docs": {
                "insertions": 1,
                "deletions": 1
              }
            }
          },
          {
            "hash": "e263d80c59c2de329b03b1fc3f981ff4c30121aa",
            "messageTitle": "Add portfolio page for myself",
            "messageBody": "",
            "fileTypesAndContributionMap": {
              "docs": {
                "insertions": 2,
                "deletions": 1
              }
            }
          }
        ]
      },
      {
        "date": "2020-10-07",
        "commitResults": [
          {
            "hash": "41451fccc1e9a2982e484294af1c22790aa907bd",
            "messageTitle": "Adjust image widths",
            "messageBody": "",
            "fileTypesAndContributionMap": {
              "docs": {
                "insertions": 4,
                "deletions": 4
              }
            }
          },
          {
            "hash": "0b9d1fa84250e3ed6538c2e5059650218cbe4637",
            "messageTitle": "Create basic class structure needed",
            "messageBody": "",
            "fileTypesAndContributionMap": {
              "functional-code": {
                "insertions": 36,
                "deletions": 0
              }
            }
          },
          {
            "hash": "d4395b80a1021d71b938e34665af2bc931bb9748",
            "messageTitle": "Update class structure",
            "messageBody": "",
            "fileTypesAndContributionMap": {
              "functional-code": {
                "insertions": 88,
                "deletions": 4
              }
            }
          },
          {
            "hash": "f4107e5ff0edc181f7a9c417e39dc65fc20fbad0",
            "messageTitle": "Update some class fields",
            "messageBody": "",
            "fileTypesAndContributionMap": {
              "functional-code": {
                "insertions": 27,
                "deletions": 1
              }
            }
          }
        ]
      },
      {
        "date": "2020-10-11",
        "commitResults": [
          {
            "hash": "6d5fcb4170786ac58f43b17a371eb869f7c55aec",
            "messageTitle": "Add some code for the help command",
            "messageBody": "",
            "fileTypesAndContributionMap": {
              "functional-code": {
                "insertions": 74,
                "deletions": 1
              }
            }
          },
          {
            "hash": "da9456ae8496e3fc35b6f6c5be7dc3de375c1857",
            "messageTitle": "Add some javadoc comments and documentation",
            "messageBody": "",
            "fileTypesAndContributionMap": {
              "functional-code": {
                "insertions": 28,
                "deletions": 1
              }
            }
          },
          {
            "hash": "af365f7cb19396d99c1e11bf6deb9cf8223b6caf",
            "messageTitle": "Fix CheckStyle issues",
            "messageBody": "",
            "fileTypesAndContributionMap": {
              "functional-code": {
                "insertions": 18,
                "deletions": 4
              }
            }
          }
        ]
      },
      {
        "date": "2020-10-12",
        "commitResults": [
          {
            "hash": "8a342f92ec7955ce05bcebb68102c10cb7bb7838",
            "messageTitle": "Fix formatting of merge",
            "messageBody": "",
            "fileTypesAndContributionMap": {
              "functional-code": {
                "insertions": 2,
                "deletions": 0
              }
            }
          },
          {
            "hash": "72d7024725342a5f990d9402b705545af69d5323",
            "messageTitle": "Finish help and bye commands",
            "messageBody": "They work now :D",
            "fileTypesAndContributionMap": {
              "functional-code": {
                "insertions": 131,
                "deletions": 80
              }
            }
          }
        ]
      }
    ]
  },
  "authorFileTypeContributionMap": {
    "chuckiex3": {
      "docs": 7,
      "functional-code": 196,
      "test-code": 30
    },
    "Lusi711": {
      "docs": 6,
      "functional-code": 169,
      "test-code": 48,
      "other": 1
    },
    "yAOwzers": {
      "docs": 1,
      "functional-code": 0,
      "test-code": 0
    },
    "longngng": {
      "docs": 0,
      "functional-code": 316,
      "test-code": 0
    },
    "neilbaner": {
      "docs": 5,
      "functional-code": 353,
      "test-code": 0
    }
  },
  "authorContributionVariance": {
    "chuckiex3": 5923.9863,
    "Lusi711": 4290.7686,
    "yAOwzers": 2.7128022,
    "longngng": 7666.9478,
    "neilbaner": 4277.7095
  },
  "authorDisplayNameMap": {
    "chuckiex3": "CS2113T-T12-3 MOOI..CENE",
    "Lusi711": "CS2113T-T12-3 LUSI..U QI",
    "yAOwzers": "CS2113T-T12-3 NEO ..JOEL",
    "longngng": "CS2113T-T12-3 NGUY..LONG",
    "neilbaner": "CS2113T-T12-3 NEIL..RJEE"
  }
}
