{
  "authorDailyContributionsMap": {
    "Wu-Haitao": [
      {
        "date": "2020-10-02",
        "commitResults": [
          {
            "hash": "1510ef2bc0c0a766da64d82f7206292c8f12652d",
            "messageTitle": "Update AboutUs.md",
            "messageBody": "",
            "fileTypesAndContributionMap": {
              "docs": {
                "insertions": 1,
                "deletions": 1
              }
            }
          }
        ]
      },
      {
        "date": "2020-10-06",
        "commitResults": [
          {
            "hash": "c43ceb5c7d64eb89df0efba28f444c08c0acc1c6",
            "messageTitle": "Update AboutUs.md",
            "messageBody": "",
            "fileTypesAndContributionMap": {
              "docs": {
                "insertions": 1,
                "deletions": 1
              }
            }
          },
          {
            "hash": "b10b0aa0fab99118fb05fb9f8168c8bf30b25edd",
            "messageTitle": "Add class Ui",
            "messageBody": "",
            "fileTypesAndContributionMap": {
              "functional-code": {
                "insertions": 85,
                "deletions": 1
              }
            }
          }
        ]
      }
    ],
    "k-walter": [
      {
        "date": "2020-10-02",
        "commitResults": [
          {
            "hash": "001a3bf5c4c0190058a7bcde80b54e1f25ed1b06",
            "messageTitle": "Update AboutUs.md",
            "messageBody": "",
            "fileTypesAndContributionMap": {
              "docs": {
                "insertions": 1,
                "deletions": 1
              }
            }
          },
          {
            "hash": "662d2e7a196abb33cec10205d3c87a7dffb24548",
            "messageTitle": "Fix regression",
            "messageBody": "",
            "fileTypesAndContributionMap": {
              "docs": {
                "insertions": 1,
                "deletions": 1
              }
            }
          }
        ]
      }
    ],
    "killingbear999": [
      {
        "date": "2020-10-02",
        "commitResults": [
          {
            "hash": "cadcb3ed7e1498a1de240c3d8547adbc1b61db67",
            "messageTitle": "update aboutus with my name",
            "messageBody": "",
            "fileTypesAndContributionMap": {
              "docs": {
                "insertions": 1,
                "deletions": 1
              }
            }
          }
        ]
      },
      {
        "date": "2020-10-06",
        "commitResults": [
          {
            "hash": "e473b93f6d874faae32cd0f0446c57d30cfeb99e",
            "messageTitle": "Add exceptions Finish issue #17",
            "messageBody": "",
            "fileTypesAndContributionMap": {
              "functional-code": {
                "insertions": 23,
                "deletions": 1
              }
            }
          },
          {
            "hash": "cd263f9574c342b8a6b237274cb219beac161b0a",
            "messageTitle": "Add the ability to log out the application",
            "messageBody": "",
            "fileTypesAndContributionMap": {
              "functional-code": {
                "insertions": 17,
                "deletions": 0
              }
            }
          },
          {
            "hash": "e3f899da15ba5b5851d93ffcfc715cb1d83f50aa",
            "messageTitle": "Add the ability to convert currencies",
            "messageBody": "",
            "fileTypesAndContributionMap": {
              "functional-code": {
                "insertions": 64,
                "deletions": 0
              }
            }
          },
          {
            "hash": "a6f029033318a49be7379a616def3b8360cdcf56",
            "messageTitle": "Minor updates",
            "messageBody": "",
            "fileTypesAndContributionMap": {
              "functional-code": {
                "insertions": 3,
                "deletions": 2
              }
            }
          },
          {
            "hash": "f48cefaa892cef875c64738175de8e6fee87cb44",
            "messageTitle": "Update ConvertCommand Class Fixes #7",
            "messageBody": "",
            "fileTypesAndContributionMap": {
              "functional-code": {
                "insertions": 42,
                "deletions": 13
              }
            }
          },
          {
            "hash": "bef2afca0a08ca975340c34cd7fb50aa1feec5a9",
            "messageTitle": "Modifies Item and SpendingList classes to fit ConvertCommand class",
            "messageBody": "",
            "fileTypesAndContributionMap": {
              "functional-code": {
                "insertions": 50,
                "deletions": 50
              }
            }
          },
          {
            "hash": "466a673896cca3b750e0f3adbe71f9312f82e956",
            "messageTitle": "Add the ability to check the validity of input command",
            "messageBody": "",
            "fileTypesAndContributionMap": {
              "functional-code": {
                "insertions": 36,
                "deletions": 0
              }
            }
          }
        ]
      }
    ],
    "xieyaoyue": [
      {
        "date": "2020-10-02",
        "commitResults": [
          {
            "hash": "de3e3ed24fbcd217b25c2e9356aa49824d81c315",
            "messageTitle": "Update AboutUs.md",
            "messageBody": "",
            "fileTypesAndContributionMap": {
              "docs": {
                "insertions": 1,
                "deletions": 1
              }
            }
          }
        ]
      },
      {
        "date": "2020-10-04",
        "commitResults": [
          {
            "hash": "09c1dff6006b05ebf43862930a2cb0b218be2420",
            "messageTitle": "Fixes #22",
            "messageBody": "",
            "fileTypesAndContributionMap": {
              "functional-code": {
                "insertions": 68,
                "deletions": 21
              }
            }
          }
        ]
      },
      {
        "date": "2020-10-05",
        "commitResults": [
          {
            "hash": "88f01feef87549b831ca0f39709e10a13672d3f4",
            "messageTitle": "Add 3 commands",
            "messageBody": "",
            "fileTypesAndContributionMap": {
              "functional-code": {
                "insertions": 60,
                "deletions": 8
              }
            }
          }
        ]
      },
      {
        "date": "2020-10-07",
        "commitResults": [
          {
            "hash": "15c4f3e9a3d6bab28d316fe010621f8bdd783a5f",
            "messageTitle": "update method name",
            "messageBody": "",
            "fileTypesAndContributionMap": {
              "functional-code": {
                "insertions": 1,
                "deletions": 5
              }
            }
          }
        ]
      }
    ],
    "pinfang": [
      {
        "date": "2020-10-02",
        "commitResults": [
          {
            "hash": "9a10665c4a415d312fcee92d51c7753761c3a4e4",
            "messageTitle": "edit name",
            "messageBody": "",
            "fileTypesAndContributionMap": {
              "docs": {
                "insertions": 1,
                "deletions": 1
              }
            }
          },
          {
            "hash": "222a0fca92bf61f3f1a4a856cf93fd3d3c999e9d",
            "messageTitle": "edit name - 1",
            "messageBody": "",
            "fileTypesAndContributionMap": {
              "docs": {
                "insertions": 1,
                "deletions": 1
              }
            }
          }
        ]
      },
      {
        "date": "2020-10-04",
        "commitResults": [
          {
            "hash": "1ca76193e98e9f8d2e88b548d42609c8dc2d649a",
            "messageTitle": "modify code",
            "messageBody": "",
            "fileTypesAndContributionMap": {
              "other": {
                "insertions": 18,
                "deletions": 14
              }
            }
          }
        ]
      },
      {
        "date": "2020-10-05",
        "commitResults": [
          {
            "hash": "044400356ee9426372cf8f0eecadbeffc31b188a",
            "messageTitle": "add item class",
            "messageBody": "",
            "fileTypesAndContributionMap": {
              "functional-code": {
                "insertions": 22,
                "deletions": 0
              }
            }
          },
          {
            "hash": "d2ae2da1ff576eae65558025103c7db99948b7f1",
            "messageTitle": "change amount to double",
            "messageBody": "",
            "fileTypesAndContributionMap": {
              "functional-code": {
                "insertions": 2,
                "deletions": 2
              }
            }
          },
          {
            "hash": "79733bb349ea1565dd63998059d4db94ca34194f",
            "messageTitle": "add more methods",
            "messageBody": "",
            "fileTypesAndContributionMap": {
              "functional-code": {
                "insertions": 8,
                "deletions": 0
              }
            }
          },
          {
            "hash": "e7c49da6256607087ad0949785e673814ac6df44",
            "messageTitle": "add getAmount method",
            "messageBody": "",
            "fileTypesAndContributionMap": {
              "functional-code": {
                "insertions": 4,
                "deletions": 0
              }
            }
          },
          {
            "hash": "cd22aef523ecc686c3cecc15de07f261b125c44d",
            "messageTitle": "implemented some methods",
            "messageBody": "",
            "fileTypesAndContributionMap": {
              "functional-code": {
                "insertions": 87,
                "deletions": 52
              }
            }
          }
        ]
      },
      {
        "date": "2020-10-06",
        "commitResults": [
          {
            "hash": "820ada64be3efa6927471fca8afc770bbd668598",
            "messageTitle": "implemented some methods",
            "messageBody": "",
            "fileTypesAndContributionMap": {
              "functional-code": {
                "insertions": 11,
                "deletions": 0
              },
              "other": {
                "insertions": 6,
                "deletions": 1
              }
            }
          },
          {
            "hash": "1e5c3725bb4b86f23b761dbb181ef1152d5c2a31",
            "messageTitle": "implemented convert currency",
            "messageBody": "",
            "fileTypesAndContributionMap": {
              "functional-code": {
                "insertions": 5,
                "deletions": 0
              },
              "other": {
                "insertions": 1,
                "deletions": 1
              }
            }
          },
          {
            "hash": "2f14bb3e6b8a663746cf03244112263cd307ecb6",
            "messageTitle": "change some lines in main",
            "messageBody": "",
            "fileTypesAndContributionMap": {
              "functional-code": {
                "insertions": 0,
                "deletions": 5
              }
            }
          },
          {
            "hash": "88368e66318b77c25e64104c5b3d475cce063014",
            "messageTitle": "add command class",
            "messageBody": "",
            "fileTypesAndContributionMap": {
              "functional-code": {
                "insertions": 7,
                "deletions": 1
              }
            }
          }
        ]
      }
    ]
  },
  "authorFileTypeContributionMap": {
    "Wu-Haitao": {
      "docs": 1,
      "functional-code": 85,
      "test-code": 0
    },
    "k-walter": {
      "docs": 1,
      "functional-code": 0,
      "test-code": 0
    },
    "killingbear999": {
      "docs": 1,
      "functional-code": 187,
      "test-code": 0
    },
    "xieyaoyue": {
      "docs": 1,
      "functional-code": 114,
      "test-code": 0
    },
    "pinfang": {
      "docs": 2,
      "functional-code": 76,
      "test-code": 0,
      "other": 18
    }
  },
  "authorContributionVariance": {
    "Wu-Haitao": 637.4215,
    "k-walter": 1.3223141,
    "killingbear999": 7478.067,
    "xieyaoyue": 919.0909,
    "pinfang": 2553.24
  },
  "authorDisplayNameMap": {
    "Wu-Haitao": "CS2113T-F14-2 WU H..ITAO",
    "k-walter": "CS2113T-F14-2 WALT..KONG",
    "killingbear999": "CS2113T-F14-2 WANG..IHAO",
    "xieyaoyue": "CS2113T-F14-2 XIE ..OYUE",
    "pinfang": "CS2113T-F14-2 YEN ..FANG"
  }
}
