{
  "authorDailyContributionsMap": {
    "Wu-Haitao": [
      {
        "date": "2020-10-02",
        "commitResults": [
          {
            "hash": "1510ef2bc0c0a766da64d82f7206292c8f12652d",
            "messageTitle": "Update AboutUs.md",
            "messageBody": "",
            "fileTypesAndContributionMap": {
              "docs": {
                "insertions": 1,
                "deletions": 1
              }
            }
          }
        ]
      },
      {
        "date": "2020-10-06",
        "commitResults": [
          {
            "hash": "c43ceb5c7d64eb89df0efba28f444c08c0acc1c6",
            "messageTitle": "Update AboutUs.md",
            "messageBody": "",
            "fileTypesAndContributionMap": {
              "docs": {
                "insertions": 1,
                "deletions": 1
              }
            }
          },
          {
            "hash": "b10b0aa0fab99118fb05fb9f8168c8bf30b25edd",
            "messageTitle": "Add class Ui",
            "messageBody": "",
            "fileTypesAndContributionMap": {
              "functional-code": {
                "insertions": 85,
                "deletions": 1
              }
            }
          }
        ]
      },
      {
        "date": "2020-10-07",
        "commitResults": [
          {
            "hash": "6f42d5ab17d5589ecfab82c421d5dabacfff4a80",
            "messageTitle": "Add Class Parser",
            "messageBody": "",
            "fileTypesAndContributionMap": {
              "functional-code": {
                "insertions": 49,
                "deletions": 0
              }
            }
          },
          {
            "hash": "21352d656772c33996255c5a638c44a414e1dd53",
            "messageTitle": "Fix errors",
            "messageBody": "",
            "fileTypesAndContributionMap": {
              "functional-code": {
                "insertions": 11,
                "deletions": 3
              }
            }
          },
          {
            "hash": "b00e9cda43e1ee4b42e20e124301ad24028ae785",
            "messageTitle": "Add support for HelpCommand",
            "messageBody": "",
            "fileTypesAndContributionMap": {
              "functional-code": {
                "insertions": 15,
                "deletions": 3
              }
            }
          },
          {
            "hash": "c4d041903ad400da6ce07ddfc6fd5224614e58d0",
            "messageTitle": "Fix CheckStyle errors",
            "messageBody": "",
            "fileTypesAndContributionMap": {
              "functional-code": {
                "insertions": 5,
                "deletions": 2
              }
            }
          },
          {
            "hash": "528db934e227ed98bd2df84238eb8ab46eaaecc7",
            "messageTitle": "Add support for ClearCommand",
            "messageBody": "",
            "fileTypesAndContributionMap": {
              "functional-code": {
                "insertions": 16,
                "deletions": 1
              }
            }
          },
          {
            "hash": "c1dbbcf450546bdef340669f70add0bd859e3f90",
            "messageTitle": "Add supports for ClearCommand, ConvertCommand, SummaryCommand and ExitCommand. Change the logic of ExitCommand.",
            "messageBody": "",
            "fileTypesAndContributionMap": {
              "functional-code": {
                "insertions": 58,
                "deletions": 13
              }
            }
          }
        ]
      },
      {
        "date": "2020-10-08",
        "commitResults": [
          {
            "hash": "47574a69a0effa30d6c727fa0cb445a4e8876545",
            "messageTitle": "Polish class Parser and Ui",
            "messageBody": "",
            "fileTypesAndContributionMap": {
              "functional-code": {
                "insertions": 52,
                "deletions": 126
              }
            }
          }
        ]
      },
      {
        "date": "2020-10-13",
        "commitResults": [
          {
            "hash": "02cddca87609957e63ac2f978d4fb5042e53bc90",
            "messageTitle": "Add printSummaryMessage()",
            "messageBody": "",
            "fileTypesAndContributionMap": {
              "functional-code": {
                "insertions": 9,
                "deletions": 4
              }
            }
          },
          {
            "hash": "111c18904965b20c6cea69cfb755b63b9b6a1f82",
            "messageTitle": "Fix a bug in Parser",
            "messageBody": "",
            "fileTypesAndContributionMap": {
              "functional-code": {
                "insertions": 7,
                "deletions": 1
              }
            }
          },
          {
            "hash": "ab8af400a3be9f97bc8884ae726ec9aa02fdd47d",
            "messageTitle": "Add JUnit test for class Parser",
            "messageBody": "",
            "fileTypesAndContributionMap": {
              "functional-code": {
                "insertions": 3,
                "deletions": 3
              },
              "test-code": {
                "insertions": 24,
                "deletions": 0
              }
            }
          }
        ]
      },
      {
        "date": "2020-10-14",
        "commitResults": [
          {
            "hash": "1a1adbaa6177f0c218dda973addd930cb617f8df",
            "messageTitle": "Fix a bug",
            "messageBody": "",
            "fileTypesAndContributionMap": {
              "functional-code": {
                "insertions": 1,
                "deletions": 1
              }
            }
          },
          {
            "hash": "765e17f44355119299a73b4517c482c1e9a47266",
            "messageTitle": "Polish class Ui",
            "messageBody": "",
            "fileTypesAndContributionMap": {
              "functional-code": {
                "insertions": 11,
                "deletions": 5
              }
            }
          }
        ]
      },
      {
        "date": "2020-10-18",
        "commitResults": [
          {
            "hash": "4c93ce4fa2ce7a3040efb5a81179bce3ac8961e7",
            "messageTitle": "Add assert into Parser",
            "messageBody": "",
            "fileTypesAndContributionMap": {
              "functional-code": {
                "insertions": 8,
                "deletions": 2
              }
            }
          },
          {
            "hash": "6ad8d31c8312cd0e318e6bc9fa8f162d5f9218be",
            "messageTitle": "Fix a bug",
            "messageBody": "",
            "fileTypesAndContributionMap": {
              "functional-code": {
                "insertions": 2,
                "deletions": 2
              }
            }
          }
        ]
      },
      {
        "date": "2020-10-21",
        "commitResults": [
          {
            "hash": "7049e62f88ec1721b4b23ea3c7d24e86e0e14e69",
            "messageTitle": "Add ExportCommand",
            "messageBody": "",
            "fileTypesAndContributionMap": {
              "functional-code": {
                "insertions": 65,
                "deletions": 1
              },
              "other": {
                "insertions": 1,
                "deletions": 0
              }
            }
          },
          {
            "hash": "059f26280574acce3a4ffc53fa68365aef09cd33",
            "messageTitle": "Modify Parser to support ExportCommand",
            "messageBody": "",
            "fileTypesAndContributionMap": {
              "functional-code": {
                "insertions": 5,
                "deletions": 2
              }
            }
          },
          {
            "hash": "ce42e27298bb899556ad287144c985fa63580b01",
            "messageTitle": "Polish ExportCommand and Add some tests for it",
            "messageBody": "",
            "fileTypesAndContributionMap": {
              "functional-code": {
                "insertions": 25,
                "deletions": 19
              },
              "test-code": {
                "insertions": 37,
                "deletions": 0
              }
            }
          },
          {
            "hash": "c07a6d8dae2742c79571d259b41d522802e791a3",
            "messageTitle": "Polish ExportCommand",
            "messageBody": "",
            "fileTypesAndContributionMap": {
              "functional-code": {
                "insertions": 16,
                "deletions": 13
              },
              "other": {
                "insertions": 1,
                "deletions": 0
              },
              "test-code": {
                "insertions": 1,
                "deletions": 1
              }
            }
          }
        ]
      },
      {
        "date": "2020-10-22",
        "commitResults": [
          {
            "hash": "d2ea7e3ea3ac1949dcf2ed08314f16d9635f2259",
            "messageTitle": "Add DrawCommand",
            "messageBody": "",
            "fileTypesAndContributionMap": {
              "functional-code": {
                "insertions": 90,
                "deletions": 5
              },
              "other": {
                "insertions": 2,
                "deletions": 2
              },
              "test-code": {
                "insertions": 38,
                "deletions": 1
              }
            }
          },
          {
            "hash": "a6584c0113429b99663c78e22a480ebe4209319c",
            "messageTitle": "Complete DrawCommand",
            "messageBody": "",
            "fileTypesAndContributionMap": {
              "functional-code": {
                "insertions": 184,
                "deletions": 55
              },
              "test-code": {
                "insertions": 9,
                "deletions": 4
              }
            }
          },
          {
            "hash": "e5b51928c77dadb238ed2a2a1603cbcbd488f171",
            "messageTitle": "Modify Parser to support DrawCommand",
            "messageBody": "",
            "fileTypesAndContributionMap": {
              "functional-code": {
                "insertions": 15,
                "deletions": 7
              }
            }
          },
          {
            "hash": "8eb3f74e1b98bc3aab8cc5cb3d12a419ce094db1",
            "messageTitle": "Fix some bugs",
            "messageBody": "",
            "fileTypesAndContributionMap": {
              "functional-code": {
                "insertions": 10,
                "deletions": 7
              }
            }
          },
          {
            "hash": "a91b11a2f02f0cc3461e258aaf2b44a52339b426",
            "messageTitle": "Add Ui message for DrawCommand",
            "messageBody": "",
            "fileTypesAndContributionMap": {
              "functional-code": {
                "insertions": 15,
                "deletions": 0
              }
            }
          },
          {
            "hash": "125969d317b438c46ea3752de674666fd1773ea8",
            "messageTitle": "Modify ParserTest",
            "messageBody": "",
            "fileTypesAndContributionMap": {
              "test-code": {
                "insertions": 3,
                "deletions": 2
              }
            }
          }
        ]
      }
    ],
    "k-walter": [
      {
        "date": "2020-10-02",
        "commitResults": [
          {
            "hash": "001a3bf5c4c0190058a7bcde80b54e1f25ed1b06",
            "messageTitle": "Update AboutUs.md",
            "messageBody": "",
            "fileTypesAndContributionMap": {
              "docs": {
                "insertions": 1,
                "deletions": 1
              }
            }
          },
          {
            "hash": "662d2e7a196abb33cec10205d3c87a7dffb24548",
            "messageTitle": "Fix regression",
            "messageBody": "",
            "fileTypesAndContributionMap": {
              "docs": {
                "insertions": 1,
                "deletions": 1
              }
            }
          }
        ]
      },
      {
        "date": "2020-10-11",
        "commitResults": [
          {
            "hash": "cb1e5a32f4cb5dff72792858bc9653e36ac208b8",
            "messageTitle": "Refactor exceptions\u0027 base class",
            "messageBody": "",
            "fileTypesAndContributionMap": {
              "functional-code": {
                "insertions": 20,
                "deletions": 9
              }
            }
          },
          {
            "hash": "9efe849ad62683bd30dee9a2ad8257d7b65a0c43",
            "messageTitle": "Add file extension extension",
            "messageBody": "",
            "fileTypesAndContributionMap": {
              "functional-code": {
                "insertions": 8,
                "deletions": 0
              }
            }
          },
          {
            "hash": "691c98a1ab137cbf5afd591323cafae94824283f",
            "messageTitle": "Add list command",
            "messageBody": "",
            "fileTypesAndContributionMap": {
              "functional-code": {
                "insertions": 26,
                "deletions": 7
              }
            }
          },
          {
            "hash": "30decdce9163729dd6ce110d9d6657cc5288d85f",
            "messageTitle": "Add storage class and initializer",
            "messageBody": "",
            "fileTypesAndContributionMap": {
              "functional-code": {
                "insertions": 50,
                "deletions": 1
              }
            }
          },
          {
            "hash": "894f4848742c895ed7b808e68aa35642c312369d",
            "messageTitle": "Add storage read/write methods",
            "messageBody": "",
            "fileTypesAndContributionMap": {
              "functional-code": {
                "insertions": 27,
                "deletions": 0
              }
            }
          },
          {
            "hash": "3c70e65be69f9bcb8044d44d71254a5e1df4a354",
            "messageTitle": "Add backend storage logic to spending list",
            "messageBody": "",
            "fileTypesAndContributionMap": {
              "functional-code": {
                "insertions": 23,
                "deletions": 10
              }
            }
          },
          {
            "hash": "b51e1535c42a12ccf630e32422704b80808f8ed7",
            "messageTitle": "Add command exceptions for spending list\u0027s storage",
            "messageBody": "",
            "fileTypesAndContributionMap": {
              "functional-code": {
                "insertions": 12,
                "deletions": 4
              }
            }
          },
          {
            "hash": "f88672dec80a567cc17ba0e1479d4f4b14509ebd",
            "messageTitle": "Edit spending list test with command exceptions",
            "messageBody": "",
            "fileTypesAndContributionMap": {
              "test-code": {
                "insertions": 15,
                "deletions": 5
              }
            }
          },
          {
            "hash": "1c043978020d6355deb30e85739095767e59df92",
            "messageTitle": "Integrate storage, spending list with Duke",
            "messageBody": "",
            "fileTypesAndContributionMap": {
              "functional-code": {
                "insertions": 36,
                "deletions": 57
              }
            }
          },
          {
            "hash": "2b09e927636b7f3656ce6edc594b8647adcf8602",
            "messageTitle": "Add gson dependency for storage",
            "messageBody": "",
            "fileTypesAndContributionMap": {
              "other": {
                "insertions": 1,
                "deletions": 0
              }
            }
          },
          {
            "hash": "1f27b49930c793c7b95ba83f27d327758ba6d417",
            "messageTitle": "Add list ui methods",
            "messageBody": "",
            "fileTypesAndContributionMap": {
              "functional-code": {
                "insertions": 12,
                "deletions": 3
              }
            }
          },
          {
            "hash": "3bf0e98cf8d3f08926042f3b09b74055e46e10fe",
            "messageTitle": "Add error ui message",
            "messageBody": "",
            "fileTypesAndContributionMap": {
              "functional-code": {
                "insertions": 5,
                "deletions": 2
              }
            }
          }
        ]
      },
      {
        "date": "2020-10-12",
        "commitResults": [
          {
            "hash": "4182d2b18ad867b5dffe6ef641a41c06161aaeac",
            "messageTitle": "Fix style and documentation",
            "messageBody": "",
            "fileTypesAndContributionMap": {
              "functional-code": {
                "insertions": 28,
                "deletions": 28
              }
            }
          },
          {
            "hash": "fdd6651c5cbf7e07fce0ebb51e9d98836c96d7ef",
            "messageTitle": "Add spendinglist initializer by arraylist",
            "messageBody": "",
            "fileTypesAndContributionMap": {
              "functional-code": {
                "insertions": 4,
                "deletions": 0
              }
            }
          },
          {
            "hash": "5204ace4701ee79bc9a4f68ae56655b41ab797bf",
            "messageTitle": "Allow SpendingList with no backend storage",
            "messageBody": "",
            "fileTypesAndContributionMap": {
              "functional-code": {
                "insertions": 3,
                "deletions": 0
              }
            }
          },
          {
            "hash": "a42323ecfbb5b56b7d6fc7b1d4255f0f1e7f7bb6",
            "messageTitle": "Add all tests",
            "messageBody": "",
            "fileTypesAndContributionMap": {
              "test-code": {
                "insertions": 80,
                "deletions": 51
              }
            }
          },
          {
            "hash": "6f1d24cfa6d2bf3344c99fb8337ca094f8f645b7",
            "messageTitle": "Remove unused runtest, since using JUnit",
            "messageBody": "",
            "fileTypesAndContributionMap": {
              "other": {
                "insertions": 0,
                "deletions": 48
              }
            }
          }
        ]
      },
      {
        "date": "2020-10-15",
        "commitResults": [
          {
            "hash": "acfaa193cacdd4ad6657816aebb2bfd9b0b8698a",
            "messageTitle": "Refactor SpendingList test",
            "messageBody": "",
            "fileTypesAndContributionMap": {
              "test-code": {
                "insertions": 3,
                "deletions": 3
              }
            }
          },
          {
            "hash": "dd45d6abfc48bc1df1337afe842efb964a3d6ebc",
            "messageTitle": "Refactor Storage method",
            "messageBody": "",
            "fileTypesAndContributionMap": {
              "functional-code": {
                "insertions": 2,
                "deletions": 2
              }
            }
          },
          {
            "hash": "544955a23915be0afe764c10a67fa3bc05f463b9",
            "messageTitle": "Add test for GetList",
            "messageBody": "",
            "fileTypesAndContributionMap": {
              "test-code": {
                "insertions": 31,
                "deletions": 10
              }
            }
          },
          {
            "hash": "b1b34cd5b9745297de52fbe27827912705cca989",
            "messageTitle": "Add test for Storage",
            "messageBody": "",
            "fileTypesAndContributionMap": {
              "functional-code": {
                "insertions": 1,
                "deletions": 1
              },
              "test-code": {
                "insertions": 80,
                "deletions": 0
              }
            }
          },
          {
            "hash": "9d4e50daa230fd884484358a74181eada33a8924",
            "messageTitle": "Refactor StoragePathTest",
            "messageBody": "",
            "fileTypesAndContributionMap": {
              "test-code": {
                "insertions": 41,
                "deletions": 29
              }
            }
          },
          {
            "hash": "07626a49fbd4f02223286dea8ef59d6a47afccd8",
            "messageTitle": "Fix style issues",
            "messageBody": "",
            "fileTypesAndContributionMap": {
              "test-code": {
                "insertions": 1,
                "deletions": 1
              }
            }
          }
        ]
      }
    ],
    "killingbear999": [
      {
        "date": "2020-10-02",
        "commitResults": [
          {
            "hash": "cadcb3ed7e1498a1de240c3d8547adbc1b61db67",
            "messageTitle": "update aboutus with my name",
            "messageBody": "",
            "fileTypesAndContributionMap": {
              "docs": {
                "insertions": 1,
                "deletions": 1
              }
            }
          }
        ]
      },
      {
        "date": "2020-10-06",
        "commitResults": [
          {
            "hash": "e473b93f6d874faae32cd0f0446c57d30cfeb99e",
            "messageTitle": "Add exceptions Finish issue #17",
            "messageBody": "",
            "fileTypesAndContributionMap": {
              "functional-code": {
                "insertions": 23,
                "deletions": 1
              }
            }
          },
          {
            "hash": "cd263f9574c342b8a6b237274cb219beac161b0a",
            "messageTitle": "Add the ability to log out the application",
            "messageBody": "",
            "fileTypesAndContributionMap": {
              "functional-code": {
                "insertions": 17,
                "deletions": 0
              }
            }
          },
          {
            "hash": "e3f899da15ba5b5851d93ffcfc715cb1d83f50aa",
            "messageTitle": "Add the ability to convert currencies",
            "messageBody": "",
            "fileTypesAndContributionMap": {
              "functional-code": {
                "insertions": 64,
                "deletions": 0
              }
            }
          },
          {
            "hash": "a6f029033318a49be7379a616def3b8360cdcf56",
            "messageTitle": "Minor updates",
            "messageBody": "",
            "fileTypesAndContributionMap": {
              "functional-code": {
                "insertions": 3,
                "deletions": 2
              }
            }
          },
          {
            "hash": "f48cefaa892cef875c64738175de8e6fee87cb44",
            "messageTitle": "Update ConvertCommand Class Fixes #7",
            "messageBody": "",
            "fileTypesAndContributionMap": {
              "functional-code": {
                "insertions": 42,
                "deletions": 13
              }
            }
          },
          {
            "hash": "bef2afca0a08ca975340c34cd7fb50aa1feec5a9",
            "messageTitle": "Modifies Item and SpendingList classes to fit ConvertCommand class",
            "messageBody": "",
            "fileTypesAndContributionMap": {
              "functional-code": {
                "insertions": 50,
                "deletions": 50
              }
            }
          },
          {
            "hash": "466a673896cca3b750e0f3adbe71f9312f82e956",
            "messageTitle": "Add the ability to check the validity of input command",
            "messageBody": "",
            "fileTypesAndContributionMap": {
              "functional-code": {
                "insertions": 36,
                "deletions": 0
              }
            }
          }
        ]
      },
      {
        "date": "2020-10-08",
        "commitResults": [
          {
            "hash": "d70ff4248d035e0a22c0e4011c010218dcabbbe4",
            "messageTitle": "Adds the ability to edit existing records Modifies Ui, Parser, SpendingList classes Adds EditCommand class",
            "messageBody": "",
            "fileTypesAndContributionMap": {
              "functional-code": {
                "insertions": 76,
                "deletions": 1
              }
            }
          }
        ]
      },
      {
        "date": "2020-10-12",
        "commitResults": [
          {
            "hash": "1878ea80107c7916011eeb4518c5347fe1044205",
            "messageTitle": "Update minor changes",
            "messageBody": "",
            "fileTypesAndContributionMap": {
              "functional-code": {
                "insertions": 1,
                "deletions": 1
              }
            }
          },
          {
            "hash": "10a87766cad1a956be99237c3877fb9364d47184",
            "messageTitle": "adds some junit test",
            "messageBody": "",
            "fileTypesAndContributionMap": {
              "functional-code": {
                "insertions": 3,
                "deletions": 3
              },
              "test-code": {
                "insertions": 16,
                "deletions": 0
              }
            }
          },
          {
            "hash": "ea5ff9363c206c58b9c82ffeed65abad88414cb1",
            "messageTitle": "fixes checkstyle issue",
            "messageBody": "",
            "fileTypesAndContributionMap": {
              "test-code": {
                "insertions": 1,
                "deletions": 1
              }
            }
          },
          {
            "hash": "829f3979ccf12d7edc18ef70f579cc1fd7b7dab6",
            "messageTitle": "fixes checkstyle issue",
            "messageBody": "",
            "fileTypesAndContributionMap": {
              "test-code": {
                "insertions": 1,
                "deletions": 1
              }
            }
          },
          {
            "hash": "45a8037a44ab7f29b62d0ce1ad66ba8c3e8b73a6",
            "messageTitle": "minor errors",
            "messageBody": "",
            "fileTypesAndContributionMap": {
              "test-code": {
                "insertions": 1,
                "deletions": 1
              }
            }
          }
        ]
      },
      {
        "date": "2020-10-14",
        "commitResults": [
          {
            "hash": "1289a33a06ad1b3e22554c3b93d48cf66d0678a7",
            "messageTitle": "Fix bugs in ConvertCommand class and it works as expected now",
            "messageBody": "",
            "fileTypesAndContributionMap": {
              "functional-code": {
                "insertions": 16,
                "deletions": 14
              }
            }
          },
          {
            "hash": "df20e8c4e386666d3667d1bfac082c9d21ba8e4f",
            "messageTitle": "Correcting minor error",
            "messageBody": "",
            "fileTypesAndContributionMap": {
              "test-code": {
                "insertions": 1,
                "deletions": 1
              }
            }
          },
          {
            "hash": "22f2af39d91e25e05f71da20404d1249f628af35",
            "messageTitle": "Correcting minor bug",
            "messageBody": "",
            "fileTypesAndContributionMap": {
              "test-code": {
                "insertions": 1,
                "deletions": 1
              }
            }
          },
          {
            "hash": "23be4c5b059e42f3e3977856e024127bf70238fa",
            "messageTitle": "Fix index error in EditCommand",
            "messageBody": "",
            "fileTypesAndContributionMap": {
              "functional-code": {
                "insertions": 1,
                "deletions": 1
              }
            }
          }
        ]
      },
      {
        "date": "2020-10-15",
        "commitResults": [
          {
            "hash": "e2819d60e3ce201ee5bc15462593b3ef5f252372",
            "messageTitle": "Add assertions in ConvertCommand Class",
            "messageBody": "",
            "fileTypesAndContributionMap": {
              "functional-code": {
                "insertions": 7,
                "deletions": 0
              }
            }
          },
          {
            "hash": "a2e37b3f46d743e82377257dda5474dac0757ccc",
            "messageTitle": "Add logging to ConvertCommand and fix minor bug in assertions",
            "messageBody": "",
            "fileTypesAndContributionMap": {
              "functional-code": {
                "insertions": 5,
                "deletions": 1
              }
            }
          }
        ]
      },
      {
        "date": "2020-10-19",
        "commitResults": [
          {
            "hash": "f64c34964cfab8de65c88a984ddec7e3046929ae",
            "messageTitle": "Add SetBudgetCommand and WarnCommand classes",
            "messageBody": "",
            "fileTypesAndContributionMap": {
              "functional-code": {
                "insertions": 102,
                "deletions": 5
              }
            }
          }
        ]
      },
      {
        "date": "2020-10-20",
        "commitResults": [
          {
            "hash": "6a2730f78bac5c759e5fbeff98ab8d4a26aff046",
            "messageTitle": "fixing bugs for setting budget limit and warning",
            "messageBody": "",
            "fileTypesAndContributionMap": {
              "functional-code": {
                "insertions": 31,
                "deletions": 17
              }
            }
          },
          {
            "hash": "d9bf54aba290447d5ec17018d59f68fde079397e",
            "messageTitle": "Implement the ability to set a budget limit",
            "messageBody": "",
            "fileTypesAndContributionMap": {
              "functional-code": {
                "insertions": 32,
                "deletions": 19
              }
            }
          },
          {
            "hash": "5179605dfcd4e3a700396c945d41975ae06bdad0",
            "messageTitle": "Fix checkstyle issues",
            "messageBody": "",
            "fileTypesAndContributionMap": {
              "functional-code": {
                "insertions": 14,
                "deletions": 6
              }
            }
          },
          {
            "hash": "246f872b4e38ec484a6cd18668e0b2897f5ac000",
            "messageTitle": "Correcting naming of the list",
            "messageBody": "",
            "fileTypesAndContributionMap": {
              "functional-code": {
                "insertions": 2,
                "deletions": 2
              }
            }
          },
          {
            "hash": "0810efd5fbfd5ce7a5be3d0fc77fa9f24628af34",
            "messageTitle": "Update authorship and add repaymentList",
            "messageBody": "",
            "fileTypesAndContributionMap": {
              "functional-code": {
                "insertions": 125,
                "deletions": 86
              }
            }
          },
          {
            "hash": "de13d8a1ab673ef41171e03c7250f24fd17e2508",
            "messageTitle": "Fixes bugs",
            "messageBody": "",
            "fileTypesAndContributionMap": {
              "functional-code": {
                "insertions": 3,
                "deletions": 14
              }
            }
          },
          {
            "hash": "218c0c5fbb6624d46f0dcab3193792ba6ccc2d14",
            "messageTitle": "Fixes checkstyle",
            "messageBody": "",
            "fileTypesAndContributionMap": {
              "functional-code": {
                "insertions": 17,
                "deletions": 4
              }
            }
          }
        ]
      },
      {
        "date": "2020-10-21",
        "commitResults": [
          {
            "hash": "c0e7436845cb34f920845b17f9ed874c1f63f48b",
            "messageTitle": "Rearrange spendinglist based on different categories",
            "messageBody": "",
            "fileTypesAndContributionMap": {
              "functional-code": {
                "insertions": 72,
                "deletions": 17
              }
            }
          },
          {
            "hash": "d7352317d4bb5c2e82b749d46374ad736623ff39",
            "messageTitle": "Add some tests",
            "messageBody": "",
            "fileTypesAndContributionMap": {
              "test-code": {
                "insertions": 4,
                "deletions": 0
              }
            }
          },
          {
            "hash": "27969918d0fc0e8e85b6727b0ef797381f63b7cf",
            "messageTitle": "Add some tests",
            "messageBody": "",
            "fileTypesAndContributionMap": {
              "test-code": {
                "insertions": 57,
                "deletions": 0
              }
            }
          },
          {
            "hash": "b5f3d0d3f23595ce122cdce120d808dfeab8031b",
            "messageTitle": "Fix checkstyle",
            "messageBody": "",
            "fileTypesAndContributionMap": {
              "test-code": {
                "insertions": 2,
                "deletions": 2
              }
            }
          },
          {
            "hash": "ee1f6bc6b7de058858bde515919b850058d37a63",
            "messageTitle": "Add some tests",
            "messageBody": "",
            "fileTypesAndContributionMap": {
              "test-code": {
                "insertions": 29,
                "deletions": 0
              }
            }
          },
          {
            "hash": "206fc1de329c9a9fa2691d19dd3695aa2e7576ba",
            "messageTitle": "Add category to EditCommand",
            "messageBody": "",
            "fileTypesAndContributionMap": {
              "functional-code": {
                "insertions": 22,
                "deletions": 17
              }
            }
          },
          {
            "hash": "1b950dd78a9fab74b51b082e95e966394949d73c",
            "messageTitle": "Fix checkstyle",
            "messageBody": "",
            "fileTypesAndContributionMap": {
              "functional-code": {
                "insertions": 5,
                "deletions": 5
              }
            }
          },
          {
            "hash": "de2588ed275c51f6f22361eacf68265b609acb8a",
            "messageTitle": "Fix checkstyle",
            "messageBody": "",
            "fileTypesAndContributionMap": {
              "test-code": {
                "insertions": 2,
                "deletions": 2
              }
            }
          },
          {
            "hash": "f36e4833c64da25cae12b285a49cc3dad7db72b3",
            "messageTitle": "Fix minor bugs",
            "messageBody": "",
            "fileTypesAndContributionMap": {
              "functional-code": {
                "insertions": 5,
                "deletions": 2
              }
            }
          },
          {
            "hash": "ee3baa0568f964a006e7446b0c58874370e18e41",
            "messageTitle": "Add UML diagrams for ConvertCommand and EditCommand",
            "messageBody": "",
            "fileTypesAndContributionMap": {
              "functional-code": {
                "insertions": 4,
                "deletions": 4
              }
            }
          },
          {
            "hash": "c56ac9d70935a5788bba72aac3dc3d66eb08d233",
            "messageTitle": "Add the ability to view current budget Fixes #102",
            "messageBody": "",
            "fileTypesAndContributionMap": {
              "functional-code": {
                "insertions": 33,
                "deletions": 1
              }
            }
          },
          {
            "hash": "8e6618512766a33e5c6f6750d445ee6fca32ec32",
            "messageTitle": "Fix checkstyle",
            "messageBody": "",
            "fileTypesAndContributionMap": {
              "functional-code": {
                "insertions": 1,
                "deletions": 2
              }
            }
          },
          {
            "hash": "47d338cc0ebd4c061add9a770ef6fc0c0a7bc37a",
            "messageTitle": "Fix checkstyle",
            "messageBody": "",
            "fileTypesAndContributionMap": {
              "functional-code": {
                "insertions": 2,
                "deletions": 2
              }
            }
          },
          {
            "hash": "4a055e0cd8f8749568fcf5ade93924b9cb1862e5",
            "messageTitle": "Update DevelopmentGuide",
            "messageBody": "",
            "fileTypesAndContributionMap": {
              "docs": {
                "insertions": 35,
                "deletions": 3
              }
            }
          },
          {
            "hash": "e38716f8703b9c332b542b31c912f28984f75ed1",
            "messageTitle": "Update user stories in DG",
            "messageBody": "",
            "fileTypesAndContributionMap": {
              "docs": {
                "insertions": 3,
                "deletions": 2
              }
            }
          }
        ]
      },
      {
        "date": "2020-10-22",
        "commitResults": [
          {
            "hash": "b83bbe870d23cfab85820a2be4f4de0699fdbe8c",
            "messageTitle": "Update uml diagrams and DeveloperDocument for SetBudgetCommand and WarnCommand features",
            "messageBody": "",
            "fileTypesAndContributionMap": {
              "docs": {
                "insertions": 41,
                "deletions": 4
              }
            }
          },
          {
            "hash": "75b3e772e7a3478949a69558ce47ce5212b3afc3",
            "messageTitle": "Starts counting the total amount for Budget after and including the date that budget is set",
            "messageBody": "",
            "fileTypesAndContributionMap": {
              "functional-code": {
                "insertions": 17,
                "deletions": 2
              }
            }
          },
          {
            "hash": "a7d478eb55f7ca16f0f3bbc0e39a402f236860b5",
            "messageTitle": "Add repayment list Fixes #80 Fixes #84",
            "messageBody": "",
            "fileTypesAndContributionMap": {
              "functional-code": {
                "insertions": 67,
                "deletions": 5
              },
              "other": {
                "insertions": 2,
                "deletions": 2
              }
            }
          },
          {
            "hash": "bdc050087af15d42ebfcf53e045be842a5d13158",
            "messageTitle": "Update print messages Fixes #80 Fixes #84",
            "messageBody": "",
            "fileTypesAndContributionMap": {
              "functional-code": {
                "insertions": 12,
                "deletions": 0
              }
            }
          },
          {
            "hash": "0b6a89ef8fde0d671156e6ed6d9b12405b431170",
            "messageTitle": "FIx minor bug",
            "messageBody": "",
            "fileTypesAndContributionMap": {
              "functional-code": {
                "insertions": 0,
                "deletions": 1
              }
            }
          }
        ]
      }
    ],
    "xieyaoyue": [
      {
        "date": "2020-10-02",
        "commitResults": [
          {
            "hash": "de3e3ed24fbcd217b25c2e9356aa49824d81c315",
            "messageTitle": "Update AboutUs.md",
            "messageBody": "",
            "fileTypesAndContributionMap": {
              "docs": {
                "insertions": 1,
                "deletions": 1
              }
            }
          }
        ]
      },
      {
        "date": "2020-10-04",
        "commitResults": [
          {
            "hash": "09c1dff6006b05ebf43862930a2cb0b218be2420",
            "messageTitle": "Fixes #22",
            "messageBody": "",
            "fileTypesAndContributionMap": {
              "functional-code": {
                "insertions": 68,
                "deletions": 21
              }
            }
          }
        ]
      },
      {
        "date": "2020-10-05",
        "commitResults": [
          {
            "hash": "88f01feef87549b831ca0f39709e10a13672d3f4",
            "messageTitle": "Add 3 commands",
            "messageBody": "",
            "fileTypesAndContributionMap": {
              "functional-code": {
                "insertions": 60,
                "deletions": 8
              }
            }
          }
        ]
      },
      {
        "date": "2020-10-07",
        "commitResults": [
          {
            "hash": "cef3b101d8e5a7e0bb421def0db659955ecc2195",
            "messageTitle": "fix some error",
            "messageBody": "",
            "fileTypesAndContributionMap": {
              "functional-code": {
                "insertions": 7,
                "deletions": 276
              }
            }
          },
          {
            "hash": "2b23c0e8fc01a35a1e9863d42260205fa4cbf628",
            "messageTitle": "fix some error",
            "messageBody": "",
            "fileTypesAndContributionMap": {
              "functional-code": {
                "insertions": 307,
                "deletions": 0
              },
              "test-code": {
                "insertions": 12,
                "deletions": 0
              }
            }
          },
          {
            "hash": "4c808d43fa7072042b898669d85ee3fc6726b365",
            "messageTitle": "fix checkstyle error",
            "messageBody": "",
            "fileTypesAndContributionMap": {
              "functional-code": {
                "insertions": 1,
                "deletions": 1
              }
            }
          },
          {
            "hash": "2bb3491878269bac1e5c76de1824f17d8c8a34b0",
            "messageTitle": "update DukeTest2",
            "messageBody": "",
            "fileTypesAndContributionMap": {
              "test-code": {
                "insertions": 3,
                "deletions": 3
              }
            }
          },
          {
            "hash": "dbbedf771c6b7610d4c6ea1f81d3cdbe4dfbadd4",
            "messageTitle": "Add help",
            "messageBody": "",
            "fileTypesAndContributionMap": {
              "functional-code": {
                "insertions": 42,
                "deletions": 3
              }
            }
          },
          {
            "hash": "88d195198188e9d0b47a88a2392ffb62f11abe41",
            "messageTitle": "edit checkstyle",
            "messageBody": "",
            "fileTypesAndContributionMap": {
              "functional-code": {
                "insertions": 2,
                "deletions": 1
              }
            }
          },
          {
            "hash": "39ec2ad645aa0c0422351507b444b84173622bfc",
            "messageTitle": "add goodbye message",
            "messageBody": "",
            "fileTypesAndContributionMap": {
              "functional-code": {
                "insertions": 5,
                "deletions": 0
              }
            }
          }
        ]
      },
      {
        "date": "2020-10-10",
        "commitResults": [
          {
            "hash": "ec4c7c8cf696bed22e7b8627be66e17bbcdf0308",
            "messageTitle": "Add \u0027override\u0027 annotation in Command class",
            "messageBody": "",
            "fileTypesAndContributionMap": {
              "functional-code": {
                "insertions": 2,
                "deletions": 5
              },
              "test-code": {
                "insertions": 0,
                "deletions": 12
              }
            }
          },
          {
            "hash": "7bfd0b6e2b24050f0b19217f11ec8b94a5109b7b",
            "messageTitle": "Resolve typo in TABLE_OF_COMMANDS",
            "messageBody": "",
            "fileTypesAndContributionMap": {
              "functional-code": {
                "insertions": 1,
                "deletions": 1
              }
            }
          }
        ]
      },
      {
        "date": "2020-10-11",
        "commitResults": [
          {
            "hash": "8f4465577705258e87f482f6e330f8d018bc8627",
            "messageTitle": "Add SpendingListTest",
            "messageBody": "",
            "fileTypesAndContributionMap": {
              "functional-code": {
                "insertions": 4,
                "deletions": 0
              },
              "test-code": {
                "insertions": 45,
                "deletions": 0
              }
            }
          }
        ]
      },
      {
        "date": "2020-10-15",
        "commitResults": [
          {
            "hash": "94f8b438e90646d8767499889492732499270844",
            "messageTitle": "Add assertions to ClearCommand",
            "messageBody": "",
            "fileTypesAndContributionMap": {
              "functional-code": {
                "insertions": 2,
                "deletions": 0
              }
            }
          },
          {
            "hash": "b1b0f0a1785fb7c7993d7fbdb979bc00c7d0dc79",
            "messageTitle": "Add log to AddCommand",
            "messageBody": "",
            "fileTypesAndContributionMap": {
              "functional-code": {
                "insertions": 4,
                "deletions": 0
              }
            }
          },
          {
            "hash": "4c0d28a4bca5973023cc16c561b3bf6553435053",
            "messageTitle": "Edit logger in AddCommand",
            "messageBody": "",
            "fileTypesAndContributionMap": {
              "functional-code": {
                "insertions": 1,
                "deletions": 1
              }
            }
          }
        ]
      },
      {
        "date": "2020-10-17",
        "commitResults": [
          {
            "hash": "9a4ed9690559b3bf2880643792775941ff9e5b92",
            "messageTitle": "add AddCommandTest and ClearCommandTest",
            "messageBody": "",
            "fileTypesAndContributionMap": {
              "other": {
                "insertions": 1,
                "deletions": 2
              },
              "test-code": {
                "insertions": 67,
                "deletions": 0
              }
            }
          },
          {
            "hash": "7748e870ade863d904afd8b507728c46574701e3",
            "messageTitle": "resolve checkstyle error",
            "messageBody": "",
            "fileTypesAndContributionMap": {
              "test-code": {
                "insertions": 1,
                "deletions": 1
              }
            }
          },
          {
            "hash": "0b37c1c2986f4ebe45d431fe90d3e21583096986",
            "messageTitle": "resolve checkstyle error",
            "messageBody": "",
            "fileTypesAndContributionMap": {
              "test-code": {
                "insertions": 2,
                "deletions": 1
              }
            }
          }
        ]
      },
      {
        "date": "2020-10-19",
        "commitResults": [
          {
            "hash": "4cf7b31ae234fe9a72ac608059aa9fa8c57261b8",
            "messageTitle": "Edit table of commands",
            "messageBody": "",
            "fileTypesAndContributionMap": {
              "functional-code": {
                "insertions": 32,
                "deletions": 19
              }
            }
          },
          {
            "hash": "70e6304e2e677c38c19c2dda88ab6544509cb3d7",
            "messageTitle": "Add EncouragementCommand class and rename ClearCommand class",
            "messageBody": "",
            "fileTypesAndContributionMap": {
              "functional-code": {
                "insertions": 32,
                "deletions": 3
              },
              "other": {
                "insertions": 7,
                "deletions": 7
              }
            }
          },
          {
            "hash": "bd138dd0e58da8f2cd15249fb06fcb8ab01c8cfb",
            "messageTitle": "update budget quotes",
            "messageBody": "",
            "fileTypesAndContributionMap": {
              "functional-code": {
                "insertions": 4,
                "deletions": 4
              }
            }
          },
          {
            "hash": "b05aeb202d281fac9c5c05f72fd6fa4214e06728",
            "messageTitle": "Update Ui.java",
            "messageBody": "Fix error",
            "fileTypesAndContributionMap": {
              "functional-code": {
                "insertions": 2,
                "deletions": 2
              }
            }
          }
        ]
      },
      {
        "date": "2020-10-20",
        "commitResults": [
          {
            "hash": "120d88bb6d6b2acd381e458bb8d3e1cecfb1a929",
            "messageTitle": "Create Budget class and add ClearBudgetCommand",
            "messageBody": "",
            "fileTypesAndContributionMap": {
              "functional-code": {
                "insertions": 59,
                "deletions": 33
              }
            }
          }
        ]
      },
      {
        "date": "2020-10-21",
        "commitResults": [
          {
            "hash": "b9bab34fbdd2182cda96216ef215b0e1a8c8454c",
            "messageTitle": "Add PurgeDataCommand",
            "messageBody": "",
            "fileTypesAndContributionMap": {
              "functional-code": {
                "insertions": 22,
                "deletions": 0
              }
            }
          },
          {
            "hash": "4ba210ffa268be529d84e0b72462221de035aef2",
            "messageTitle": "Merge from upstream",
            "messageBody": "",
            "fileTypesAndContributionMap": {
              "functional-code": {
                "insertions": 246,
                "deletions": 169
              },
              "other": {
                "insertions": 1,
                "deletions": 0
              },
              "test-code": {
                "insertions": 118,
                "deletions": 29
              }
            }
          },
          {
            "hash": "263821ac0d49ef1927e149450790379894fd9b20",
            "messageTitle": "Add ClearBudgetCommandTest",
            "messageBody": "",
            "fileTypesAndContributionMap": {
              "test-code": {
                "insertions": 16,
                "deletions": 0
              }
            }
          },
          {
            "hash": "745ae9759c07094c8a8dfe43c0ae0421cd09907d",
            "messageTitle": "Add PurgeDataCommandTest and fix other bugs in tests",
            "messageBody": "",
            "fileTypesAndContributionMap": {
              "functional-code": {
                "insertions": 1,
                "deletions": 1
              },
              "test-code": {
                "insertions": 45,
                "deletions": 20
              }
            }
          },
          {
            "hash": "dd8f14e0c69978f63854c43fa1e54b42ef76800e",
            "messageTitle": "Fix bug in PurgeDataCommandTest",
            "messageBody": "",
            "fileTypesAndContributionMap": {
              "test-code": {
                "insertions": 6,
                "deletions": 2
              }
            }
          },
          {
            "hash": "bfed35a84f4278d147fd53f796e42f1b3805cdff",
            "messageTitle": "fix bug",
            "messageBody": "",
            "fileTypesAndContributionMap": {
              "functional-code": {
                "insertions": 312,
                "deletions": 45
              },
              "other": {
                "insertions": 2,
                "deletions": 0
              },
              "test-code": {
                "insertions": 156,
                "deletions": 30
              }
            }
          },
          {
            "hash": "5aa83c8f25dc4eea0672bc70a25f4a44731774f3",
            "messageTitle": "Merge branch \u0027master\u0027 of https://github.com/AY2021S1-CS2113T-F14-2/tp",
            "messageBody": "",
            "fileTypesAndContributionMap": {
              "functional-code": {
                "insertions": 4,
                "deletions": 0
              }
            }
          }
        ]
      },
      {
        "date": "2020-10-22",
        "commitResults": [
          {
            "hash": "52c96d66f2a0b1944c5f8c0f3129830f0e7339b2",
            "messageTitle": "Add EncouragementCommand.puml",
            "messageBody": "",
            "fileTypesAndContributionMap": {
              "functional-code": {
                "insertions": 4,
                "deletions": 0
              }
            }
          },
          {
            "hash": "190dfb9279681b5a95bf6edb5805f69322bc2690",
            "messageTitle": "Update PurgeDataCommand",
            "messageBody": "",
            "fileTypesAndContributionMap": {
              "functional-code": {
                "insertions": 61,
                "deletions": 4
              }
            }
          },
          {
            "hash": "2c58374cd8245f992278f8c480209184e17786a4",
            "messageTitle": "Resolve checkstyle issue",
            "messageBody": "",
            "fileTypesAndContributionMap": {
              "functional-code": {
                "insertions": 1,
                "deletions": 1
              }
            }
          }
        ]
      }
    ],
    "pinfang": [
      {
        "date": "2020-10-02",
        "commitResults": [
          {
            "hash": "9a10665c4a415d312fcee92d51c7753761c3a4e4",
            "messageTitle": "edit name",
            "messageBody": "",
            "fileTypesAndContributionMap": {
              "docs": {
                "insertions": 1,
                "deletions": 1
              }
            }
          },
          {
            "hash": "222a0fca92bf61f3f1a4a856cf93fd3d3c999e9d",
            "messageTitle": "edit name - 1",
            "messageBody": "",
            "fileTypesAndContributionMap": {
              "docs": {
                "insertions": 1,
                "deletions": 1
              }
            }
          }
        ]
      },
      {
        "date": "2020-10-04",
        "commitResults": [
          {
            "hash": "1ca76193e98e9f8d2e88b548d42609c8dc2d649a",
            "messageTitle": "modify code",
            "messageBody": "",
            "fileTypesAndContributionMap": {
              "other": {
                "insertions": 18,
                "deletions": 14
              }
            }
          }
        ]
      },
      {
        "date": "2020-10-05",
        "commitResults": [
          {
            "hash": "044400356ee9426372cf8f0eecadbeffc31b188a",
            "messageTitle": "add item class",
            "messageBody": "",
            "fileTypesAndContributionMap": {
              "functional-code": {
                "insertions": 22,
                "deletions": 0
              }
            }
          },
          {
            "hash": "d2ae2da1ff576eae65558025103c7db99948b7f1",
            "messageTitle": "change amount to double",
            "messageBody": "",
            "fileTypesAndContributionMap": {
              "functional-code": {
                "insertions": 2,
                "deletions": 2
              }
            }
          },
          {
            "hash": "79733bb349ea1565dd63998059d4db94ca34194f",
            "messageTitle": "add more methods",
            "messageBody": "",
            "fileTypesAndContributionMap": {
              "functional-code": {
                "insertions": 8,
                "deletions": 0
              }
            }
          },
          {
            "hash": "e7c49da6256607087ad0949785e673814ac6df44",
            "messageTitle": "add getAmount method",
            "messageBody": "",
            "fileTypesAndContributionMap": {
              "functional-code": {
                "insertions": 4,
                "deletions": 0
              }
            }
          },
          {
            "hash": "cd22aef523ecc686c3cecc15de07f261b125c44d",
            "messageTitle": "implemented some methods",
            "messageBody": "",
            "fileTypesAndContributionMap": {
              "functional-code": {
                "insertions": 87,
                "deletions": 52
              }
            }
          }
        ]
      },
      {
        "date": "2020-10-06",
        "commitResults": [
          {
            "hash": "820ada64be3efa6927471fca8afc770bbd668598",
            "messageTitle": "implemented some methods",
            "messageBody": "",
            "fileTypesAndContributionMap": {
              "functional-code": {
                "insertions": 11,
                "deletions": 0
              },
              "other": {
                "insertions": 6,
                "deletions": 1
              }
            }
          },
          {
            "hash": "1e5c3725bb4b86f23b761dbb181ef1152d5c2a31",
            "messageTitle": "implemented convert currency",
            "messageBody": "",
            "fileTypesAndContributionMap": {
              "functional-code": {
                "insertions": 5,
                "deletions": 0
              },
              "other": {
                "insertions": 1,
                "deletions": 1
              }
            }
          },
          {
            "hash": "2f14bb3e6b8a663746cf03244112263cd307ecb6",
            "messageTitle": "change some lines in main",
            "messageBody": "",
            "fileTypesAndContributionMap": {
              "functional-code": {
                "insertions": 0,
                "deletions": 5
              }
            }
          },
          {
            "hash": "88368e66318b77c25e64104c5b3d475cce063014",
            "messageTitle": "add command class",
            "messageBody": "",
            "fileTypesAndContributionMap": {
              "functional-code": {
                "insertions": 7,
                "deletions": 1
              }
            }
          }
        ]
      },
      {
        "date": "2020-10-07",
        "commitResults": [
          {
            "hash": "cbd31316a70cb6021f3a68472916689279386a90",
            "messageTitle": "add summary command class",
            "messageBody": "",
            "fileTypesAndContributionMap": {
              "functional-code": {
                "insertions": 46,
                "deletions": 1
              }
            }
          },
          {
            "hash": "8d53d54d53e15ca72747bb9d313665011f11cfe4",
            "messageTitle": "add more methods",
            "messageBody": "",
            "fileTypesAndContributionMap": {
              "functional-code": {
                "insertions": 109,
                "deletions": 60
              }
            }
          },
          {
            "hash": "b4e520eaab7807c29959b7a6afd44dc3aec25537",
            "messageTitle": "fixes some error",
            "messageBody": "",
            "fileTypesAndContributionMap": {
              "functional-code": {
                "insertions": 10,
                "deletions": 10
              }
            }
          },
          {
            "hash": "9f69d85c532072874ad02fe9c15d465aeb5c8661",
            "messageTitle": "fixes some error",
            "messageBody": "",
            "fileTypesAndContributionMap": {
              "functional-code": {
                "insertions": 79,
                "deletions": 75
              }
            }
          },
          {
            "hash": "c505f0239af7634ccb3c1ad18ec4d4792c9a3dd4",
            "messageTitle": "fixes some error",
            "messageBody": "",
            "fileTypesAndContributionMap": {
              "functional-code": {
                "insertions": 5,
                "deletions": 4
              }
            }
          },
          {
            "hash": "cabfd6dcd0edf2a925bac79d99cc55e2c9276e29",
            "messageTitle": "fixes some errors",
            "messageBody": "",
            "fileTypesAndContributionMap": {
              "functional-code": {
                "insertions": 2,
                "deletions": 2
              },
              "other": {
                "insertions": 2,
                "deletions": 1
              }
            }
          }
        ]
      },
      {
        "date": "2020-10-09",
        "commitResults": [
          {
            "hash": "cfac4fd4db104156ae0ad1f763103f25b59bad36",
            "messageTitle": "add JUnit test",
            "messageBody": "",
            "fileTypesAndContributionMap": {
              "functional-code": {
                "insertions": 1,
                "deletions": 1
              },
              "test-code": {
                "insertions": 63,
                "deletions": 0
              }
            }
          },
          {
            "hash": "c14cbeb62aa0b3a8fea6ed628e7819fe8f65a343",
            "messageTitle": "edit some test case",
            "messageBody": "",
            "fileTypesAndContributionMap": {
              "test-code": {
                "insertions": 2,
                "deletions": 2
              }
            }
          }
        ]
      },
      {
        "date": "2020-10-11",
        "commitResults": [
          {
            "hash": "d9ab760a6c101cf8531d063c1b422693d6500d74",
            "messageTitle": "addItem test",
            "messageBody": "",
            "fileTypesAndContributionMap": {
              "functional-code": {
                "insertions": 4,
                "deletions": 4
              },
              "test-code": {
                "insertions": 33,
                "deletions": 5
              }
            }
          },
          {
            "hash": "767931fec76761b13657b76188e0af21aa6b55a2",
            "messageTitle": "add tests",
            "messageBody": "",
            "fileTypesAndContributionMap": {
              "functional-code": {
                "insertions": 4,
                "deletions": 2
              },
              "test-code": {
                "insertions": 22,
                "deletions": 0
              }
            }
          },
          {
            "hash": "908a9c321fb99092411626d5dfd2529cf5ab9c39",
            "messageTitle": "add spaces",
            "messageBody": "",
            "fileTypesAndContributionMap": {
              "test-code": {
                "insertions": 6,
                "deletions": 6
              }
            }
          },
          {
            "hash": "50d437cdb288409a5718a72e20462f4ba4979e87",
            "messageTitle": "edit VariableDeclarationUsageDistance",
            "messageBody": "",
            "fileTypesAndContributionMap": {
              "test-code": {
                "insertions": 2,
                "deletions": 4
              }
            }
          },
          {
            "hash": "52165dbec16d85ce6861093cebf827697dff444a",
            "messageTitle": "edit VariableDeclarationUsageDistance",
            "messageBody": "",
            "fileTypesAndContributionMap": {
              "test-code": {
                "insertions": 0,
                "deletions": 2
              }
            }
          }
        ]
      },
      {
        "date": "2020-10-13",
        "commitResults": [
          {
            "hash": "300c8ea43a3a209e7dc07bbcc073628b2c844185",
            "messageTitle": "edit SummaryCommand",
            "messageBody": "",
            "fileTypesAndContributionMap": {
              "functional-code": {
                "insertions": 3,
                "deletions": 3
              }
            }
          },
          {
            "hash": "57690bd84d45e8eacb481eccd5186e69e962f5ff",
            "messageTitle": "edit SummaryCommand error",
            "messageBody": "",
            "fileTypesAndContributionMap": {
              "functional-code": {
                "insertions": 3,
                "deletions": 3
              }
            }
          }
        ]
      },
      {
        "date": "2020-10-14",
        "commitResults": [
          {
            "hash": "c9810c812cc3de413ce80b5b2632a22f1b23d068",
            "messageTitle": "fix bug, add assert in functional code",
            "messageBody": "",
            "fileTypesAndContributionMap": {
              "functional-code": {
                "insertions": 28,
                "deletions": 13
              }
            }
          }
        ]
      },
      {
        "date": "2020-10-15",
        "commitResults": [
          {
            "hash": "99100607f618e730493e79b01eb149b4fb80d2de",
            "messageTitle": "add logging",
            "messageBody": "",
            "fileTypesAndContributionMap": {
              "functional-code": {
                "insertions": 5,
                "deletions": 1
              }
            }
          }
        ]
      },
      {
        "date": "2020-10-19",
        "commitResults": [
          {
            "hash": "9b2a4a4a01958399e2ab99e321e4319900a7637a",
            "messageTitle": "add test for exception",
            "messageBody": "",
            "fileTypesAndContributionMap": {
              "test-code": {
                "insertions": 47,
                "deletions": 1
              }
            }
          },
          {
            "hash": "eecfda6422ef8b77dd5623d4e8f1ba2ddd58c908",
            "messageTitle": "add different categories of items",
            "messageBody": "",
            "fileTypesAndContributionMap": {
              "functional-code": {
                "insertions": 89,
                "deletions": 5
              },
              "other": {
                "insertions": 1,
                "deletions": 1
              },
              "test-code": {
                "insertions": 6,
                "deletions": 5
              }
            }
          }
        ]
      },
      {
        "date": "2020-10-20",
        "commitResults": [
          {
            "hash": "9b4b1d8642b051cdb87c58babcb6e57962e77c5e",
            "messageTitle": "fix errors",
            "messageBody": "",
            "fileTypesAndContributionMap": {
              "test-code": {
                "insertions": 2,
                "deletions": 1
              }
            }
          },
          {
            "hash": "0298b8e276c74702cb9d624ba10cf64396f6346b",
            "messageTitle": "add reminders of weekly spending",
            "messageBody": "",
            "fileTypesAndContributionMap": {
              "functional-code": {
                "insertions": 61,
                "deletions": 0
              }
            }
          },
          {
            "hash": "1cf68da7be1e87b2dbc8efd60cf642c697578816",
            "messageTitle": "fix errors",
            "messageBody": "",
            "fileTypesAndContributionMap": {
              "functional-code": {
                "insertions": 3,
                "deletions": 3
              }
            }
          },
          {
            "hash": "12053d87f5eaa976005f568810d68afbe8d34866",
            "messageTitle": "fix errors",
            "messageBody": "",
            "fileTypesAndContributionMap": {
              "test-code": {
                "insertions": 3,
                "deletions": 3
              }
            }
          }
        ]
      },
      {
        "date": "2020-10-21",
        "commitResults": [
          {
            "hash": "112669202a9d8c8fb99f4730c9f14a1900b6f4a6",
            "messageTitle": "add authorship",
            "messageBody": "",
            "fileTypesAndContributionMap": {
              "functional-code": {
                "insertions": 2,
                "deletions": 0
              }
            }
          },
          {
            "hash": "26db2d93beb7428aedbab604929d66475cb9fff4",
            "messageTitle": "enabling assertion in build.gradle",
            "messageBody": "",
            "fileTypesAndContributionMap": {
              "other": {
                "insertions": 1,
                "deletions": 0
              }
            }
          },
          {
            "hash": "a851215b741fe2956c27e931c6647bd59ff1570b",
            "messageTitle": "edit Category",
            "messageBody": "",
            "fileTypesAndContributionMap": {
              "functional-code": {
                "insertions": 50,
                "deletions": 98
              }
            }
          },
          {
            "hash": "9b217dfb66bb9557e0d72e171c5929af0448388f",
            "messageTitle": "fix error",
            "messageBody": "",
            "fileTypesAndContributionMap": {
              "functional-code": {
                "insertions": 19,
                "deletions": 1
              },
              "test-code": {
                "insertions": 29,
                "deletions": 30
              }
            }
          },
          {
            "hash": "ad670f5d63d8c3b40dfed2b4b20abf9e4f691ee3",
            "messageTitle": "fix error",
            "messageBody": "",
            "fileTypesAndContributionMap": {
              "functional-code": {
                "insertions": 0,
                "deletions": 6
              },
              "test-code": {
                "insertions": 2,
                "deletions": 2
              }
            }
          }
        ]
      },
      {
        "date": "2020-10-22",
        "commitResults": [
          {
            "hash": "04d1a7183760880881d0702616fa2a79d091ce09",
            "messageTitle": "add summary feature in dg",
            "messageBody": "",
            "fileTypesAndContributionMap": {
              "docs": {
                "insertions": 17,
                "deletions": 0
              }
            }
          },
          {
            "hash": "0fc9fbe7b580fe18c9c0c3d971c12aad94f036ca",
            "messageTitle": "add user stories in dg",
            "messageBody": "",
            "fileTypesAndContributionMap": {
              "docs": {
                "insertions": 3,
                "deletions": 1
              }
            }
          },
          {
            "hash": "0c84cdf20d61ace47b4dbad6e73c52578c298b19",
            "messageTitle": "add ui.reminder",
            "messageBody": "",
            "fileTypesAndContributionMap": {
              "functional-code": {
                "insertions": 5,
                "deletions": 2
              }
            }
          },
          {
            "hash": "66427824f1f69058059125d2b530b9bbb671d3e1",
            "messageTitle": "edit uml diagram",
            "messageBody": "",
            "fileTypesAndContributionMap": {
              "docs": {
                "insertions": 0,
                "deletions": 1
              }
            }
          },
          {
            "hash": "dec840bc5c94589654a0cd0b1169f8264bbb1add",
            "messageTitle": "edit uml diagram in dg",
            "messageBody": "",
            "fileTypesAndContributionMap": {
              "docs": {
                "insertions": 1,
                "deletions": 0
              }
            }
          },
          {
            "hash": "b0a3c74caadf2e864d7a6247a7a1f8987147f735",
            "messageTitle": "add uml diagram to git",
            "messageBody": "",
            "fileTypesAndContributionMap": {
              "docs": {
                "insertions": 1,
                "deletions": 1
              }
            }
          },
          {
            "hash": "dbdbed0541dbca7877528d0c9a84704e61fc9d04",
            "messageTitle": "add ItemTest",
            "messageBody": "",
            "fileTypesAndContributionMap": {
              "test-code": {
                "insertions": 7,
                "deletions": 0
              }
            }
          }
        ]
      }
    ]
  },
  "authorFileTypeContributionMap": {
    "Wu-Haitao": {
      "docs": 1,
      "functional-code": 520,
      "test-code": 104,
      "other": 2
    },
    "k-walter": {
      "docs": 1,
      "functional-code": 192,
      "test-code": 166,
      "other": 1
    },
    "killingbear999": {
      "docs": 75,
      "functional-code": 619,
      "test-code": 92
    },
    "xieyaoyue": {
      "docs": 1,
      "functional-code": 302,
      "test-code": 149
    },
    "pinfang": {
      "docs": 19,
      "functional-code": 279,
      "test-code": 166,
      "other": 1
    }
  },
  "authorContributionVariance": {
    "Wu-Haitao": 9926.043,
    "k-walter": 7225.1294,
    "killingbear999": 11775.207,
    "xieyaoyue": 67373.92,
    "pinfang": 8800.938
  },
  "authorDisplayNameMap": {
    "Wu-Haitao": "CS2113T-F14-2 WU H..ITAO",
    "k-walter": "CS2113T-F14-2 WALT..KONG",
    "killingbear999": "CS2113T-F14-2 WANG..IHAO",
    "xieyaoyue": "CS2113T-F14-2 XIE ..OYUE",
    "pinfang": "CS2113T-F14-2 YEN ..FANG"
  }
}
